customer_id,segment,value_cluster,mix_cluster
3,Promo Hunter,1,3
4,Routine Young Parents,0,0
5,Routine Generalist,0,3
7,Routine Tech,0,2
8,Routine Tech,0,2
9,Routine Generalist,0,3
10,Routine Generalist,0,3
11,Engaged Generalist,2,3
12,Routine Generalist,0,3
14,Routine Young Parents,0,0
15,Routine Young Parents,0,0
16,Promo Hunter,1,3
18,Routine Tech,0,2
19,Routine Family Provisioner,0,1
20,Engaged Generalist,2,3
22,Routine Young Parents,0,0
24,Routine Generalist,0,3
25,Promo Hunter,1,3
26,Engaged Generalist,2,3
27,Promo Hunter,1,3
28,Promo Hunter,1,3
29,Promo Hunter,1,3
30,Routine Young Parents,0,0
31,Routine Tech,0,2
33,Routine Young Parents,0,0
34,Routine Generalist,0,3
35,Engaged Generalist,2,3
36,Engaged Generalist,2,3
37,Engaged Generalist,2,3
38,Routine Family Provisioner,0,1
39,Engaged Generalist,2,3
40,Engaged Generalist,2,3
41,Routine Young Parents,0,0
42,Routine Generalist,0,3
44,Routine Young Parents,0,0
46,Routine Young Parents,0,0
47,Promo Hunter,1,1
48,Promo Hunter,1,3
49,Engaged Generalist,2,3
50,Engaged Generalist,2,3
52,Routine Tech,0,2
53,Promo Hunter,1,3
54,Routine Generalist,0,3
55,Routine Generalist,0,3
56,Routine Generalist,0,3
57,Promo Hunter,1,3
59,Promo Hunter,1,3
60,Routine Generalist,0,3
61,Routine Young Parents,0,0
62,Engaged Family Provisioner,2,1
63,Routine Young Parents,0,0
64,Promo Hunter,1,3
66,Engaged Generalist,2,0
69,Routine Young Parents,0,0
70,Routine Tech,0,2
71,Routine Young Parents,0,0
72,Routine Young Parents,0,0
73,Routine Tech,0,2
74,Routine Young Parents,0,0
75,Routine Tech,0,2
76,Routine Generalist,0,3
77,Routine Generalist,0,3
78,Engaged Generalist,2,3
79,Engaged Generalist,2,3
80,Engaged Generalist,2,3
81,Routine Family Provisioner,0,1
82,Promo Hunter,1,3
83,Routine Tech,0,2
84,Engaged Generalist,2,3
85,Routine Family Provisioner,0,1
86,Engaged Generalist,2,3
87,Engaged Generalist,2,3
89,Routine Generalist,0,3
90,Routine Tech,0,2
91,Promo Hunter,1,3
92,Promo Hunter,1,3
94,Routine Young Parents,0,0
95,Routine Tech,0,2
97,Promo Hunter,1,3
100,Promo Hunter,1,3
102,Routine Tech,0,2
103,Routine Generalist,0,3
105,Engaged Generalist,2,3
106,Routine Tech,0,2
107,Engaged Generalist,2,3
108,Promo Hunter,1,3
109,Routine Young Parents,0,0
110,Promo Hunter,1,3
111,Routine Generalist,0,3
112,Promo Hunter,1,3
113,Engaged Generalist,2,3
114,Routine Tech,0,2
115,Routine Tech,0,2
116,Routine Tech,0,2
117,Engaged Generalist,2,3
119,Routine Generalist,0,3
120,Routine Young Parents,0,0
121,Engaged Family Provisioner,2,1
122,Engaged Generalist,2,3
123,Engaged Generalist,2,3
124,Routine Young Parents,0,0
125,Engaged Generalist,2,3
126,Engaged Generalist,2,3
127,Engaged Generalist,2,3
128,Routine Tech,0,2
129,Routine Young Parents,0,0
130,Routine Young Parents,0,0
131,Promo Hunter,1,3
132,Engaged Generalist,2,3
134,Promo Hunter,1,3
135,Engaged Generalist,2,3
136,Routine Generalist,0,3
137,Routine Young Parents,0,0
138,Promo Hunter,1,3
139,Routine Generalist,0,3
141,Routine Young Parents,0,0
142,Engaged Generalist,2,3
144,Routine Tech,0,2
145,Routine Tech,0,2
146,Routine Young Parents,0,0
147,Engaged Generalist,2,3
148,Routine Young Parents,0,0
149,Engaged Generalist,2,2
152,Routine Generalist,0,3
154,Routine Tech,0,2
157,Routine Generalist,0,3
158,Engaged Generalist,2,3
159,Routine Family Provisioner,0,1
160,Routine Young Parents,0,0
161,Engaged Generalist,2,3
162,Promo Hunter,1,3
163,Routine Young Parents,0,0
165,Engaged Generalist,2,3
166,Engaged Generalist,2,3
168,Engaged Generalist,2,3
170,Promo Hunter,1,2
171,Promo Hunter,1,3
172,Routine Young Parents,0,0
173,Promo Hunter,1,3
174,Routine Family Provisioner,0,1
176,Promo Hunter,1,3
179,Promo Hunter,1,3
180,Engaged Generalist,2,3
182,Routine Generalist,0,3
184,Routine Generalist,0,3
185,Engaged Generalist,2,3
186,Engaged Generalist,2,3
187,Routine Tech,0,2
188,Routine Young Parents,0,0
189,Routine Young Parents,0,0
191,Routine Generalist,0,3
192,Promo Hunter,1,3
193,Routine Young Parents,0,0
195,Routine Family Provisioner,0,1
196,Promo Hunter,1,3
197,Routine Generalist,0,3
198,Promo Hunter,1,3
199,Routine Family Provisioner,0,1
200,Engaged Generalist,2,3
201,Engaged Generalist,2,3
202,Routine Generalist,0,3
203,Promo Hunter,1,3
204,Engaged Generalist,2,3
205,Routine Young Parents,0,0
206,Engaged Generalist,2,3
207,Engaged Generalist,2,3
208,Engaged Generalist,2,3
210,Routine Generalist,0,3
211,Engaged Generalist,2,3
212,Routine Generalist,0,3
213,Routine Generalist,0,3
214,Promo Hunter,1,3
215,Engaged Generalist,2,3
216,Promo Hunter,1,3
217,Promo Hunter,1,3
218,Promo Hunter,1,1
219,Routine Tech,0,2
220,Routine Generalist,0,3
221,Engaged Family Provisioner,2,1
225,Routine Generalist,0,3
226,Routine Generalist,0,3
229,Engaged Generalist,2,3
231,Engaged Generalist,2,3
232,Routine Generalist,0,3
233,Routine Generalist,0,3
235,Routine Generalist,0,3
236,Routine Tech,0,2
238,Promo Hunter,1,1
240,Routine Tech,0,2
241,Routine Generalist,0,3
242,Engaged Generalist,2,3
243,Routine Young Parents,0,0
244,Routine Family Provisioner,0,1
245,Routine Generalist,0,3
248,Promo Hunter,1,1
249,Routine Generalist,0,3
250,Routine Young Parents,0,0
251,Promo Hunter,1,3
254,Promo Hunter,1,1
256,Engaged Generalist,2,3
257,Engaged Generalist,2,3
258,Routine Generalist,0,3
259,Promo Hunter,1,3
260,Routine Tech,0,2
261,Engaged Generalist,2,3
262,Promo Hunter,1,3
263,Routine Tech,0,2
264,Routine Young Parents,0,0
265,Promo Hunter,1,3
266,Promo Hunter,1,3
270,Routine Young Parents,0,0
272,Engaged Generalist,2,3
274,Engaged Generalist,2,3
276,Promo Hunter,1,3
278,Engaged Generalist,2,3
279,Routine Generalist,0,3
280,Engaged Generalist,2,3
282,Routine Generalist,0,3
283,Routine Generalist,0,3
284,Promo Hunter,1,3
285,Routine Young Parents,0,0
286,Engaged Generalist,2,3
287,Routine Generalist,0,3
288,Routine Tech,0,2
290,Routine Family Provisioner,0,1
292,Routine Generalist,0,3
293,Promo Hunter,1,1
295,Routine Generalist,0,3
296,Routine Generalist,0,3
297,Routine Generalist,0,3
298,Routine Generalist,0,3
299,Engaged Generalist,2,3
300,Routine Tech,0,2
301,Engaged Generalist,2,3
303,Routine Generalist,0,3
304,Routine Generalist,0,3
305,Routine Generalist,0,3
306,Engaged Generalist,2,3
307,Routine Young Parents,0,0
308,Promo Hunter,1,3
310,Engaged Generalist,2,3
311,Routine Young Parents,0,0
312,Promo Hunter,1,3
313,Engaged Generalist,2,3
315,Routine Young Parents,0,0
317,Promo Hunter,1,0
321,Routine Generalist,0,3
322,Engaged Generalist,2,3
323,Promo Hunter,1,3
324,Routine Young Parents,0,0
325,Routine Generalist,0,3
326,Engaged Generalist,2,3
328,Routine Generalist,0,3
329,Routine Generalist,0,3
330,Engaged Generalist,2,3
331,Routine Tech,0,2
336,Promo Hunter,1,3
337,Routine Generalist,0,3
338,Routine Tech,0,2
339,Engaged Generalist,2,3
340,Engaged Generalist,2,3
341,Routine Generalist,0,3
342,Engaged Generalist,2,3
343,Promo Hunter,1,3
344,Engaged Generalist,2,3
346,Routine Family Provisioner,0,1
347,Engaged Family Provisioner,2,1
350,Routine Generalist,0,3
351,Routine Generalist,0,3
352,Routine Generalist,0,3
353,Engaged Generalist,2,3
355,Routine Generalist,0,3
356,Routine Young Parents,0,0
358,Routine Generalist,0,3
360,Routine Generalist,0,3
361,Engaged Generalist,2,3
362,Routine Generalist,0,3
363,Routine Tech,0,2
364,Routine Generalist,0,3
365,Routine Young Parents,0,0
366,Routine Young Parents,0,0
367,Routine Generalist,0,3
368,Promo Hunter,1,3
369,Routine Generalist,0,3
370,Routine Generalist,0,3
371,Engaged Generalist,2,3
372,Engaged Generalist,2,3
373,Engaged Generalist,2,3
375,Engaged Generalist,2,3
376,Promo Hunter,1,3
377,Routine Generalist,0,3
378,Routine Generalist,0,3
379,Engaged Generalist,2,3
381,Promo Hunter,1,3
382,Promo Hunter,1,3
383,Routine Generalist,0,3
384,Promo Hunter,1,3
385,Engaged Generalist,2,3
386,Routine Generalist,0,3
387,Engaged Generalist,2,3
389,Routine Young Parents,0,0
390,Routine Tech,0,2
391,Engaged Generalist,2,3
392,Routine Generalist,0,3
393,Routine Young Parents,0,0
394,Promo Hunter,1,3
395,Routine Generalist,0,3
396,Routine Tech,0,2
397,Routine Generalist,0,3
398,Routine Tech,0,2
399,Routine Young Parents,0,0
400,Engaged Generalist,2,0
401,Promo Hunter,1,2
402,Promo Hunter,1,3
403,Promo Hunter,1,0
405,Engaged Generalist,2,3
406,Engaged Generalist,2,3
407,Promo Hunter,1,3
408,Routine Tech,0,2
410,Engaged Generalist,2,3
411,Routine Generalist,0,3
412,Promo Hunter,1,2
413,Engaged Generalist,2,3
414,Engaged Generalist,2,3
416,Routine Young Parents,0,0
417,Routine Generalist,0,3
418,Routine Family Provisioner,0,1
419,Routine Generalist,0,3
420,Routine Young Parents,0,0
421,Routine Generalist,0,3
422,Engaged Generalist,2,3
424,Routine Tech,0,2
425,Routine Young Parents,0,0
426,Routine Tech,0,2
427,Routine Generalist,0,3
428,Engaged Generalist,2,3
429,Routine Generalist,0,3
431,Engaged Generalist,2,3
432,Routine Young Parents,0,0
434,Promo Hunter,1,3
435,Engaged Generalist,2,3
436,Routine Family Provisioner,0,1
437,Routine Generalist,0,3
438,Engaged Generalist,2,3
440,Promo Hunter,1,3
441,Routine Young Parents,0,0
442,Routine Generalist,0,3
443,Promo Hunter,1,3
445,Routine Tech,0,2
446,Promo Hunter,1,3
447,Routine Generalist,0,3
448,Engaged Generalist,2,3
449,Routine Generalist,0,3
450,Engaged Generalist,2,3
451,Engaged Generalist,2,3
452,Engaged Generalist,2,3
453,Routine Generalist,0,3
455,Engaged Generalist,2,3
456,Routine Young Parents,0,0
457,Routine Young Parents,0,0
460,Routine Generalist,0,3
461,Engaged Generalist,2,3
462,Routine Generalist,0,3
464,Routine Generalist,0,3
465,Routine Tech,0,2
467,Routine Generalist,0,3
469,Engaged Generalist,2,3
470,Routine Tech,0,2
471,Promo Hunter,1,1
472,Routine Tech,0,2
473,Engaged Generalist,2,2
474,Engaged Generalist,2,3
475,Routine Young Parents,0,0
476,Engaged Generalist,2,3
477,Engaged Generalist,2,3
479,Routine Generalist,0,3
480,Routine Young Parents,0,0
481,Routine Tech,0,2
482,Promo Hunter,1,3
484,Engaged Generalist,2,3
485,Promo Hunter,1,3
486,Routine Generalist,0,3
487,Engaged Generalist,2,3
488,Engaged Generalist,2,3
489,Engaged Generalist,2,3
490,Engaged Generalist,2,3
491,Engaged Generalist,2,3
492,Routine Generalist,0,3
494,Routine Generalist,0,3
495,Routine Generalist,0,3
496,Routine Young Parents,0,0
497,Engaged Generalist,2,3
498,Routine Generalist,0,3
499,Promo Hunter,1,3
501,Promo Hunter,1,1
502,Routine Generalist,0,3
503,Engaged Generalist,2,3
504,Engaged Generalist,2,3
505,Engaged Generalist,2,3
506,Routine Generalist,0,3
508,Engaged Generalist,2,3
509,Routine Tech,0,2
510,Engaged Family Provisioner,2,1
511,Engaged Generalist,2,3
513,Routine Family Provisioner,0,1
514,Routine Generalist,0,3
515,Routine Young Parents,0,0
516,Routine Tech,0,2
517,Routine Generalist,0,3
518,Routine Generalist,0,3
520,Routine Generalist,0,3
521,Engaged Generalist,2,3
522,Routine Family Provisioner,0,1
523,Engaged Generalist,2,2
524,Promo Hunter,1,3
526,Routine Young Parents,0,0
527,Routine Generalist,0,3
528,Promo Hunter,1,3
529,Promo Hunter,1,3
530,Promo Hunter,1,3
531,Engaged Generalist,2,3
532,Engaged Generalist,2,3
533,Routine Generalist,0,3
534,Engaged Generalist,2,3
535,Routine Young Parents,0,0
536,Routine Young Parents,0,0
537,Engaged Generalist,2,3
538,Promo Hunter,1,3
539,Promo Hunter,1,3
540,Promo Hunter,1,1
541,Promo Hunter,1,3
542,Engaged Generalist,2,3
543,Routine Generalist,0,3
545,Routine Generalist,0,3
547,Routine Young Parents,0,0
548,Routine Generalist,0,3
549,Routine Generalist,0,3
550,Promo Hunter,1,3
551,Routine Family Provisioner,0,1
552,Routine Generalist,0,3
553,Engaged Generalist,2,3
554,Promo Hunter,1,3
556,Engaged Generalist,2,2
557,Promo Hunter,1,3
558,Engaged Generalist,2,2
559,Engaged Generalist,2,3
561,Promo Hunter,1,3
562,Engaged Generalist,2,3
563,Promo Hunter,1,3
565,Promo Hunter,1,3
566,Routine Young Parents,0,0
568,Routine Generalist,0,3
569,Routine Young Parents,0,0
570,Engaged Generalist,2,3
571,Engaged Generalist,2,3
573,Engaged Generalist,2,3
574,Promo Hunter,1,3
575,Engaged Generalist,2,3
576,Engaged Generalist,2,3
577,Engaged Generalist,2,3
578,Routine Generalist,0,3
579,Engaged Generalist,2,3
580,Engaged Generalist,2,3
581,Routine Generalist,0,3
582,Engaged Generalist,2,3
583,Routine Family Provisioner,0,1
584,Promo Hunter,1,3
585,Routine Family Provisioner,0,1
586,Routine Young Parents,0,0
587,Routine Tech,0,2
588,Promo Hunter,1,3
589,Routine Tech,0,2
590,Routine Generalist,0,3
591,Engaged Generalist,2,3
592,Promo Hunter,1,3
593,Promo Hunter,1,0
594,Promo Hunter,1,3
595,Engaged Generalist,2,3
596,Engaged Generalist,2,3
597,Promo Hunter,1,3
598,Routine Tech,0,2
603,Routine Family Provisioner,0,1
604,Routine Generalist,0,3
605,Promo Hunter,1,3
606,Promo Hunter,1,3
609,Engaged Generalist,2,3
611,Routine Young Parents,0,0
613,Routine Tech,0,2
614,Routine Generalist,0,3
615,Routine Generalist,0,3
617,Promo Hunter,1,3
618,Routine Family Provisioner,0,1
619,Engaged Generalist,2,3
621,Routine Tech,0,2
622,Engaged Generalist,2,3
623,Routine Young Parents,0,0
624,Promo Hunter,1,1
625,Promo Hunter,1,3
626,Promo Hunter,1,3
627,Engaged Generalist,2,3
628,Promo Hunter,1,3
629,Promo Hunter,1,3
631,Routine Generalist,0,3
632,Promo Hunter,1,3
633,Routine Generalist,0,3
634,Routine Tech,0,2
635,Routine Young Parents,0,0
636,Routine Young Parents,0,0
637,Routine Family Provisioner,0,1
638,Routine Tech,0,2
639,Engaged Generalist,2,3
640,Routine Generalist,0,3
641,Routine Generalist,0,3
642,Routine Young Parents,0,0
643,Routine Generalist,0,3
644,Routine Young Parents,0,0
645,Promo Hunter,1,3
646,Routine Generalist,0,3
647,Promo Hunter,1,3
648,Routine Tech,0,2
650,Routine Generalist,0,3
653,Promo Hunter,1,1
654,Engaged Generalist,2,3
655,Routine Generalist,0,3
656,Engaged Generalist,2,3
657,Promo Hunter,1,3
658,Routine Generalist,0,3
659,Promo Hunter,1,3
660,Promo Hunter,1,3
662,Engaged Generalist,2,3
663,Promo Hunter,1,3
664,Routine Family Provisioner,0,1
665,Promo Hunter,1,3
666,Promo Hunter,1,3
667,Promo Hunter,1,3
668,Routine Young Parents,0,0
669,Routine Young Parents,0,0
670,Promo Hunter,1,3
671,Promo Hunter,1,1
673,Routine Tech,0,2
674,Routine Young Parents,0,0
675,Routine Young Parents,0,0
676,Routine Generalist,0,3
677,Routine Generalist,0,3
678,Routine Young Parents,0,0
679,Routine Generalist,0,3
680,Routine Generalist,0,3
681,Engaged Generalist,2,3
682,Routine Young Parents,0,0
685,Routine Young Parents,0,0
686,Promo Hunter,1,3
687,Promo Hunter,1,3
688,Promo Hunter,1,3
689,Engaged Family Provisioner,2,1
691,Promo Hunter,1,3
692,Routine Tech,0,2
694,Engaged Generalist,2,3
695,Engaged Generalist,2,3
696,Promo Hunter,1,3
697,Engaged Generalist,2,3
699,Promo Hunter,1,3
700,Promo Hunter,1,2
701,Routine Family Provisioner,0,1
703,Routine Tech,0,2
704,Routine Young Parents,0,0
705,Routine Tech,0,2
707,Routine Young Parents,0,0
708,Routine Young Parents,0,0
709,Promo Hunter,1,3
710,Routine Tech,0,2
712,Routine Generalist,0,3
713,Promo Hunter,1,3
714,Promo Hunter,1,3
715,Promo Hunter,1,3
717,Engaged Family Provisioner,2,1
718,Promo Hunter,1,3
719,Routine Generalist,0,3
721,Promo Hunter,1,3
722,Promo Hunter,1,1
723,Routine Generalist,0,3
725,Routine Family Provisioner,0,1
726,Promo Hunter,1,3
727,Routine Generalist,0,3
728,Engaged Family Provisioner,2,1
729,Routine Generalist,0,3
730,Engaged Generalist,2,3
731,Routine Generalist,0,3
732,Routine Generalist,0,3
733,Routine Young Parents,0,0
734,Routine Generalist,0,3
735,Engaged Generalist,2,3
736,Engaged Generalist,2,3
737,Engaged Generalist,2,2
738,Promo Hunter,1,3
739,Routine Family Provisioner,0,1
741,Routine Generalist,0,3
742,Routine Family Provisioner,0,1
743,Promo Hunter,1,3
744,Routine Young Parents,0,0
745,Engaged Generalist,2,3
746,Routine Tech,0,2
747,Routine Generalist,0,3
748,Routine Generalist,0,3
749,Routine Generalist,0,3
752,Promo Hunter,1,3
753,Routine Young Parents,0,0
754,Engaged Generalist,2,3
755,Engaged Family Provisioner,2,1
757,Engaged Generalist,2,3
758,Promo Hunter,1,3
759,Routine Generalist,0,3
760,Routine Young Parents,0,0
761,Promo Hunter,1,3
762,Engaged Generalist,2,3
763,Promo Hunter,1,3
764,Routine Generalist,0,3
765,Routine Young Parents,0,0
766,Routine Tech,0,2
767,Promo Hunter,1,3
768,Routine Generalist,0,3
769,Promo Hunter,1,3
770,Routine Young Parents,0,0
771,Routine Family Provisioner,0,1
772,Routine Young Parents,0,0
773,Routine Young Parents,0,0
776,Engaged Generalist,2,3
777,Routine Young Parents,0,0
779,Routine Generalist,0,3
780,Routine Generalist,0,3
781,Routine Young Parents,0,0
782,Routine Generalist,0,3
783,Engaged Generalist,2,3
785,Routine Generalist,0,3
787,Routine Tech,0,2
788,Routine Generalist,0,3
789,Promo Hunter,1,1
791,Routine Tech,0,2
792,Routine Young Parents,0,0
793,Promo Hunter,1,3
794,Routine Generalist,0,3
795,Routine Generalist,0,3
797,Routine Generalist,0,3
798,Engaged Generalist,2,3
799,Promo Hunter,1,3
800,Engaged Generalist,2,3
803,Routine Generalist,0,3
804,Promo Hunter,1,0
805,Routine Generalist,0,3
806,Routine Tech,0,2
808,Promo Hunter,1,3
809,Routine Tech,0,2
810,Routine Generalist,0,3
811,Engaged Generalist,2,3
812,Engaged Generalist,2,3
813,Routine Generalist,0,3
814,Promo Hunter,1,3
815,Promo Hunter,1,3
816,Promo Hunter,1,3
817,Engaged Generalist,2,3
818,Engaged Family Provisioner,2,1
819,Routine Generalist,0,3
820,Engaged Generalist,2,3
821,Routine Generalist,0,3
822,Routine Generalist,0,3
823,Routine Young Parents,0,0
824,Engaged Generalist,2,3
826,Routine Young Parents,0,0
827,Engaged Family Provisioner,2,1
830,Routine Young Parents,0,0
831,Routine Generalist,0,3
832,Routine Generalist,0,3
833,Routine Tech,0,2
834,Engaged Generalist,2,3
835,Promo Hunter,1,3
836,Routine Young Parents,0,0
837,Routine Young Parents,0,0
838,Promo Hunter,1,1
839,Routine Young Parents,0,0
840,Promo Hunter,1,3
842,Promo Hunter,1,3
843,Routine Generalist,0,3
844,Promo Hunter,1,3
845,Routine Generalist,0,3
846,Routine Generalist,0,3
847,Promo Hunter,1,3
848,Routine Family Provisioner,0,1
849,Engaged Generalist,2,3
851,Routine Young Parents,0,0
852,Engaged Generalist,2,3
853,Engaged Generalist,2,3
854,Routine Generalist,0,3
855,Routine Generalist,0,3
856,Routine Tech,0,2
857,Routine Young Parents,0,0
859,Routine Young Parents,0,0
860,Routine Generalist,0,3
862,Engaged Generalist,2,3
863,Routine Young Parents,0,0
864,Promo Hunter,1,3
865,Routine Young Parents,0,0
866,Routine Generalist,0,3
867,Engaged Generalist,2,2
868,Routine Young Parents,0,0
870,Routine Generalist,0,3
873,Promo Hunter,1,3
874,Routine Tech,0,2
875,Engaged Family Provisioner,2,1
876,Routine Young Parents,0,0
878,Routine Young Parents,0,0
879,Routine Young Parents,0,0
880,Routine Young Parents,0,0
881,Engaged Generalist,2,3
883,Routine Young Parents,0,0
884,Routine Generalist,0,3
886,Engaged Generalist,2,3
887,Routine Generalist,0,3
889,Routine Generalist,0,3
890,Routine Generalist,0,3
891,Routine Young Parents,0,0
893,Promo Hunter,1,3
894,Routine Generalist,0,3
896,Promo Hunter,1,3
897,Engaged Generalist,2,3
898,Promo Hunter,1,3
899,Promo Hunter,1,3
900,Promo Hunter,1,3
901,Promo Hunter,1,3
902,Engaged Generalist,2,3
903,Engaged Generalist,2,3
904,Promo Hunter,1,3
905,Engaged Generalist,2,3
906,Routine Generalist,0,3
907,Routine Generalist,0,3
908,Engaged Generalist,2,3
909,Routine Generalist,0,3
910,Routine Generalist,0,3
911,Engaged Generalist,2,3
913,Engaged Generalist,2,3
914,Engaged Generalist,2,3
916,Engaged Generalist,2,3
917,Promo Hunter,1,3
918,Engaged Generalist,2,3
919,Promo Hunter,1,2
920,Routine Generalist,0,3
921,Routine Family Provisioner,0,1
922,Engaged Generalist,2,3
923,Routine Generalist,0,3
924,Routine Young Parents,0,0
925,Routine Young Parents,0,0
926,Routine Generalist,0,3
927,Promo Hunter,1,3
928,Routine Generalist,0,3
929,Promo Hunter,1,1
930,Promo Hunter,1,3
931,Routine Young Parents,0,0
933,Routine Tech,0,2
934,Engaged Generalist,2,3
935,Routine Tech,0,2
936,Routine Generalist,0,3
937,Promo Hunter,1,3
938,Engaged Generalist,2,3
939,Routine Tech,0,2
940,Routine Young Parents,0,0
941,Routine Young Parents,0,0
942,Routine Tech,0,2
944,Routine Young Parents,0,0
945,Engaged Generalist,2,3
946,Engaged Generalist,2,3
947,Engaged Generalist,2,3
948,Promo Hunter,1,3
950,Engaged Generalist,2,3
951,Routine Generalist,0,3
953,Routine Generalist,0,3
954,Routine Young Parents,0,0
955,Routine Generalist,0,3
956,Engaged Family Provisioner,2,1
957,Routine Generalist,0,3
958,Routine Generalist,0,3
960,Routine Tech,0,2
962,Routine Young Parents,0,0
963,Routine Young Parents,0,0
964,Engaged Generalist,2,3
965,Engaged Generalist,2,3
966,Promo Hunter,1,3
967,Routine Tech,0,2
968,Routine Generalist,0,3
969,Promo Hunter,1,3
970,Engaged Generalist,2,3
973,Engaged Generalist,2,3
974,Routine Young Parents,0,0
975,Routine Young Parents,0,0
977,Routine Tech,0,2
978,Routine Generalist,0,3
979,Routine Tech,0,2
980,Routine Generalist,0,3
981,Routine Generalist,0,3
982,Routine Tech,0,2
983,Routine Young Parents,0,0
986,Routine Generalist,0,3
989,Engaged Family Provisioner,2,1
990,Promo Hunter,1,3
991,Routine Tech,0,2
992,Engaged Generalist,2,3
993,Routine Generalist,0,3
994,Engaged Generalist,2,3
996,Engaged Generalist,2,3
997,Routine Young Parents,0,0
998,Promo Hunter,1,1
999,Engaged Generalist,2,3
1000,Routine Young Parents,0,0
1001,Routine Young Parents,0,0
1002,Routine Young Parents,0,0
1003,Engaged Generalist,2,3
1004,Routine Generalist,0,3
1007,Routine Tech,0,2
1008,Routine Young Parents,0,0
1009,Routine Young Parents,0,0
1011,Promo Hunter,1,3
1014,Promo Hunter,1,3
1015,Routine Tech,0,2
1016,Engaged Generalist,2,3
1018,Promo Hunter,1,3
1019,Engaged Generalist,2,0
1021,Routine Tech,0,2
1022,Promo Hunter,1,3
1023,Engaged Generalist,2,3
1024,Routine Generalist,0,3
1025,Engaged Generalist,2,3
1026,Routine Tech,0,2
1027,Engaged Generalist,2,3
1028,Routine Tech,0,2
1029,Routine Young Parents,0,0
1030,Engaged Generalist,2,3
1031,Routine Generalist,0,3
1032,Promo Hunter,1,1
1033,Routine Young Parents,0,0
1034,Engaged Generalist,2,3
1035,Promo Hunter,1,1
1038,Promo Hunter,1,3
1039,Engaged Generalist,2,3
1040,Routine Generalist,0,3
1041,Routine Young Parents,0,0
1042,Engaged Generalist,2,3
1043,Routine Generalist,0,3
1044,Routine Generalist,0,3
1045,Promo Hunter,1,3
1046,Routine Generalist,0,3
1048,Routine Generalist,0,3
1049,Routine Generalist,0,3
1050,Routine Generalist,0,3
1051,Routine Generalist,0,3
1052,Routine Generalist,0,3
1055,Routine Tech,0,2
1058,Promo Hunter,1,3
1060,Engaged Generalist,2,3
1061,Engaged Generalist,2,3
1063,Routine Family Provisioner,0,1
1064,Engaged Generalist,2,3
1065,Routine Tech,0,2
1066,Routine Generalist,0,3
1067,Routine Generalist,0,3
1068,Routine Tech,0,2
1069,Routine Family Provisioner,0,1
1071,Routine Tech,0,2
1072,Routine Tech,0,2
1073,Engaged Generalist,2,3
1074,Engaged Generalist,2,3
1075,Engaged Generalist,2,3
1076,Engaged Generalist,2,3
1077,Engaged Generalist,2,3
1078,Routine Generalist,0,3
1079,Routine Young Parents,0,0
1080,Routine Generalist,0,3
1082,Routine Generalist,0,3
1083,Routine Generalist,0,3
1084,Promo Hunter,1,3
1085,Promo Hunter,1,3
1086,Routine Tech,0,2
1087,Promo Hunter,1,3
1088,Routine Generalist,0,3
1089,Engaged Generalist,2,3
1090,Routine Young Parents,0,0
1091,Routine Generalist,0,3
1092,Promo Hunter,1,3
1093,Routine Young Parents,0,0
1094,Engaged Family Provisioner,2,1
1095,Engaged Generalist,2,3
1096,Routine Young Parents,0,0
1097,Engaged Family Provisioner,2,1
1098,Routine Young Parents,0,0
1099,Routine Tech,0,2
1101,Promo Hunter,1,3
1103,Routine Tech,0,2
1104,Routine Tech,0,2
1105,Engaged Generalist,2,3
1106,Routine Generalist,0,3
1108,Engaged Generalist,2,3
1110,Promo Hunter,1,3
1111,Promo Hunter,1,1
1112,Routine Young Parents,0,0
1113,Routine Generalist,0,3
1114,Engaged Generalist,2,3
1115,Routine Tech,0,2
1117,Routine Generalist,0,3
1118,Engaged Generalist,2,3
1119,Engaged Family Provisioner,2,1
1120,Engaged Generalist,2,3
1121,Promo Hunter,1,3
1122,Routine Tech,0,2
1123,Routine Generalist,0,3
1124,Routine Generalist,0,3
1125,Routine Generalist,0,3
1126,Routine Generalist,0,3
1127,Promo Hunter,1,3
1128,Promo Hunter,1,3
1129,Routine Generalist,0,3
1130,Routine Generalist,0,3
1131,Routine Young Parents,0,0
1132,Engaged Generalist,2,3
1133,Engaged Generalist,2,3
1134,Routine Generalist,0,3
1135,Promo Hunter,1,3
1136,Routine Young Parents,0,0
1137,Engaged Generalist,2,3
1138,Engaged Generalist,2,3
1139,Routine Tech,0,2
1140,Routine Tech,0,2
1141,Promo Hunter,1,3
1142,Promo Hunter,1,0
1143,Engaged Generalist,2,3
1145,Engaged Generalist,2,3
1146,Routine Tech,0,2
1150,Routine Generalist,0,3
1152,Routine Generalist,0,3
1153,Routine Generalist,0,3
1154,Engaged Generalist,2,3
1155,Engaged Generalist,2,0
1156,Routine Tech,0,2
1157,Routine Generalist,0,3
1158,Routine Young Parents,0,0
1159,Routine Young Parents,0,0
1160,Routine Tech,0,2
1163,Engaged Generalist,2,3
1164,Engaged Generalist,2,3
1167,Engaged Generalist,2,3
1168,Routine Generalist,0,3
1170,Engaged Generalist,2,3
1171,Promo Hunter,1,3
1172,Engaged Generalist,2,3
1173,Engaged Generalist,2,3
1175,Routine Generalist,0,3
1177,Routine Tech,0,2
1178,Routine Generalist,0,3
1179,Routine Tech,0,2
1180,Routine Young Parents,0,0
1181,Routine Generalist,0,3
1182,Promo Hunter,1,3
1183,Routine Tech,0,2
1184,Engaged Generalist,2,3
1186,Promo Hunter,1,3
1187,Engaged Generalist,2,3
1189,Routine Generalist,0,3
1190,Engaged Generalist,2,3
1191,Routine Tech,0,2
1193,Engaged Generalist,2,3
1194,Routine Generalist,0,3
1196,Routine Young Parents,0,0
1197,Routine Young Parents,0,0
1199,Promo Hunter,1,3
1200,Promo Hunter,1,1
1201,Engaged Generalist,2,3
1203,Routine Tech,0,2
1205,Promo Hunter,1,3
1206,Routine Generalist,0,3
1207,Engaged Generalist,2,3
1208,Promo Hunter,1,3
1209,Engaged Generalist,2,3
1210,Routine Young Parents,0,0
1211,Engaged Generalist,2,3
1212,Promo Hunter,1,3
1213,Routine Generalist,0,3
1216,Routine Young Parents,0,0
1217,Routine Young Parents,0,0
1218,Engaged Generalist,2,3
1219,Engaged Generalist,2,3
1221,Engaged Generalist,2,3
1222,Promo Hunter,1,3
1223,Routine Tech,0,2
1224,Engaged Generalist,2,3
1227,Routine Tech,0,2
1228,Routine Young Parents,0,0
1229,Promo Hunter,1,3
1230,Engaged Generalist,2,3
1231,Routine Generalist,0,3
1233,Routine Generalist,0,3
1234,Promo Hunter,1,3
1235,Routine Young Parents,0,0
1236,Routine Young Parents,0,0
1237,Routine Generalist,0,3
1238,Routine Young Parents,0,0
1239,Engaged Generalist,2,3
1240,Routine Tech,0,2
1241,Routine Generalist,0,3
1242,Engaged Family Provisioner,2,1
1243,Routine Young Parents,0,0
1245,Engaged Generalist,2,3
1246,Routine Generalist,0,3
1247,Routine Young Parents,0,0
1249,Routine Generalist,0,3
1250,Routine Generalist,0,3
1251,Promo Hunter,1,3
1252,Engaged Generalist,2,3
1253,Routine Tech,0,2
1255,Engaged Generalist,2,3
1256,Routine Generalist,0,3
1257,Promo Hunter,1,3
1258,Routine Generalist,0,3
1259,Routine Generalist,0,3
1261,Engaged Generalist,2,3
1262,Promo Hunter,1,3
1263,Routine Generalist,0,3
1264,Engaged Generalist,2,3
1265,Promo Hunter,1,1
1266,Routine Young Parents,0,0
1268,Engaged Generalist,2,3
1269,Promo Hunter,1,3
1271,Promo Hunter,1,3
1272,Routine Family Provisioner,0,1
1273,Routine Young Parents,0,0
1274,Routine Generalist,0,3
1275,Engaged Generalist,2,3
1277,Promo Hunter,1,3
1278,Promo Hunter,1,3
1279,Routine Generalist,0,3
1280,Routine Young Parents,0,0
1281,Routine Generalist,0,3
1282,Routine Tech,0,2
1283,Engaged Generalist,2,3
1284,Routine Young Parents,0,0
1285,Routine Generalist,0,3
1286,Routine Generalist,0,3
1289,Engaged Generalist,2,3
1290,Promo Hunter,1,1
1291,Routine Young Parents,0,0
1292,Routine Young Parents,0,0
1293,Routine Generalist,0,3
1294,Promo Hunter,1,3
1295,Engaged Generalist,2,3
1296,Engaged Generalist,2,3
1297,Routine Young Parents,0,0
1298,Promo Hunter,1,3
1299,Routine Tech,0,2
1300,Promo Hunter,1,1
1301,Engaged Generalist,2,3
1302,Promo Hunter,1,1
1303,Routine Tech,0,2
1304,Routine Tech,0,2
1305,Promo Hunter,1,3
1306,Routine Generalist,0,3
1307,Routine Generalist,0,3
1310,Engaged Generalist,2,3
1311,Promo Hunter,1,3
1312,Engaged Generalist,2,3
1313,Engaged Generalist,2,3
1314,Routine Young Parents,0,0
1315,Routine Tech,0,2
1316,Routine Generalist,0,3
1317,Promo Hunter,1,3
1318,Promo Hunter,1,3
1320,Routine Generalist,0,3
1321,Promo Hunter,1,3
1322,Routine Generalist,0,3
1323,Routine Young Parents,0,0
1324,Routine Generalist,0,3
1326,Engaged Generalist,2,3
1327,Promo Hunter,1,1
1328,Promo Hunter,1,3
1329,Routine Young Parents,0,0
1330,Promo Hunter,1,3
1331,Routine Generalist,0,3
1332,Routine Generalist,0,3
1333,Engaged Generalist,2,3
1334,Routine Generalist,0,3
1335,Engaged Generalist,2,3
1336,Engaged Generalist,2,3
1338,Engaged Generalist,2,3
1339,Routine Tech,0,2
1340,Routine Young Parents,0,0
1341,Engaged Family Provisioner,2,1
1342,Engaged Generalist,2,3
1343,Promo Hunter,1,3
1344,Routine Generalist,0,3
1345,Promo Hunter,1,3
1346,Engaged Generalist,2,3
1347,Engaged Generalist,2,3
1348,Routine Generalist,0,3
1349,Routine Generalist,0,3
1350,Engaged Generalist,2,3
1351,Routine Young Parents,0,0
1352,Routine Tech,0,2
1353,Engaged Generalist,2,3
1354,Promo Hunter,1,3
1355,Routine Generalist,0,3
1356,Engaged Generalist,2,3
1357,Routine Generalist,0,3
1358,Engaged Generalist,2,3
1359,Promo Hunter,1,3
1360,Routine Young Parents,0,0
1361,Routine Generalist,0,3
1362,Engaged Generalist,2,2
1363,Engaged Generalist,2,3
1364,Engaged Generalist,2,3
1365,Engaged Generalist,2,3
1366,Routine Generalist,0,3
1367,Routine Generalist,0,3
1368,Engaged Generalist,2,3
1370,Engaged Generalist,2,3
1371,Engaged Generalist,2,3
1373,Promo Hunter,1,3
1374,Engaged Generalist,2,3
1376,Routine Young Parents,0,0
1377,Engaged Generalist,2,3
1378,Promo Hunter,1,3
1379,Engaged Generalist,2,3
1380,Routine Generalist,0,3
1381,Routine Generalist,0,3
1383,Promo Hunter,1,3
1387,Engaged Generalist,2,3
1388,Routine Generalist,0,3
1389,Promo Hunter,1,1
1390,Engaged Generalist,2,0
1391,Engaged Generalist,2,3
1392,Routine Generalist,0,3
1393,Routine Generalist,0,3
1394,Routine Young Parents,0,0
1396,Engaged Generalist,2,3
1397,Routine Young Parents,0,0
1398,Routine Generalist,0,3
1399,Promo Hunter,1,3
1400,Routine Young Parents,0,0
1401,Routine Young Parents,0,0
1402,Routine Young Parents,0,0
1403,Engaged Generalist,2,3
1404,Routine Generalist,0,3
1405,Routine Young Parents,0,0
1406,Routine Young Parents,0,0
1407,Routine Tech,0,2
1408,Routine Tech,0,2
1409,Routine Tech,0,2
1411,Routine Generalist,0,3
1412,Engaged Generalist,2,3
1413,Engaged Generalist,2,3
1414,Routine Generalist,0,3
1415,Promo Hunter,1,2
1416,Engaged Generalist,2,3
1417,Engaged Family Provisioner,2,1
1418,Engaged Generalist,2,3
1419,Engaged Generalist,2,3
1420,Engaged Generalist,2,3
1421,Routine Generalist,0,3
1422,Routine Family Provisioner,0,1
1423,Engaged Generalist,2,3
1424,Promo Hunter,1,3
1426,Promo Hunter,1,3
1427,Promo Hunter,1,3
1428,Routine Young Parents,0,0
1429,Engaged Generalist,2,3
1430,Routine Young Parents,0,0
1431,Engaged Generalist,2,3
1432,Engaged Generalist,2,3
1433,Routine Generalist,0,3
1434,Promo Hunter,1,3
1435,Routine Young Parents,0,0
1436,Routine Tech,0,2
1437,Engaged Generalist,2,3
1438,Routine Generalist,0,3
1439,Engaged Generalist,2,3
1440,Promo Hunter,1,3
1441,Routine Family Provisioner,0,1
1442,Engaged Generalist,2,3
1443,Engaged Generalist,2,3
1444,Engaged Generalist,2,3
1447,Promo Hunter,1,3
1448,Engaged Generalist,2,3
1450,Routine Generalist,0,3
1451,Engaged Generalist,2,3
1452,Routine Young Parents,0,0
1453,Routine Tech,0,2
1454,Engaged Generalist,2,3
1456,Routine Young Parents,0,0
1460,Routine Generalist,0,3
1461,Routine Young Parents,0,0
1462,Promo Hunter,1,3
1463,Engaged Generalist,2,3
1465,Engaged Generalist,2,3
1466,Promo Hunter,1,3
1467,Routine Generalist,0,3
1468,Routine Tech,0,2
1469,Engaged Generalist,2,3
1471,Engaged Generalist,2,3
1472,Promo Hunter,1,3
1474,Routine Tech,0,2
1475,Routine Tech,0,2
1476,Promo Hunter,1,1
1477,Routine Generalist,0,3
1478,Routine Young Parents,0,0
1479,Engaged Generalist,2,3
1480,Routine Generalist,0,3
1481,Routine Generalist,0,3
1483,Routine Young Parents,0,0
1484,Routine Generalist,0,3
1485,Routine Generalist,0,3
1486,Promo Hunter,1,3
1487,Promo Hunter,1,3
1488,Routine Generalist,0,3
1489,Engaged Family Provisioner,2,1
1490,Routine Tech,0,2
1491,Promo Hunter,1,3
1492,Engaged Generalist,2,3
1495,Promo Hunter,1,3
1496,Routine Generalist,0,3
1497,Routine Tech,0,2
1498,Routine Young Parents,0,0
1499,Routine Young Parents,0,0
1500,Engaged Generalist,2,3
1501,Routine Generalist,0,3
1502,Promo Hunter,1,3
1503,Routine Young Parents,0,0
1504,Routine Generalist,0,3
1505,Promo Hunter,1,3
1506,Engaged Generalist,2,3
1507,Routine Generalist,0,3
1510,Routine Generalist,0,3
1511,Engaged Generalist,2,3
1512,Routine Young Parents,0,0
1513,Routine Generalist,0,3
1514,Engaged Family Provisioner,2,1
1516,Routine Generalist,0,3
1517,Routine Generalist,0,3
1518,Routine Young Parents,0,0
1519,Routine Generalist,0,3
1520,Routine Young Parents,0,0
1522,Routine Family Provisioner,0,1
1523,Routine Generalist,0,3
1524,Routine Generalist,0,3
1526,Routine Young Parents,0,0
1527,Engaged Generalist,2,3
1528,Engaged Generalist,2,3
1529,Engaged Generalist,2,3
1530,Routine Tech,0,2
1531,Promo Hunter,1,1
1532,Routine Generalist,0,3
1533,Routine Young Parents,0,0
1534,Routine Generalist,0,3
1535,Routine Family Provisioner,0,1
1536,Routine Generalist,0,3
1537,Engaged Generalist,2,3
1538,Promo Hunter,1,3
1539,Engaged Generalist,2,3
1541,Engaged Generalist,2,3
1542,Engaged Generalist,2,3
1543,Promo Hunter,1,1
1544,Engaged Generalist,2,3
1546,Engaged Generalist,2,3
1547,Engaged Generalist,2,3
1550,Promo Hunter,1,3
1551,Promo Hunter,1,3
1552,Engaged Generalist,2,3
1553,Engaged Generalist,2,3
1555,Routine Young Parents,0,0
1556,Routine Tech,0,2
1557,Routine Tech,0,2
1558,Engaged Generalist,2,3
1559,Routine Generalist,0,3
1560,Routine Young Parents,0,0
1561,Routine Generalist,0,3
1562,Routine Generalist,0,3
1564,Routine Generalist,0,3
1565,Routine Young Parents,0,0
1566,Routine Generalist,0,3
1568,Routine Young Parents,0,0
1570,Routine Tech,0,2
1571,Promo Hunter,1,3
1572,Routine Generalist,0,3
1575,Promo Hunter,1,3
1579,Promo Hunter,1,3
1580,Routine Generalist,0,3
1581,Routine Tech,0,2
1583,Routine Generalist,0,3
1584,Promo Hunter,1,3
1585,Routine Young Parents,0,0
1586,Engaged Generalist,2,3
1587,Promo Hunter,1,0
1590,Routine Generalist,0,3
1591,Promo Hunter,1,3
1592,Engaged Generalist,2,3
1593,Routine Tech,0,2
1595,Routine Generalist,0,3
1596,Routine Family Provisioner,0,1
1597,Routine Generalist,0,3
1598,Routine Young Parents,0,0
1599,Promo Hunter,1,1
1600,Engaged Generalist,2,3
1601,Engaged Generalist,2,3
1602,Routine Family Provisioner,0,1
1603,Engaged Generalist,2,3
1604,Routine Young Parents,0,0
1605,Routine Tech,0,2
1606,Engaged Generalist,2,3
1607,Engaged Generalist,2,3
1608,Engaged Generalist,2,3
1609,Routine Young Parents,0,0
1610,Engaged Generalist,2,3
1611,Promo Hunter,1,3
1612,Engaged Generalist,2,3
1613,Promo Hunter,1,3
1614,Engaged Generalist,2,3
1615,Routine Generalist,0,3
1616,Promo Hunter,1,3
1618,Engaged Family Provisioner,2,1
1619,Promo Hunter,1,3
1620,Routine Young Parents,0,0
1621,Routine Generalist,0,3
1622,Routine Generalist,0,3
1623,Routine Generalist,0,3
1625,Routine Young Parents,0,0
1626,Routine Generalist,0,3
1627,Routine Young Parents,0,0
1628,Promo Hunter,1,1
1629,Routine Young Parents,0,0
1631,Routine Generalist,0,3
1633,Routine Generalist,0,3
1635,Promo Hunter,1,2
1636,Engaged Generalist,2,3
1637,Promo Hunter,1,3
1638,Engaged Family Provisioner,2,1
1639,Routine Generalist,0,3
1641,Promo Hunter,1,3
1642,Routine Young Parents,0,0
1643,Routine Generalist,0,3
1644,Routine Generalist,0,3
1646,Routine Young Parents,0,0
1647,Routine Tech,0,2
1649,Routine Generalist,0,3
1650,Routine Family Provisioner,0,1
1651,Routine Generalist,0,3
1652,Engaged Family Provisioner,2,1
1653,Routine Young Parents,0,0
1655,Promo Hunter,1,3
1657,Engaged Generalist,2,3
1658,Routine Generalist,0,3
1659,Routine Young Parents,0,0
1660,Engaged Generalist,2,3
1661,Routine Generalist,0,3
1662,Routine Generalist,0,3
1665,Engaged Generalist,2,3
1666,Routine Generalist,0,3
1667,Routine Generalist,0,3
1668,Routine Generalist,0,3
1669,Routine Tech,0,2
1670,Engaged Generalist,2,3
1671,Routine Generalist,0,3
1672,Routine Young Parents,0,0
1673,Routine Generalist,0,3
1674,Promo Hunter,1,3
1675,Routine Young Parents,0,0
1676,Routine Generalist,0,3
1677,Routine Young Parents,0,0
1678,Routine Generalist,0,3
1679,Routine Tech,0,2
1681,Engaged Family Provisioner,2,1
1682,Routine Generalist,0,3
1683,Routine Generalist,0,3
1684,Engaged Family Provisioner,2,1
1685,Promo Hunter,1,3
1686,Routine Young Parents,0,0
1687,Routine Generalist,0,3
1688,Routine Generalist,0,3
1689,Routine Generalist,0,3
1690,Routine Young Parents,0,0
1691,Promo Hunter,1,3
1692,Promo Hunter,1,1
1693,Routine Tech,0,2
1694,Promo Hunter,1,3
1695,Promo Hunter,1,3
1696,Engaged Family Provisioner,2,1
1698,Engaged Generalist,2,3
1699,Routine Generalist,0,3
1700,Routine Generalist,0,3
1701,Engaged Generalist,2,3
1702,Routine Tech,0,2
1703,Routine Tech,0,2
1704,Routine Young Parents,0,0
1705,Routine Young Parents,0,0
1707,Routine Tech,0,2
1708,Promo Hunter,1,3
1709,Engaged Generalist,2,3
1710,Promo Hunter,1,3
1711,Promo Hunter,1,3
1712,Routine Generalist,0,3
1714,Routine Generalist,0,3
1715,Routine Generalist,0,3
1716,Engaged Generalist,2,3
1717,Routine Tech,0,2
1718,Promo Hunter,1,3
1719,Routine Generalist,0,3
1720,Routine Generalist,0,3
1721,Engaged Generalist,2,3
1722,Routine Young Parents,0,0
1723,Routine Young Parents,0,0
1724,Routine Young Parents,0,0
1726,Routine Tech,0,2
1727,Routine Generalist,0,3
1728,Engaged Family Provisioner,2,1
1729,Routine Young Parents,0,0
1730,Routine Tech,0,2
1731,Engaged Generalist,2,3
1732,Routine Young Parents,0,0
1733,Routine Family Provisioner,0,1
1734,Engaged Generalist,2,3
1735,Routine Family Provisioner,0,1
1736,Promo Hunter,1,0
1737,Routine Family Provisioner,0,1
1738,Routine Young Parents,0,0
1739,Promo Hunter,1,3
1741,Engaged Generalist,2,3
1742,Routine Young Parents,0,0
1744,Routine Tech,0,2
1746,Promo Hunter,1,3
1747,Routine Generalist,0,3
1749,Promo Hunter,1,3
1750,Promo Hunter,1,3
1751,Engaged Generalist,2,3
1752,Engaged Generalist,2,3
1753,Routine Young Parents,0,0
1754,Routine Tech,0,2
1755,Engaged Generalist,2,3
1756,Routine Generalist,0,3
1757,Routine Young Parents,0,0
1758,Promo Hunter,1,0
1759,Routine Generalist,0,3
1760,Routine Generalist,0,3
1761,Routine Young Parents,0,0
1762,Routine Generalist,0,3
1763,Promo Hunter,1,3
1764,Routine Generalist,0,3
1765,Routine Generalist,0,3
1766,Engaged Generalist,2,3
1767,Routine Generalist,0,3
1768,Routine Family Provisioner,0,1
1769,Routine Tech,0,2
1770,Routine Generalist,0,3
1771,Promo Hunter,1,3
1772,Engaged Generalist,2,3
1773,Promo Hunter,1,3
1774,Routine Generalist,0,3
1775,Engaged Generalist,2,3
1776,Promo Hunter,1,3
1778,Engaged Generalist,2,3
1779,Engaged Generalist,2,3
1780,Routine Young Parents,0,0
1781,Routine Generalist,0,3
1782,Promo Hunter,1,3
1783,Routine Tech,0,2
1784,Engaged Generalist,2,3
1785,Promo Hunter,1,3
1786,Routine Generalist,0,3
1787,Promo Hunter,1,3
1788,Promo Hunter,1,3
1789,Engaged Generalist,2,3
1790,Engaged Family Provisioner,2,1
1791,Promo Hunter,1,3
1792,Engaged Generalist,2,3
1793,Routine Generalist,0,3
1794,Engaged Generalist,2,3
1795,Routine Generalist,0,3
1796,Engaged Generalist,2,3
1797,Engaged Generalist,2,3
1798,Routine Tech,0,2
1799,Promo Hunter,1,3
1800,Engaged Generalist,2,3
1801,Routine Tech,0,2
1803,Routine Generalist,0,3
1804,Routine Family Provisioner,0,1
1805,Promo Hunter,1,3
1806,Promo Hunter,1,3
1807,Engaged Generalist,2,3
1808,Routine Young Parents,0,0
1809,Promo Hunter,1,3
1810,Routine Generalist,0,3
1811,Routine Family Provisioner,0,1
1813,Routine Tech,0,2
1814,Engaged Family Provisioner,2,1
1816,Routine Generalist,0,3
1818,Routine Generalist,0,3
1820,Routine Young Parents,0,0
1821,Promo Hunter,1,3
1824,Routine Generalist,0,3
1825,Promo Hunter,1,3
1828,Engaged Generalist,2,2
1829,Engaged Family Provisioner,2,1
1830,Promo Hunter,1,3
1831,Routine Young Parents,0,0
1832,Routine Generalist,0,3
1833,Routine Generalist,0,3
1834,Routine Generalist,0,3
1835,Routine Tech,0,2
1836,Engaged Generalist,2,3
1837,Routine Generalist,0,3
1838,Routine Generalist,0,3
1839,Routine Young Parents,0,0
1840,Promo Hunter,1,3
1841,Promo Hunter,1,3
1842,Promo Hunter,1,1
1844,Routine Generalist,0,3
1845,Engaged Generalist,2,3
1846,Routine Generalist,0,3
1848,Engaged Generalist,2,3
1849,Routine Tech,0,2
1850,Routine Tech,0,2
1851,Promo Hunter,1,3
1853,Promo Hunter,1,3
1854,Routine Generalist,0,3
1856,Routine Young Parents,0,0
1857,Engaged Generalist,2,3
1858,Promo Hunter,1,3
1859,Engaged Generalist,2,3
1860,Promo Hunter,1,3
1861,Routine Generalist,0,3
1863,Engaged Generalist,2,3
1864,Promo Hunter,1,3
1865,Routine Generalist,0,3
1866,Engaged Generalist,2,3
1867,Routine Generalist,0,3
1869,Routine Tech,0,2
1870,Routine Generalist,0,3
1871,Promo Hunter,1,3
1872,Routine Generalist,0,3
1874,Routine Young Parents,0,0
1876,Routine Tech,0,2
1877,Engaged Generalist,2,3
1878,Routine Generalist,0,3
1880,Routine Generalist,0,3
1881,Promo Hunter,1,2
1882,Engaged Generalist,2,3
1883,Engaged Generalist,2,3
1884,Engaged Generalist,2,3
1886,Routine Young Parents,0,0
1887,Promo Hunter,1,3
1888,Promo Hunter,1,3
1889,Routine Young Parents,0,0
1890,Routine Generalist,0,3
1891,Routine Young Parents,0,0
1892,Routine Generalist,0,3
1893,Routine Family Provisioner,0,1
1896,Routine Tech,0,2
1897,Promo Hunter,1,3
1898,Routine Generalist,0,3
1899,Routine Generalist,0,3
1900,Engaged Generalist,2,3
1901,Routine Tech,0,2
1903,Routine Young Parents,0,0
1904,Routine Young Parents,0,0
1905,Engaged Generalist,2,3
1906,Engaged Generalist,2,3
1908,Routine Tech,0,2
1909,Engaged Generalist,2,3
1910,Engaged Generalist,2,3
1911,Routine Tech,0,2
1912,Routine Family Provisioner,0,1
1914,Promo Hunter,1,3
1915,Routine Generalist,0,3
1917,Routine Generalist,0,3
1918,Engaged Generalist,2,3
1920,Engaged Generalist,2,3
1922,Routine Tech,0,2
1923,Routine Generalist,0,3
1924,Engaged Generalist,2,3
1925,Engaged Generalist,2,3
1926,Routine Tech,0,2
1927,Routine Generalist,0,3
1928,Engaged Generalist,2,3
1929,Routine Generalist,0,3
1930,Routine Generalist,0,3
1931,Routine Young Parents,0,0
1932,Routine Young Parents,0,0
1933,Engaged Generalist,2,3
1936,Routine Young Parents,0,0
1939,Routine Generalist,0,3
1940,Routine Generalist,0,3
1941,Routine Generalist,0,3
1942,Routine Generalist,0,3
1943,Engaged Generalist,2,3
1944,Engaged Generalist,2,0
1945,Routine Generalist,0,3
1946,Engaged Generalist,2,3
1948,Engaged Family Provisioner,2,1
1949,Routine Young Parents,0,0
1950,Routine Generalist,0,3
1951,Routine Tech,0,2
1952,Routine Generalist,0,3
1953,Promo Hunter,1,3
1954,Routine Tech,0,2
1955,Engaged Generalist,2,3
1956,Promo Hunter,1,3
1957,Routine Young Parents,0,0
1958,Promo Hunter,1,3
1959,Engaged Generalist,2,3
1962,Routine Young Parents,0,0
1963,Engaged Generalist,2,3
1964,Engaged Generalist,2,3
1965,Engaged Generalist,2,3
1967,Engaged Generalist,2,3
1969,Routine Young Parents,0,0
1970,Routine Generalist,0,3
1971,Routine Young Parents,0,0
1972,Routine Generalist,0,3
1973,Routine Generalist,0,3
1974,Engaged Generalist,2,3
1975,Engaged Generalist,2,3
1976,Engaged Generalist,2,3
1977,Engaged Generalist,2,3
1979,Engaged Generalist,2,3
1980,Routine Young Parents,0,0
1981,Routine Generalist,0,3
1982,Promo Hunter,1,3
1983,Routine Generalist,0,3
1984,Engaged Generalist,2,3
1985,Promo Hunter,1,3
1986,Routine Young Parents,0,0
1987,Routine Young Parents,0,0
1990,Promo Hunter,1,3
1991,Promo Hunter,1,3
1992,Promo Hunter,1,3
1993,Routine Generalist,0,3
1994,Promo Hunter,1,3
1995,Routine Young Parents,0,0
1996,Routine Generalist,0,3
1998,Routine Tech,0,2
1999,Routine Young Parents,0,0
2000,Engaged Generalist,2,3
2001,Routine Tech,0,2
2002,Promo Hunter,1,3
2004,Routine Generalist,0,3
2005,Routine Tech,0,2
2006,Routine Generalist,0,3
2007,Engaged Generalist,2,3
2008,Engaged Generalist,2,3
2009,Routine Young Parents,0,0
2010,Routine Tech,0,2
2011,Routine Tech,0,2
2012,Routine Generalist,0,3
2013,Routine Generalist,0,3
2014,Promo Hunter,1,3
2015,Engaged Generalist,2,3
2016,Routine Generalist,0,3
2017,Routine Generalist,0,3
2018,Routine Generalist,0,3
2019,Engaged Generalist,2,3
2020,Routine Young Parents,0,0
2021,Promo Hunter,1,1
2022,Routine Tech,0,2
2023,Promo Hunter,1,3
2024,Routine Generalist,0,3
2025,Engaged Family Provisioner,2,1
2026,Promo Hunter,1,3
2027,Routine Young Parents,0,0
2028,Promo Hunter,1,3
2029,Engaged Family Provisioner,2,1
2030,Promo Hunter,1,3
2031,Engaged Generalist,2,3
2032,Routine Young Parents,0,0
2033,Promo Hunter,1,3
2034,Routine Tech,0,2
2035,Routine Generalist,0,3
2037,Routine Young Parents,0,0
2038,Engaged Generalist,2,3
2039,Routine Young Parents,0,0
2040,Routine Family Provisioner,0,1
2041,Promo Hunter,1,3
2042,Promo Hunter,1,1
2043,Engaged Generalist,2,3
2044,Routine Young Parents,0,0
2045,Routine Tech,0,2
2046,Routine Young Parents,0,0
2047,Routine Generalist,0,3
2048,Engaged Generalist,2,3
2049,Promo Hunter,1,3
2051,Promo Hunter,1,3
2052,Routine Young Parents,0,0
2053,Routine Tech,0,2
2055,Promo Hunter,1,1
2056,Engaged Generalist,2,3
2058,Routine Young Parents,0,0
2059,Routine Generalist,0,3
2061,Engaged Generalist,2,0
2062,Routine Generalist,0,3
2063,Engaged Generalist,2,3
2064,Promo Hunter,1,2
2065,Routine Tech,0,2
2066,Promo Hunter,1,3
2067,Routine Generalist,0,3
2068,Engaged Family Provisioner,2,1
2069,Routine Generalist,0,3
2070,Promo Hunter,1,1
2071,Routine Generalist,0,3
2072,Routine Young Parents,0,0
2075,Routine Young Parents,0,0
2076,Routine Generalist,0,3
2077,Routine Generalist,0,3
2078,Routine Generalist,0,3
2081,Routine Young Parents,0,0
2082,Routine Generalist,0,3
2083,Engaged Family Provisioner,2,1
2084,Routine Generalist,0,3
2085,Routine Young Parents,0,0
2086,Promo Hunter,1,3
2087,Engaged Generalist,2,3
2089,Promo Hunter,1,3
2090,Engaged Generalist,2,3
2091,Routine Young Parents,0,0
2093,Promo Hunter,1,3
2094,Routine Young Parents,0,0
2095,Promo Hunter,1,3
2098,Engaged Generalist,2,3
2099,Promo Hunter,1,1
2100,Routine Generalist,0,3
2101,Routine Tech,0,2
2102,Routine Generalist,0,3
2103,Promo Hunter,1,3
2104,Promo Hunter,1,3
2105,Promo Hunter,1,2
2107,Routine Generalist,0,3
2108,Routine Generalist,0,3
2109,Engaged Generalist,2,3
2110,Promo Hunter,1,3
2111,Promo Hunter,1,3
2112,Engaged Generalist,2,3
2113,Engaged Generalist,2,3
2114,Routine Generalist,0,3
2116,Routine Tech,0,2
2117,Routine Generalist,0,3
2118,Routine Generalist,0,3
2119,Engaged Generalist,2,3
2120,Routine Young Parents,0,0
2121,Routine Young Parents,0,0
2123,Routine Generalist,0,3
2124,Routine Young Parents,0,0
2125,Routine Young Parents,0,0
2126,Engaged Generalist,2,3
2127,Routine Generalist,0,3
2128,Routine Generalist,0,3
2129,Routine Young Parents,0,0
2130,Engaged Generalist,2,3
2132,Engaged Generalist,2,3
2133,Routine Tech,0,2
2134,Routine Tech,0,2
2135,Routine Generalist,0,3
2137,Routine Young Parents,0,0
2138,Routine Generalist,0,3
2139,Routine Tech,0,2
2140,Promo Hunter,1,3
2141,Engaged Generalist,2,3
2142,Promo Hunter,1,3
2143,Routine Tech,0,2
2144,Routine Tech,0,2
2146,Engaged Generalist,2,3
2148,Routine Generalist,0,3
2149,Engaged Generalist,2,3
2150,Engaged Generalist,2,3
2151,Promo Hunter,1,3
2154,Routine Generalist,0,3
2155,Engaged Generalist,2,3
2156,Promo Hunter,1,3
2157,Engaged Generalist,2,3
2158,Routine Young Parents,0,0
2159,Engaged Generalist,2,3
2160,Routine Tech,0,2
2161,Engaged Generalist,2,3
2162,Promo Hunter,1,1
2163,Routine Young Parents,0,0
2164,Routine Generalist,0,3
2165,Routine Young Parents,0,0
2166,Routine Generalist,0,3
2167,Routine Generalist,0,3
2168,Routine Young Parents,0,0
2169,Routine Generalist,0,3
2170,Routine Generalist,0,3
2171,Promo Hunter,1,1
2172,Engaged Generalist,2,3
2173,Routine Family Provisioner,0,1
2174,Routine Young Parents,0,0
2175,Routine Young Parents,0,0
2176,Promo Hunter,1,3
2177,Routine Young Parents,0,0
2178,Routine Generalist,0,3
2179,Routine Young Parents,0,0
2181,Routine Generalist,0,3
2182,Promo Hunter,1,0
2185,Promo Hunter,1,1
2186,Routine Generalist,0,3
2187,Routine Young Parents,0,0
2188,Routine Young Parents,0,0
2189,Routine Young Parents,0,0
2190,Routine Generalist,0,3
2191,Engaged Generalist,2,3
2192,Routine Generalist,0,3
2193,Routine Generalist,0,3
2195,Engaged Generalist,2,3
2196,Routine Tech,0,2
2197,Engaged Family Provisioner,2,1
2199,Promo Hunter,1,3
2200,Engaged Generalist,2,3
2202,Engaged Generalist,2,3
2203,Engaged Generalist,2,3
2204,Routine Generalist,0,3
2205,Routine Generalist,0,3
2206,Promo Hunter,1,3
2207,Routine Generalist,0,3
2209,Routine Young Parents,0,0
2210,Routine Generalist,0,3
2212,Routine Young Parents,0,0
2213,Routine Generalist,0,3
2214,Routine Young Parents,0,0
2215,Routine Young Parents,0,0
2216,Promo Hunter,1,1
2217,Routine Young Parents,0,0
2218,Routine Generalist,0,3
2219,Routine Generalist,0,3
2222,Routine Generalist,0,3
2223,Routine Generalist,0,3
2224,Routine Young Parents,0,0
2225,Engaged Generalist,2,3
2226,Routine Generalist,0,3
2227,Routine Tech,0,2
2228,Routine Tech,0,2
2231,Routine Generalist,0,3
2232,Routine Generalist,0,3
2233,Routine Young Parents,0,0
2234,Routine Generalist,0,3
2236,Promo Hunter,1,3
2237,Routine Family Provisioner,0,1
2238,Promo Hunter,1,3
2239,Routine Tech,0,2
2240,Engaged Generalist,2,3
2242,Routine Young Parents,0,0
2243,Routine Young Parents,0,0
2244,Routine Generalist,0,3
2246,Promo Hunter,1,3
2247,Engaged Generalist,2,3
2248,Promo Hunter,1,1
2249,Routine Generalist,0,3
2250,Routine Generalist,0,3
2251,Engaged Generalist,2,0
2252,Engaged Generalist,2,3
2253,Routine Young Parents,0,0
2254,Routine Tech,0,2
2255,Routine Young Parents,0,0
2256,Promo Hunter,1,1
2257,Engaged Generalist,2,3
2259,Routine Young Parents,0,0
2261,Routine Generalist,0,3
2262,Engaged Generalist,2,3
2263,Promo Hunter,1,3
2265,Engaged Generalist,2,3
2266,Routine Young Parents,0,0
2267,Engaged Family Provisioner,2,1
2268,Routine Tech,0,2
2269,Engaged Generalist,2,3
2271,Promo Hunter,1,3
2272,Routine Generalist,0,3
2273,Promo Hunter,1,3
2274,Engaged Generalist,2,3
2275,Routine Generalist,0,3
2276,Engaged Generalist,2,3
2277,Engaged Family Provisioner,2,1
2278,Routine Family Provisioner,0,1
2279,Routine Tech,0,2
2280,Routine Generalist,0,3
2281,Engaged Generalist,2,3
2285,Engaged Generalist,2,3
2286,Routine Young Parents,0,0
2288,Promo Hunter,1,3
2289,Promo Hunter,1,3
2290,Routine Young Parents,0,0
2291,Engaged Generalist,2,3
2292,Engaged Generalist,2,3
2293,Routine Generalist,0,3
2294,Routine Tech,0,2
2295,Engaged Generalist,2,3
2296,Routine Generalist,0,3
2297,Engaged Generalist,2,3
2299,Promo Hunter,1,3
2302,Engaged Generalist,2,3
2303,Routine Tech,0,2
2304,Engaged Generalist,2,3
2305,Routine Young Parents,0,0
2306,Routine Young Parents,0,0
2307,Routine Generalist,0,3
2309,Promo Hunter,1,3
2310,Engaged Generalist,2,3
2311,Routine Tech,0,2
2312,Engaged Generalist,2,3
2313,Promo Hunter,1,3
2314,Routine Tech,0,2
2315,Engaged Generalist,2,3
2316,Routine Family Provisioner,0,1
2317,Engaged Generalist,2,3
2318,Routine Generalist,0,3
2319,Promo Hunter,1,3
2320,Routine Young Parents,0,0
2321,Routine Tech,0,2
2323,Routine Young Parents,0,0
2325,Routine Generalist,0,3
2326,Engaged Generalist,2,3
2327,Promo Hunter,1,1
2328,Routine Tech,0,2
2329,Routine Generalist,0,3
2330,Promo Hunter,1,3
2331,Routine Tech,0,2
2332,Routine Tech,0,2
2333,Routine Generalist,0,3
2334,Engaged Generalist,2,3
2336,Routine Generalist,0,3
2337,Routine Tech,0,2
2338,Routine Tech,0,2
2339,Routine Generalist,0,3
2340,Routine Generalist,0,3
2341,Routine Tech,0,2
2342,Routine Tech,0,2
2343,Promo Hunter,1,3
2344,Engaged Generalist,2,3
2345,Routine Generalist,0,3
2346,Promo Hunter,1,3
2347,Routine Generalist,0,3
2348,Routine Young Parents,0,0
2349,Promo Hunter,1,1
2351,Engaged Generalist,2,3
2352,Engaged Generalist,2,3
2353,Routine Generalist,0,3
2354,Routine Tech,0,2
2355,Promo Hunter,1,3
2356,Engaged Generalist,2,3
2357,Engaged Generalist,2,3
2358,Routine Generalist,0,3
2359,Routine Family Provisioner,0,1
2360,Engaged Generalist,2,3
2361,Routine Young Parents,0,0
2363,Routine Young Parents,0,0
2364,Routine Young Parents,0,0
2365,Engaged Generalist,2,3
2366,Promo Hunter,1,3
2367,Routine Generalist,0,3
2368,Routine Tech,0,2
2369,Routine Generalist,0,3
2370,Engaged Generalist,2,3
2372,Promo Hunter,1,3
2373,Routine Generalist,0,3
2376,Routine Generalist,0,3
2377,Promo Hunter,1,1
2378,Promo Hunter,1,3
2379,Routine Young Parents,0,0
2380,Engaged Generalist,2,3
2381,Engaged Generalist,2,3
2382,Routine Generalist,0,3
2384,Promo Hunter,1,3
2385,Routine Tech,0,2
2386,Routine Generalist,0,3
2387,Routine Generalist,0,3
2388,Routine Generalist,0,3
2389,Routine Tech,0,2
2390,Engaged Generalist,2,3
2392,Engaged Generalist,2,3
2393,Routine Generalist,0,3
2394,Routine Tech,0,2
2395,Routine Generalist,0,3
2397,Promo Hunter,1,3
2398,Routine Young Parents,0,0
2399,Routine Young Parents,0,0
2401,Routine Tech,0,2
2402,Promo Hunter,1,3
2403,Promo Hunter,1,3
2404,Promo Hunter,1,3
2405,Engaged Generalist,2,2
2406,Routine Young Parents,0,0
2407,Engaged Generalist,2,3
2408,Routine Family Provisioner,0,1
2409,Promo Hunter,1,1
2410,Promo Hunter,1,3
2411,Routine Generalist,0,3
2412,Engaged Generalist,2,3
2413,Routine Tech,0,2
2414,Routine Young Parents,0,0
2415,Engaged Generalist,2,3
2416,Promo Hunter,1,3
2417,Routine Family Provisioner,0,1
2418,Routine Young Parents,0,0
2419,Promo Hunter,1,3
2420,Promo Hunter,1,3
2421,Promo Hunter,1,0
2422,Promo Hunter,1,3
2423,Engaged Generalist,2,3
2424,Routine Tech,0,2
2425,Routine Generalist,0,3
2426,Engaged Generalist,2,3
2427,Engaged Generalist,2,3
2428,Promo Hunter,1,2
2431,Routine Tech,0,2
2432,Routine Family Provisioner,0,1
2433,Promo Hunter,1,0
2435,Routine Generalist,0,3
2437,Routine Young Parents,0,0
2438,Engaged Family Provisioner,2,1
2439,Promo Hunter,1,3
2441,Routine Generalist,0,3
2442,Engaged Generalist,2,3
2443,Routine Generalist,0,3
2445,Routine Generalist,0,3
2446,Routine Generalist,0,3
2447,Promo Hunter,1,3
2448,Routine Generalist,0,3
2451,Promo Hunter,1,1
2452,Promo Hunter,1,3
2453,Promo Hunter,1,3
2456,Engaged Family Provisioner,2,1
2457,Routine Young Parents,0,0
2458,Routine Young Parents,0,0
2459,Routine Young Parents,0,0
2462,Promo Hunter,1,2
2463,Promo Hunter,1,3
2464,Routine Young Parents,0,0
2465,Routine Generalist,0,3
2466,Engaged Family Provisioner,2,1
2467,Routine Young Parents,0,0
2468,Routine Tech,0,2
2469,Routine Generalist,0,3
2470,Routine Young Parents,0,0
2471,Routine Young Parents,0,0
2472,Engaged Family Provisioner,2,1
2473,Promo Hunter,1,3
2474,Promo Hunter,1,3
2475,Engaged Generalist,2,3
2476,Routine Young Parents,0,0
2478,Engaged Generalist,2,3
2479,Routine Young Parents,0,0
2480,Engaged Generalist,2,3
2481,Promo Hunter,1,3
2482,Engaged Generalist,2,3
2483,Promo Hunter,1,1
2484,Engaged Generalist,2,3
2485,Routine Generalist,0,3
2486,Promo Hunter,1,1
2487,Engaged Generalist,2,3
2488,Engaged Generalist,2,3
2490,Promo Hunter,1,1
2491,Engaged Generalist,2,3
2492,Promo Hunter,1,3
2494,Engaged Generalist,2,3
2495,Routine Young Parents,0,0
2496,Routine Young Parents,0,0
2498,Routine Tech,0,2
2499,Engaged Generalist,2,3
2500,Routine Young Parents,0,0
2501,Promo Hunter,1,3
2502,Engaged Generalist,2,3
2503,Routine Generalist,0,3
2504,Routine Generalist,0,3
2505,Routine Tech,0,2
2506,Promo Hunter,1,3
2507,Routine Generalist,0,3
2508,Routine Tech,0,2
2509,Routine Young Parents,0,0
2511,Routine Young Parents,0,0
2512,Routine Generalist,0,3
2513,Engaged Generalist,2,3
2514,Promo Hunter,1,1
2515,Routine Young Parents,0,0
2517,Routine Generalist,0,3
2518,Engaged Generalist,2,3
2520,Engaged Generalist,2,3
2521,Promo Hunter,1,3
2522,Routine Generalist,0,3
2524,Routine Generalist,0,3
2525,Routine Young Parents,0,0
2526,Engaged Generalist,2,3
2528,Engaged Generalist,2,3
2529,Routine Young Parents,0,0
2530,Engaged Generalist,2,3
2531,Promo Hunter,1,1
2533,Routine Tech,0,2
2534,Routine Generalist,0,3
2536,Routine Generalist,0,3
2538,Routine Young Parents,0,0
2541,Promo Hunter,1,1
2542,Engaged Generalist,2,3
2543,Engaged Generalist,2,3
2544,Engaged Generalist,2,3
2545,Routine Young Parents,0,0
2546,Routine Family Provisioner,0,1
2547,Engaged Generalist,2,3
2548,Engaged Generalist,2,3
2549,Engaged Family Provisioner,2,1
2550,Engaged Generalist,2,3
2552,Promo Hunter,1,3
2553,Routine Young Parents,0,0
2554,Routine Young Parents,0,0
2555,Engaged Generalist,2,3
2556,Routine Young Parents,0,0
2557,Routine Young Parents,0,0
2558,Engaged Generalist,2,3
2559,Engaged Generalist,2,3
2560,Engaged Generalist,2,3
2561,Routine Young Parents,0,0
2562,Promo Hunter,1,3
2564,Promo Hunter,1,1
2565,Routine Generalist,0,3
2566,Routine Generalist,0,3
2567,Routine Tech,0,2
2569,Promo Hunter,1,3
2570,Routine Family Provisioner,0,1
2572,Routine Generalist,0,3
2573,Routine Generalist,0,3
2575,Routine Tech,0,2
2576,Routine Tech,0,2
2577,Promo Hunter,1,3
2580,Routine Young Parents,0,0
2581,Engaged Generalist,2,3
2582,Routine Young Parents,0,0
2583,Routine Tech,0,2
2584,Promo Hunter,1,3
2586,Engaged Generalist,2,3
2587,Promo Hunter,1,3
2588,Promo Hunter,1,1
2589,Routine Generalist,0,3
2590,Engaged Generalist,2,3
2591,Promo Hunter,1,1
2592,Routine Tech,0,2
2593,Promo Hunter,1,3
2594,Routine Young Parents,0,0
2596,Engaged Generalist,2,3
2597,Routine Family Provisioner,0,1
2598,Routine Tech,0,2
2599,Routine Generalist,0,3
2600,Engaged Generalist,2,3
2601,Promo Hunter,1,3
2602,Routine Generalist,0,3
2603,Engaged Generalist,2,3
2604,Engaged Generalist,2,3
2605,Engaged Generalist,2,3
2606,Routine Young Parents,0,0
2607,Engaged Generalist,2,3
2608,Engaged Generalist,2,3
2610,Promo Hunter,1,3
2611,Routine Generalist,0,3
2612,Promo Hunter,1,3
2613,Routine Tech,0,2
2614,Promo Hunter,1,3
2615,Routine Tech,0,2
2616,Routine Family Provisioner,0,1
2617,Promo Hunter,1,3
2618,Engaged Family Provisioner,2,1
2619,Promo Hunter,1,3
2621,Engaged Generalist,2,3
2622,Engaged Generalist,2,3
2624,Routine Generalist,0,3
2625,Routine Generalist,0,3
2626,Routine Generalist,0,3
2627,Routine Young Parents,0,0
2628,Engaged Generalist,2,2
2629,Routine Generalist,0,3
2630,Routine Generalist,0,3
2631,Promo Hunter,1,3
2632,Routine Tech,0,2
2633,Routine Generalist,0,3
2634,Routine Tech,0,2
2635,Routine Young Parents,0,0
2636,Engaged Generalist,2,3
2637,Engaged Generalist,2,3
2638,Routine Generalist,0,3
2639,Routine Generalist,0,3
2640,Promo Hunter,1,3
2641,Routine Young Parents,0,0
2642,Routine Young Parents,0,0
2643,Engaged Generalist,2,3
2644,Promo Hunter,1,3
2645,Promo Hunter,1,3
2646,Engaged Generalist,2,3
2647,Promo Hunter,1,3
2648,Promo Hunter,1,3
2649,Routine Young Parents,0,0
2650,Engaged Generalist,2,3
2651,Engaged Generalist,2,3
2652,Routine Generalist,0,3
2653,Promo Hunter,1,3
2654,Routine Generalist,0,3
2655,Routine Generalist,0,3
2656,Engaged Generalist,2,3
2657,Routine Young Parents,0,0
2658,Promo Hunter,1,3
2659,Promo Hunter,1,3
2660,Routine Tech,0,2
2661,Routine Young Parents,0,0
2662,Routine Tech,0,2
2663,Routine Generalist,0,3
2664,Promo Hunter,1,3
2665,Engaged Generalist,2,3
2667,Promo Hunter,1,1
2668,Routine Young Parents,0,0
2669,Routine Generalist,0,3
2670,Routine Tech,0,2
2671,Routine Generalist,0,3
2672,Promo Hunter,1,3
2674,Routine Generalist,0,3
2675,Routine Generalist,0,3
2676,Engaged Generalist,2,3
2677,Promo Hunter,1,3
2678,Promo Hunter,1,3
2680,Routine Tech,0,2
2681,Routine Generalist,0,3
2682,Engaged Generalist,2,3
2683,Promo Hunter,1,3
2684,Routine Young Parents,0,0
2685,Promo Hunter,1,3
2686,Routine Tech,0,2
2690,Engaged Generalist,2,3
2692,Promo Hunter,1,3
2693,Routine Generalist,0,3
2694,Promo Hunter,1,3
2695,Routine Tech,0,2
2696,Routine Generalist,0,3
2697,Promo Hunter,1,3
2698,Engaged Generalist,2,3
2699,Routine Generalist,0,3
2700,Routine Tech,0,2
2701,Promo Hunter,1,3
2702,Promo Hunter,1,3
2703,Promo Hunter,1,3
2704,Promo Hunter,1,3
2705,Routine Generalist,0,3
2706,Engaged Generalist,2,3
2707,Promo Hunter,1,2
2708,Engaged Generalist,2,3
2709,Routine Young Parents,0,0
2710,Engaged Generalist,2,3
2711,Promo Hunter,1,3
2712,Promo Hunter,1,3
2713,Routine Tech,0,2
2715,Routine Generalist,0,3
2716,Routine Generalist,0,3
2717,Routine Generalist,0,3
2718,Routine Generalist,0,3
2719,Routine Generalist,0,3
2720,Routine Young Parents,0,0
2721,Routine Young Parents,0,0
2722,Routine Tech,0,2
2723,Routine Generalist,0,3
2724,Routine Tech,0,2
2725,Routine Young Parents,0,0
2727,Promo Hunter,1,3
2728,Routine Generalist,0,3
2729,Promo Hunter,1,1
2730,Engaged Generalist,2,3
2732,Routine Tech,0,2
2733,Engaged Generalist,2,3
2734,Routine Young Parents,0,0
2735,Routine Generalist,0,3
2736,Engaged Generalist,2,3
2737,Engaged Generalist,2,3
2738,Engaged Generalist,2,3
2739,Routine Tech,0,2
2740,Routine Generalist,0,3
2741,Routine Young Parents,0,0
2742,Routine Generalist,0,3
2743,Routine Generalist,0,3
2745,Routine Generalist,0,3
2746,Routine Young Parents,0,0
2747,Engaged Generalist,2,3
2750,Engaged Generalist,2,0
2751,Engaged Generalist,2,3
2752,Routine Generalist,0,3
2754,Routine Generalist,0,3
2756,Routine Young Parents,0,0
2757,Routine Young Parents,0,0
2759,Engaged Generalist,2,3
2760,Engaged Generalist,2,3
2761,Routine Young Parents,0,0
2762,Engaged Generalist,2,3
2764,Promo Hunter,1,3
2766,Promo Hunter,1,3
2768,Routine Generalist,0,3
2769,Routine Generalist,0,3
2770,Engaged Generalist,2,3
2771,Promo Hunter,1,3
2772,Routine Generalist,0,3
2774,Promo Hunter,1,0
2775,Engaged Generalist,2,3
2777,Engaged Generalist,2,3
2778,Routine Generalist,0,3
2779,Routine Family Provisioner,0,1
2780,Routine Generalist,0,3
2782,Routine Generalist,0,3
2784,Routine Generalist,0,3
2786,Engaged Generalist,2,3
2787,Routine Young Parents,0,0
2788,Routine Young Parents,0,0
2789,Routine Tech,0,2
2790,Promo Hunter,1,3
2792,Engaged Generalist,2,3
2793,Routine Young Parents,0,0
2794,Engaged Generalist,2,3
2796,Routine Tech,0,2
2797,Routine Young Parents,0,0
2798,Engaged Generalist,2,3
2799,Promo Hunter,1,3
2800,Engaged Generalist,2,3
2801,Routine Young Parents,0,0
2802,Routine Generalist,0,3
2803,Routine Generalist,0,3
2804,Routine Family Provisioner,0,1
2806,Routine Family Provisioner,0,1
2807,Promo Hunter,1,3
2808,Engaged Generalist,2,3
2809,Routine Young Parents,0,0
2810,Routine Young Parents,0,0
2811,Routine Generalist,0,3
2812,Routine Generalist,0,3
2813,Engaged Generalist,2,3
2814,Routine Family Provisioner,0,1
2815,Routine Family Provisioner,0,1
2818,Routine Young Parents,0,0
2819,Engaged Generalist,2,3
2820,Promo Hunter,1,3
2821,Engaged Generalist,2,3
2822,Routine Generalist,0,3
2823,Engaged Generalist,2,3
2824,Promo Hunter,1,3
2826,Engaged Generalist,2,3
2827,Promo Hunter,1,3
2828,Engaged Generalist,2,3
2829,Routine Family Provisioner,0,1
2830,Promo Hunter,1,3
2832,Routine Young Parents,0,0
2833,Routine Tech,0,2
2834,Routine Young Parents,0,0
2835,Routine Generalist,0,3
2836,Routine Generalist,0,3
2837,Routine Generalist,0,3
2838,Routine Generalist,0,3
2840,Routine Young Parents,0,0
2841,Engaged Generalist,2,3
2842,Routine Young Parents,0,0
2843,Promo Hunter,1,3
2844,Engaged Generalist,2,3
2846,Engaged Generalist,2,3
2847,Promo Hunter,1,3
2848,Routine Tech,0,2
2849,Routine Generalist,0,3
2850,Engaged Generalist,2,3
2851,Promo Hunter,1,3
2852,Promo Hunter,1,3
2853,Routine Young Parents,0,0
2854,Engaged Generalist,2,3
2855,Routine Tech,0,2
2856,Routine Tech,0,2
2858,Routine Young Parents,0,0
2860,Engaged Generalist,2,3
2861,Routine Young Parents,0,0
2863,Engaged Generalist,2,3
2864,Routine Generalist,0,3
2865,Engaged Generalist,2,3
2866,Engaged Family Provisioner,2,1
2867,Engaged Generalist,2,3
2869,Routine Generalist,0,3
2870,Routine Young Parents,0,0
2874,Routine Young Parents,0,0
2875,Promo Hunter,1,3
2877,Routine Young Parents,0,0
2878,Routine Young Parents,0,0
2879,Routine Generalist,0,3
2880,Routine Tech,0,2
2881,Routine Generalist,0,3
2882,Routine Young Parents,0,0
2883,Routine Tech,0,2
2884,Engaged Generalist,2,3
2885,Promo Hunter,1,3
2886,Promo Hunter,1,3
2887,Engaged Generalist,2,3
2888,Promo Hunter,1,3
2890,Engaged Family Provisioner,2,1
2892,Routine Generalist,0,3
2893,Promo Hunter,1,3
2894,Engaged Generalist,2,3
2896,Routine Young Parents,0,0
2897,Routine Generalist,0,3
2899,Engaged Generalist,2,3
2900,Routine Generalist,0,3
2901,Routine Generalist,0,3
2902,Routine Young Parents,0,0
2903,Promo Hunter,1,3
2904,Routine Young Parents,0,0
2905,Routine Generalist,0,3
2906,Engaged Generalist,2,3
2907,Promo Hunter,1,3
2908,Routine Tech,0,2
2909,Routine Generalist,0,3
2910,Engaged Generalist,2,3
2911,Routine Generalist,0,3
2912,Routine Generalist,0,3
2913,Engaged Generalist,2,3
2914,Routine Generalist,0,3
2916,Engaged Generalist,2,3
2917,Engaged Generalist,2,3
2918,Routine Young Parents,0,0
2919,Routine Tech,0,2
2920,Routine Tech,0,2
2921,Promo Hunter,1,3
2922,Routine Generalist,0,3
2923,Routine Young Parents,0,0
2925,Promo Hunter,1,0
2926,Routine Young Parents,0,0
2927,Engaged Generalist,2,2
2929,Promo Hunter,1,3
2930,Promo Hunter,1,3
2932,Engaged Generalist,2,3
2933,Routine Generalist,0,3
2934,Routine Young Parents,0,0
2935,Routine Young Parents,0,0
2936,Routine Young Parents,0,0
2938,Routine Generalist,0,3
2939,Routine Generalist,0,3
2940,Routine Young Parents,0,0
2942,Engaged Family Provisioner,2,1
2943,Promo Hunter,1,3
2944,Engaged Generalist,2,3
2945,Engaged Generalist,2,3
2946,Routine Young Parents,0,0
2947,Promo Hunter,1,3
2948,Routine Generalist,0,3
2949,Engaged Generalist,2,3
2951,Promo Hunter,1,3
2952,Routine Tech,0,2
2953,Promo Hunter,1,3
2954,Routine Young Parents,0,0
2955,Engaged Generalist,2,3
2956,Routine Generalist,0,3
2957,Routine Tech,0,2
2958,Routine Young Parents,0,0
2959,Routine Young Parents,0,0
2960,Engaged Generalist,2,3
2961,Engaged Generalist,2,3
2962,Engaged Generalist,2,3
2963,Engaged Generalist,2,2
2965,Routine Generalist,0,3
2966,Engaged Generalist,2,3
2967,Engaged Generalist,2,3
2969,Engaged Generalist,2,3
2972,Engaged Generalist,2,3
2974,Engaged Generalist,2,3
2975,Engaged Generalist,2,3
2976,Engaged Generalist,2,3
2977,Promo Hunter,1,3
2978,Engaged Generalist,2,3
2980,Promo Hunter,1,3
2981,Promo Hunter,1,3
2982,Engaged Generalist,2,3
2984,Routine Young Parents,0,0
2985,Promo Hunter,1,3
2986,Promo Hunter,1,1
2987,Routine Generalist,0,3
2988,Routine Tech,0,2
2989,Engaged Generalist,2,3
2991,Routine Family Provisioner,0,1
2992,Routine Generalist,0,3
2993,Engaged Generalist,2,3
2994,Promo Hunter,1,0
2995,Promo Hunter,1,3
2996,Routine Generalist,0,3
2997,Routine Young Parents,0,0
2998,Routine Generalist,0,3
2999,Engaged Generalist,2,3
3000,Engaged Generalist,2,3
3001,Routine Generalist,0,3
3002,Promo Hunter,1,3
3003,Routine Generalist,0,3
3004,Routine Generalist,0,3
3005,Routine Young Parents,0,0
3007,Routine Generalist,0,3
3008,Routine Young Parents,0,0
3009,Routine Generalist,0,3
3010,Routine Generalist,0,3
3011,Engaged Generalist,2,3
3012,Routine Generalist,0,3
3013,Routine Young Parents,0,0
3015,Promo Hunter,1,3
3017,Engaged Generalist,2,3
3019,Routine Generalist,0,3
3020,Routine Family Provisioner,0,1
3021,Routine Young Parents,0,0
3024,Promo Hunter,1,1
3025,Routine Young Parents,0,0
3026,Engaged Generalist,2,3
3028,Promo Hunter,1,3
3029,Promo Hunter,1,3
3030,Engaged Generalist,2,3
3031,Routine Tech,0,2
3032,Routine Young Parents,0,0
3033,Routine Young Parents,0,0
3034,Routine Young Parents,0,0
3035,Promo Hunter,1,3
3036,Promo Hunter,1,3
3037,Engaged Generalist,2,3
3038,Engaged Generalist,2,3
3039,Routine Generalist,0,3
3040,Routine Young Parents,0,0
3041,Promo Hunter,1,3
3042,Routine Family Provisioner,0,1
3043,Engaged Generalist,2,3
3044,Engaged Generalist,2,3
3045,Routine Young Parents,0,0
3046,Promo Hunter,1,3
3048,Routine Generalist,0,3
3049,Routine Young Parents,0,0
3050,Promo Hunter,1,1
3051,Routine Tech,0,2
3052,Engaged Generalist,2,3
3053,Routine Generalist,0,3
3054,Engaged Generalist,2,3
3055,Promo Hunter,1,3
3056,Engaged Generalist,2,3
3057,Engaged Generalist,2,3
3058,Routine Tech,0,2
3059,Promo Hunter,1,3
3060,Engaged Generalist,2,3
3061,Engaged Generalist,2,3
3062,Routine Generalist,0,3
3063,Routine Tech,0,2
3064,Promo Hunter,1,3
3065,Routine Young Parents,0,0
3066,Routine Tech,0,2
3067,Routine Young Parents,0,0
3068,Routine Young Parents,0,0
3069,Routine Generalist,0,3
3070,Promo Hunter,1,1
3071,Routine Young Parents,0,0
3072,Routine Family Provisioner,0,1
3073,Routine Generalist,0,3
3074,Routine Generalist,0,3
3075,Routine Tech,0,2
3076,Engaged Generalist,2,3
3079,Promo Hunter,1,3
3080,Promo Hunter,1,3
3081,Engaged Generalist,2,3
3082,Engaged Generalist,2,3
3083,Promo Hunter,1,3
3084,Promo Hunter,1,3
3085,Promo Hunter,1,1
3086,Engaged Generalist,2,3
3087,Routine Generalist,0,3
3088,Routine Generalist,0,3
3089,Routine Generalist,0,3
3090,Engaged Generalist,2,3
3091,Engaged Generalist,2,3
3092,Promo Hunter,1,3
3093,Promo Hunter,1,3
3094,Routine Generalist,0,3
3095,Engaged Generalist,2,3
3096,Routine Young Parents,0,0
3097,Routine Generalist,0,3
3098,Routine Young Parents,0,0
3099,Engaged Generalist,2,3
3100,Promo Hunter,1,3
3101,Promo Hunter,1,3
3105,Engaged Generalist,2,3
3106,Routine Generalist,0,3
3107,Engaged Generalist,2,3
3110,Engaged Generalist,2,3
3112,Routine Generalist,0,3
3113,Engaged Generalist,2,3
3114,Routine Family Provisioner,0,1
3115,Routine Generalist,0,3
3116,Routine Young Parents,0,0
3117,Routine Young Parents,0,0
3118,Routine Tech,0,2
3119,Routine Tech,0,2
3120,Promo Hunter,1,1
3121,Engaged Generalist,2,3
3122,Promo Hunter,1,3
3123,Routine Family Provisioner,0,1
3124,Engaged Generalist,2,3
3125,Routine Tech,0,2
3126,Promo Hunter,1,3
3128,Routine Generalist,0,3
3129,Engaged Generalist,2,3
3130,Promo Hunter,1,3
3131,Routine Young Parents,0,0
3132,Routine Young Parents,0,0
3133,Promo Hunter,1,0
3135,Routine Generalist,0,3
3136,Engaged Generalist,2,3
3138,Routine Young Parents,0,0
3139,Engaged Generalist,2,3
3140,Promo Hunter,1,3
3142,Routine Tech,0,2
3143,Routine Generalist,0,3
3146,Promo Hunter,1,3
3147,Engaged Generalist,2,3
3149,Routine Young Parents,0,0
3150,Promo Hunter,1,3
3151,Engaged Generalist,2,3
3154,Routine Generalist,0,3
3155,Routine Generalist,0,3
3156,Routine Young Parents,0,0
3157,Engaged Generalist,2,3
3158,Routine Tech,0,2
3159,Promo Hunter,1,3
3160,Promo Hunter,1,3
3161,Routine Generalist,0,3
3162,Promo Hunter,1,3
3163,Routine Generalist,0,3
3164,Routine Tech,0,2
3165,Routine Tech,0,2
3167,Routine Tech,0,2
3168,Routine Young Parents,0,0
3169,Engaged Generalist,2,3
3170,Routine Young Parents,0,0
3171,Routine Generalist,0,3
3172,Engaged Family Provisioner,2,1
3173,Promo Hunter,1,3
3175,Routine Generalist,0,3
3176,Promo Hunter,1,1
3177,Routine Generalist,0,3
3178,Routine Tech,0,2
3179,Routine Young Parents,0,0
3180,Engaged Generalist,2,3
3183,Routine Generalist,0,3
3184,Engaged Family Provisioner,2,1
3185,Routine Young Parents,0,0
3186,Promo Hunter,1,3
3187,Routine Generalist,0,3
3188,Routine Generalist,0,3
3189,Routine Generalist,0,3
3190,Engaged Generalist,2,3
3191,Promo Hunter,1,3
3192,Routine Generalist,0,3
3193,Promo Hunter,1,3
3194,Routine Generalist,0,3
3196,Routine Family Provisioner,0,1
3197,Promo Hunter,1,3
3198,Promo Hunter,1,3
3199,Engaged Generalist,2,3
3200,Promo Hunter,1,3
3201,Routine Family Provisioner,0,1
3202,Routine Young Parents,0,0
3204,Promo Hunter,1,3
3205,Engaged Generalist,2,3
3206,Routine Generalist,0,3
3207,Routine Generalist,0,3
3209,Routine Generalist,0,3
3211,Routine Generalist,0,3
3213,Routine Young Parents,0,0
3214,Engaged Generalist,2,3
3215,Routine Generalist,0,3
3216,Engaged Generalist,2,3
3217,Routine Tech,0,2
3219,Routine Family Provisioner,0,1
3220,Routine Young Parents,0,0
3221,Routine Tech,0,2
3223,Routine Young Parents,0,0
3224,Engaged Generalist,2,3
3225,Promo Hunter,1,3
3226,Engaged Generalist,2,3
3227,Promo Hunter,1,3
3230,Engaged Generalist,2,3
3231,Engaged Generalist,2,3
3232,Routine Tech,0,2
3234,Routine Young Parents,0,0
3235,Routine Young Parents,0,0
3236,Engaged Generalist,2,3
3237,Routine Young Parents,0,0
3238,Routine Tech,0,2
3239,Routine Young Parents,0,0
3240,Engaged Generalist,2,3
3241,Routine Generalist,0,3
3242,Routine Young Parents,0,0
3243,Promo Hunter,1,1
3244,Engaged Generalist,2,3
3245,Routine Young Parents,0,0
3246,Promo Hunter,1,3
3247,Routine Family Provisioner,0,1
3248,Promo Hunter,1,0
3249,Promo Hunter,1,3
3250,Routine Young Parents,0,0
3251,Engaged Family Provisioner,2,1
3252,Promo Hunter,1,3
3253,Routine Tech,0,2
3255,Routine Young Parents,0,0
3256,Promo Hunter,1,3
3258,Engaged Generalist,2,3
3259,Promo Hunter,1,3
3260,Promo Hunter,1,3
3262,Routine Generalist,0,3
3263,Engaged Generalist,2,3
3264,Routine Tech,0,2
3265,Engaged Generalist,2,3
3266,Routine Generalist,0,3
3267,Engaged Generalist,2,3
3269,Routine Generalist,0,3
3270,Routine Generalist,0,3
3271,Routine Young Parents,0,0
3272,Routine Generalist,0,3
3273,Engaged Generalist,2,0
3274,Engaged Generalist,2,3
3275,Routine Young Parents,0,0
3276,Routine Young Parents,0,0
3278,Routine Young Parents,0,0
3279,Routine Young Parents,0,0
3280,Engaged Family Provisioner,2,1
3282,Routine Generalist,0,3
3283,Routine Tech,0,2
3285,Engaged Generalist,2,3
3286,Engaged Generalist,2,3
3287,Routine Generalist,0,3
3288,Routine Generalist,0,3
3289,Engaged Generalist,2,3
3291,Promo Hunter,1,3
3293,Engaged Generalist,2,3
3294,Promo Hunter,1,3
3295,Promo Hunter,1,3
3296,Promo Hunter,1,2
3297,Engaged Generalist,2,3
3298,Engaged Generalist,2,3
3299,Promo Hunter,1,1
3300,Engaged Generalist,2,3
3301,Routine Generalist,0,3
3303,Routine Generalist,0,3
3304,Engaged Generalist,2,3
3306,Routine Tech,0,2
3307,Routine Generalist,0,3
3309,Routine Young Parents,0,0
3310,Routine Tech,0,2
3311,Promo Hunter,1,3
3312,Promo Hunter,1,3
3314,Routine Generalist,0,3
3315,Promo Hunter,1,3
3316,Engaged Generalist,2,3
3317,Routine Family Provisioner,0,1
3319,Routine Young Parents,0,0
3320,Engaged Generalist,2,3
3321,Routine Tech,0,2
3322,Routine Young Parents,0,0
3323,Engaged Generalist,2,3
3324,Engaged Generalist,2,3
3325,Routine Generalist,0,3
3326,Routine Tech,0,2
3327,Routine Tech,0,2
3328,Engaged Generalist,2,3
3329,Engaged Generalist,2,3
3330,Routine Young Parents,0,0
3332,Engaged Generalist,2,3
3333,Engaged Generalist,2,3
3334,Engaged Generalist,2,3
3335,Engaged Generalist,2,3
3336,Routine Young Parents,0,0
3337,Routine Tech,0,2
3338,Engaged Generalist,2,3
3339,Promo Hunter,1,3
3340,Engaged Generalist,2,3
3341,Routine Tech,0,2
3342,Routine Young Parents,0,0
3343,Promo Hunter,1,3
3344,Promo Hunter,1,1
3345,Promo Hunter,1,3
3346,Engaged Generalist,2,3
3347,Promo Hunter,1,3
3348,Promo Hunter,1,1
3349,Routine Generalist,0,3
3350,Routine Tech,0,2
3352,Routine Generalist,0,3
3353,Engaged Generalist,2,3
3354,Promo Hunter,1,3
3356,Promo Hunter,1,1
3357,Routine Generalist,0,3
3358,Routine Generalist,0,3
3359,Routine Young Parents,0,0
3360,Engaged Generalist,2,3
3361,Routine Generalist,0,3
3362,Routine Young Parents,0,0
3363,Engaged Generalist,2,3
3364,Routine Generalist,0,3
3365,Promo Hunter,1,1
3366,Engaged Generalist,2,3
3367,Promo Hunter,1,3
3369,Routine Generalist,0,3
3370,Routine Young Parents,0,0
3371,Routine Generalist,0,3
3372,Engaged Generalist,2,3
3374,Engaged Generalist,2,3
3376,Engaged Generalist,2,3
3377,Routine Generalist,0,3
3378,Routine Generalist,0,3
3379,Routine Generalist,0,3
3381,Engaged Generalist,2,3
3382,Routine Tech,0,2
3383,Routine Young Parents,0,0
3384,Engaged Generalist,2,3
3387,Engaged Generalist,2,3
3388,Engaged Generalist,2,0
3389,Engaged Generalist,2,3
3390,Engaged Generalist,2,3
3391,Routine Family Provisioner,0,1
3392,Routine Generalist,0,3
3393,Promo Hunter,1,3
3395,Engaged Family Provisioner,2,1
3396,Engaged Generalist,2,3
3397,Promo Hunter,1,3
3398,Routine Generalist,0,3
3399,Engaged Generalist,2,3
3400,Engaged Generalist,2,3
3401,Routine Generalist,0,3
3402,Routine Young Parents,0,0
3403,Routine Generalist,0,3
3404,Promo Hunter,1,3
3405,Routine Tech,0,2
3406,Promo Hunter,1,3
3407,Routine Generalist,0,3
3408,Routine Generalist,0,3
3410,Engaged Generalist,2,3
3411,Routine Young Parents,0,0
3412,Routine Family Provisioner,0,1
3413,Promo Hunter,1,3
3414,Routine Young Parents,0,0
3415,Routine Generalist,0,3
3416,Routine Generalist,0,3
3418,Engaged Generalist,2,3
3419,Routine Generalist,0,3
3421,Engaged Generalist,2,3
3422,Engaged Generalist,2,3
3423,Engaged Generalist,2,3
3425,Routine Tech,0,2
3426,Promo Hunter,1,3
3427,Promo Hunter,1,0
3428,Routine Tech,0,2
3430,Promo Hunter,1,1
3431,Promo Hunter,1,3
3432,Engaged Generalist,2,3
3433,Routine Generalist,0,3
3434,Routine Family Provisioner,0,1
3435,Routine Tech,0,2
3437,Routine Young Parents,0,0
3438,Engaged Generalist,2,3
3440,Engaged Family Provisioner,2,1
3441,Routine Generalist,0,3
3442,Engaged Generalist,2,3
3443,Routine Generalist,0,3
3444,Promo Hunter,1,3
3445,Promo Hunter,1,3
3446,Engaged Family Provisioner,2,1
3447,Routine Generalist,0,3
3448,Routine Young Parents,0,0
3449,Promo Hunter,1,3
3451,Routine Young Parents,0,0
3452,Routine Young Parents,0,0
3453,Routine Generalist,0,3
3454,Engaged Generalist,2,3
3455,Routine Young Parents,0,0
3456,Routine Tech,0,2
3458,Routine Tech,0,2
3459,Engaged Generalist,2,3
3460,Promo Hunter,1,0
3461,Engaged Generalist,2,3
3463,Engaged Generalist,2,3
3464,Engaged Generalist,2,3
3465,Routine Generalist,0,3
3466,Promo Hunter,1,3
3467,Routine Generalist,0,3
3468,Engaged Generalist,2,3
3469,Routine Generalist,0,3
3470,Promo Hunter,1,3
3471,Promo Hunter,1,3
3472,Engaged Generalist,2,3
3473,Engaged Generalist,2,3
3474,Promo Hunter,1,3
3475,Promo Hunter,1,3
3476,Routine Family Provisioner,0,1
3477,Routine Generalist,0,3
3478,Routine Generalist,0,3
3479,Promo Hunter,1,3
3481,Promo Hunter,1,3
3482,Engaged Generalist,2,3
3483,Promo Hunter,1,3
3484,Promo Hunter,1,3
3485,Routine Young Parents,0,0
3486,Engaged Generalist,2,3
3488,Routine Young Parents,0,0
3489,Routine Young Parents,0,0
3490,Promo Hunter,1,3
3491,Routine Family Provisioner,0,1
3492,Engaged Generalist,2,3
3493,Promo Hunter,1,3
3494,Routine Generalist,0,3
3495,Engaged Generalist,2,3
3496,Routine Generalist,0,3
3497,Engaged Generalist,2,3
3498,Routine Generalist,0,3
3501,Routine Tech,0,2
3502,Promo Hunter,1,3
3504,Engaged Generalist,2,3
3505,Promo Hunter,1,1
3507,Promo Hunter,1,3
3508,Engaged Generalist,2,3
3509,Promo Hunter,1,3
3511,Routine Generalist,0,3
3513,Engaged Generalist,2,0
3514,Engaged Generalist,2,3
3515,Routine Generalist,0,3
3516,Routine Young Parents,0,0
3517,Routine Generalist,0,3
3518,Engaged Family Provisioner,2,1
3519,Engaged Generalist,2,3
3520,Routine Young Parents,0,0
3521,Promo Hunter,1,1
3522,Promo Hunter,1,3
3523,Routine Tech,0,2
3524,Engaged Generalist,2,3
3525,Routine Tech,0,2
3526,Routine Generalist,0,3
3527,Routine Tech,0,2
3528,Engaged Generalist,2,3
3529,Routine Young Parents,0,0
3530,Promo Hunter,1,3
3532,Engaged Generalist,2,3
3533,Routine Generalist,0,3
3534,Engaged Family Provisioner,2,1
3535,Routine Generalist,0,3
3536,Routine Young Parents,0,0
3537,Routine Tech,0,2
3538,Engaged Generalist,2,3
3539,Routine Young Parents,0,0
3540,Routine Tech,0,2
3541,Routine Generalist,0,3
3542,Routine Family Provisioner,0,1
3543,Routine Young Parents,0,0
3544,Routine Young Parents,0,0
3546,Routine Generalist,0,3
3547,Routine Young Parents,0,0
3548,Engaged Generalist,2,3
3550,Routine Generalist,0,3
3551,Routine Generalist,0,3
3552,Engaged Generalist,2,3
3553,Engaged Generalist,2,3
3554,Promo Hunter,1,3
3555,Routine Tech,0,2
3556,Routine Generalist,0,3
3557,Promo Hunter,1,3
3558,Routine Generalist,0,3
3560,Routine Generalist,0,3
3561,Engaged Generalist,2,3
3562,Promo Hunter,1,3
3564,Engaged Generalist,2,3
3565,Promo Hunter,1,3
3566,Engaged Generalist,2,3
3567,Routine Young Parents,0,0
3568,Engaged Generalist,2,3
3569,Routine Young Parents,0,0
3570,Engaged Generalist,2,3
3571,Routine Tech,0,2
3572,Promo Hunter,1,3
3573,Promo Hunter,1,0
3574,Promo Hunter,1,1
3575,Routine Tech,0,2
3576,Routine Young Parents,0,0
3578,Routine Generalist,0,3
3579,Engaged Generalist,2,3
3580,Routine Generalist,0,3
3581,Routine Generalist,0,3
3582,Promo Hunter,1,3
3584,Routine Generalist,0,3
3585,Routine Generalist,0,3
3586,Routine Generalist,0,3
3587,Routine Young Parents,0,0
3588,Engaged Generalist,2,3
3589,Engaged Generalist,2,3
3591,Engaged Generalist,2,3
3593,Routine Young Parents,0,0
3594,Routine Generalist,0,3
3595,Engaged Generalist,2,3
3596,Routine Tech,0,2
3597,Routine Tech,0,2
3598,Routine Young Parents,0,0
3599,Routine Generalist,0,3
3600,Routine Generalist,0,3
3601,Engaged Generalist,2,3
3602,Routine Generalist,0,3
3603,Routine Family Provisioner,0,1
3604,Routine Young Parents,0,0
3605,Promo Hunter,1,3
3607,Routine Generalist,0,3
3608,Routine Generalist,0,3
3610,Routine Family Provisioner,0,1
3611,Promo Hunter,1,3
3612,Routine Generalist,0,3
3615,Routine Generalist,0,3
3616,Routine Family Provisioner,0,1
3617,Routine Young Parents,0,0
3618,Routine Tech,0,2
3619,Engaged Generalist,2,3
3620,Promo Hunter,1,3
3621,Promo Hunter,1,3
3622,Routine Family Provisioner,0,1
3623,Routine Generalist,0,3
3624,Routine Generalist,0,3
3625,Promo Hunter,1,1
3626,Promo Hunter,1,3
3627,Routine Generalist,0,3
3628,Routine Tech,0,2
3629,Promo Hunter,1,3
3631,Engaged Generalist,2,3
3633,Routine Generalist,0,3
3635,Engaged Generalist,2,3
3639,Routine Young Parents,0,0
3640,Engaged Generalist,2,3
3641,Routine Tech,0,2
3642,Promo Hunter,1,1
3643,Promo Hunter,1,3
3644,Promo Hunter,1,1
3645,Engaged Generalist,2,3
3646,Routine Tech,0,2
3647,Engaged Generalist,2,3
3648,Promo Hunter,1,3
3649,Routine Generalist,0,3
3650,Engaged Generalist,2,3
3652,Engaged Generalist,2,3
3653,Routine Young Parents,0,0
3654,Engaged Generalist,2,3
3655,Promo Hunter,1,3
3656,Routine Family Provisioner,0,1
3657,Promo Hunter,1,3
3658,Routine Generalist,0,3
3660,Engaged Generalist,2,3
3661,Promo Hunter,1,3
3662,Routine Young Parents,0,0
3664,Promo Hunter,1,3
3665,Routine Generalist,0,3
3666,Routine Young Parents,0,0
3667,Promo Hunter,1,3
3668,Promo Hunter,1,3
3669,Engaged Generalist,2,3
3670,Promo Hunter,1,3
3671,Routine Young Parents,0,0
3672,Routine Generalist,0,3
3674,Routine Young Parents,0,0
3675,Routine Young Parents,0,0
3676,Routine Young Parents,0,0
3677,Routine Generalist,0,3
3679,Routine Young Parents,0,0
3680,Routine Generalist,0,3
3681,Routine Tech,0,2
3682,Routine Generalist,0,3
3684,Engaged Generalist,2,3
3689,Routine Generalist,0,3
3690,Routine Young Parents,0,0
3691,Engaged Generalist,2,3
3692,Promo Hunter,1,3
3693,Routine Family Provisioner,0,1
3694,Routine Generalist,0,3
3695,Routine Generalist,0,3
3696,Routine Generalist,0,3
3697,Engaged Family Provisioner,2,1
3699,Promo Hunter,1,3
3701,Engaged Generalist,2,3
3703,Routine Tech,0,2
3704,Routine Tech,0,2
3705,Routine Generalist,0,3
3707,Routine Generalist,0,3
3708,Routine Generalist,0,3
3710,Routine Generalist,0,3
3712,Routine Young Parents,0,0
3713,Routine Generalist,0,3
3714,Promo Hunter,1,3
3715,Promo Hunter,1,3
3716,Promo Hunter,1,0
3717,Engaged Family Provisioner,2,1
3718,Routine Family Provisioner,0,1
3719,Promo Hunter,1,3
3720,Engaged Generalist,2,3
3721,Routine Family Provisioner,0,1
3722,Promo Hunter,1,3
3723,Routine Generalist,0,3
3726,Promo Hunter,1,3
3728,Routine Generalist,0,3
3729,Routine Tech,0,2
3732,Routine Tech,0,2
3733,Routine Generalist,0,3
3734,Routine Tech,0,2
3735,Engaged Generalist,2,3
3736,Routine Tech,0,2
3737,Promo Hunter,1,3
3738,Promo Hunter,1,3
3739,Engaged Generalist,2,3
3740,Promo Hunter,1,3
3742,Engaged Generalist,2,3
3743,Routine Young Parents,0,0
3745,Engaged Generalist,2,3
3747,Routine Young Parents,0,0
3748,Routine Generalist,0,3
3749,Engaged Generalist,2,3
3751,Routine Generalist,0,3
3752,Promo Hunter,1,3
3753,Routine Young Parents,0,0
3754,Promo Hunter,1,3
3757,Promo Hunter,1,3
3758,Engaged Generalist,2,3
3760,Engaged Generalist,2,3
3761,Engaged Generalist,2,3
3762,Promo Hunter,1,3
3763,Engaged Generalist,2,3
3765,Promo Hunter,1,3
3766,Engaged Generalist,2,3
3770,Engaged Generalist,2,3
3771,Routine Young Parents,0,0
3772,Engaged Generalist,2,3
3773,Routine Young Parents,0,0
3774,Routine Generalist,0,3
3775,Routine Tech,0,2
3776,Promo Hunter,1,3
3777,Routine Generalist,0,3
3778,Engaged Generalist,2,3
3779,Engaged Generalist,2,3
3780,Routine Generalist,0,3
3781,Engaged Generalist,2,3
3782,Routine Tech,0,2
3783,Engaged Family Provisioner,2,1
3785,Engaged Generalist,2,0
3786,Routine Generalist,0,3
3789,Promo Hunter,1,3
3790,Routine Tech,0,2
3791,Engaged Generalist,2,3
3792,Routine Tech,0,2
3793,Routine Generalist,0,3
3795,Routine Young Parents,0,0
3796,Routine Young Parents,0,0
3797,Routine Generalist,0,3
3798,Promo Hunter,1,3
3799,Promo Hunter,1,3
3800,Promo Hunter,1,3
3801,Routine Generalist,0,3
3802,Promo Hunter,1,3
3803,Engaged Generalist,2,3
3805,Engaged Generalist,2,3
3806,Routine Generalist,0,3
3807,Routine Young Parents,0,0
3808,Engaged Generalist,2,2
3809,Engaged Generalist,2,3
3810,Promo Hunter,1,3
3811,Routine Young Parents,0,0
3812,Engaged Family Provisioner,2,1
3813,Routine Young Parents,0,0
3814,Routine Young Parents,0,0
3815,Engaged Generalist,2,3
3816,Engaged Generalist,2,3
3817,Promo Hunter,1,3
3818,Engaged Family Provisioner,2,1
3819,Engaged Generalist,2,3
3821,Engaged Generalist,2,3
3822,Engaged Generalist,2,3
3823,Routine Tech,0,2
3824,Routine Family Provisioner,0,1
3825,Promo Hunter,1,0
3828,Promo Hunter,1,3
3830,Routine Generalist,0,3
3831,Routine Tech,0,2
3832,Promo Hunter,1,3
3833,Engaged Generalist,2,3
3834,Promo Hunter,1,3
3835,Routine Family Provisioner,0,1
3836,Engaged Generalist,2,3
3837,Engaged Generalist,2,3
3838,Routine Tech,0,2
3839,Promo Hunter,1,3
3840,Promo Hunter,1,1
3841,Engaged Generalist,2,3
3842,Routine Generalist,0,3
3843,Routine Generalist,0,3
3844,Routine Tech,0,2
3845,Routine Tech,0,2
3846,Engaged Generalist,2,3
3847,Engaged Generalist,2,3
3848,Routine Young Parents,0,0
3849,Routine Tech,0,2
3850,Routine Generalist,0,3
3851,Routine Generalist,0,3
3852,Routine Generalist,0,3
3855,Routine Generalist,0,3
3856,Routine Generalist,0,3
3858,Promo Hunter,1,3
3859,Promo Hunter,1,1
3860,Routine Young Parents,0,0
3861,Routine Tech,0,2
3862,Engaged Generalist,2,3
3863,Routine Generalist,0,3
3864,Promo Hunter,1,3
3865,Routine Generalist,0,3
3866,Routine Family Provisioner,0,1
3867,Promo Hunter,1,3
3868,Routine Generalist,0,3
3869,Promo Hunter,1,3
3870,Promo Hunter,1,0
3872,Promo Hunter,1,1
3873,Promo Hunter,1,0
3874,Routine Generalist,0,3
3875,Routine Generalist,0,3
3876,Engaged Generalist,2,3
3877,Routine Tech,0,2
3878,Routine Generalist,0,3
3879,Routine Generalist,0,3
3881,Routine Generalist,0,3
3882,Engaged Generalist,2,3
3883,Engaged Generalist,2,3
3884,Routine Young Parents,0,0
3887,Engaged Generalist,2,3
3889,Routine Generalist,0,3
3892,Promo Hunter,1,3
3893,Routine Young Parents,0,0
3894,Promo Hunter,1,3
3895,Engaged Generalist,2,3
3896,Engaged Generalist,2,3
3897,Promo Hunter,1,3
3899,Promo Hunter,1,3
3900,Promo Hunter,1,3
3901,Engaged Generalist,2,3
3902,Routine Generalist,0,3
3903,Engaged Generalist,2,3
3904,Routine Young Parents,0,0
3905,Engaged Generalist,2,3
3907,Promo Hunter,1,3
3908,Routine Generalist,0,3
3910,Routine Young Parents,0,0
3912,Promo Hunter,1,2
3913,Promo Hunter,1,2
3914,Engaged Generalist,2,3
3916,Routine Generalist,0,3
3917,Engaged Generalist,2,3
3918,Routine Generalist,0,3
3919,Promo Hunter,1,3
3920,Routine Tech,0,2
3921,Promo Hunter,1,3
3922,Engaged Generalist,2,3
3925,Engaged Generalist,2,3
3926,Routine Young Parents,0,0
3927,Routine Tech,0,2
3932,Engaged Generalist,2,3
3933,Engaged Generalist,2,3
3934,Engaged Family Provisioner,2,1
3936,Engaged Generalist,2,3
3937,Engaged Generalist,2,3
3938,Routine Generalist,0,3
3940,Routine Young Parents,0,0
3942,Routine Generalist,0,3
3943,Routine Generalist,0,3
3944,Promo Hunter,1,3
3946,Routine Generalist,0,3
3947,Engaged Generalist,2,3
3948,Routine Young Parents,0,0
3949,Routine Family Provisioner,0,1
3950,Routine Young Parents,0,0
3951,Routine Young Parents,0,0
3952,Routine Young Parents,0,0
3953,Routine Generalist,0,3
3954,Engaged Generalist,2,3
3955,Engaged Generalist,2,3
3956,Routine Generalist,0,3
3957,Routine Young Parents,0,0
3958,Routine Generalist,0,3
3960,Engaged Generalist,2,3
3963,Engaged Generalist,2,3
3964,Promo Hunter,1,3
3965,Engaged Generalist,2,3
3967,Routine Generalist,0,3
3970,Routine Family Provisioner,0,1
3971,Routine Family Provisioner,0,1
3972,Engaged Generalist,2,3
3973,Routine Generalist,0,3
3974,Engaged Generalist,2,3
3976,Routine Tech,0,2
3977,Routine Young Parents,0,0
3978,Routine Generalist,0,3
3979,Routine Tech,0,2
3980,Routine Tech,0,2
3981,Routine Young Parents,0,0
3982,Routine Young Parents,0,0
3985,Routine Tech,0,2
3986,Engaged Generalist,2,3
3987,Routine Generalist,0,3
3988,Routine Tech,0,2
3989,Engaged Generalist,2,3
3990,Engaged Generalist,2,3
3991,Engaged Generalist,2,2
3992,Routine Generalist,0,3
3993,Engaged Generalist,2,3
3994,Routine Young Parents,0,0
3995,Routine Young Parents,0,0
3996,Engaged Generalist,2,3
3997,Engaged Family Provisioner,2,1
3998,Routine Young Parents,0,0
3999,Engaged Generalist,2,3
4000,Routine Generalist,0,3
4002,Engaged Generalist,2,3
4003,Routine Young Parents,0,0
4004,Promo Hunter,1,3
4005,Routine Young Parents,0,0
4007,Routine Young Parents,0,0
4008,Routine Generalist,0,3
4009,Routine Generalist,0,3
4010,Promo Hunter,1,3
4011,Promo Hunter,1,3
4013,Promo Hunter,1,3
4014,Routine Young Parents,0,0
4015,Routine Family Provisioner,0,1
4016,Routine Young Parents,0,0
4017,Engaged Family Provisioner,2,1
4018,Engaged Generalist,2,3
4019,Routine Generalist,0,3
4020,Engaged Generalist,2,3
4021,Routine Generalist,0,3
4022,Engaged Generalist,2,3
4023,Routine Young Parents,0,0
4024,Promo Hunter,1,3
4025,Promo Hunter,1,3
4026,Routine Generalist,0,3
4027,Promo Hunter,1,3
4028,Routine Family Provisioner,0,1
4029,Routine Generalist,0,3
4030,Routine Young Parents,0,0
4031,Routine Tech,0,2
4035,Routine Generalist,0,3
4036,Promo Hunter,1,1
4037,Engaged Generalist,2,3
4038,Promo Hunter,1,3
4039,Routine Generalist,0,3
4041,Routine Young Parents,0,0
4042,Promo Hunter,1,3
4043,Routine Generalist,0,3
4044,Engaged Generalist,2,0
4045,Engaged Generalist,2,3
4046,Promo Hunter,1,3
4047,Engaged Generalist,2,3
4048,Routine Generalist,0,3
4049,Engaged Generalist,2,3
4050,Routine Young Parents,0,0
4051,Routine Generalist,0,3
4052,Engaged Generalist,2,3
4054,Routine Generalist,0,3
4055,Engaged Generalist,2,3
4056,Promo Hunter,1,3
4057,Promo Hunter,1,0
4058,Engaged Generalist,2,3
4059,Promo Hunter,1,3
4060,Engaged Generalist,2,3
4061,Routine Young Parents,0,0
4062,Promo Hunter,1,1
4063,Routine Young Parents,0,0
4064,Promo Hunter,1,3
4065,Promo Hunter,1,3
4066,Routine Generalist,0,3
4068,Routine Young Parents,0,0
4069,Engaged Generalist,2,3
4070,Routine Generalist,0,3
4071,Engaged Generalist,2,3
4072,Engaged Generalist,2,3
4073,Engaged Generalist,2,3
4074,Engaged Generalist,2,3
4075,Engaged Generalist,2,3
4076,Engaged Generalist,2,3
4077,Routine Young Parents,0,0
4079,Routine Generalist,0,3
4080,Routine Generalist,0,3
4081,Promo Hunter,1,3
4082,Engaged Generalist,2,3
4083,Routine Young Parents,0,0
4085,Engaged Family Provisioner,2,1
4086,Engaged Generalist,2,3
4087,Engaged Generalist,2,3
4088,Routine Young Parents,0,0
4089,Engaged Generalist,2,3
4090,Routine Young Parents,0,0
4091,Routine Young Parents,0,0
4092,Routine Young Parents,0,0
4093,Routine Young Parents,0,0
4095,Promo Hunter,1,3
4096,Engaged Generalist,2,3
4097,Promo Hunter,1,3
4098,Promo Hunter,1,3
4099,Engaged Generalist,2,3
4100,Engaged Generalist,2,3
4101,Routine Generalist,0,3
4102,Engaged Family Provisioner,2,1
4103,Routine Generalist,0,3
4104,Routine Family Provisioner,0,1
4106,Routine Young Parents,0,0
4108,Promo Hunter,1,3
4109,Engaged Generalist,2,3
4110,Routine Generalist,0,3
4111,Engaged Generalist,2,3
4112,Engaged Generalist,2,3
4113,Engaged Generalist,2,3
4114,Promo Hunter,1,1
4115,Routine Generalist,0,3
4116,Promo Hunter,1,3
4117,Routine Generalist,0,3
4118,Promo Hunter,1,2
4119,Engaged Generalist,2,3
4121,Engaged Generalist,2,3
4122,Promo Hunter,1,2
4123,Engaged Family Provisioner,2,1
4126,Routine Tech,0,2
4127,Routine Tech,0,2
4128,Routine Generalist,0,3
4129,Routine Tech,0,2
4130,Engaged Generalist,2,3
4132,Routine Generalist,0,3
4133,Engaged Generalist,2,3
4134,Engaged Generalist,2,3
4136,Routine Young Parents,0,0
4137,Routine Young Parents,0,0
4138,Routine Generalist,0,3
4140,Promo Hunter,1,3
4141,Routine Young Parents,0,0
4142,Routine Generalist,0,3
4143,Engaged Generalist,2,3
4144,Routine Family Provisioner,0,1
4145,Engaged Generalist,2,3
4146,Routine Young Parents,0,0
4148,Promo Hunter,1,3
4149,Promo Hunter,1,1
4150,Engaged Generalist,2,3
4151,Promo Hunter,1,1
4152,Routine Tech,0,2
4153,Routine Tech,0,2
4154,Promo Hunter,1,3
4155,Routine Generalist,0,3
4156,Routine Young Parents,0,0
4157,Engaged Generalist,2,3
4158,Routine Generalist,0,3
4160,Routine Young Parents,0,0
4161,Engaged Generalist,2,3
4162,Engaged Family Provisioner,2,1
4163,Routine Generalist,0,3
4164,Routine Young Parents,0,0
4165,Routine Tech,0,2
4166,Engaged Generalist,2,3
4167,Routine Young Parents,0,0
4168,Engaged Generalist,2,3
4169,Routine Tech,0,2
4170,Engaged Generalist,2,3
4171,Routine Generalist,0,3
4173,Engaged Generalist,2,3
4174,Engaged Generalist,2,3
4176,Routine Generalist,0,3
4177,Routine Tech,0,2
4179,Routine Tech,0,2
4180,Engaged Generalist,2,3
4181,Engaged Generalist,2,3
4182,Promo Hunter,1,3
4183,Engaged Generalist,2,3
4185,Routine Generalist,0,3
4186,Promo Hunter,1,3
4187,Routine Tech,0,2
4188,Engaged Generalist,2,3
4189,Routine Tech,0,2
4190,Routine Young Parents,0,0
4193,Promo Hunter,1,3
4194,Engaged Generalist,2,3
4195,Routine Young Parents,0,0
4197,Routine Generalist,0,3
4198,Engaged Generalist,2,3
4199,Promo Hunter,1,3
4202,Engaged Generalist,2,3
4204,Promo Hunter,1,3
4205,Routine Generalist,0,3
4206,Routine Generalist,0,3
4207,Routine Generalist,0,3
4208,Routine Tech,0,2
4209,Engaged Generalist,2,3
4210,Engaged Generalist,2,3
4211,Routine Generalist,0,3
4212,Engaged Generalist,2,3
4213,Engaged Generalist,2,3
4214,Routine Generalist,0,3
4215,Routine Young Parents,0,0
4217,Routine Generalist,0,3
4218,Promo Hunter,1,3
4221,Routine Generalist,0,3
4222,Routine Generalist,0,3
4223,Routine Generalist,0,3
4224,Routine Generalist,0,3
4225,Routine Young Parents,0,0
4226,Engaged Generalist,2,3
4227,Promo Hunter,1,3
4228,Routine Generalist,0,3
4229,Routine Family Provisioner,0,1
4230,Routine Tech,0,2
4233,Promo Hunter,1,3
4234,Routine Tech,0,2
4235,Promo Hunter,1,3
4237,Routine Tech,0,2
4238,Routine Young Parents,0,0
4239,Routine Generalist,0,3
4241,Routine Tech,0,2
4242,Promo Hunter,1,3
4244,Routine Young Parents,0,0
4245,Routine Young Parents,0,0
4246,Engaged Generalist,2,3
4247,Engaged Generalist,2,3
4249,Engaged Generalist,2,3
4250,Routine Young Parents,0,0
4251,Engaged Generalist,2,3
4253,Promo Hunter,1,3
4254,Routine Tech,0,2
4255,Promo Hunter,1,3
4256,Promo Hunter,1,3
4257,Routine Generalist,0,3
4258,Promo Hunter,1,3
4259,Promo Hunter,1,1
4260,Routine Tech,0,2
4261,Engaged Generalist,2,3
4264,Routine Generalist,0,3
4265,Engaged Generalist,2,3
4267,Routine Generalist,0,3
4268,Engaged Generalist,2,3
4269,Engaged Generalist,2,3
4270,Routine Young Parents,0,0
4271,Routine Young Parents,0,0
4272,Routine Generalist,0,3
4273,Routine Generalist,0,3
4274,Routine Generalist,0,3
4275,Engaged Generalist,2,3
4276,Promo Hunter,1,3
4277,Routine Young Parents,0,0
4278,Routine Generalist,0,3
4281,Routine Generalist,0,3
4282,Promo Hunter,1,3
4283,Routine Family Provisioner,0,1
4284,Routine Young Parents,0,0
4285,Promo Hunter,1,1
4286,Promo Hunter,1,3
4287,Engaged Family Provisioner,2,1
4288,Routine Generalist,0,3
4289,Routine Generalist,0,3
4290,Routine Young Parents,0,0
4291,Routine Tech,0,2
4292,Routine Young Parents,0,0
4293,Routine Tech,0,2
4295,Routine Young Parents,0,0
4297,Routine Generalist,0,3
4298,Engaged Generalist,2,3
4299,Engaged Family Provisioner,2,1
4300,Promo Hunter,1,3
4301,Engaged Generalist,2,3
4302,Routine Generalist,0,3
4303,Engaged Generalist,2,3
4304,Engaged Generalist,2,3
4305,Routine Generalist,0,3
4307,Routine Generalist,0,3
4308,Promo Hunter,1,3
4309,Routine Generalist,0,3
4311,Engaged Generalist,2,0
4312,Routine Generalist,0,3
4313,Engaged Family Provisioner,2,1
4314,Routine Young Parents,0,0
4315,Engaged Generalist,2,3
4316,Promo Hunter,1,3
4318,Engaged Generalist,2,3
4319,Engaged Generalist,2,3
4320,Promo Hunter,1,3
4321,Routine Tech,0,2
4322,Routine Tech,0,2
4323,Routine Tech,0,2
4324,Routine Young Parents,0,0
4325,Routine Young Parents,0,0
4326,Routine Tech,0,2
4327,Routine Generalist,0,3
4328,Routine Generalist,0,3
4329,Routine Young Parents,0,0
4330,Engaged Generalist,2,3
4331,Promo Hunter,1,3
4332,Routine Tech,0,2
4333,Routine Young Parents,0,0
4334,Engaged Generalist,2,3
4336,Routine Generalist,0,3
4338,Routine Generalist,0,3
4339,Engaged Generalist,2,3
4343,Routine Generalist,0,3
4344,Routine Generalist,0,3
4345,Engaged Generalist,2,3
4346,Routine Family Provisioner,0,1
4348,Routine Generalist,0,3
4349,Promo Hunter,1,3
4350,Promo Hunter,1,1
4352,Engaged Generalist,2,3
4353,Engaged Generalist,2,3
4354,Routine Tech,0,2
4356,Engaged Generalist,2,3
4357,Engaged Generalist,2,3
4358,Engaged Generalist,2,3
4360,Routine Young Parents,0,0
4361,Engaged Generalist,2,3
4362,Routine Generalist,0,3
4363,Routine Generalist,0,3
4364,Routine Young Parents,0,0
4367,Engaged Generalist,2,3
4368,Routine Generalist,0,3
4369,Routine Young Parents,0,0
4370,Engaged Generalist,2,3
4371,Engaged Generalist,2,3
4372,Routine Generalist,0,3
4373,Routine Generalist,0,3
4374,Engaged Generalist,2,3
4378,Routine Generalist,0,3
4380,Routine Generalist,0,3
4382,Routine Generalist,0,3
4383,Routine Tech,0,2
4385,Engaged Family Provisioner,2,1
4386,Routine Generalist,0,3
4387,Routine Generalist,0,3
4388,Promo Hunter,1,3
4389,Engaged Generalist,2,3
4390,Engaged Generalist,2,3
4392,Routine Generalist,0,3
4393,Promo Hunter,1,2
4394,Engaged Generalist,2,3
4395,Engaged Generalist,2,3
4396,Engaged Generalist,2,3
4397,Engaged Generalist,2,3
4398,Promo Hunter,1,3
4399,Engaged Generalist,2,3
4400,Routine Generalist,0,3
4401,Routine Tech,0,2
4403,Engaged Family Provisioner,2,1
4404,Routine Generalist,0,3
4406,Promo Hunter,1,3
4407,Engaged Generalist,2,3
4408,Routine Young Parents,0,0
4409,Engaged Family Provisioner,2,1
4411,Routine Tech,0,2
4412,Routine Young Parents,0,0
4413,Routine Generalist,0,3
4414,Routine Generalist,0,3
4415,Routine Young Parents,0,0
4417,Routine Generalist,0,3
4418,Routine Tech,0,2
4421,Routine Young Parents,0,0
4422,Promo Hunter,1,3
4423,Routine Generalist,0,3
4424,Promo Hunter,1,3
4425,Promo Hunter,1,3
4427,Routine Generalist,0,3
4428,Routine Tech,0,2
4429,Promo Hunter,1,3
4430,Engaged Generalist,2,3
4433,Engaged Generalist,2,3
4434,Routine Generalist,0,3
4436,Routine Family Provisioner,0,1
4438,Engaged Generalist,2,3
4439,Promo Hunter,1,3
4440,Engaged Generalist,2,3
4441,Engaged Generalist,2,3
4442,Routine Young Parents,0,0
4443,Routine Tech,0,2
4444,Routine Family Provisioner,0,1
4445,Promo Hunter,1,3
4446,Engaged Generalist,2,3
4447,Routine Young Parents,0,0
4448,Routine Tech,0,2
4449,Routine Generalist,0,3
4450,Engaged Generalist,2,3
4451,Engaged Generalist,2,3
4452,Engaged Generalist,2,3
4453,Routine Young Parents,0,0
4455,Routine Tech,0,2
4456,Routine Young Parents,0,0
4458,Routine Young Parents,0,0
4459,Engaged Generalist,2,3
4461,Routine Tech,0,2
4462,Engaged Generalist,2,3
4464,Promo Hunter,1,1
4466,Routine Family Provisioner,0,1
4467,Engaged Generalist,2,3
4468,Routine Generalist,0,3
4469,Routine Tech,0,2
4470,Routine Generalist,0,3
4472,Promo Hunter,1,1
4473,Routine Young Parents,0,0
4474,Engaged Generalist,2,3
4476,Routine Tech,0,2
4477,Routine Generalist,0,3
4478,Promo Hunter,1,1
4480,Routine Young Parents,0,0
4482,Routine Young Parents,0,0
4484,Engaged Generalist,2,3
4485,Promo Hunter,1,3
4489,Engaged Generalist,2,3
4490,Promo Hunter,1,3
4492,Promo Hunter,1,3
4494,Engaged Generalist,2,3
4495,Engaged Generalist,2,3
4497,Promo Hunter,1,3
4498,Routine Young Parents,0,0
4499,Engaged Generalist,2,0
4500,Engaged Generalist,2,3
4502,Routine Young Parents,0,0
4504,Promo Hunter,1,2
4505,Routine Family Provisioner,0,1
4506,Routine Young Parents,0,0
4507,Engaged Generalist,2,3
4508,Promo Hunter,1,3
4510,Routine Young Parents,0,0
4511,Engaged Generalist,2,3
4512,Routine Family Provisioner,0,1
4513,Routine Generalist,0,3
4515,Engaged Generalist,2,3
4516,Promo Hunter,1,3
4517,Promo Hunter,1,3
4518,Routine Generalist,0,3
4520,Engaged Generalist,2,3
4521,Routine Tech,0,2
4522,Engaged Generalist,2,3
4523,Routine Family Provisioner,0,1
4524,Routine Generalist,0,3
4525,Routine Tech,0,2
4527,Routine Generalist,0,3
4528,Routine Tech,0,2
4529,Routine Young Parents,0,0
4532,Routine Generalist,0,3
4533,Engaged Generalist,2,3
4534,Routine Generalist,0,3
4536,Routine Young Parents,0,0
4537,Routine Generalist,0,3
4538,Promo Hunter,1,1
4539,Routine Generalist,0,3
4540,Promo Hunter,1,3
4541,Promo Hunter,1,1
4542,Routine Young Parents,0,0
4543,Routine Generalist,0,3
4544,Routine Young Parents,0,0
4545,Routine Generalist,0,3
4546,Engaged Generalist,2,2
4547,Promo Hunter,1,1
4548,Routine Young Parents,0,0
4549,Promo Hunter,1,3
4550,Routine Young Parents,0,0
4551,Routine Generalist,0,3
4552,Routine Generalist,0,3
4553,Promo Hunter,1,3
4554,Routine Young Parents,0,0
4556,Routine Tech,0,2
4558,Routine Generalist,0,3
4559,Routine Generalist,0,3
4560,Engaged Generalist,2,3
4562,Promo Hunter,1,3
4563,Promo Hunter,1,3
4564,Routine Tech,0,2
4565,Engaged Generalist,2,3
4566,Engaged Generalist,2,3
4567,Routine Generalist,0,3
4568,Engaged Generalist,2,3
4570,Routine Generalist,0,3
4571,Engaged Generalist,2,3
4572,Routine Generalist,0,3
4574,Engaged Generalist,2,3
4575,Promo Hunter,1,3
4576,Routine Generalist,0,3
4577,Engaged Generalist,2,3
4578,Routine Generalist,0,3
4579,Routine Generalist,0,3
4580,Routine Tech,0,2
4581,Engaged Generalist,2,3
4582,Routine Tech,0,2
4583,Promo Hunter,1,1
4584,Promo Hunter,1,3
4585,Promo Hunter,1,3
4586,Promo Hunter,1,3
4587,Engaged Generalist,2,3
4588,Routine Young Parents,0,0
4589,Promo Hunter,1,3
4590,Promo Hunter,1,1
4591,Engaged Family Provisioner,2,1
4592,Engaged Generalist,2,3
4593,Routine Young Parents,0,0
4594,Routine Tech,0,2
4595,Promo Hunter,1,3
4596,Promo Hunter,1,3
4597,Routine Generalist,0,3
4598,Engaged Family Provisioner,2,1
4599,Routine Generalist,0,3
4601,Routine Young Parents,0,0
4602,Promo Hunter,1,3
4603,Engaged Generalist,2,3
4604,Routine Tech,0,2
4605,Promo Hunter,1,3
4606,Routine Generalist,0,3
4607,Routine Tech,0,2
4608,Routine Family Provisioner,0,1
4609,Routine Family Provisioner,0,1
4610,Routine Tech,0,2
4611,Routine Generalist,0,3
4612,Routine Young Parents,0,0
4613,Routine Young Parents,0,0
4614,Routine Generalist,0,3
4615,Routine Tech,0,2
4616,Routine Young Parents,0,0
4617,Promo Hunter,1,0
4618,Engaged Generalist,2,3
4619,Engaged Generalist,2,3
4621,Engaged Generalist,2,3
4624,Engaged Generalist,2,3
4625,Routine Generalist,0,3
4626,Routine Tech,0,2
4627,Engaged Generalist,2,3
4628,Engaged Generalist,2,3
4629,Routine Generalist,0,3
4630,Promo Hunter,1,3
4631,Routine Generalist,0,3
4632,Promo Hunter,1,3
4633,Routine Young Parents,0,0
4634,Engaged Generalist,2,3
4635,Routine Generalist,0,3
4636,Engaged Generalist,2,3
4637,Engaged Generalist,2,3
4638,Promo Hunter,1,3
4639,Routine Young Parents,0,0
4640,Engaged Generalist,2,3
4641,Promo Hunter,1,2
4643,Engaged Family Provisioner,2,1
4644,Promo Hunter,1,3
4645,Routine Generalist,0,3
4646,Engaged Generalist,2,3
4647,Routine Generalist,0,3
4648,Promo Hunter,1,3
4649,Engaged Generalist,2,3
4650,Engaged Generalist,2,3
4651,Promo Hunter,1,3
4652,Routine Tech,0,2
4653,Routine Family Provisioner,0,1
4655,Engaged Generalist,2,0
4656,Routine Generalist,0,3
4657,Promo Hunter,1,1
4658,Promo Hunter,1,2
4659,Routine Tech,0,2
4660,Routine Young Parents,0,0
4661,Engaged Generalist,2,3
4662,Routine Generalist,0,3
4664,Routine Family Provisioner,0,1
4665,Routine Generalist,0,3
4666,Promo Hunter,1,1
4667,Routine Family Provisioner,0,1
4668,Routine Generalist,0,3
4669,Promo Hunter,1,3
4670,Engaged Generalist,2,3
4671,Routine Tech,0,2
4672,Routine Generalist,0,3
4673,Routine Generalist,0,3
4674,Routine Generalist,0,3
4675,Routine Young Parents,0,0
4676,Promo Hunter,1,3
4677,Routine Tech,0,2
4678,Promo Hunter,1,1
4679,Engaged Generalist,2,3
4680,Promo Hunter,1,3
4681,Engaged Generalist,2,3
4683,Engaged Generalist,2,3
4684,Engaged Generalist,2,3
4685,Routine Generalist,0,3
4686,Routine Tech,0,2
4687,Engaged Generalist,2,3
4689,Routine Tech,0,2
4690,Engaged Generalist,2,3
4692,Routine Tech,0,2
4693,Promo Hunter,1,3
4694,Promo Hunter,1,1
4697,Routine Generalist,0,3
4699,Promo Hunter,1,3
4702,Routine Generalist,0,3
4703,Routine Young Parents,0,0
4704,Routine Generalist,0,3
4705,Routine Tech,0,2
4706,Routine Generalist,0,3
4707,Routine Young Parents,0,0
4708,Routine Generalist,0,3
4709,Routine Young Parents,0,0
4710,Routine Young Parents,0,0
4712,Routine Generalist,0,3
4713,Engaged Generalist,2,3
4715,Engaged Generalist,2,3
4716,Promo Hunter,1,3
4717,Engaged Generalist,2,0
4718,Routine Young Parents,0,0
4719,Engaged Generalist,2,3
4721,Engaged Generalist,2,3
4722,Promo Hunter,1,3
4724,Promo Hunter,1,1
4726,Promo Hunter,1,1
4727,Routine Generalist,0,3
4728,Engaged Generalist,2,3
4729,Routine Young Parents,0,0
4730,Routine Generalist,0,3
4731,Routine Generalist,0,3
4733,Engaged Generalist,2,3
4735,Engaged Generalist,2,3
4736,Routine Tech,0,2
4737,Engaged Generalist,2,3
4739,Engaged Generalist,2,3
4741,Engaged Generalist,2,3
4742,Engaged Generalist,2,3
4744,Engaged Generalist,2,3
4745,Engaged Generalist,2,3
4747,Engaged Generalist,2,3
4748,Routine Young Parents,0,0
4749,Routine Young Parents,0,0
4750,Engaged Generalist,2,3
4751,Engaged Generalist,2,3
4753,Engaged Family Provisioner,2,1
4754,Promo Hunter,1,1
4755,Routine Generalist,0,3
4756,Routine Generalist,0,3
4757,Engaged Generalist,2,3
4759,Routine Young Parents,0,0
4760,Promo Hunter,1,3
4761,Engaged Generalist,2,3
4762,Routine Generalist,0,3
4764,Routine Generalist,0,3
4765,Engaged Generalist,2,3
4766,Routine Generalist,0,3
4767,Routine Generalist,0,3
4768,Promo Hunter,1,3
4769,Promo Hunter,1,3
4771,Routine Generalist,0,3
4772,Promo Hunter,1,3
4774,Routine Young Parents,0,0
4775,Engaged Generalist,2,3
4776,Promo Hunter,1,1
4777,Routine Tech,0,2
4778,Engaged Generalist,2,3
4779,Routine Tech,0,2
4781,Routine Generalist,0,3
4782,Routine Generalist,0,3
4783,Engaged Generalist,2,3
4784,Promo Hunter,1,3
4785,Routine Young Parents,0,0
4786,Promo Hunter,1,3
4787,Routine Young Parents,0,0
4790,Routine Young Parents,0,0
4791,Routine Generalist,0,3
4792,Promo Hunter,1,3
4795,Promo Hunter,1,3
4796,Routine Young Parents,0,0
4797,Routine Generalist,0,3
4798,Engaged Generalist,2,3
4799,Promo Hunter,1,3
4801,Promo Hunter,1,3
4802,Routine Tech,0,2
4803,Routine Young Parents,0,0
4804,Routine Generalist,0,3
4805,Routine Young Parents,0,0
4806,Engaged Generalist,2,3
4807,Promo Hunter,1,3
4808,Routine Generalist,0,3
4809,Routine Young Parents,0,0
4810,Engaged Generalist,2,3
4811,Routine Generalist,0,3
4812,Routine Tech,0,2
4813,Promo Hunter,1,3
4814,Routine Generalist,0,3
4815,Promo Hunter,1,3
4817,Engaged Generalist,2,3
4818,Routine Young Parents,0,0
4819,Promo Hunter,1,3
4820,Routine Family Provisioner,0,1
4821,Promo Hunter,1,3
4824,Promo Hunter,1,3
4826,Engaged Generalist,2,3
4827,Routine Generalist,0,3
4828,Promo Hunter,1,3
4829,Promo Hunter,1,3
4830,Engaged Generalist,2,3
4831,Routine Young Parents,0,0
4833,Routine Young Parents,0,0
4834,Engaged Generalist,2,3
4835,Routine Young Parents,0,0
4836,Promo Hunter,1,3
4837,Routine Tech,0,2
4839,Routine Young Parents,0,0
4840,Engaged Generalist,2,3
4841,Routine Generalist,0,3
4842,Engaged Generalist,2,3
4844,Promo Hunter,1,1
4846,Routine Tech,0,2
4847,Routine Young Parents,0,0
4848,Routine Young Parents,0,0
4849,Promo Hunter,1,3
4851,Routine Generalist,0,3
4852,Promo Hunter,1,3
4853,Engaged Generalist,2,3
4854,Engaged Generalist,2,3
4855,Routine Tech,0,2
4856,Engaged Generalist,2,3
4857,Promo Hunter,1,3
4860,Routine Generalist,0,3
4862,Engaged Generalist,2,3
4863,Routine Family Provisioner,0,1
4864,Routine Tech,0,2
4865,Engaged Generalist,2,3
4866,Engaged Generalist,2,3
4868,Promo Hunter,1,3
4869,Promo Hunter,1,1
4871,Promo Hunter,1,3
4872,Routine Young Parents,0,0
4874,Routine Young Parents,0,0
4875,Routine Generalist,0,3
4876,Engaged Generalist,2,3
4877,Routine Tech,0,2
4878,Routine Generalist,0,3
4879,Routine Young Parents,0,0
4880,Routine Young Parents,0,0
4881,Routine Generalist,0,3
4882,Promo Hunter,1,3
4884,Routine Young Parents,0,0
4885,Engaged Generalist,2,3
4886,Engaged Generalist,2,3
4889,Promo Hunter,1,1
4890,Routine Family Provisioner,0,1
4891,Engaged Generalist,2,3
4892,Promo Hunter,1,3
4893,Promo Hunter,1,3
4894,Routine Tech,0,2
4896,Engaged Family Provisioner,2,1
4897,Engaged Generalist,2,3
4898,Routine Young Parents,0,0
4899,Routine Generalist,0,3
4900,Routine Generalist,0,3
4901,Routine Young Parents,0,0
4902,Promo Hunter,1,1
4903,Routine Generalist,0,3
4904,Promo Hunter,1,0
4905,Engaged Generalist,2,3
4906,Engaged Generalist,2,2
4907,Promo Hunter,1,1
4909,Promo Hunter,1,3
4910,Routine Tech,0,2
4911,Routine Generalist,0,3
4912,Routine Young Parents,0,0
4913,Routine Young Parents,0,0
4914,Routine Young Parents,0,0
4916,Routine Young Parents,0,0
4918,Engaged Generalist,2,3
4919,Routine Generalist,0,3
4920,Routine Generalist,0,3
4921,Routine Tech,0,2
4922,Routine Young Parents,0,0
4924,Promo Hunter,1,1
4925,Promo Hunter,1,3
4926,Routine Young Parents,0,0
4927,Routine Tech,0,2
4928,Promo Hunter,1,3
4929,Promo Hunter,1,3
4930,Routine Family Provisioner,0,1
4931,Engaged Generalist,2,3
4932,Engaged Generalist,2,3
4933,Promo Hunter,1,1
4934,Routine Family Provisioner,0,1
4935,Engaged Family Provisioner,2,1
4936,Routine Young Parents,0,0
4937,Routine Generalist,0,3
4938,Engaged Generalist,2,3
4939,Routine Young Parents,0,0
4940,Promo Hunter,1,3
4942,Routine Generalist,0,3
4943,Engaged Generalist,2,3
4944,Engaged Generalist,2,3
4945,Routine Generalist,0,3
4946,Routine Young Parents,0,0
4948,Routine Young Parents,0,0
4949,Engaged Generalist,2,3
4950,Routine Generalist,0,3
4952,Routine Generalist,0,3
4953,Routine Generalist,0,3
4954,Engaged Generalist,2,3
4955,Routine Tech,0,2
4956,Routine Generalist,0,3
4958,Engaged Generalist,2,3
4959,Routine Tech,0,2
4960,Promo Hunter,1,3
4962,Routine Generalist,0,3
4963,Promo Hunter,1,3
4964,Promo Hunter,1,3
4965,Routine Young Parents,0,0
4966,Promo Hunter,1,3
4967,Promo Hunter,1,3
4969,Routine Generalist,0,3
4970,Promo Hunter,1,1
4972,Engaged Generalist,2,3
4973,Engaged Generalist,2,3
4974,Promo Hunter,1,3
4975,Routine Young Parents,0,0
4976,Engaged Generalist,2,0
4978,Promo Hunter,1,3
4979,Engaged Generalist,2,3
4981,Routine Young Parents,0,0
4982,Routine Young Parents,0,0
4983,Promo Hunter,1,3
4984,Engaged Generalist,2,3
4986,Routine Generalist,0,3
4988,Engaged Generalist,2,3
4989,Engaged Generalist,2,3
4992,Engaged Generalist,2,3
4993,Routine Young Parents,0,0
4994,Promo Hunter,1,1
4995,Routine Generalist,0,3
4996,Routine Generalist,0,3
4998,Engaged Generalist,2,3
4999,Promo Hunter,1,3
5000,Routine Tech,0,2
5001,Engaged Generalist,2,3
5002,Promo Hunter,1,2
5003,Routine Young Parents,0,0
5004,Routine Generalist,0,3
5005,Routine Family Provisioner,0,1
5006,Routine Tech,0,2
5007,Routine Young Parents,0,0
5008,Engaged Generalist,2,3
5009,Routine Generalist,0,3
5010,Routine Young Parents,0,0
5012,Routine Tech,0,2
5013,Routine Young Parents,0,0
5015,Routine Generalist,0,3
5016,Promo Hunter,1,3
5017,Promo Hunter,1,3
5021,Promo Hunter,1,3
5022,Routine Generalist,0,3
5023,Routine Young Parents,0,0
5024,Engaged Family Provisioner,2,1
5025,Promo Hunter,1,1
5026,Engaged Generalist,2,3
5027,Routine Tech,0,2
5028,Routine Generalist,0,3
5029,Engaged Generalist,2,3
5030,Promo Hunter,1,1
5031,Routine Young Parents,0,0
5034,Promo Hunter,1,3
5035,Engaged Generalist,2,2
5036,Routine Generalist,0,3
5037,Routine Generalist,0,3
5038,Routine Generalist,0,3
5039,Routine Generalist,0,3
5040,Routine Young Parents,0,0
5041,Routine Generalist,0,3
5042,Routine Family Provisioner,0,1
5043,Routine Tech,0,2
5044,Engaged Generalist,2,3
5045,Routine Generalist,0,3
5046,Routine Generalist,0,3
5048,Routine Young Parents,0,0
5049,Engaged Generalist,2,3
5050,Routine Young Parents,0,0
5051,Engaged Generalist,2,3
5052,Promo Hunter,1,3
5053,Promo Hunter,1,3
5054,Promo Hunter,1,3
5055,Promo Hunter,1,3
5057,Engaged Generalist,2,3
5058,Routine Generalist,0,3
5060,Promo Hunter,1,3
5061,Engaged Generalist,2,3
5062,Engaged Generalist,2,3
5065,Promo Hunter,1,3
5066,Routine Tech,0,2
5067,Routine Family Provisioner,0,1
5069,Routine Generalist,0,3
5070,Routine Young Parents,0,0
5071,Promo Hunter,1,3
5072,Engaged Generalist,2,0
5074,Routine Young Parents,0,0
5075,Routine Family Provisioner,0,1
5076,Routine Generalist,0,3
5077,Engaged Family Provisioner,2,1
5078,Routine Young Parents,0,0
5081,Routine Generalist,0,3
5082,Routine Generalist,0,3
5083,Promo Hunter,1,3
5084,Engaged Generalist,2,3
5085,Routine Tech,0,2
5086,Routine Generalist,0,3
5087,Routine Young Parents,0,0
5088,Routine Generalist,0,3
5089,Promo Hunter,1,3
5091,Promo Hunter,1,3
5092,Routine Generalist,0,3
5093,Promo Hunter,1,1
5094,Routine Generalist,0,3
5096,Routine Young Parents,0,0
5097,Engaged Generalist,2,3
5098,Engaged Generalist,2,3
5100,Promo Hunter,1,3
5101,Routine Tech,0,2
5103,Promo Hunter,1,3
5104,Routine Generalist,0,3
5105,Engaged Generalist,2,3
5106,Routine Tech,0,2
5107,Engaged Generalist,2,3
5108,Promo Hunter,1,3
5109,Routine Young Parents,0,0
5110,Promo Hunter,1,3
5111,Engaged Generalist,2,3
5112,Engaged Generalist,2,3
5114,Promo Hunter,1,3
5115,Promo Hunter,1,3
5116,Routine Young Parents,0,0
5117,Promo Hunter,1,3
5118,Promo Hunter,1,3
5119,Routine Generalist,0,3
5120,Engaged Generalist,2,3
5121,Engaged Generalist,2,3
5122,Engaged Generalist,2,3
5123,Routine Young Parents,0,0
5124,Promo Hunter,1,3
5125,Routine Generalist,0,3
5126,Promo Hunter,1,3
5127,Engaged Generalist,2,3
5128,Engaged Generalist,2,3
5129,Promo Hunter,1,3
5130,Promo Hunter,1,3
5132,Routine Generalist,0,3
5133,Routine Generalist,0,3
5134,Routine Family Provisioner,0,1
5135,Promo Hunter,1,3
5136,Routine Family Provisioner,0,1
5137,Routine Generalist,0,3
5138,Routine Generalist,0,3
5139,Engaged Generalist,2,3
5140,Routine Young Parents,0,0
5141,Routine Generalist,0,3
5142,Promo Hunter,1,3
5143,Routine Generalist,0,3
5144,Routine Generalist,0,3
5145,Routine Young Parents,0,0
5147,Engaged Generalist,2,3
5148,Routine Generalist,0,3
5149,Routine Young Parents,0,0
5151,Promo Hunter,1,3
5152,Routine Young Parents,0,0
5154,Promo Hunter,1,3
5155,Routine Young Parents,0,0
5156,Routine Young Parents,0,0
5157,Promo Hunter,1,3
5159,Promo Hunter,1,3
5160,Routine Young Parents,0,0
5161,Engaged Family Provisioner,2,1
5162,Routine Generalist,0,3
5163,Engaged Generalist,2,3
5164,Routine Young Parents,0,0
5165,Engaged Family Provisioner,2,1
5166,Routine Generalist,0,3
5167,Promo Hunter,1,3
5168,Routine Tech,0,2
5169,Promo Hunter,1,3
5170,Routine Generalist,0,3
5172,Promo Hunter,1,3
5173,Engaged Generalist,2,3
5174,Routine Generalist,0,3
5175,Engaged Generalist,2,3
5176,Routine Generalist,0,3
5177,Promo Hunter,1,3
5178,Promo Hunter,1,3
5179,Routine Young Parents,0,0
5180,Routine Generalist,0,3
5181,Engaged Generalist,2,3
5182,Routine Young Parents,0,0
5183,Promo Hunter,1,3
5184,Promo Hunter,1,3
5185,Engaged Generalist,2,3
5186,Promo Hunter,1,3
5187,Engaged Generalist,2,3
5188,Routine Generalist,0,3
5189,Routine Generalist,0,3
5190,Engaged Generalist,2,3
5192,Promo Hunter,1,3
5193,Routine Tech,0,2
5194,Engaged Generalist,2,3
5195,Routine Young Parents,0,0
5196,Routine Tech,0,2
5197,Routine Young Parents,0,0
5198,Engaged Generalist,2,3
5199,Promo Hunter,1,3
5200,Routine Generalist,0,3
5201,Routine Young Parents,0,0
5202,Routine Young Parents,0,0
5204,Routine Generalist,0,3
5205,Promo Hunter,1,2
5208,Promo Hunter,1,1
5209,Engaged Generalist,2,3
5210,Engaged Generalist,2,3
5211,Promo Hunter,1,3
5212,Promo Hunter,1,3
5213,Routine Tech,0,2
5214,Routine Family Provisioner,0,1
5216,Engaged Generalist,2,3
5218,Promo Hunter,1,3
5219,Routine Tech,0,2
5220,Promo Hunter,1,3
5221,Routine Family Provisioner,0,1
5222,Promo Hunter,1,3
5224,Routine Generalist,0,3
5225,Routine Generalist,0,3
5226,Promo Hunter,1,1
5227,Routine Generalist,0,3
5228,Routine Tech,0,2
5229,Routine Generalist,0,3
5230,Promo Hunter,1,3
5231,Engaged Generalist,2,3
5232,Routine Generalist,0,3
5233,Routine Young Parents,0,0
5234,Routine Young Parents,0,0
5235,Routine Family Provisioner,0,1
5236,Routine Generalist,0,3
5237,Routine Generalist,0,3
5239,Engaged Family Provisioner,2,1
5240,Routine Young Parents,0,0
5241,Routine Generalist,0,3
5243,Routine Generalist,0,3
5245,Engaged Generalist,2,3
5246,Routine Generalist,0,3
5247,Engaged Generalist,2,3
5248,Engaged Generalist,2,3
5249,Engaged Generalist,2,3
5250,Promo Hunter,1,3
5251,Routine Generalist,0,3
5252,Routine Generalist,0,3
5254,Routine Generalist,0,3
5256,Routine Generalist,0,3
5257,Engaged Generalist,2,3
5258,Engaged Generalist,2,3
5259,Engaged Generalist,2,3
5260,Engaged Generalist,2,3
5262,Routine Young Parents,0,0
5263,Engaged Generalist,2,3
5264,Engaged Generalist,2,3
5265,Promo Hunter,1,0
5266,Engaged Generalist,2,3
5267,Promo Hunter,1,3
5269,Engaged Generalist,2,3
5270,Routine Tech,0,2
5272,Promo Hunter,1,3
5273,Engaged Generalist,2,3
5274,Engaged Generalist,2,3
5275,Routine Generalist,0,3
5276,Engaged Generalist,2,3
5277,Routine Tech,0,2
5278,Routine Generalist,0,3
5279,Engaged Generalist,2,3
5280,Promo Hunter,1,1
5283,Engaged Family Provisioner,2,1
5284,Promo Hunter,1,3
5286,Routine Tech,0,2
5287,Engaged Generalist,2,3
5288,Routine Tech,0,2
5290,Promo Hunter,1,3
5291,Engaged Generalist,2,3
5292,Routine Generalist,0,3
5293,Routine Family Provisioner,0,1
5294,Routine Family Provisioner,0,1
5295,Routine Generalist,0,3
5296,Routine Young Parents,0,0
5297,Routine Generalist,0,3
5298,Promo Hunter,1,3
5300,Promo Hunter,1,3
5301,Routine Tech,0,2
5302,Routine Generalist,0,3
5303,Routine Generalist,0,3
5304,Routine Young Parents,0,0
5305,Engaged Generalist,2,3
5307,Engaged Generalist,2,3
5308,Promo Hunter,1,3
5309,Routine Generalist,0,3
5311,Routine Tech,0,2
5312,Promo Hunter,1,3
5313,Promo Hunter,1,3
5314,Routine Generalist,0,3
5315,Promo Hunter,1,3
5316,Routine Young Parents,0,0
5317,Routine Young Parents,0,0
5318,Promo Hunter,1,3
5320,Routine Generalist,0,3
5321,Promo Hunter,1,3
5324,Promo Hunter,1,3
5325,Routine Tech,0,2
5327,Routine Generalist,0,3
5329,Promo Hunter,1,3
5331,Engaged Generalist,2,3
5332,Engaged Generalist,2,3
5333,Engaged Generalist,2,3
5334,Engaged Generalist,2,3
5335,Routine Generalist,0,3
5336,Engaged Generalist,2,3
5337,Engaged Generalist,2,3
5338,Routine Young Parents,0,0
5339,Promo Hunter,1,3
5340,Routine Generalist,0,3
5341,Promo Hunter,1,3
5342,Engaged Generalist,2,3
5343,Promo Hunter,1,3
5344,Routine Young Parents,0,0
5345,Engaged Generalist,2,3
5346,Routine Generalist,0,3
5349,Promo Hunter,1,3
5350,Routine Generalist,0,3
5351,Routine Generalist,0,3
5352,Engaged Generalist,2,3
5353,Routine Young Parents,0,0
5354,Engaged Generalist,2,3
5357,Routine Generalist,0,3
5358,Promo Hunter,1,3
5359,Routine Young Parents,0,0
5360,Promo Hunter,1,1
5361,Routine Generalist,0,3
5362,Routine Young Parents,0,0
5363,Routine Generalist,0,3
5364,Routine Young Parents,0,0
5366,Engaged Generalist,2,3
5367,Promo Hunter,1,1
5368,Routine Generalist,0,3
5369,Engaged Generalist,2,3
5370,Engaged Generalist,2,3
5371,Routine Generalist,0,3
5372,Routine Young Parents,0,0
5373,Routine Generalist,0,3
5374,Routine Tech,0,2
5376,Promo Hunter,1,3
5377,Routine Tech,0,2
5378,Engaged Generalist,2,3
5379,Routine Young Parents,0,0
5380,Routine Tech,0,2
5381,Routine Generalist,0,3
5382,Routine Young Parents,0,0
5383,Routine Generalist,0,3
5384,Routine Generalist,0,3
5385,Routine Tech,0,2
5386,Promo Hunter,1,3
5387,Promo Hunter,1,3
5388,Routine Tech,0,2
5389,Promo Hunter,1,3
5390,Routine Family Provisioner,0,1
5392,Routine Tech,0,2
5393,Routine Generalist,0,3
5394,Routine Family Provisioner,0,1
5395,Routine Young Parents,0,0
5397,Routine Generalist,0,3
5398,Engaged Generalist,2,3
5399,Engaged Generalist,2,3
5401,Engaged Generalist,2,3
5402,Engaged Generalist,2,3
5403,Promo Hunter,1,3
5404,Engaged Generalist,2,3
5405,Routine Generalist,0,3
5406,Routine Generalist,0,3
5408,Routine Tech,0,2
5409,Routine Young Parents,0,0
5411,Engaged Generalist,2,3
5413,Promo Hunter,1,3
5416,Promo Hunter,1,1
5417,Engaged Family Provisioner,2,1
5419,Engaged Family Provisioner,2,1
5421,Routine Generalist,0,3
5422,Routine Young Parents,0,0
5423,Routine Tech,0,2
5424,Promo Hunter,1,1
5425,Routine Tech,0,2
5426,Routine Generalist,0,3
5427,Routine Generalist,0,3
5428,Engaged Generalist,2,3
5430,Engaged Generalist,2,3
5431,Routine Young Parents,0,0
5433,Routine Young Parents,0,0
5434,Routine Tech,0,2
5435,Promo Hunter,1,1
5436,Engaged Generalist,2,3
5437,Routine Young Parents,0,0
5438,Engaged Generalist,2,3
5439,Routine Tech,0,2
5440,Routine Young Parents,0,0
5441,Routine Generalist,0,3
5442,Engaged Generalist,2,3
5443,Routine Generalist,0,3
5444,Routine Tech,0,2
5445,Routine Young Parents,0,0
5446,Routine Generalist,0,3
5448,Routine Generalist,0,3
5450,Routine Tech,0,2
5451,Routine Tech,0,2
5452,Engaged Generalist,2,3
5453,Promo Hunter,1,3
5454,Engaged Generalist,2,3
5455,Engaged Generalist,2,3
5456,Routine Generalist,0,3
5457,Routine Generalist,0,3
5458,Routine Generalist,0,3
5459,Routine Tech,0,2
5460,Routine Tech,0,2
5464,Promo Hunter,1,3
5465,Engaged Generalist,2,3
5466,Routine Generalist,0,3
5467,Routine Tech,0,2
5469,Routine Generalist,0,3
5470,Promo Hunter,1,3
5471,Engaged Family Provisioner,2,1
5472,Engaged Generalist,2,3
5473,Engaged Generalist,2,3
5474,Engaged Generalist,2,3
5475,Promo Hunter,1,3
5476,Promo Hunter,1,3
5477,Promo Hunter,1,3
5479,Promo Hunter,1,3
5480,Engaged Generalist,2,3
5481,Promo Hunter,1,3
5483,Routine Generalist,0,3
5484,Routine Generalist,0,3
5485,Engaged Generalist,2,3
5486,Routine Generalist,0,3
5487,Promo Hunter,1,1
5488,Routine Generalist,0,3
5489,Promo Hunter,1,3
5491,Promo Hunter,1,3
5492,Routine Family Provisioner,0,1
5493,Routine Generalist,0,3
5494,Routine Young Parents,0,0
5495,Routine Young Parents,0,0
5496,Routine Generalist,0,3
5498,Routine Young Parents,0,0
5501,Routine Generalist,0,3
5503,Routine Young Parents,0,0
5504,Routine Young Parents,0,0
5505,Engaged Generalist,2,3
5506,Promo Hunter,1,3
5507,Engaged Generalist,2,3
5508,Promo Hunter,1,3
5511,Routine Young Parents,0,0
5512,Engaged Generalist,2,3
5513,Routine Family Provisioner,0,1
5514,Routine Generalist,0,3
5515,Routine Tech,0,2
5516,Routine Generalist,0,3
5517,Promo Hunter,1,3
5518,Promo Hunter,1,3
5519,Engaged Generalist,2,3
5520,Promo Hunter,1,3
5521,Routine Young Parents,0,0
5523,Promo Hunter,1,3
5524,Routine Young Parents,0,0
5525,Promo Hunter,1,1
5526,Engaged Generalist,2,3
5528,Promo Hunter,1,3
5529,Engaged Generalist,2,3
5531,Routine Generalist,0,3
5532,Routine Tech,0,2
5534,Engaged Generalist,2,3
5535,Routine Generalist,0,3
5536,Routine Young Parents,0,0
5537,Engaged Generalist,2,3
5538,Engaged Family Provisioner,2,1
5539,Routine Family Provisioner,0,1
5540,Routine Generalist,0,3
5541,Engaged Generalist,2,3
5543,Engaged Generalist,2,3
5544,Routine Tech,0,2
5545,Routine Generalist,0,3
5546,Routine Tech,0,2
5549,Routine Generalist,0,3
5550,Engaged Generalist,2,3
5551,Routine Family Provisioner,0,1
5552,Engaged Generalist,2,3
5553,Engaged Generalist,2,3
5554,Promo Hunter,1,3
5555,Engaged Generalist,2,3
5556,Routine Generalist,0,3
5557,Routine Generalist,0,3
5559,Routine Generalist,0,3
5560,Engaged Generalist,2,3
5561,Promo Hunter,1,1
5562,Engaged Generalist,2,3
5563,Promo Hunter,1,3
5564,Routine Young Parents,0,0
5565,Routine Tech,0,2
5566,Routine Generalist,0,3
5567,Promo Hunter,1,3
5568,Engaged Generalist,2,3
5569,Routine Tech,0,2
5570,Engaged Generalist,2,3
5571,Promo Hunter,1,3
5572,Routine Generalist,0,3
5573,Routine Young Parents,0,0
5574,Engaged Family Provisioner,2,1
5576,Engaged Generalist,2,3
5577,Engaged Generalist,2,3
5579,Routine Young Parents,0,0
5580,Promo Hunter,1,3
5581,Engaged Generalist,2,0
5582,Routine Young Parents,0,0
5583,Engaged Generalist,2,3
5584,Routine Generalist,0,3
5585,Routine Tech,0,2
5587,Engaged Generalist,2,3
5588,Engaged Generalist,2,3
5589,Routine Young Parents,0,0
5590,Routine Tech,0,2
5591,Promo Hunter,1,3
5592,Routine Generalist,0,3
5596,Engaged Generalist,2,3
5597,Routine Young Parents,0,0
5598,Engaged Generalist,2,3
5599,Promo Hunter,1,3
5600,Routine Generalist,0,3
5601,Routine Young Parents,0,0
5602,Engaged Generalist,2,3
5603,Routine Tech,0,2
5604,Engaged Generalist,2,2
5605,Routine Generalist,0,3
5606,Engaged Generalist,2,3
5607,Routine Tech,0,2
5608,Engaged Family Provisioner,2,1
5609,Routine Generalist,0,3
5610,Engaged Generalist,2,3
5611,Engaged Generalist,2,3
5612,Routine Tech,0,2
5613,Routine Tech,0,2
5614,Engaged Generalist,2,3
5615,Promo Hunter,1,3
5616,Engaged Generalist,2,3
5617,Engaged Generalist,2,3
5618,Routine Young Parents,0,0
5619,Engaged Generalist,2,3
5620,Engaged Generalist,2,3
5621,Promo Hunter,1,3
5623,Routine Young Parents,0,0
5624,Routine Generalist,0,3
5625,Promo Hunter,1,3
5626,Routine Family Provisioner,0,1
5627,Engaged Generalist,2,3
5628,Promo Hunter,1,1
5629,Engaged Generalist,2,3
5630,Routine Young Parents,0,0
5631,Routine Young Parents,0,0
5632,Engaged Generalist,2,2
5633,Routine Family Provisioner,0,1
5634,Routine Generalist,0,3
5635,Promo Hunter,1,3
5636,Promo Hunter,1,3
5637,Promo Hunter,1,3
5639,Promo Hunter,1,1
5640,Routine Tech,0,2
5641,Routine Generalist,0,3
5642,Engaged Generalist,2,3
5643,Routine Generalist,0,3
5645,Engaged Generalist,2,3
5646,Engaged Generalist,2,3
5647,Routine Generalist,0,3
5648,Engaged Generalist,2,3
5649,Promo Hunter,1,0
5651,Promo Hunter,1,3
5652,Routine Young Parents,0,0
5653,Routine Generalist,0,3
5654,Engaged Generalist,2,3
5655,Promo Hunter,1,3
5656,Engaged Generalist,2,3
5657,Routine Family Provisioner,0,1
5658,Routine Generalist,0,3
5659,Routine Young Parents,0,0
5660,Promo Hunter,1,3
5661,Routine Generalist,0,3
5662,Promo Hunter,1,3
5663,Routine Young Parents,0,0
5664,Routine Tech,0,2
5665,Promo Hunter,1,1
5666,Routine Young Parents,0,0
5667,Engaged Generalist,2,3
5668,Routine Generalist,0,3
5669,Routine Young Parents,0,0
5670,Routine Generalist,0,3
5672,Promo Hunter,1,1
5673,Promo Hunter,1,3
5674,Promo Hunter,1,1
5675,Promo Hunter,1,3
5678,Routine Generalist,0,3
5679,Engaged Generalist,2,3
5680,Engaged Generalist,2,3
5681,Routine Generalist,0,3
5682,Promo Hunter,1,3
5683,Engaged Generalist,2,3
5685,Engaged Generalist,2,3
5686,Promo Hunter,1,3
5687,Routine Tech,0,2
5689,Engaged Generalist,2,3
5690,Promo Hunter,1,3
5691,Promo Hunter,1,1
5692,Routine Family Provisioner,0,1
5693,Routine Young Parents,0,0
5696,Promo Hunter,1,3
5697,Engaged Generalist,2,3
5699,Routine Generalist,0,3
5700,Promo Hunter,1,3
5701,Routine Generalist,0,3
5703,Engaged Generalist,2,3
5704,Routine Generalist,0,3
5705,Promo Hunter,1,1
5706,Engaged Generalist,2,3
5707,Promo Hunter,1,3
5709,Routine Family Provisioner,0,1
5710,Engaged Generalist,2,3
5711,Routine Generalist,0,3
5712,Routine Generalist,0,3
5713,Engaged Generalist,2,3
5714,Engaged Generalist,2,3
5715,Promo Hunter,1,3
5716,Routine Tech,0,2
5717,Routine Generalist,0,3
5718,Promo Hunter,1,3
5719,Engaged Generalist,2,3
5721,Promo Hunter,1,3
5723,Routine Family Provisioner,0,1
5724,Promo Hunter,1,3
5725,Routine Generalist,0,3
5727,Routine Generalist,0,3
5729,Engaged Generalist,2,3
5730,Routine Young Parents,0,0
5731,Engaged Generalist,2,3
5732,Routine Young Parents,0,0
5733,Routine Young Parents,0,0
5734,Engaged Generalist,2,3
5735,Promo Hunter,1,3
5736,Promo Hunter,1,1
5737,Routine Tech,0,2
5739,Routine Young Parents,0,0
5740,Promo Hunter,1,2
5741,Routine Generalist,0,3
5742,Routine Generalist,0,3
5744,Routine Generalist,0,3
5746,Routine Generalist,0,3
5747,Routine Tech,0,2
5748,Routine Generalist,0,3
5749,Routine Generalist,0,3
5750,Engaged Generalist,2,3
5751,Engaged Generalist,2,3
5752,Routine Generalist,0,3
5753,Routine Young Parents,0,0
5754,Routine Generalist,0,3
5755,Routine Generalist,0,3
5756,Promo Hunter,1,3
5757,Engaged Generalist,2,2
5758,Engaged Generalist,2,3
5759,Routine Generalist,0,3
5760,Routine Young Parents,0,0
5762,Promo Hunter,1,2
5765,Routine Young Parents,0,0
5766,Routine Generalist,0,3
5767,Engaged Generalist,2,3
5768,Engaged Generalist,2,3
5769,Engaged Generalist,2,3
5770,Routine Generalist,0,3
5771,Engaged Generalist,2,3
5772,Routine Generalist,0,3
5774,Promo Hunter,1,1
5775,Routine Tech,0,2
5776,Routine Young Parents,0,0
5777,Routine Generalist,0,3
5778,Engaged Generalist,2,3
5780,Engaged Generalist,2,3
5782,Engaged Generalist,2,3
5783,Engaged Generalist,2,3
5784,Engaged Generalist,2,3
5785,Routine Generalist,0,3
5786,Routine Tech,0,2
5787,Engaged Generalist,2,3
5788,Engaged Generalist,2,3
5789,Routine Generalist,0,3
5790,Promo Hunter,1,2
5792,Engaged Generalist,2,3
5793,Promo Hunter,1,1
5794,Routine Young Parents,0,0
5795,Routine Generalist,0,3
5797,Promo Hunter,1,3
5799,Routine Tech,0,2
5800,Routine Tech,0,2
5801,Routine Generalist,0,3
5802,Routine Generalist,0,3
5803,Promo Hunter,1,3
5804,Routine Young Parents,0,0
5805,Engaged Generalist,2,0
5806,Routine Tech,0,2
5807,Promo Hunter,1,0
5808,Routine Family Provisioner,0,1
5809,Promo Hunter,1,3
5810,Engaged Generalist,2,3
5811,Promo Hunter,1,3
5814,Routine Tech,0,2
5815,Engaged Generalist,2,3
5817,Routine Generalist,0,3
5818,Routine Generalist,0,3
5819,Routine Generalist,0,3
5820,Engaged Generalist,2,3
5821,Routine Generalist,0,3
5822,Promo Hunter,1,3
5824,Routine Tech,0,2
5825,Routine Generalist,0,3
5826,Routine Young Parents,0,0
5827,Promo Hunter,1,3
5828,Engaged Generalist,2,3
5829,Routine Generalist,0,3
5830,Routine Young Parents,0,0
5833,Engaged Generalist,2,3
5834,Routine Tech,0,2
5835,Routine Young Parents,0,0
5836,Engaged Generalist,2,3
5837,Engaged Generalist,2,3
5838,Promo Hunter,1,1
5839,Routine Young Parents,0,0
5840,Routine Young Parents,0,0
5841,Routine Generalist,0,3
5845,Routine Young Parents,0,0
5846,Promo Hunter,1,3
5847,Promo Hunter,1,3
5848,Promo Hunter,1,3
5849,Engaged Generalist,2,3
5850,Engaged Generalist,2,3
5851,Routine Young Parents,0,0
5852,Engaged Generalist,2,3
5853,Routine Generalist,0,3
5854,Routine Generalist,0,3
5857,Promo Hunter,1,3
5858,Promo Hunter,1,3
5860,Engaged Generalist,2,3
5861,Engaged Generalist,2,3
5862,Engaged Generalist,2,3
5863,Promo Hunter,1,3
5864,Routine Young Parents,0,0
5865,Promo Hunter,1,3
5866,Promo Hunter,1,1
5867,Routine Young Parents,0,0
5868,Routine Tech,0,2
5869,Routine Tech,0,2
5870,Routine Tech,0,2
5871,Promo Hunter,1,3
5872,Promo Hunter,1,1
5874,Routine Generalist,0,3
5875,Routine Tech,0,2
5876,Engaged Generalist,2,3
5877,Promo Hunter,1,3
5878,Routine Generalist,0,3
5879,Engaged Generalist,2,3
5880,Promo Hunter,1,1
5881,Routine Generalist,0,3
5882,Routine Young Parents,0,0
5883,Routine Tech,0,2
5884,Routine Young Parents,0,0
5885,Routine Young Parents,0,0
5886,Promo Hunter,1,3
5887,Routine Generalist,0,3
5888,Routine Generalist,0,3
5889,Routine Young Parents,0,0
5891,Routine Generalist,0,3
5892,Engaged Family Provisioner,2,1
5893,Routine Generalist,0,3
5895,Engaged Generalist,2,3
5896,Routine Family Provisioner,0,1
5897,Routine Generalist,0,3
5898,Engaged Generalist,2,3
5901,Engaged Generalist,2,2
5902,Engaged Generalist,2,3
5903,Promo Hunter,1,3
5904,Promo Hunter,1,1
5905,Engaged Generalist,2,3
5906,Engaged Generalist,2,3
5908,Routine Young Parents,0,0
5909,Routine Tech,0,2
5910,Promo Hunter,1,3
5911,Routine Tech,0,2
5912,Routine Tech,0,2
5913,Promo Hunter,1,3
5914,Engaged Generalist,2,3
5915,Engaged Generalist,2,3
5916,Routine Tech,0,2
5918,Routine Generalist,0,3
5920,Routine Generalist,0,3
5921,Engaged Generalist,2,3
5922,Routine Young Parents,0,0
5923,Promo Hunter,1,3
5924,Promo Hunter,1,3
5926,Engaged Generalist,2,3
5927,Engaged Generalist,2,3
5928,Engaged Generalist,2,3
5929,Routine Generalist,0,3
5932,Routine Generalist,0,3
5933,Engaged Generalist,2,3
5934,Promo Hunter,1,1
5936,Routine Generalist,0,3
5937,Engaged Generalist,2,3
5938,Routine Young Parents,0,0
5939,Routine Tech,0,2
5941,Routine Generalist,0,3
5942,Routine Generalist,0,3
5943,Routine Generalist,0,3
5944,Engaged Generalist,2,3
5945,Engaged Generalist,2,3
5946,Routine Generalist,0,3
5947,Engaged Generalist,2,3
5948,Promo Hunter,1,3
5949,Routine Generalist,0,3
5950,Routine Young Parents,0,0
5952,Engaged Generalist,2,3
5953,Promo Hunter,1,3
5954,Routine Generalist,0,3
5955,Promo Hunter,1,1
5956,Routine Generalist,0,3
5957,Engaged Generalist,2,3
5958,Routine Young Parents,0,0
5960,Routine Young Parents,0,0
5961,Routine Young Parents,0,0
5962,Engaged Generalist,2,3
5963,Engaged Generalist,2,3
5964,Promo Hunter,1,1
5965,Routine Young Parents,0,0
5966,Routine Young Parents,0,0
5968,Engaged Generalist,2,3
5969,Routine Young Parents,0,0
5970,Routine Generalist,0,3
5971,Routine Tech,0,2
5972,Promo Hunter,1,3
5973,Engaged Generalist,2,3
5974,Promo Hunter,1,3
5976,Engaged Generalist,2,3
5977,Routine Family Provisioner,0,1
5978,Routine Generalist,0,3
5979,Routine Generalist,0,3
5980,Engaged Generalist,2,3
5981,Engaged Generalist,2,3
5982,Routine Generalist,0,3
5983,Engaged Generalist,2,3
5985,Routine Tech,0,2
5986,Engaged Generalist,2,3
5987,Engaged Generalist,2,3
5988,Engaged Generalist,2,3
5989,Routine Generalist,0,3
5990,Routine Generalist,0,3
5991,Routine Family Provisioner,0,1
5992,Promo Hunter,1,3
5994,Routine Young Parents,0,0
5995,Routine Tech,0,2
5996,Promo Hunter,1,3
5997,Routine Young Parents,0,0
5998,Routine Young Parents,0,0
5999,Routine Generalist,0,3
6000,Engaged Generalist,2,3
6001,Routine Young Parents,0,0
6002,Promo Hunter,1,3
6003,Routine Tech,0,2
6004,Routine Young Parents,0,0
6005,Routine Family Provisioner,0,1
6006,Routine Generalist,0,3
6007,Routine Young Parents,0,0
6008,Routine Generalist,0,3
6009,Routine Generalist,0,3
6010,Engaged Generalist,2,3
6011,Routine Young Parents,0,0
6012,Engaged Generalist,2,3
6013,Routine Tech,0,2
6014,Routine Generalist,0,3
6015,Engaged Generalist,2,3
6017,Routine Tech,0,2
6018,Engaged Generalist,2,2
6020,Engaged Generalist,2,3
6021,Promo Hunter,1,1
6022,Routine Generalist,0,3
6023,Routine Tech,0,2
6024,Promo Hunter,1,3
6025,Routine Family Provisioner,0,1
6026,Routine Generalist,0,3
6027,Routine Tech,0,2
6028,Routine Generalist,0,3
6029,Routine Generalist,0,3
6030,Engaged Generalist,2,3
6031,Routine Tech,0,2
6033,Routine Generalist,0,3
6034,Routine Tech,0,2
6035,Promo Hunter,1,3
6036,Promo Hunter,1,3
6039,Promo Hunter,1,3
6040,Routine Generalist,0,3
6041,Routine Tech,0,2
6043,Promo Hunter,1,3
6044,Routine Generalist,0,3
6045,Promo Hunter,1,0
6046,Routine Generalist,0,3
6047,Engaged Generalist,2,3
6048,Engaged Generalist,2,3
6049,Promo Hunter,1,3
6050,Engaged Generalist,2,3
6051,Engaged Generalist,2,3
6052,Routine Generalist,0,3
6054,Promo Hunter,1,1
6056,Routine Young Parents,0,0
6057,Routine Young Parents,0,0
6058,Routine Tech,0,2
6059,Routine Generalist,0,3
6060,Engaged Generalist,2,0
6061,Routine Generalist,0,3
6062,Routine Tech,0,2
6063,Engaged Generalist,2,3
6065,Engaged Generalist,2,3
6066,Routine Generalist,0,3
6068,Engaged Generalist,2,3
6070,Routine Generalist,0,3
6071,Routine Generalist,0,3
6072,Routine Tech,0,2
6073,Routine Generalist,0,3
6074,Engaged Generalist,2,3
6075,Promo Hunter,1,3
6076,Engaged Generalist,2,3
6077,Promo Hunter,1,1
6078,Routine Generalist,0,3
6079,Promo Hunter,1,3
6080,Routine Generalist,0,3
6081,Promo Hunter,1,3
6082,Routine Generalist,0,3
6083,Routine Young Parents,0,0
6084,Engaged Generalist,2,3
6085,Routine Tech,0,2
6086,Promo Hunter,1,2
6087,Promo Hunter,1,3
6088,Engaged Generalist,2,3
6089,Routine Generalist,0,3
6091,Routine Generalist,0,3
6092,Routine Generalist,0,3
6094,Engaged Generalist,2,3
6095,Engaged Generalist,2,3
6097,Engaged Generalist,2,3
6098,Engaged Generalist,2,3
6099,Promo Hunter,1,3
6100,Routine Generalist,0,3
6101,Routine Generalist,0,3
6102,Routine Young Parents,0,0
6103,Routine Tech,0,2
6105,Routine Generalist,0,3
6106,Promo Hunter,1,3
6107,Engaged Generalist,2,3
6108,Promo Hunter,1,3
6109,Engaged Generalist,2,3
6110,Routine Young Parents,0,0
6111,Engaged Generalist,2,3
6112,Routine Generalist,0,3
6113,Engaged Generalist,2,3
6114,Routine Young Parents,0,0
6115,Routine Generalist,0,3
6116,Routine Generalist,0,3
6117,Promo Hunter,1,3
6118,Routine Young Parents,0,0
6119,Routine Young Parents,0,0
6120,Routine Generalist,0,3
6121,Routine Young Parents,0,0
6122,Promo Hunter,1,3
6123,Routine Generalist,0,3
6124,Routine Generalist,0,3
6125,Routine Generalist,0,3
6126,Promo Hunter,1,1
6127,Routine Young Parents,0,0
6128,Routine Young Parents,0,0
6129,Promo Hunter,1,3
6130,Engaged Generalist,2,3
6131,Engaged Generalist,2,3
6132,Promo Hunter,1,3
6134,Engaged Generalist,2,3
6135,Promo Hunter,1,3
6136,Routine Generalist,0,3
6137,Promo Hunter,1,3
6139,Routine Young Parents,0,0
6140,Routine Young Parents,0,0
6141,Promo Hunter,1,3
6142,Routine Generalist,0,3
6143,Engaged Family Provisioner,2,1
6144,Routine Generalist,0,3
6145,Routine Generalist,0,3
6146,Engaged Generalist,2,3
6147,Routine Generalist,0,3
6148,Engaged Generalist,2,3
6149,Engaged Generalist,2,3
6151,Routine Tech,0,2
6153,Promo Hunter,1,3
6154,Routine Tech,0,2
6155,Promo Hunter,1,3
6156,Routine Young Parents,0,0
6158,Routine Young Parents,0,0
6159,Promo Hunter,1,3
6160,Engaged Generalist,2,3
6161,Promo Hunter,1,3
6162,Routine Young Parents,0,0
6163,Engaged Generalist,2,3
6164,Engaged Generalist,2,3
6165,Routine Generalist,0,3
6166,Promo Hunter,1,3
6168,Routine Tech,0,2
6169,Promo Hunter,1,1
6170,Engaged Generalist,2,3
6171,Routine Tech,0,2
6172,Promo Hunter,1,1
6175,Routine Generalist,0,3
6176,Routine Young Parents,0,0
6179,Routine Family Provisioner,0,1
6180,Routine Young Parents,0,0
6181,Engaged Generalist,2,3
6182,Promo Hunter,1,3
6183,Routine Family Provisioner,0,1
6184,Engaged Family Provisioner,2,1
6185,Routine Generalist,0,3
6186,Routine Young Parents,0,0
6187,Routine Generalist,0,3
6188,Engaged Generalist,2,3
6190,Promo Hunter,1,3
6191,Routine Generalist,0,3
6193,Engaged Generalist,2,3
6194,Engaged Generalist,2,3
6195,Engaged Generalist,2,3
6196,Engaged Generalist,2,3
6198,Routine Tech,0,2
6199,Routine Generalist,0,3
6200,Routine Young Parents,0,0
6201,Promo Hunter,1,3
6202,Promo Hunter,1,3
6203,Promo Hunter,1,3
6204,Engaged Family Provisioner,2,1
6205,Promo Hunter,1,1
6206,Routine Generalist,0,3
6207,Routine Young Parents,0,0
6208,Engaged Generalist,2,3
6209,Routine Family Provisioner,0,1
6210,Engaged Generalist,2,3
6211,Engaged Generalist,2,3
6212,Routine Generalist,0,3
6213,Promo Hunter,1,3
6214,Routine Tech,0,2
6215,Promo Hunter,1,3
6217,Routine Young Parents,0,0
6218,Engaged Generalist,2,3
6219,Routine Generalist,0,3
6220,Routine Generalist,0,3
6221,Promo Hunter,1,3
6222,Routine Generalist,0,3
6226,Engaged Generalist,2,3
6227,Promo Hunter,1,3
6228,Routine Young Parents,0,0
6229,Routine Generalist,0,3
6230,Routine Young Parents,0,0
6231,Promo Hunter,1,3
6233,Promo Hunter,1,3
6234,Routine Young Parents,0,0
6235,Promo Hunter,1,3
6236,Routine Tech,0,2
6238,Engaged Generalist,2,3
6241,Engaged Generalist,2,3
6242,Routine Generalist,0,3
6243,Routine Tech,0,2
6244,Promo Hunter,1,1
6245,Engaged Generalist,2,3
6247,Routine Young Parents,0,0
6248,Promo Hunter,1,3
6249,Promo Hunter,1,3
6250,Promo Hunter,1,1
6251,Engaged Generalist,2,3
6253,Routine Tech,0,2
6254,Routine Tech,0,2
6255,Routine Tech,0,2
6256,Engaged Generalist,2,3
6257,Engaged Generalist,2,3
6258,Promo Hunter,1,0
6259,Routine Young Parents,0,0
6260,Promo Hunter,1,3
6261,Engaged Generalist,2,3
6263,Engaged Generalist,2,3
6264,Routine Young Parents,0,0
6265,Engaged Generalist,2,3
6266,Engaged Generalist,2,3
6267,Routine Young Parents,0,0
6268,Routine Tech,0,2
6269,Promo Hunter,1,3
6270,Routine Generalist,0,3
6272,Routine Generalist,0,3
6274,Promo Hunter,1,3
6275,Routine Generalist,0,3
6276,Routine Tech,0,2
6277,Engaged Generalist,2,3
6278,Promo Hunter,1,3
6279,Routine Generalist,0,3
6280,Engaged Generalist,2,3
6281,Routine Young Parents,0,0
6282,Promo Hunter,1,3
6283,Engaged Generalist,2,3
6284,Routine Tech,0,2
6285,Promo Hunter,1,3
6286,Routine Generalist,0,3
6287,Promo Hunter,1,3
6288,Engaged Generalist,2,3
6289,Engaged Generalist,2,3
6290,Routine Young Parents,0,0
6292,Engaged Generalist,2,3
6293,Routine Tech,0,2
6294,Promo Hunter,1,3
6295,Promo Hunter,1,3
6296,Engaged Generalist,2,3
6297,Promo Hunter,1,3
6298,Engaged Generalist,2,3
6299,Engaged Generalist,2,3
6300,Routine Generalist,0,3
6301,Promo Hunter,1,3
6302,Engaged Generalist,2,3
6303,Routine Young Parents,0,0
6305,Routine Tech,0,2
6306,Promo Hunter,1,3
6307,Promo Hunter,1,3
6309,Routine Generalist,0,3
6310,Promo Hunter,1,3
6311,Promo Hunter,1,3
6312,Routine Young Parents,0,0
6314,Routine Tech,0,2
6317,Routine Generalist,0,3
6318,Routine Generalist,0,3
6320,Routine Generalist,0,3
6321,Routine Young Parents,0,0
6322,Routine Generalist,0,3
6323,Engaged Generalist,2,3
6324,Routine Generalist,0,3
6325,Routine Generalist,0,3
6326,Routine Generalist,0,3
6328,Routine Tech,0,2
6329,Engaged Generalist,2,3
6330,Routine Generalist,0,3
6331,Routine Generalist,0,3
6332,Routine Generalist,0,3
6333,Routine Generalist,0,3
6334,Promo Hunter,1,1
6335,Engaged Generalist,2,3
6336,Promo Hunter,1,1
6337,Promo Hunter,1,3
6338,Routine Generalist,0,3
6339,Promo Hunter,1,3
6340,Engaged Generalist,2,3
6341,Routine Generalist,0,3
6342,Routine Tech,0,2
6343,Promo Hunter,1,3
6344,Promo Hunter,1,3
6346,Engaged Generalist,2,3
6348,Promo Hunter,1,3
6349,Routine Generalist,0,3
6351,Routine Generalist,0,3
6352,Engaged Family Provisioner,2,1
6353,Routine Tech,0,2
6355,Routine Young Parents,0,0
6357,Engaged Generalist,2,3
6359,Routine Generalist,0,3
6360,Promo Hunter,1,3
6361,Routine Tech,0,2
6363,Promo Hunter,1,3
6364,Engaged Generalist,2,3
6365,Routine Generalist,0,3
6366,Engaged Generalist,2,3
6369,Routine Young Parents,0,0
6370,Engaged Generalist,2,3
6371,Routine Young Parents,0,0
6372,Routine Generalist,0,3
6373,Routine Generalist,0,3
6375,Engaged Generalist,2,3
6376,Routine Generalist,0,3
6377,Engaged Generalist,2,3
6378,Routine Tech,0,2
6379,Routine Young Parents,0,0
6380,Engaged Generalist,2,3
6381,Routine Generalist,0,3
6382,Engaged Generalist,2,3
6383,Routine Tech,0,2
6384,Promo Hunter,1,1
6385,Routine Generalist,0,3
6386,Routine Tech,0,2
6387,Routine Generalist,0,3
6388,Promo Hunter,1,3
6389,Routine Generalist,0,3
6391,Engaged Generalist,2,3
6393,Engaged Generalist,2,3
6394,Promo Hunter,1,3
6395,Routine Generalist,0,3
6396,Engaged Generalist,2,3
6397,Routine Family Provisioner,0,1
6398,Routine Generalist,0,3
6399,Routine Generalist,0,3
6401,Routine Young Parents,0,0
6402,Engaged Generalist,2,3
6403,Engaged Generalist,2,3
6404,Promo Hunter,1,3
6405,Routine Young Parents,0,0
6406,Promo Hunter,1,3
6407,Routine Tech,0,2
6408,Engaged Generalist,2,3
6410,Engaged Family Provisioner,2,1
6411,Routine Young Parents,0,0
6413,Routine Generalist,0,3
6414,Promo Hunter,1,3
6415,Engaged Generalist,2,3
6419,Routine Generalist,0,3
6420,Engaged Generalist,2,3
6422,Engaged Generalist,2,3
6423,Routine Generalist,0,3
6424,Promo Hunter,1,3
6425,Routine Generalist,0,3
6426,Engaged Generalist,2,3
6428,Routine Tech,0,2
6429,Routine Tech,0,2
6430,Promo Hunter,1,1
6431,Routine Young Parents,0,0
6432,Promo Hunter,1,3
6434,Engaged Generalist,2,3
6435,Promo Hunter,1,3
6436,Engaged Generalist,2,3
6437,Engaged Generalist,2,3
6438,Engaged Generalist,2,3
6439,Routine Tech,0,2
6440,Routine Tech,0,2
6441,Routine Tech,0,2
6442,Engaged Generalist,2,3
6443,Promo Hunter,1,3
6444,Engaged Generalist,2,3
6445,Engaged Generalist,2,3
6446,Promo Hunter,1,3
6447,Routine Generalist,0,3
6448,Engaged Generalist,2,3
6449,Promo Hunter,1,3
6450,Engaged Generalist,2,3
6451,Promo Hunter,1,3
6452,Routine Tech,0,2
6453,Routine Tech,0,2
6454,Routine Tech,0,2
6456,Engaged Generalist,2,3
6457,Routine Young Parents,0,0
6458,Routine Family Provisioner,0,1
6459,Engaged Generalist,2,3
6460,Routine Young Parents,0,0
6461,Routine Young Parents,0,0
6462,Engaged Generalist,2,3
6463,Engaged Generalist,2,3
6464,Engaged Generalist,2,3
6467,Routine Tech,0,2
6468,Engaged Family Provisioner,2,1
6469,Engaged Family Provisioner,2,1
6471,Routine Generalist,0,3
6472,Promo Hunter,1,3
6473,Promo Hunter,1,3
6474,Routine Generalist,0,3
6475,Engaged Generalist,2,3
6476,Routine Young Parents,0,0
6477,Promo Hunter,1,3
6478,Engaged Generalist,2,3
6479,Promo Hunter,1,3
6480,Routine Tech,0,2
6481,Promo Hunter,1,3
6482,Routine Generalist,0,3
6483,Routine Young Parents,0,0
6485,Promo Hunter,1,3
6486,Routine Generalist,0,3
6487,Routine Tech,0,2
6488,Promo Hunter,1,3
6489,Routine Generalist,0,3
6490,Promo Hunter,1,0
6491,Engaged Generalist,2,3
6492,Promo Hunter,1,3
6493,Engaged Generalist,2,3
6494,Engaged Generalist,2,3
6495,Routine Young Parents,0,0
6496,Promo Hunter,1,0
6497,Promo Hunter,1,3
6498,Routine Tech,0,2
6499,Routine Generalist,0,3
6501,Engaged Generalist,2,3
6502,Routine Family Provisioner,0,1
6503,Promo Hunter,1,1
6504,Promo Hunter,1,1
6505,Engaged Generalist,2,3
6506,Routine Family Provisioner,0,1
6508,Promo Hunter,1,3
6509,Engaged Generalist,2,3
6510,Routine Generalist,0,3
6511,Routine Young Parents,0,0
6512,Routine Generalist,0,3
6513,Routine Generalist,0,3
6514,Routine Tech,0,2
6515,Routine Generalist,0,3
6516,Routine Generalist,0,3
6517,Promo Hunter,1,1
6518,Routine Family Provisioner,0,1
6519,Routine Young Parents,0,0
6520,Routine Generalist,0,3
6521,Routine Generalist,0,3
6522,Routine Young Parents,0,0
6523,Engaged Generalist,2,3
6524,Promo Hunter,1,1
6525,Routine Generalist,0,3
6526,Routine Young Parents,0,0
6527,Routine Young Parents,0,0
6529,Routine Young Parents,0,0
6530,Routine Generalist,0,3
6531,Routine Young Parents,0,0
6532,Engaged Generalist,2,3
6534,Routine Generalist,0,3
6535,Routine Young Parents,0,0
6536,Routine Young Parents,0,0
6537,Engaged Generalist,2,3
6538,Engaged Generalist,2,3
6539,Engaged Generalist,2,3
6540,Routine Generalist,0,3
6541,Routine Generalist,0,3
6542,Routine Generalist,0,3
6543,Routine Generalist,0,3
6544,Engaged Generalist,2,3
6545,Engaged Generalist,2,3
6546,Promo Hunter,1,1
6547,Promo Hunter,1,3
6548,Promo Hunter,1,3
6549,Promo Hunter,1,3
6551,Routine Young Parents,0,0
6552,Routine Young Parents,0,0
6553,Engaged Generalist,2,3
6555,Engaged Generalist,2,3
6556,Routine Tech,0,2
6559,Engaged Generalist,2,3
6560,Promo Hunter,1,1
6561,Promo Hunter,1,3
6563,Promo Hunter,1,1
6564,Routine Generalist,0,3
6565,Engaged Generalist,2,3
6567,Routine Generalist,0,3
6568,Promo Hunter,1,3
6569,Routine Generalist,0,3
6570,Routine Young Parents,0,0
6571,Routine Generalist,0,3
6572,Engaged Family Provisioner,2,1
6573,Routine Generalist,0,3
6574,Routine Generalist,0,3
6575,Engaged Generalist,2,3
6576,Engaged Generalist,2,3
6577,Routine Tech,0,2
6578,Routine Generalist,0,3
6579,Routine Generalist,0,3
6580,Routine Tech,0,2
6581,Promo Hunter,1,3
6583,Routine Generalist,0,3
6585,Routine Tech,0,2
6586,Routine Tech,0,2
6587,Routine Young Parents,0,0
6588,Promo Hunter,1,3
6589,Routine Young Parents,0,0
6590,Engaged Generalist,2,3
6591,Engaged Generalist,2,3
6592,Engaged Generalist,2,3
6593,Routine Generalist,0,3
6594,Routine Young Parents,0,0
6596,Routine Young Parents,0,0
6597,Promo Hunter,1,3
6598,Routine Tech,0,2
6599,Engaged Generalist,2,3
6600,Engaged Generalist,2,3
6601,Engaged Generalist,2,3
6602,Promo Hunter,1,3
6603,Routine Generalist,0,3
6604,Engaged Generalist,2,3
6605,Routine Generalist,0,3
6606,Routine Young Parents,0,0
6607,Routine Young Parents,0,0
6608,Engaged Generalist,2,3
6610,Routine Young Parents,0,0
6611,Routine Young Parents,0,0
6612,Routine Generalist,0,3
6613,Routine Generalist,0,3
6615,Routine Young Parents,0,0
6617,Promo Hunter,1,1
6619,Routine Generalist,0,3
6621,Routine Generalist,0,3
6622,Routine Generalist,0,3
6623,Routine Generalist,0,3
6624,Engaged Family Provisioner,2,1
6625,Engaged Generalist,2,3
6626,Routine Generalist,0,3
6627,Promo Hunter,1,3
6628,Engaged Generalist,2,3
6629,Routine Tech,0,2
6630,Engaged Generalist,2,3
6631,Routine Young Parents,0,0
6632,Routine Generalist,0,3
6633,Routine Tech,0,2
6634,Routine Generalist,0,3
6635,Routine Young Parents,0,0
6636,Engaged Generalist,2,3
6639,Routine Tech,0,2
6640,Routine Tech,0,2
6641,Routine Generalist,0,3
6642,Routine Young Parents,0,0
6643,Routine Young Parents,0,0
6644,Engaged Generalist,2,3
6645,Engaged Generalist,2,3
6646,Routine Young Parents,0,0
6648,Routine Generalist,0,3
6649,Promo Hunter,1,3
6650,Engaged Generalist,2,3
6654,Routine Generalist,0,3
6656,Engaged Generalist,2,3
6657,Engaged Generalist,2,3
6658,Engaged Generalist,2,3
6659,Routine Generalist,0,3
6660,Promo Hunter,1,3
6662,Engaged Generalist,2,3
6663,Engaged Generalist,2,3
6664,Routine Family Provisioner,0,1
6665,Routine Family Provisioner,0,1
6666,Promo Hunter,1,3
6667,Promo Hunter,1,3
6668,Engaged Generalist,2,3
6670,Engaged Generalist,2,3
6672,Promo Hunter,1,3
6673,Engaged Generalist,2,0
6674,Engaged Generalist,2,3
6675,Routine Generalist,0,3
6676,Routine Young Parents,0,0
6677,Routine Generalist,0,3
6678,Routine Generalist,0,3
6680,Engaged Generalist,2,3
6681,Routine Generalist,0,3
6682,Engaged Generalist,2,3
6683,Routine Family Provisioner,0,1
6684,Routine Young Parents,0,0
6685,Routine Tech,0,2
6686,Promo Hunter,1,3
6687,Routine Tech,0,2
6689,Promo Hunter,1,3
6690,Routine Generalist,0,3
6692,Routine Generalist,0,3
6694,Engaged Generalist,2,3
6695,Routine Tech,0,2
6697,Engaged Generalist,2,3
6698,Routine Young Parents,0,0
6699,Promo Hunter,1,1
6701,Engaged Generalist,2,3
6702,Engaged Generalist,2,3
6703,Routine Generalist,0,3
6704,Engaged Generalist,2,3
6705,Routine Generalist,0,3
6708,Routine Generalist,0,3
6709,Engaged Generalist,2,3
6711,Routine Generalist,0,3
6712,Engaged Generalist,2,3
6713,Promo Hunter,1,3
6714,Routine Generalist,0,3
6715,Promo Hunter,1,1
6716,Engaged Generalist,2,3
6717,Promo Hunter,1,3
6718,Promo Hunter,1,3
6720,Routine Generalist,0,3
6722,Routine Generalist,0,3
6723,Routine Young Parents,0,0
6724,Routine Generalist,0,3
6725,Engaged Generalist,2,3
6726,Engaged Generalist,2,3
6727,Engaged Generalist,2,3
6728,Routine Young Parents,0,0
6729,Promo Hunter,1,3
6730,Routine Tech,0,2
6732,Engaged Generalist,2,3
6733,Routine Tech,0,2
6736,Routine Tech,0,2
6737,Engaged Generalist,2,3
6738,Engaged Generalist,2,3
6739,Engaged Generalist,2,2
6740,Engaged Generalist,2,3
6741,Routine Generalist,0,3
6742,Promo Hunter,1,3
6743,Routine Generalist,0,3
6744,Routine Generalist,0,3
6745,Routine Generalist,0,3
6746,Engaged Generalist,2,3
6748,Engaged Generalist,2,3
6749,Routine Young Parents,0,0
6752,Engaged Family Provisioner,2,1
6754,Routine Generalist,0,3
6755,Routine Generalist,0,3
6756,Promo Hunter,1,3
6757,Routine Generalist,0,3
6758,Routine Generalist,0,3
6759,Engaged Generalist,2,3
6760,Routine Tech,0,2
6761,Routine Generalist,0,3
6762,Routine Tech,0,2
6763,Routine Generalist,0,3
6764,Routine Generalist,0,3
6765,Routine Young Parents,0,0
6766,Engaged Generalist,2,3
6768,Engaged Generalist,2,3
6769,Promo Hunter,1,3
6770,Routine Young Parents,0,0
6772,Routine Young Parents,0,0
6773,Routine Generalist,0,3
6774,Promo Hunter,1,3
6775,Engaged Generalist,2,3
6777,Engaged Generalist,2,3
6778,Engaged Generalist,2,3
6779,Routine Family Provisioner,0,1
6780,Routine Tech,0,2
6781,Promo Hunter,1,3
6782,Promo Hunter,1,3
6783,Engaged Generalist,2,3
6784,Routine Young Parents,0,0
6785,Engaged Generalist,2,3
6786,Routine Young Parents,0,0
6787,Engaged Family Provisioner,2,1
6788,Engaged Generalist,2,3
6789,Engaged Generalist,2,3
6790,Routine Generalist,0,3
6791,Engaged Generalist,2,3
6792,Routine Young Parents,0,0
6793,Engaged Generalist,2,3
6794,Routine Tech,0,2
6795,Routine Tech,0,2
6796,Routine Generalist,0,3
6797,Promo Hunter,1,3
6799,Promo Hunter,1,3
6800,Routine Young Parents,0,0
6801,Promo Hunter,1,1
6802,Engaged Generalist,2,3
6804,Engaged Generalist,2,3
6805,Routine Generalist,0,3
6806,Routine Generalist,0,3
6808,Promo Hunter,1,3
6809,Routine Generalist,0,3
6811,Engaged Generalist,2,3
6812,Promo Hunter,1,3
6813,Routine Young Parents,0,0
6814,Engaged Generalist,2,3
6815,Routine Generalist,0,3
6816,Routine Young Parents,0,0
6817,Routine Generalist,0,3
6818,Engaged Generalist,2,3
6819,Engaged Generalist,2,3
6820,Routine Tech,0,2
6822,Routine Generalist,0,3
6824,Engaged Generalist,2,3
6825,Routine Generalist,0,3
6827,Engaged Generalist,2,3
6829,Routine Young Parents,0,0
6830,Routine Young Parents,0,0
6831,Routine Generalist,0,3
6832,Promo Hunter,1,3
6833,Promo Hunter,1,0
6834,Routine Generalist,0,3
6835,Engaged Generalist,2,3
6836,Engaged Generalist,2,3
6837,Routine Young Parents,0,0
6838,Promo Hunter,1,1
6839,Promo Hunter,1,0
6840,Promo Hunter,1,3
6842,Routine Generalist,0,3
6843,Engaged Generalist,2,3
6844,Routine Tech,0,2
6845,Engaged Generalist,2,3
6846,Promo Hunter,1,3
6848,Routine Young Parents,0,0
6849,Engaged Family Provisioner,2,1
6851,Engaged Generalist,2,3
6852,Routine Tech,0,2
6853,Routine Generalist,0,3
6854,Routine Tech,0,2
6856,Routine Tech,0,2
6858,Engaged Generalist,2,3
6859,Engaged Generalist,2,3
6860,Routine Generalist,0,3
6861,Routine Generalist,0,3
6862,Routine Tech,0,2
6863,Promo Hunter,1,3
6865,Routine Generalist,0,3
6866,Routine Young Parents,0,0
6867,Routine Generalist,0,3
6868,Routine Young Parents,0,0
6869,Engaged Family Provisioner,2,1
6871,Engaged Generalist,2,3
6872,Promo Hunter,1,3
6873,Engaged Generalist,2,3
6874,Engaged Generalist,2,3
6875,Routine Young Parents,0,0
6876,Routine Young Parents,0,0
6877,Routine Generalist,0,3
6879,Routine Generalist,0,3
6880,Routine Generalist,0,3
6881,Engaged Generalist,2,3
6882,Engaged Generalist,2,3
6883,Routine Generalist,0,3
6884,Routine Generalist,0,3
6885,Routine Generalist,0,3
6887,Routine Generalist,0,3
6888,Routine Tech,0,2
6889,Promo Hunter,1,1
6890,Engaged Generalist,2,3
6891,Routine Young Parents,0,0
6893,Promo Hunter,1,3
6894,Routine Young Parents,0,0
6895,Routine Generalist,0,3
6896,Engaged Family Provisioner,2,1
6898,Engaged Generalist,2,3
6899,Engaged Family Provisioner,2,1
6900,Engaged Generalist,2,3
6901,Routine Young Parents,0,0
6902,Routine Young Parents,0,0
6903,Routine Generalist,0,3
6904,Engaged Generalist,2,3
6905,Routine Generalist,0,3
6906,Promo Hunter,1,3
6908,Routine Tech,0,2
6909,Routine Young Parents,0,0
6910,Routine Generalist,0,3
6911,Routine Generalist,0,3
6912,Promo Hunter,1,1
6915,Promo Hunter,1,3
6917,Engaged Generalist,2,3
6918,Routine Young Parents,0,0
6919,Promo Hunter,1,3
6920,Routine Tech,0,2
6921,Routine Generalist,0,3
6922,Routine Tech,0,2
6924,Routine Generalist,0,3
6925,Promo Hunter,1,3
6926,Routine Tech,0,2
6927,Engaged Generalist,2,3
6928,Routine Tech,0,2
6929,Routine Generalist,0,3
6930,Routine Family Provisioner,0,1
6931,Routine Young Parents,0,0
6932,Promo Hunter,1,3
6933,Routine Generalist,0,3
6934,Routine Generalist,0,3
6935,Routine Tech,0,2
6936,Engaged Generalist,2,3
6937,Routine Generalist,0,3
6938,Engaged Generalist,2,3
6939,Routine Generalist,0,3
6941,Routine Young Parents,0,0
6942,Engaged Generalist,2,3
6944,Routine Generalist,0,3
6945,Routine Young Parents,0,0
6946,Routine Tech,0,2
6947,Routine Generalist,0,3
6948,Engaged Generalist,2,3
6949,Promo Hunter,1,3
6950,Engaged Generalist,2,3
6951,Routine Young Parents,0,0
6952,Promo Hunter,1,3
6953,Routine Young Parents,0,0
6954,Engaged Generalist,2,3
6955,Routine Generalist,0,3
6957,Engaged Generalist,2,3
6958,Routine Young Parents,0,0
6959,Promo Hunter,1,3
6961,Routine Generalist,0,3
6962,Engaged Generalist,2,3
6965,Promo Hunter,1,1
6966,Routine Young Parents,0,0
6967,Routine Generalist,0,3
6968,Engaged Generalist,2,3
6969,Engaged Generalist,2,3
6970,Routine Generalist,0,3
6971,Promo Hunter,1,3
6972,Routine Generalist,0,3
6973,Engaged Generalist,2,3
6974,Routine Young Parents,0,0
6975,Promo Hunter,1,3
6976,Engaged Generalist,2,3
6977,Promo Hunter,1,3
6978,Promo Hunter,1,3
6979,Promo Hunter,1,3
6980,Engaged Generalist,2,3
6982,Promo Hunter,1,3
6983,Routine Young Parents,0,0
6984,Routine Young Parents,0,0
6985,Promo Hunter,1,3
6986,Routine Generalist,0,3
6987,Engaged Generalist,2,3
6988,Routine Young Parents,0,0
6989,Routine Generalist,0,3
6990,Routine Generalist,0,3
6991,Engaged Generalist,2,3
6992,Engaged Generalist,2,3
6993,Routine Tech,0,2
6995,Routine Generalist,0,3
6996,Engaged Generalist,2,3
6997,Engaged Generalist,2,3
6998,Engaged Generalist,2,3
6999,Routine Generalist,0,3
7002,Routine Generalist,0,3
7003,Routine Generalist,0,3
7004,Routine Young Parents,0,0
7005,Routine Generalist,0,3
7006,Routine Young Parents,0,0
7007,Routine Tech,0,2
7011,Routine Generalist,0,3
7012,Routine Generalist,0,3
7013,Promo Hunter,1,3
7014,Engaged Generalist,2,3
7016,Routine Tech,0,2
7017,Routine Generalist,0,3
7018,Engaged Generalist,2,3
7019,Engaged Generalist,2,3
7020,Routine Family Provisioner,0,1
7021,Routine Young Parents,0,0
7022,Routine Family Provisioner,0,1
7024,Promo Hunter,1,1
7027,Promo Hunter,1,3
7028,Routine Generalist,0,3
7029,Engaged Generalist,2,3
7030,Routine Generalist,0,3
7031,Engaged Generalist,2,3
7033,Routine Tech,0,2
7034,Promo Hunter,1,3
7035,Engaged Generalist,2,3
7037,Promo Hunter,1,3
7038,Routine Young Parents,0,0
7039,Routine Generalist,0,3
7040,Engaged Generalist,2,3
7041,Routine Generalist,0,3
7042,Routine Tech,0,2
7043,Routine Tech,0,2
7044,Routine Young Parents,0,0
7047,Routine Generalist,0,3
7048,Routine Tech,0,2
7049,Routine Young Parents,0,0
7050,Promo Hunter,1,3
7051,Promo Hunter,1,3
7052,Promo Hunter,1,1
7053,Engaged Generalist,2,3
7056,Promo Hunter,1,1
7057,Promo Hunter,1,3
7058,Promo Hunter,1,3
7060,Routine Generalist,0,3
7061,Routine Tech,0,2
7062,Engaged Generalist,2,3
7063,Routine Generalist,0,3
7064,Engaged Generalist,2,3
7065,Routine Generalist,0,3
7066,Promo Hunter,1,2
7067,Routine Generalist,0,3
7068,Routine Generalist,0,3
7069,Routine Tech,0,2
7071,Routine Generalist,0,3
7072,Promo Hunter,1,3
7073,Routine Generalist,0,3
7074,Promo Hunter,1,1
7075,Promo Hunter,1,3
7076,Promo Hunter,1,3
7078,Routine Generalist,0,3
7079,Promo Hunter,1,3
7081,Promo Hunter,1,3
7082,Routine Young Parents,0,0
7083,Engaged Generalist,2,3
7084,Engaged Family Provisioner,2,1
7085,Engaged Generalist,2,3
7086,Routine Family Provisioner,0,1
7088,Engaged Generalist,2,3
7089,Engaged Generalist,2,3
7090,Routine Generalist,0,3
7091,Engaged Generalist,2,3
7093,Promo Hunter,1,3
7094,Engaged Generalist,2,3
7095,Promo Hunter,1,3
7098,Routine Generalist,0,3
7101,Routine Family Provisioner,0,1
7103,Routine Generalist,0,3
7105,Routine Young Parents,0,0
7106,Engaged Generalist,2,3
7107,Engaged Generalist,2,3
7112,Routine Generalist,0,3
7113,Routine Generalist,0,3
7114,Engaged Generalist,2,3
7115,Routine Young Parents,0,0
7116,Promo Hunter,1,3
7117,Routine Generalist,0,3
7118,Routine Tech,0,2
7119,Routine Generalist,0,3
7120,Routine Generalist,0,3
7121,Promo Hunter,1,3
7122,Promo Hunter,1,3
7123,Routine Generalist,0,3
7124,Engaged Generalist,2,3
7125,Promo Hunter,1,3
7126,Routine Generalist,0,3
7127,Engaged Generalist,2,3
7128,Engaged Generalist,2,3
7129,Routine Young Parents,0,0
7131,Routine Generalist,0,3
7132,Engaged Generalist,2,3
7133,Promo Hunter,1,3
7134,Routine Generalist,0,3
7135,Promo Hunter,1,3
7136,Promo Hunter,1,3
7137,Routine Tech,0,2
7138,Routine Young Parents,0,0
7140,Routine Generalist,0,3
7141,Promo Hunter,1,3
7142,Routine Generalist,0,3
7143,Engaged Generalist,2,3
7144,Engaged Generalist,2,3
7145,Routine Generalist,0,3
7147,Routine Generalist,0,3
7148,Engaged Family Provisioner,2,1
7149,Promo Hunter,1,3
7150,Routine Young Parents,0,0
7151,Promo Hunter,1,3
7153,Engaged Generalist,2,3
7155,Routine Generalist,0,3
7156,Engaged Generalist,2,3
7157,Routine Tech,0,2
7158,Routine Tech,0,2
7159,Routine Young Parents,0,0
7161,Routine Tech,0,2
7163,Engaged Generalist,2,3
7164,Engaged Generalist,2,3
7165,Promo Hunter,1,1
7166,Promo Hunter,1,3
7167,Routine Generalist,0,3
7168,Routine Generalist,0,3
7169,Routine Generalist,0,3
7170,Promo Hunter,1,3
7171,Engaged Generalist,2,3
7172,Routine Generalist,0,3
7173,Promo Hunter,1,3
7174,Routine Tech,0,2
7175,Engaged Generalist,2,3
7176,Promo Hunter,1,1
7177,Routine Family Provisioner,0,1
7178,Engaged Generalist,2,3
7179,Promo Hunter,1,1
7180,Routine Generalist,0,3
7181,Routine Generalist,0,3
7182,Engaged Generalist,2,3
7183,Promo Hunter,1,1
7186,Routine Generalist,0,3
7187,Promo Hunter,1,3
7188,Engaged Generalist,2,3
7190,Routine Young Parents,0,0
7191,Routine Young Parents,0,0
7192,Promo Hunter,1,3
7193,Engaged Family Provisioner,2,1
7196,Routine Young Parents,0,0
7197,Routine Family Provisioner,0,1
7199,Routine Young Parents,0,0
7200,Routine Tech,0,2
7201,Engaged Generalist,2,3
7202,Engaged Generalist,2,3
7203,Engaged Generalist,2,3
7204,Routine Young Parents,0,0
7208,Engaged Generalist,2,3
7209,Promo Hunter,1,3
7211,Routine Young Parents,0,0
7212,Promo Hunter,1,3
7214,Engaged Generalist,2,3
7216,Promo Hunter,1,3
7218,Routine Generalist,0,3
7219,Routine Generalist,0,3
7220,Promo Hunter,1,3
7221,Engaged Generalist,2,3
7222,Routine Generalist,0,3
7223,Routine Tech,0,2
7224,Routine Generalist,0,3
7225,Routine Generalist,0,3
7226,Routine Generalist,0,3
7228,Promo Hunter,1,3
7229,Routine Generalist,0,3
7230,Promo Hunter,1,3
7231,Engaged Generalist,2,3
7232,Engaged Generalist,2,3
7233,Routine Young Parents,0,0
7234,Routine Tech,0,2
7237,Promo Hunter,1,3
7239,Routine Family Provisioner,0,1
7240,Routine Generalist,0,3
7241,Routine Young Parents,0,0
7242,Engaged Generalist,2,3
7243,Engaged Generalist,2,3
7244,Routine Generalist,0,3
7245,Routine Generalist,0,3
7246,Routine Generalist,0,3
7247,Promo Hunter,1,3
7248,Promo Hunter,1,3
7249,Routine Generalist,0,3
7252,Routine Generalist,0,3
7253,Engaged Generalist,2,3
7255,Routine Tech,0,2
7256,Engaged Generalist,2,3
7257,Routine Generalist,0,3
7258,Promo Hunter,1,3
7259,Routine Generalist,0,3
7260,Routine Young Parents,0,0
7261,Engaged Generalist,2,3
7263,Routine Tech,0,2
7264,Routine Young Parents,0,0
7267,Engaged Generalist,2,3
7268,Engaged Generalist,2,3
7269,Routine Generalist,0,3
7270,Engaged Family Provisioner,2,1
7271,Routine Generalist,0,3
7272,Engaged Generalist,2,3
7274,Routine Young Parents,0,0
7275,Routine Generalist,0,3
7276,Routine Tech,0,2
7277,Engaged Generalist,2,3
7278,Routine Young Parents,0,0
7279,Routine Generalist,0,3
7280,Engaged Generalist,2,3
7281,Engaged Generalist,2,3
7283,Routine Young Parents,0,0
7285,Routine Generalist,0,3
7286,Routine Young Parents,0,0
7287,Engaged Generalist,2,3
7288,Routine Generalist,0,3
7289,Routine Tech,0,2
7290,Routine Generalist,0,3
7291,Promo Hunter,1,1
7292,Engaged Generalist,2,3
7293,Promo Hunter,1,1
7294,Engaged Generalist,2,3
7295,Routine Tech,0,2
7297,Routine Young Parents,0,0
7298,Engaged Generalist,2,3
7299,Routine Tech,0,2
7300,Engaged Generalist,2,3
7302,Routine Tech,0,2
7303,Routine Family Provisioner,0,1
7304,Routine Tech,0,2
7305,Engaged Generalist,2,3
7306,Routine Family Provisioner,0,1
7308,Engaged Generalist,2,3
7310,Engaged Generalist,2,3
7312,Promo Hunter,1,3
7313,Routine Tech,0,2
7314,Promo Hunter,1,3
7315,Routine Generalist,0,3
7316,Routine Family Provisioner,0,1
7318,Routine Young Parents,0,0
7319,Routine Generalist,0,3
7320,Routine Generalist,0,3
7322,Routine Young Parents,0,0
7323,Engaged Generalist,2,3
7324,Routine Young Parents,0,0
7326,Promo Hunter,1,3
7327,Engaged Generalist,2,3
7329,Routine Young Parents,0,0
7330,Routine Tech,0,2
7331,Promo Hunter,1,1
7332,Routine Young Parents,0,0
7333,Engaged Generalist,2,3
7335,Routine Young Parents,0,0
7336,Promo Hunter,1,3
7337,Routine Tech,0,2
7338,Routine Young Parents,0,0
7339,Routine Generalist,0,3
7340,Engaged Generalist,2,3
7341,Engaged Generalist,2,3
7342,Routine Generalist,0,3
7343,Routine Young Parents,0,0
7344,Routine Generalist,0,3
7346,Engaged Generalist,2,3
7347,Engaged Generalist,2,3
7348,Routine Young Parents,0,0
7349,Routine Tech,0,2
7350,Routine Family Provisioner,0,1
7351,Routine Young Parents,0,0
7352,Promo Hunter,1,3
7353,Routine Young Parents,0,0
7354,Engaged Family Provisioner,2,1
7355,Routine Tech,0,2
7356,Engaged Generalist,2,3
7357,Routine Tech,0,2
7358,Routine Young Parents,0,0
7359,Promo Hunter,1,3
7360,Routine Young Parents,0,0
7361,Promo Hunter,1,2
7362,Engaged Generalist,2,3
7363,Routine Generalist,0,3
7364,Routine Young Parents,0,0
7366,Routine Generalist,0,3
7367,Promo Hunter,1,3
7368,Engaged Generalist,2,3
7369,Engaged Generalist,2,3
7370,Engaged Generalist,2,3
7371,Engaged Generalist,2,2
7374,Promo Hunter,1,3
7375,Engaged Generalist,2,3
7377,Routine Tech,0,2
7379,Routine Generalist,0,3
7381,Routine Young Parents,0,0
7382,Engaged Generalist,2,3
7384,Routine Tech,0,2
7385,Engaged Generalist,2,3
7387,Engaged Generalist,2,3
7388,Routine Tech,0,2
7389,Engaged Generalist,2,3
7391,Engaged Generalist,2,3
7392,Promo Hunter,1,3
7393,Engaged Generalist,2,3
7394,Routine Generalist,0,3
7395,Routine Tech,0,2
7396,Engaged Generalist,2,3
7397,Engaged Generalist,2,3
7398,Engaged Generalist,2,0
7399,Promo Hunter,1,3
7400,Promo Hunter,1,3
7402,Routine Young Parents,0,0
7403,Routine Generalist,0,3
7404,Routine Generalist,0,3
7405,Routine Generalist,0,3
7406,Routine Generalist,0,3
7407,Routine Family Provisioner,0,1
7408,Routine Generalist,0,3
7410,Promo Hunter,1,3
7411,Promo Hunter,1,3
7412,Engaged Generalist,2,3
7413,Promo Hunter,1,3
7414,Engaged Generalist,2,3
7415,Routine Tech,0,2
7417,Engaged Generalist,2,3
7418,Routine Generalist,0,3
7419,Promo Hunter,1,3
7420,Promo Hunter,1,3
7421,Routine Young Parents,0,0
7422,Routine Generalist,0,3
7423,Routine Family Provisioner,0,1
7424,Routine Generalist,0,3
7425,Routine Generalist,0,3
7426,Routine Generalist,0,3
7427,Promo Hunter,1,1
7428,Routine Tech,0,2
7429,Routine Generalist,0,3
7430,Promo Hunter,1,3
7431,Engaged Generalist,2,3
7432,Routine Young Parents,0,0
7433,Routine Family Provisioner,0,1
7434,Routine Generalist,0,3
7435,Routine Generalist,0,3
7436,Routine Young Parents,0,0
7437,Routine Generalist,0,3
7438,Routine Generalist,0,3
7439,Routine Generalist,0,3
7440,Engaged Generalist,2,3
7441,Routine Young Parents,0,0
7442,Promo Hunter,1,3
7445,Engaged Generalist,2,3
7446,Engaged Generalist,2,3
7447,Routine Generalist,0,3
7448,Routine Generalist,0,3
7449,Engaged Generalist,2,3
7450,Routine Generalist,0,3
7451,Promo Hunter,1,3
7452,Engaged Generalist,2,3
7453,Promo Hunter,1,3
7454,Routine Generalist,0,3
7455,Promo Hunter,1,1
7456,Routine Tech,0,2
7457,Engaged Generalist,2,3
7459,Engaged Family Provisioner,2,1
7462,Promo Hunter,1,3
7463,Engaged Generalist,2,3
7464,Routine Generalist,0,3
7465,Promo Hunter,1,3
7467,Routine Young Parents,0,0
7468,Engaged Generalist,2,3
7469,Routine Tech,0,2
7470,Engaged Generalist,2,3
7471,Engaged Generalist,2,3
7472,Engaged Generalist,2,3
7474,Routine Young Parents,0,0
7475,Routine Generalist,0,3
7476,Routine Young Parents,0,0
7477,Routine Tech,0,2
7478,Promo Hunter,1,3
7479,Routine Generalist,0,3
7480,Engaged Generalist,2,3
7482,Engaged Generalist,2,3
7483,Promo Hunter,1,3
7485,Routine Tech,0,2
7486,Routine Young Parents,0,0
7490,Promo Hunter,1,3
7491,Engaged Family Provisioner,2,1
7492,Promo Hunter,1,3
7493,Routine Generalist,0,3
7494,Engaged Generalist,2,3
7495,Routine Generalist,0,3
7496,Engaged Generalist,2,3
7498,Routine Young Parents,0,0
7499,Routine Generalist,0,3
7500,Routine Generalist,0,3
7501,Engaged Family Provisioner,2,1
7502,Engaged Generalist,2,3
7503,Routine Young Parents,0,0
7504,Engaged Generalist,2,3
7506,Routine Young Parents,0,0
7509,Routine Tech,0,2
7511,Routine Young Parents,0,0
7512,Promo Hunter,1,3
7513,Routine Young Parents,0,0
7514,Engaged Generalist,2,3
7515,Engaged Generalist,2,3
7516,Engaged Generalist,2,3
7517,Routine Generalist,0,3
7518,Engaged Generalist,2,3
7519,Promo Hunter,1,3
7520,Routine Young Parents,0,0
7521,Engaged Generalist,2,3
7522,Routine Family Provisioner,0,1
7523,Routine Generalist,0,3
7524,Routine Generalist,0,3
7525,Promo Hunter,1,3
7526,Engaged Generalist,2,3
7527,Engaged Generalist,2,3
7529,Routine Generalist,0,3
7530,Engaged Generalist,2,3
7531,Promo Hunter,1,3
7533,Promo Hunter,1,3
7534,Engaged Generalist,2,3
7535,Routine Generalist,0,3
7536,Engaged Generalist,2,3
7537,Routine Family Provisioner,0,1
7538,Routine Generalist,0,3
7539,Routine Tech,0,2
7540,Promo Hunter,1,3
7541,Promo Hunter,1,3
7542,Promo Hunter,1,3
7543,Routine Tech,0,2
7544,Routine Generalist,0,3
7545,Routine Tech,0,2
7547,Routine Generalist,0,3
7548,Routine Tech,0,2
7549,Routine Young Parents,0,0
7550,Promo Hunter,1,1
7551,Routine Young Parents,0,0
7552,Routine Generalist,0,3
7553,Promo Hunter,1,3
7555,Routine Young Parents,0,0
7556,Routine Tech,0,2
7557,Routine Generalist,0,3
7558,Routine Young Parents,0,0
7559,Promo Hunter,1,3
7560,Engaged Generalist,2,3
7561,Routine Young Parents,0,0
7562,Routine Young Parents,0,0
7563,Routine Generalist,0,3
7564,Promo Hunter,1,3
7566,Engaged Generalist,2,3
7569,Engaged Generalist,2,3
7571,Promo Hunter,1,3
7572,Promo Hunter,1,3
7573,Engaged Generalist,2,2
7574,Routine Young Parents,0,0
7575,Engaged Generalist,2,0
7576,Promo Hunter,1,3
7577,Promo Hunter,1,3
7578,Routine Generalist,0,3
7580,Routine Young Parents,0,0
7581,Routine Generalist,0,3
7582,Promo Hunter,1,3
7583,Engaged Generalist,2,3
7584,Engaged Generalist,2,3
7586,Routine Tech,0,2
7587,Promo Hunter,1,3
7588,Routine Generalist,0,3
7589,Routine Generalist,0,3
7590,Routine Family Provisioner,0,1
7591,Routine Generalist,0,3
7592,Routine Young Parents,0,0
7594,Engaged Generalist,2,3
7595,Routine Tech,0,2
7596,Promo Hunter,1,3
7597,Promo Hunter,1,3
7598,Engaged Generalist,2,3
7599,Engaged Generalist,2,3
7600,Routine Family Provisioner,0,1
7601,Routine Generalist,0,3
7602,Promo Hunter,1,3
7603,Routine Generalist,0,3
7604,Engaged Generalist,2,3
7605,Promo Hunter,1,3
7607,Routine Generalist,0,3
7608,Engaged Generalist,2,0
7609,Promo Hunter,1,1
7610,Promo Hunter,1,2
7611,Promo Hunter,1,3
7612,Routine Generalist,0,3
7613,Promo Hunter,1,3
7615,Routine Generalist,0,3
7617,Engaged Generalist,2,3
7618,Routine Generalist,0,3
7619,Promo Hunter,1,3
7620,Promo Hunter,1,3
7621,Promo Hunter,1,3
7623,Routine Generalist,0,3
7625,Routine Generalist,0,3
7626,Routine Generalist,0,3
7627,Promo Hunter,1,3
7628,Routine Young Parents,0,0
7629,Promo Hunter,1,3
7630,Routine Young Parents,0,0
7631,Engaged Generalist,2,3
7633,Promo Hunter,1,3
7634,Routine Tech,0,2
7635,Routine Generalist,0,3
7636,Engaged Generalist,2,3
7637,Engaged Generalist,2,3
7638,Engaged Family Provisioner,2,1
7639,Routine Young Parents,0,0
7640,Routine Generalist,0,3
7641,Routine Tech,0,2
7642,Routine Generalist,0,3
7643,Engaged Generalist,2,3
7644,Routine Young Parents,0,0
7645,Routine Young Parents,0,0
7646,Promo Hunter,1,3
7647,Engaged Generalist,2,3
7648,Engaged Generalist,2,3
7650,Engaged Generalist,2,3
7652,Routine Generalist,0,3
7653,Promo Hunter,1,3
7654,Routine Generalist,0,3
7655,Promo Hunter,1,3
7656,Routine Generalist,0,3
7657,Routine Generalist,0,3
7658,Engaged Generalist,2,3
7660,Routine Young Parents,0,0
7661,Routine Generalist,0,3
7663,Engaged Generalist,2,3
7664,Promo Hunter,1,3
7665,Engaged Generalist,2,3
7666,Routine Generalist,0,3
7668,Promo Hunter,1,3
7669,Routine Family Provisioner,0,1
7671,Promo Hunter,1,3
7672,Routine Generalist,0,3
7673,Routine Generalist,0,3
7674,Promo Hunter,1,3
7675,Routine Generalist,0,3
7676,Engaged Generalist,2,3
7677,Routine Generalist,0,3
7678,Engaged Generalist,2,3
7679,Routine Young Parents,0,0
7682,Promo Hunter,1,1
7683,Promo Hunter,1,3
7684,Engaged Generalist,2,3
7685,Promo Hunter,1,1
7686,Routine Young Parents,0,0
7687,Engaged Generalist,2,3
7688,Promo Hunter,1,3
7690,Engaged Generalist,2,3
7691,Routine Young Parents,0,0
7692,Routine Young Parents,0,0
7693,Routine Generalist,0,3
7694,Engaged Generalist,2,3
7695,Engaged Family Provisioner,2,1
7698,Routine Generalist,0,3
7699,Routine Generalist,0,3
7700,Routine Young Parents,0,0
7701,Routine Young Parents,0,0
7702,Engaged Family Provisioner,2,1
7704,Engaged Generalist,2,3
7705,Routine Generalist,0,3
7706,Routine Young Parents,0,0
7707,Routine Young Parents,0,0
7708,Engaged Generalist,2,3
7709,Routine Family Provisioner,0,1
7711,Routine Young Parents,0,0
7712,Engaged Generalist,2,3
7713,Promo Hunter,1,1
7714,Promo Hunter,1,3
7715,Engaged Generalist,2,3
7716,Routine Young Parents,0,0
7717,Engaged Generalist,2,3
7719,Engaged Generalist,2,3
7720,Routine Tech,0,2
7721,Promo Hunter,1,3
7722,Routine Generalist,0,3
7723,Engaged Generalist,2,3
7724,Engaged Generalist,2,3
7725,Routine Young Parents,0,0
7727,Routine Young Parents,0,0
7728,Routine Tech,0,2
7729,Engaged Generalist,2,3
7730,Engaged Generalist,2,3
7731,Routine Young Parents,0,0
7734,Routine Generalist,0,3
7735,Routine Tech,0,2
7737,Promo Hunter,1,1
7739,Promo Hunter,1,3
7741,Routine Generalist,0,3
7743,Engaged Generalist,2,3
7744,Promo Hunter,1,3
7745,Routine Tech,0,2
7747,Promo Hunter,1,3
7748,Routine Young Parents,0,0
7749,Engaged Generalist,2,3
7750,Routine Young Parents,0,0
7751,Engaged Generalist,2,0
7752,Routine Tech,0,2
7753,Promo Hunter,1,1
7754,Routine Generalist,0,3
7755,Routine Young Parents,0,0
7756,Routine Young Parents,0,0
7757,Engaged Generalist,2,3
7758,Promo Hunter,1,3
7760,Routine Tech,0,2
7761,Promo Hunter,1,3
7762,Routine Family Provisioner,0,1
7763,Routine Generalist,0,3
7764,Routine Young Parents,0,0
7765,Engaged Generalist,2,3
7766,Promo Hunter,1,3
7767,Routine Young Parents,0,0
7768,Routine Tech,0,2
7769,Routine Family Provisioner,0,1
7770,Routine Generalist,0,3
7771,Engaged Generalist,2,3
7772,Routine Young Parents,0,0
7773,Routine Generalist,0,3
7774,Routine Generalist,0,3
7775,Routine Tech,0,2
7776,Routine Generalist,0,3
7777,Promo Hunter,1,1
7779,Promo Hunter,1,0
7782,Engaged Generalist,2,3
7783,Routine Young Parents,0,0
7784,Engaged Generalist,2,3
7786,Routine Young Parents,0,0
7787,Promo Hunter,1,3
7789,Routine Generalist,0,3
7790,Routine Generalist,0,3
7791,Routine Generalist,0,3
7792,Promo Hunter,1,3
7793,Routine Tech,0,2
7794,Routine Young Parents,0,0
7795,Routine Generalist,0,3
7796,Engaged Generalist,2,3
7799,Routine Generalist,0,3
7801,Routine Tech,0,2
7802,Routine Young Parents,0,0
7803,Engaged Generalist,2,3
7804,Routine Generalist,0,3
7805,Routine Generalist,0,3
7806,Engaged Generalist,2,3
7807,Routine Generalist,0,3
7809,Routine Generalist,0,3
7810,Engaged Generalist,2,3
7811,Promo Hunter,1,1
7814,Promo Hunter,1,1
7815,Engaged Generalist,2,3
7816,Routine Young Parents,0,0
7817,Routine Tech,0,2
7818,Promo Hunter,1,1
7819,Promo Hunter,1,3
7820,Routine Tech,0,2
7821,Routine Tech,0,2
7822,Routine Family Provisioner,0,1
7823,Routine Generalist,0,3
7825,Routine Tech,0,2
7826,Routine Generalist,0,3
7827,Engaged Generalist,2,3
7829,Promo Hunter,1,2
7831,Routine Young Parents,0,0
7832,Promo Hunter,1,3
7833,Engaged Family Provisioner,2,1
7836,Engaged Generalist,2,3
7837,Engaged Generalist,2,3
7838,Engaged Generalist,2,3
7839,Routine Generalist,0,3
7840,Routine Generalist,0,3
7841,Routine Generalist,0,3
7842,Routine Generalist,0,3
7843,Engaged Generalist,2,3
7844,Routine Young Parents,0,0
7845,Routine Young Parents,0,0
7846,Promo Hunter,1,1
7847,Routine Tech,0,2
7848,Routine Tech,0,2
7849,Routine Generalist,0,3
7850,Promo Hunter,1,3
7851,Promo Hunter,1,1
7853,Promo Hunter,1,3
7854,Engaged Generalist,2,3
7855,Routine Generalist,0,3
7856,Engaged Generalist,2,3
7857,Promo Hunter,1,3
7859,Routine Generalist,0,3
7860,Routine Young Parents,0,0
7861,Engaged Generalist,2,3
7862,Engaged Generalist,2,3
7863,Routine Young Parents,0,0
7864,Engaged Generalist,2,3
7865,Routine Family Provisioner,0,1
7866,Promo Hunter,1,3
7867,Promo Hunter,1,1
7868,Routine Young Parents,0,0
7869,Routine Generalist,0,3
7871,Engaged Generalist,2,3
7873,Engaged Generalist,2,3
7874,Routine Generalist,0,3
7875,Engaged Generalist,2,3
7876,Routine Generalist,0,3
7877,Routine Generalist,0,3
7879,Engaged Generalist,2,3
7880,Promo Hunter,1,3
7881,Routine Family Provisioner,0,1
7882,Promo Hunter,1,3
7883,Routine Generalist,0,3
7884,Engaged Generalist,2,3
7885,Routine Young Parents,0,0
7887,Routine Tech,0,2
7888,Promo Hunter,1,3
7889,Routine Young Parents,0,0
7890,Routine Generalist,0,3
7891,Routine Generalist,0,3
7892,Promo Hunter,1,3
7893,Routine Generalist,0,3
7896,Engaged Generalist,2,3
7897,Routine Tech,0,2
7898,Routine Generalist,0,3
7899,Engaged Generalist,2,3
7900,Routine Young Parents,0,0
7901,Routine Generalist,0,3
7902,Routine Generalist,0,3
7903,Routine Generalist,0,3
7904,Routine Generalist,0,3
7906,Promo Hunter,1,1
7908,Engaged Generalist,2,3
7909,Promo Hunter,1,3
7910,Routine Young Parents,0,0
7911,Promo Hunter,1,1
7912,Engaged Generalist,2,3
7913,Promo Hunter,1,3
7914,Engaged Generalist,2,3
7915,Engaged Generalist,2,3
7916,Engaged Generalist,2,3
7917,Routine Young Parents,0,0
7920,Routine Young Parents,0,0
7921,Engaged Generalist,2,3
7924,Routine Generalist,0,3
7926,Promo Hunter,1,3
7927,Promo Hunter,1,3
7928,Routine Generalist,0,3
7930,Routine Generalist,0,3
7931,Routine Generalist,0,3
7932,Promo Hunter,1,3
7933,Promo Hunter,1,3
7934,Routine Generalist,0,3
7935,Routine Young Parents,0,0
7936,Routine Generalist,0,3
7937,Routine Young Parents,0,0
7938,Engaged Generalist,2,3
7940,Engaged Family Provisioner,2,1
7941,Routine Young Parents,0,0
7942,Routine Generalist,0,3
7944,Engaged Generalist,2,3
7945,Routine Young Parents,0,0
7946,Routine Generalist,0,3
7948,Engaged Generalist,2,3
7950,Routine Generalist,0,3
7951,Routine Generalist,0,3
7952,Routine Tech,0,2
7953,Engaged Generalist,2,3
7954,Promo Hunter,1,1
7955,Promo Hunter,1,1
7956,Engaged Generalist,2,3
7957,Routine Generalist,0,3
7958,Routine Young Parents,0,0
7959,Engaged Generalist,2,3
7961,Engaged Generalist,2,3
7962,Engaged Generalist,2,3
7963,Routine Tech,0,2
7964,Routine Young Parents,0,0
7965,Engaged Generalist,2,3
7966,Engaged Generalist,2,3
7967,Promo Hunter,1,1
7968,Promo Hunter,1,3
7970,Engaged Generalist,2,3
7971,Engaged Generalist,2,3
7972,Engaged Generalist,2,3
7973,Routine Tech,0,2
7974,Routine Young Parents,0,0
7975,Routine Generalist,0,3
7976,Routine Young Parents,0,0
7977,Routine Tech,0,2
7978,Routine Tech,0,2
7979,Engaged Generalist,2,3
7980,Routine Family Provisioner,0,1
7981,Routine Generalist,0,3
7983,Routine Generalist,0,3
7985,Routine Family Provisioner,0,1
7987,Promo Hunter,1,3
7988,Routine Tech,0,2
7989,Engaged Generalist,2,3
7992,Routine Generalist,0,3
7993,Routine Generalist,0,3
7994,Routine Generalist,0,3
7995,Promo Hunter,1,3
7998,Routine Family Provisioner,0,1
7999,Engaged Generalist,2,3
8000,Routine Young Parents,0,0
8001,Routine Young Parents,0,0
8002,Engaged Generalist,2,3
8003,Promo Hunter,1,1
8005,Engaged Generalist,2,3
8006,Routine Generalist,0,3
8007,Promo Hunter,1,1
8008,Routine Tech,0,2
8009,Engaged Generalist,2,3
8010,Promo Hunter,1,3
8011,Engaged Generalist,2,0
8013,Routine Young Parents,0,0
8014,Engaged Generalist,2,3
8015,Promo Hunter,1,3
8016,Engaged Generalist,2,3
8017,Engaged Generalist,2,3
8019,Routine Family Provisioner,0,1
8020,Engaged Family Provisioner,2,1
8021,Routine Tech,0,2
8022,Routine Generalist,0,3
8023,Engaged Generalist,2,3
8024,Routine Generalist,0,3
8025,Promo Hunter,1,1
8026,Routine Tech,0,2
8027,Engaged Generalist,2,3
8028,Routine Generalist,0,3
8029,Promo Hunter,1,3
8030,Routine Young Parents,0,0
8031,Routine Generalist,0,3
8032,Engaged Generalist,2,3
8033,Routine Family Provisioner,0,1
8035,Engaged Generalist,2,3
8036,Routine Young Parents,0,0
8037,Engaged Generalist,2,3
8039,Routine Tech,0,2
8040,Routine Generalist,0,3
8042,Routine Young Parents,0,0
8043,Routine Tech,0,2
8044,Routine Tech,0,2
8045,Engaged Generalist,2,3
8046,Promo Hunter,1,3
8047,Routine Generalist,0,3
8048,Promo Hunter,1,1
8049,Routine Generalist,0,3
8050,Engaged Family Provisioner,2,1
8051,Routine Young Parents,0,0
8052,Routine Generalist,0,3
8053,Promo Hunter,1,3
8054,Routine Tech,0,2
8056,Promo Hunter,1,3
8057,Engaged Generalist,2,3
8058,Engaged Generalist,2,3
8059,Routine Young Parents,0,0
8060,Promo Hunter,1,1
8061,Routine Tech,0,2
8062,Engaged Generalist,2,3
8063,Engaged Generalist,2,3
8064,Promo Hunter,1,3
8065,Engaged Generalist,2,3
8066,Promo Hunter,1,1
8067,Routine Generalist,0,3
8068,Routine Tech,0,2
8069,Engaged Generalist,2,3
8070,Routine Young Parents,0,0
8071,Routine Young Parents,0,0
8072,Engaged Generalist,2,3
8073,Routine Young Parents,0,0
8074,Engaged Generalist,2,3
8075,Routine Generalist,0,3
8076,Routine Young Parents,0,0
8077,Promo Hunter,1,1
8078,Engaged Generalist,2,3
8079,Routine Tech,0,2
8080,Engaged Family Provisioner,2,1
8081,Engaged Generalist,2,3
8082,Routine Generalist,0,3
8083,Routine Young Parents,0,0
8084,Routine Generalist,0,3
8085,Engaged Generalist,2,3
8086,Routine Generalist,0,3
8087,Engaged Generalist,2,3
8088,Promo Hunter,1,1
8089,Engaged Generalist,2,3
8093,Promo Hunter,1,3
8094,Routine Generalist,0,3
8095,Routine Generalist,0,3
8098,Engaged Generalist,2,3
8099,Engaged Generalist,2,3
8100,Routine Generalist,0,3
8102,Promo Hunter,1,1
8104,Routine Generalist,0,3
8105,Routine Young Parents,0,0
8107,Routine Generalist,0,3
8108,Routine Generalist,0,3
8109,Engaged Generalist,2,3
8110,Engaged Family Provisioner,2,1
8111,Routine Young Parents,0,0
8112,Routine Young Parents,0,0
8114,Routine Tech,0,2
8115,Routine Young Parents,0,0
8116,Promo Hunter,1,1
8117,Promo Hunter,1,3
8118,Promo Hunter,1,3
8119,Engaged Generalist,2,3
8121,Routine Generalist,0,3
8122,Routine Generalist,0,3
8123,Engaged Generalist,2,3
8124,Engaged Generalist,2,3
8125,Routine Young Parents,0,0
8126,Routine Generalist,0,3
8127,Engaged Generalist,2,3
8128,Routine Generalist,0,3
8129,Routine Generalist,0,3
8130,Engaged Family Provisioner,2,1
8131,Engaged Generalist,2,3
8132,Engaged Generalist,2,3
8135,Routine Young Parents,0,0
8136,Routine Young Parents,0,0
8137,Routine Young Parents,0,0
8138,Engaged Generalist,2,3
8140,Promo Hunter,1,3
8141,Routine Generalist,0,3
8143,Routine Young Parents,0,0
8144,Promo Hunter,1,3
8145,Routine Generalist,0,3
8146,Routine Generalist,0,3
8147,Routine Generalist,0,3
8148,Routine Generalist,0,3
8149,Routine Tech,0,2
8150,Routine Tech,0,2
8151,Promo Hunter,1,1
8153,Routine Generalist,0,3
8154,Routine Generalist,0,3
8157,Routine Young Parents,0,0
8158,Routine Generalist,0,3
8159,Promo Hunter,1,1
8160,Routine Young Parents,0,0
8161,Promo Hunter,1,3
8162,Routine Young Parents,0,0
8163,Routine Tech,0,2
8164,Routine Young Parents,0,0
8165,Engaged Generalist,2,3
8166,Promo Hunter,1,3
8167,Routine Generalist,0,3
8168,Engaged Generalist,2,2
8170,Engaged Generalist,2,3
8171,Promo Hunter,1,3
8172,Promo Hunter,1,3
8173,Promo Hunter,1,1
8174,Promo Hunter,1,3
8175,Engaged Generalist,2,3
8176,Routine Generalist,0,3
8177,Routine Generalist,0,3
8178,Engaged Family Provisioner,2,1
8179,Engaged Generalist,2,3
8181,Engaged Generalist,2,3
8182,Routine Tech,0,2
8183,Engaged Generalist,2,3
8184,Routine Tech,0,2
8186,Routine Generalist,0,3
8187,Routine Generalist,0,3
8188,Promo Hunter,1,3
8190,Routine Tech,0,2
8192,Routine Family Provisioner,0,1
8193,Routine Family Provisioner,0,1
8194,Routine Tech,0,2
8195,Engaged Generalist,2,3
8197,Routine Generalist,0,3
8198,Promo Hunter,1,1
8199,Engaged Generalist,2,3
8200,Promo Hunter,1,3
8203,Routine Generalist,0,3
8204,Routine Generalist,0,3
8206,Promo Hunter,1,3
8207,Routine Young Parents,0,0
8208,Routine Young Parents,0,0
8209,Promo Hunter,1,3
8210,Engaged Generalist,2,3
8211,Promo Hunter,1,3
8212,Engaged Generalist,2,3
8213,Routine Generalist,0,3
8214,Promo Hunter,1,3
8215,Routine Young Parents,0,0
8216,Routine Young Parents,0,0
8217,Routine Generalist,0,3
8220,Engaged Generalist,2,3
8221,Engaged Generalist,2,3
8222,Routine Young Parents,0,0
8223,Promo Hunter,1,3
8224,Engaged Generalist,2,3
8225,Routine Young Parents,0,0
8226,Promo Hunter,1,3
8227,Promo Hunter,1,3
8228,Routine Young Parents,0,0
8229,Routine Family Provisioner,0,1
8231,Engaged Generalist,2,3
8232,Promo Hunter,1,3
8233,Promo Hunter,1,3
8234,Promo Hunter,1,3
8235,Routine Tech,0,2
8236,Engaged Generalist,2,3
8237,Routine Generalist,0,3
8239,Routine Generalist,0,3
8242,Engaged Generalist,2,3
8243,Routine Generalist,0,3
8244,Routine Young Parents,0,0
8245,Promo Hunter,1,3
8246,Routine Tech,0,2
8247,Engaged Generalist,2,3
8248,Promo Hunter,1,3
8250,Promo Hunter,1,3
8251,Engaged Generalist,2,3
8252,Routine Generalist,0,3
8253,Engaged Generalist,2,3
8254,Routine Young Parents,0,0
8255,Routine Tech,0,2
8256,Engaged Generalist,2,3
8257,Routine Tech,0,2
8258,Routine Generalist,0,3
8259,Engaged Generalist,2,3
8260,Routine Generalist,0,3
8261,Routine Generalist,0,3
8262,Routine Young Parents,0,0
8263,Engaged Generalist,2,3
8265,Engaged Generalist,2,3
8266,Engaged Generalist,2,3
8267,Routine Young Parents,0,0
8268,Routine Generalist,0,3
8269,Routine Family Provisioner,0,1
8270,Engaged Generalist,2,0
8271,Engaged Generalist,2,3
8273,Routine Generalist,0,3
8274,Promo Hunter,1,1
8275,Routine Generalist,0,3
8276,Routine Generalist,0,3
8277,Routine Generalist,0,3
8279,Routine Generalist,0,3
8280,Engaged Generalist,2,3
8281,Promo Hunter,1,1
8282,Routine Generalist,0,3
8283,Promo Hunter,1,3
8284,Routine Young Parents,0,0
8285,Engaged Generalist,2,3
8287,Routine Generalist,0,3
8288,Promo Hunter,1,3
8289,Routine Generalist,0,3
8290,Routine Generalist,0,3
8291,Routine Generalist,0,3
8292,Engaged Generalist,2,3
8294,Routine Tech,0,2
8295,Engaged Generalist,2,3
8296,Routine Generalist,0,3
8297,Routine Generalist,0,3
8298,Engaged Generalist,2,3
8300,Routine Young Parents,0,0
8301,Routine Generalist,0,3
8302,Engaged Generalist,2,3
8303,Promo Hunter,1,3
8304,Routine Young Parents,0,0
8305,Promo Hunter,1,1
8306,Routine Young Parents,0,0
8307,Routine Generalist,0,3
8309,Routine Young Parents,0,0
8310,Routine Tech,0,2
8311,Routine Generalist,0,3
8312,Routine Generalist,0,3
8313,Engaged Generalist,2,3
8314,Promo Hunter,1,3
8316,Engaged Generalist,2,3
8317,Promo Hunter,1,3
8318,Engaged Generalist,2,3
8319,Engaged Generalist,2,3
8321,Engaged Generalist,2,3
8322,Routine Generalist,0,3
8323,Engaged Generalist,2,3
8324,Engaged Generalist,2,3
8325,Promo Hunter,1,3
8326,Routine Young Parents,0,0
8327,Engaged Family Provisioner,2,1
8328,Promo Hunter,1,2
8329,Routine Generalist,0,3
8331,Routine Generalist,0,3
8333,Routine Generalist,0,3
8334,Engaged Generalist,2,3
8335,Routine Generalist,0,3
8336,Routine Generalist,0,3
8337,Routine Tech,0,2
8338,Routine Generalist,0,3
8339,Promo Hunter,1,1
8340,Promo Hunter,1,3
8341,Routine Young Parents,0,0
8342,Engaged Generalist,2,3
8343,Routine Generalist,0,3
8344,Engaged Generalist,2,3
8345,Engaged Generalist,2,3
8346,Routine Young Parents,0,0
8347,Routine Generalist,0,3
8349,Promo Hunter,1,3
8350,Promo Hunter,1,0
8351,Routine Young Parents,0,0
8352,Routine Generalist,0,3
8353,Routine Generalist,0,3
8354,Engaged Generalist,2,3
8355,Engaged Generalist,2,3
8356,Routine Generalist,0,3
8357,Routine Tech,0,2
8359,Routine Generalist,0,3
8362,Routine Generalist,0,3
8363,Promo Hunter,1,3
8365,Routine Young Parents,0,0
8366,Promo Hunter,1,3
8367,Engaged Generalist,2,3
8368,Engaged Generalist,2,3
8369,Routine Tech,0,2
8370,Routine Young Parents,0,0
8371,Routine Tech,0,2
8372,Promo Hunter,1,3
8376,Engaged Generalist,2,3
8377,Routine Generalist,0,3
8378,Routine Generalist,0,3
8379,Promo Hunter,1,3
8381,Routine Generalist,0,3
8382,Routine Generalist,0,3
8383,Routine Generalist,0,3
8384,Routine Young Parents,0,0
8385,Engaged Generalist,2,3
8386,Routine Generalist,0,3
8387,Routine Generalist,0,3
8388,Engaged Generalist,2,3
8389,Engaged Generalist,2,3
8390,Routine Tech,0,2
8391,Engaged Generalist,2,3
8392,Routine Generalist,0,3
8394,Routine Young Parents,0,0
8395,Promo Hunter,1,3
8396,Routine Family Provisioner,0,1
8398,Routine Generalist,0,3
8400,Routine Young Parents,0,0
8401,Routine Family Provisioner,0,1
8403,Engaged Generalist,2,3
8404,Routine Generalist,0,3
8405,Routine Young Parents,0,0
8406,Promo Hunter,1,3
8407,Routine Generalist,0,3
8408,Routine Tech,0,2
8409,Promo Hunter,1,3
8410,Routine Family Provisioner,0,1
8411,Routine Young Parents,0,0
8412,Routine Generalist,0,3
8413,Engaged Family Provisioner,2,1
8414,Routine Generalist,0,3
8415,Engaged Generalist,2,3
8416,Routine Generalist,0,3
8419,Promo Hunter,1,3
8420,Promo Hunter,1,3
8422,Engaged Generalist,2,3
8423,Routine Generalist,0,3
8424,Routine Tech,0,2
8425,Routine Young Parents,0,0
8426,Routine Young Parents,0,0
8427,Routine Young Parents,0,0
8428,Engaged Generalist,2,3
8429,Engaged Generalist,2,0
8431,Engaged Generalist,2,3
8433,Engaged Generalist,2,3
8434,Routine Generalist,0,3
8435,Routine Tech,0,2
8436,Engaged Generalist,2,3
8437,Routine Young Parents,0,0
8438,Routine Young Parents,0,0
8439,Engaged Generalist,2,3
8440,Engaged Generalist,2,3
8441,Routine Tech,0,2
8442,Promo Hunter,1,1
8443,Promo Hunter,1,3
8445,Promo Hunter,1,3
8446,Routine Young Parents,0,0
8447,Engaged Generalist,2,3
8449,Routine Young Parents,0,0
8450,Engaged Generalist,2,3
8451,Promo Hunter,1,3
8452,Routine Tech,0,2
8453,Promo Hunter,1,1
8455,Engaged Generalist,2,3
8456,Routine Young Parents,0,0
8457,Routine Generalist,0,3
8458,Engaged Generalist,2,3
8459,Routine Young Parents,0,0
8460,Engaged Generalist,2,3
8461,Promo Hunter,1,3
8463,Routine Young Parents,0,0
8464,Promo Hunter,1,3
8465,Engaged Generalist,2,3
8466,Promo Hunter,1,1
8467,Routine Young Parents,0,0
8468,Promo Hunter,1,3
8470,Routine Young Parents,0,0
8471,Engaged Generalist,2,3
8472,Engaged Generalist,2,3
8473,Promo Hunter,1,3
8474,Engaged Generalist,2,3
8475,Engaged Generalist,2,3
8476,Routine Generalist,0,3
8477,Routine Family Provisioner,0,1
8478,Routine Generalist,0,3
8479,Promo Hunter,1,1
8480,Routine Generalist,0,3
8481,Routine Generalist,0,3
8482,Engaged Generalist,2,3
8485,Routine Generalist,0,3
8486,Routine Generalist,0,3
8487,Routine Generalist,0,3
8488,Routine Generalist,0,3
8489,Engaged Generalist,2,3
8490,Routine Young Parents,0,0
8492,Promo Hunter,1,3
8493,Routine Generalist,0,3
8494,Engaged Generalist,2,3
8495,Routine Tech,0,2
8496,Engaged Generalist,2,3
8497,Routine Family Provisioner,0,1
8499,Routine Generalist,0,3
8500,Routine Young Parents,0,0
8501,Engaged Generalist,2,3
8502,Routine Tech,0,2
8503,Engaged Generalist,2,3
8504,Routine Generalist,0,3
8506,Routine Generalist,0,3
8507,Engaged Generalist,2,3
8508,Routine Generalist,0,3
8509,Engaged Generalist,2,3
8511,Routine Generalist,0,3
8512,Routine Generalist,0,3
8513,Routine Generalist,0,3
8514,Routine Young Parents,0,0
8515,Engaged Generalist,2,3
8517,Engaged Generalist,2,3
8518,Routine Generalist,0,3
8519,Routine Young Parents,0,0
8520,Routine Young Parents,0,0
8521,Promo Hunter,1,1
8522,Engaged Generalist,2,3
8523,Promo Hunter,1,3
8525,Routine Generalist,0,3
8527,Promo Hunter,1,3
8530,Routine Generalist,0,3
8531,Promo Hunter,1,1
8532,Engaged Generalist,2,3
8533,Routine Generalist,0,3
8534,Engaged Generalist,2,3
8535,Routine Family Provisioner,0,1
8536,Engaged Generalist,2,3
8537,Engaged Generalist,2,3
8538,Engaged Family Provisioner,2,1
8539,Promo Hunter,1,1
8540,Promo Hunter,1,3
8541,Engaged Generalist,2,3
8542,Engaged Generalist,2,3
8544,Promo Hunter,1,1
8546,Promo Hunter,1,3
8548,Promo Hunter,1,1
8549,Promo Hunter,1,3
8550,Promo Hunter,1,1
8551,Routine Generalist,0,3
8552,Routine Generalist,0,3
8553,Routine Generalist,0,3
8555,Promo Hunter,1,3
8556,Routine Young Parents,0,0
8557,Promo Hunter,1,3
8558,Routine Generalist,0,3
8559,Routine Generalist,0,3
8560,Routine Generalist,0,3
8561,Routine Generalist,0,3
8562,Routine Generalist,0,3
8564,Routine Young Parents,0,0
8565,Routine Tech,0,2
8566,Engaged Generalist,2,3
8567,Engaged Generalist,2,3
8569,Engaged Generalist,2,3
8571,Routine Generalist,0,3
8572,Routine Generalist,0,3
8573,Routine Generalist,0,3
8575,Routine Young Parents,0,0
8576,Routine Young Parents,0,0
8577,Routine Generalist,0,3
8578,Routine Generalist,0,3
8579,Routine Tech,0,2
8580,Engaged Family Provisioner,2,1
8582,Promo Hunter,1,3
8583,Routine Young Parents,0,0
8584,Routine Young Parents,0,0
8585,Routine Young Parents,0,0
8587,Routine Young Parents,0,0
8588,Promo Hunter,1,3
8589,Engaged Generalist,2,3
8590,Routine Young Parents,0,0
8591,Promo Hunter,1,3
8592,Routine Generalist,0,3
8593,Promo Hunter,1,3
8594,Engaged Family Provisioner,2,1
8595,Engaged Generalist,2,3
8597,Routine Generalist,0,3
8598,Engaged Generalist,2,3
8601,Promo Hunter,1,3
8603,Engaged Generalist,2,3
8604,Routine Generalist,0,3
8605,Engaged Generalist,2,3
8607,Routine Generalist,0,3
8608,Routine Generalist,0,3
8609,Routine Generalist,0,3
8610,Promo Hunter,1,3
8611,Routine Generalist,0,3
8612,Routine Generalist,0,3
8613,Routine Generalist,0,3
8615,Routine Young Parents,0,0
8616,Routine Generalist,0,3
8617,Routine Young Parents,0,0
8618,Routine Generalist,0,3
8619,Engaged Family Provisioner,2,1
8620,Routine Generalist,0,3
8621,Routine Generalist,0,3
8622,Routine Generalist,0,3
8623,Routine Generalist,0,3
8624,Routine Young Parents,0,0
8626,Engaged Generalist,2,3
8627,Routine Generalist,0,3
8628,Engaged Generalist,2,3
8629,Routine Generalist,0,3
8630,Routine Generalist,0,3
8631,Routine Generalist,0,3
8632,Promo Hunter,1,1
8633,Promo Hunter,1,3
8634,Engaged Generalist,2,3
8635,Engaged Generalist,2,3
8636,Engaged Generalist,2,3
8637,Engaged Generalist,2,3
8638,Routine Generalist,0,3
8639,Engaged Generalist,2,3
8640,Routine Young Parents,0,0
8642,Routine Generalist,0,3
8643,Promo Hunter,1,3
8644,Engaged Generalist,2,3
8645,Promo Hunter,1,3
8646,Promo Hunter,1,3
8647,Promo Hunter,1,1
8649,Routine Young Parents,0,0
8650,Promo Hunter,1,3
8652,Routine Young Parents,0,0
8653,Engaged Generalist,2,3
8654,Routine Young Parents,0,0
8655,Routine Generalist,0,3
8656,Routine Generalist,0,3
8657,Engaged Generalist,2,2
8658,Routine Generalist,0,3
8659,Routine Generalist,0,3
8660,Routine Generalist,0,3
8661,Routine Young Parents,0,0
8662,Routine Generalist,0,3
8663,Engaged Generalist,2,3
8664,Engaged Generalist,2,3
8666,Routine Young Parents,0,0
8667,Routine Tech,0,2
8668,Engaged Generalist,2,3
8669,Routine Generalist,0,3
8670,Promo Hunter,1,3
8671,Routine Generalist,0,3
8675,Engaged Generalist,2,3
8676,Engaged Generalist,2,3
8677,Promo Hunter,1,3
8678,Routine Young Parents,0,0
8680,Engaged Generalist,2,3
8682,Engaged Generalist,2,3
8683,Routine Young Parents,0,0
8684,Routine Tech,0,2
8685,Promo Hunter,1,3
8686,Promo Hunter,1,1
8687,Routine Generalist,0,3
8688,Engaged Generalist,2,3
8689,Routine Young Parents,0,0
8690,Routine Young Parents,0,0
8691,Engaged Generalist,2,3
8692,Routine Generalist,0,3
8693,Routine Generalist,0,3
8694,Routine Generalist,0,3
8695,Routine Generalist,0,3
8696,Routine Young Parents,0,0
8697,Routine Generalist,0,3
8698,Routine Young Parents,0,0
8699,Routine Tech,0,2
8700,Engaged Generalist,2,3
8701,Engaged Generalist,2,3
8702,Promo Hunter,1,3
8703,Routine Generalist,0,3
8704,Engaged Family Provisioner,2,1
8705,Routine Generalist,0,3
8706,Routine Generalist,0,3
8707,Engaged Generalist,2,3
8708,Engaged Generalist,2,3
8709,Promo Hunter,1,3
8710,Engaged Generalist,2,3
8711,Routine Generalist,0,3
8712,Promo Hunter,1,0
8713,Routine Generalist,0,3
8714,Routine Young Parents,0,0
8715,Promo Hunter,1,0
8716,Routine Generalist,0,3
8717,Routine Generalist,0,3
8718,Promo Hunter,1,3
8719,Engaged Generalist,2,3
8720,Routine Generalist,0,3
8721,Routine Generalist,0,3
8722,Promo Hunter,1,3
8723,Routine Generalist,0,3
8724,Engaged Generalist,2,3
8725,Engaged Generalist,2,3
8726,Routine Generalist,0,3
8727,Routine Generalist,0,3
8729,Routine Young Parents,0,0
8730,Routine Young Parents,0,0
8731,Promo Hunter,1,3
8732,Routine Family Provisioner,0,1
8733,Engaged Generalist,2,3
8734,Routine Family Provisioner,0,1
8737,Engaged Generalist,2,3
8738,Promo Hunter,1,3
8740,Promo Hunter,1,3
8741,Routine Generalist,0,3
8742,Engaged Generalist,2,3
8743,Engaged Generalist,2,3
8745,Routine Tech,0,2
8746,Routine Generalist,0,3
8748,Routine Young Parents,0,0
8749,Engaged Generalist,2,3
8750,Promo Hunter,1,1
8751,Routine Generalist,0,3
8752,Promo Hunter,1,3
8753,Routine Young Parents,0,0
8754,Promo Hunter,1,2
8755,Routine Generalist,0,3
8756,Routine Generalist,0,3
8757,Routine Tech,0,2
8759,Routine Family Provisioner,0,1
8762,Routine Family Provisioner,0,1
8763,Promo Hunter,1,3
8765,Engaged Generalist,2,3
8766,Routine Tech,0,2
8767,Routine Tech,0,2
8769,Routine Generalist,0,3
8770,Routine Generalist,0,3
8771,Routine Generalist,0,3
8773,Engaged Generalist,2,3
8775,Routine Young Parents,0,0
8776,Engaged Generalist,2,3
8778,Routine Young Parents,0,0
8781,Engaged Family Provisioner,2,1
8782,Engaged Generalist,2,3
8783,Engaged Generalist,2,3
8784,Engaged Generalist,2,3
8785,Routine Generalist,0,3
8786,Routine Generalist,0,3
8787,Promo Hunter,1,3
8788,Routine Family Provisioner,0,1
8790,Routine Young Parents,0,0
8791,Routine Young Parents,0,0
8792,Promo Hunter,1,3
8794,Routine Tech,0,2
8795,Promo Hunter,1,3
8796,Engaged Generalist,2,3
8797,Routine Generalist,0,3
8798,Routine Generalist,0,3
8799,Routine Young Parents,0,0
8800,Promo Hunter,1,3
8801,Engaged Generalist,2,3
8802,Routine Generalist,0,3
8803,Routine Young Parents,0,0
8805,Routine Family Provisioner,0,1
8806,Engaged Generalist,2,3
8807,Engaged Generalist,2,3
8809,Engaged Generalist,2,3
8810,Engaged Generalist,2,3
8811,Promo Hunter,1,3
8812,Routine Young Parents,0,0
8813,Engaged Generalist,2,3
8814,Routine Young Parents,0,0
8815,Promo Hunter,1,3
8816,Promo Hunter,1,1
8817,Routine Young Parents,0,0
8818,Routine Tech,0,2
8819,Routine Generalist,0,3
8820,Routine Generalist,0,3
8821,Routine Generalist,0,3
8823,Routine Generalist,0,3
8824,Promo Hunter,1,3
8827,Engaged Generalist,2,3
8828,Routine Tech,0,2
8829,Promo Hunter,1,1
8830,Routine Generalist,0,3
8831,Routine Generalist,0,3
8832,Routine Generalist,0,3
8833,Routine Tech,0,2
8834,Routine Generalist,0,3
8835,Promo Hunter,1,3
8836,Promo Hunter,1,1
8837,Engaged Generalist,2,3
8838,Engaged Generalist,2,3
8839,Routine Generalist,0,3
8840,Routine Young Parents,0,0
8841,Engaged Generalist,2,3
8842,Routine Generalist,0,3
8843,Routine Young Parents,0,0
8844,Routine Generalist,0,3
8845,Engaged Generalist,2,3
8846,Routine Young Parents,0,0
8847,Engaged Generalist,2,3
8848,Routine Young Parents,0,0
8849,Routine Tech,0,2
8850,Routine Family Provisioner,0,1
8851,Engaged Generalist,2,3
8852,Engaged Generalist,2,3
8854,Routine Tech,0,2
8855,Routine Generalist,0,3
8857,Promo Hunter,1,1
8858,Engaged Generalist,2,3
8860,Promo Hunter,1,1
8861,Engaged Generalist,2,3
8862,Promo Hunter,1,3
8865,Routine Family Provisioner,0,1
8866,Engaged Generalist,2,3
8867,Engaged Generalist,2,3
8868,Routine Young Parents,0,0
8869,Promo Hunter,1,1
8870,Routine Tech,0,2
8872,Routine Generalist,0,3
8875,Promo Hunter,1,3
8876,Promo Hunter,1,3
8877,Routine Young Parents,0,0
8878,Routine Generalist,0,3
8879,Promo Hunter,1,3
8881,Routine Generalist,0,3
8882,Promo Hunter,1,3
8883,Routine Generalist,0,3
8884,Engaged Generalist,2,3
8885,Promo Hunter,1,3
8886,Engaged Generalist,2,3
8887,Engaged Generalist,2,3
8888,Routine Young Parents,0,0
8889,Routine Generalist,0,3
8890,Engaged Generalist,2,3
8891,Promo Hunter,1,1
8893,Promo Hunter,1,3
8894,Routine Generalist,0,3
8895,Promo Hunter,1,3
8896,Routine Young Parents,0,0
8897,Routine Tech,0,2
8898,Routine Family Provisioner,0,1
8901,Routine Generalist,0,3
8902,Promo Hunter,1,3
8903,Routine Young Parents,0,0
8904,Routine Tech,0,2
8907,Engaged Generalist,2,3
8908,Engaged Generalist,2,3
8909,Routine Young Parents,0,0
8910,Promo Hunter,1,3
8912,Engaged Generalist,2,3
8913,Routine Young Parents,0,0
8914,Routine Tech,0,2
8915,Routine Young Parents,0,0
8916,Engaged Generalist,2,3
8917,Promo Hunter,1,3
8918,Engaged Generalist,2,3
8920,Engaged Generalist,2,3
8921,Routine Young Parents,0,0
8922,Promo Hunter,1,3
8923,Promo Hunter,1,3
8924,Engaged Generalist,2,3
8926,Engaged Generalist,2,3
8928,Routine Generalist,0,3
8929,Routine Generalist,0,3
8930,Routine Generalist,0,3
8931,Engaged Generalist,2,3
8932,Promo Hunter,1,3
8933,Promo Hunter,1,1
8934,Routine Generalist,0,3
8935,Routine Generalist,0,3
8936,Engaged Generalist,2,3
8937,Engaged Generalist,2,3
8941,Routine Young Parents,0,0
8942,Engaged Generalist,2,3
8943,Routine Generalist,0,3
8944,Routine Young Parents,0,0
8946,Routine Tech,0,2
8947,Routine Generalist,0,3
8948,Routine Generalist,0,3
8949,Promo Hunter,1,3
8951,Engaged Generalist,2,3
8952,Routine Young Parents,0,0
8953,Routine Generalist,0,3
8954,Engaged Generalist,2,3
8955,Engaged Generalist,2,3
8956,Routine Young Parents,0,0
8957,Promo Hunter,1,3
8958,Routine Generalist,0,3
8959,Engaged Generalist,2,3
8960,Routine Young Parents,0,0
8961,Routine Tech,0,2
8962,Promo Hunter,1,3
8963,Promo Hunter,1,3
8964,Routine Generalist,0,3
8965,Routine Generalist,0,3
8966,Routine Tech,0,2
8968,Routine Generalist,0,3
8969,Promo Hunter,1,3
8970,Routine Generalist,0,3
8971,Promo Hunter,1,3
8973,Promo Hunter,1,1
8974,Routine Generalist,0,3
8975,Routine Young Parents,0,0
8976,Routine Generalist,0,3
8977,Routine Generalist,0,3
8978,Routine Tech,0,2
8979,Routine Young Parents,0,0
8980,Engaged Generalist,2,3
8981,Engaged Generalist,2,3
8982,Routine Young Parents,0,0
8983,Engaged Generalist,2,3
8984,Engaged Generalist,2,3
8985,Routine Young Parents,0,0
8986,Routine Generalist,0,3
8987,Promo Hunter,1,3
8988,Routine Tech,0,2
8989,Routine Generalist,0,3
8990,Engaged Generalist,2,3
8991,Engaged Generalist,2,3
8992,Engaged Generalist,2,3
8993,Routine Tech,0,2
8994,Routine Tech,0,2
8996,Routine Tech,0,2
8997,Routine Young Parents,0,0
8998,Routine Tech,0,2
8999,Routine Young Parents,0,0
9000,Engaged Generalist,2,3
9002,Routine Tech,0,2
9003,Engaged Generalist,2,3
9004,Engaged Generalist,2,3
9006,Engaged Generalist,2,3
9007,Promo Hunter,1,3
9008,Promo Hunter,1,3
9009,Promo Hunter,1,3
9010,Routine Young Parents,0,0
9011,Engaged Generalist,2,3
9014,Engaged Generalist,2,3
9015,Engaged Generalist,2,3
9016,Routine Tech,0,2
9019,Routine Young Parents,0,0
9021,Engaged Generalist,2,3
9022,Engaged Generalist,2,3
9025,Engaged Generalist,2,3
9026,Routine Young Parents,0,0
9027,Routine Tech,0,2
9029,Engaged Generalist,2,3
9031,Engaged Generalist,2,3
9032,Routine Generalist,0,3
9033,Engaged Generalist,2,3
9035,Routine Generalist,0,3
9037,Routine Generalist,0,3
9038,Engaged Generalist,2,3
9039,Routine Young Parents,0,0
9040,Routine Young Parents,0,0
9041,Engaged Generalist,2,3
9042,Promo Hunter,1,3
9043,Routine Generalist,0,3
9044,Engaged Generalist,2,3
9045,Routine Young Parents,0,0
9046,Engaged Generalist,2,3
9048,Promo Hunter,1,3
9049,Engaged Family Provisioner,2,1
9050,Engaged Generalist,2,3
9053,Promo Hunter,1,3
9054,Promo Hunter,1,3
9055,Engaged Generalist,2,3
9056,Promo Hunter,1,1
9057,Promo Hunter,1,3
9058,Promo Hunter,1,3
9059,Engaged Generalist,2,3
9061,Routine Generalist,0,3
9062,Promo Hunter,1,3
9063,Routine Family Provisioner,0,1
9064,Promo Hunter,1,3
9065,Routine Generalist,0,3
9067,Engaged Generalist,2,3
9068,Engaged Generalist,2,3
9069,Routine Generalist,0,3
9070,Routine Young Parents,0,0
9071,Engaged Generalist,2,3
9072,Engaged Generalist,2,3
9073,Routine Generalist,0,3
9074,Promo Hunter,1,3
9075,Engaged Generalist,2,3
9076,Promo Hunter,1,2
9077,Engaged Generalist,2,3
9079,Routine Young Parents,0,0
9080,Promo Hunter,1,2
9081,Promo Hunter,1,3
9082,Routine Tech,0,2
9083,Routine Young Parents,0,0
9084,Routine Generalist,0,3
9086,Engaged Generalist,2,3
9087,Engaged Generalist,2,3
9088,Routine Tech,0,2
9090,Promo Hunter,1,1
9091,Engaged Generalist,2,3
9092,Promo Hunter,1,3
9093,Routine Young Parents,0,0
9095,Engaged Generalist,2,3
9096,Routine Generalist,0,3
9097,Routine Young Parents,0,0
9098,Routine Young Parents,0,0
9100,Engaged Generalist,2,3
9101,Routine Generalist,0,3
9102,Engaged Generalist,2,3
9103,Routine Generalist,0,3
9104,Routine Young Parents,0,0
9105,Engaged Generalist,2,3
9106,Engaged Generalist,2,3
9107,Routine Generalist,0,3
9110,Engaged Generalist,2,3
9111,Engaged Generalist,2,3
9112,Routine Young Parents,0,0
9113,Engaged Generalist,2,3
9114,Routine Young Parents,0,0
9116,Routine Generalist,0,3
9117,Promo Hunter,1,3
9118,Engaged Generalist,2,3
9120,Routine Family Provisioner,0,1
9121,Engaged Generalist,2,3
9122,Engaged Generalist,2,3
9123,Engaged Generalist,2,3
9124,Engaged Generalist,2,3
9125,Promo Hunter,1,2
9126,Routine Generalist,0,3
9127,Promo Hunter,1,1
9128,Routine Family Provisioner,0,1
9130,Routine Tech,0,2
9131,Engaged Generalist,2,3
9132,Routine Young Parents,0,0
9133,Promo Hunter,1,3
9134,Routine Generalist,0,3
9135,Engaged Generalist,2,3
9136,Promo Hunter,1,3
9137,Routine Young Parents,0,0
9138,Promo Hunter,1,3
9140,Engaged Generalist,2,3
9141,Promo Hunter,1,3
9142,Promo Hunter,1,2
9143,Promo Hunter,1,3
9144,Routine Generalist,0,3
9145,Engaged Generalist,2,3
9146,Routine Young Parents,0,0
9147,Routine Generalist,0,3
9148,Promo Hunter,1,2
9149,Routine Young Parents,0,0
9151,Routine Tech,0,2
9152,Engaged Generalist,2,3
9153,Promo Hunter,1,3
9154,Routine Tech,0,2
9155,Routine Young Parents,0,0
9156,Engaged Generalist,2,3
9157,Engaged Generalist,2,3
9158,Engaged Generalist,2,3
9159,Routine Tech,0,2
9160,Routine Generalist,0,3
9162,Promo Hunter,1,3
9163,Promo Hunter,1,3
9164,Routine Generalist,0,3
9166,Engaged Generalist,2,3
9167,Routine Generalist,0,3
9168,Routine Tech,0,2
9169,Engaged Generalist,2,3
9170,Routine Young Parents,0,0
9171,Engaged Generalist,2,3
9172,Promo Hunter,1,3
9173,Promo Hunter,1,1
9174,Engaged Generalist,2,3
9175,Engaged Generalist,2,3
9176,Engaged Generalist,2,3
9177,Routine Young Parents,0,0
9179,Routine Young Parents,0,0
9180,Promo Hunter,1,3
9181,Engaged Generalist,2,3
9182,Engaged Generalist,2,3
9183,Routine Family Provisioner,0,1
9184,Promo Hunter,1,3
9185,Engaged Generalist,2,3
9186,Routine Young Parents,0,0
9188,Engaged Generalist,2,3
9189,Promo Hunter,1,2
9191,Routine Tech,0,2
9192,Routine Generalist,0,3
9194,Routine Generalist,0,3
9195,Routine Generalist,0,3
9196,Engaged Generalist,2,3
9197,Routine Tech,0,2
9198,Routine Generalist,0,3
9199,Routine Tech,0,2
9200,Routine Family Provisioner,0,1
9202,Promo Hunter,1,1
9203,Routine Generalist,0,3
9204,Engaged Generalist,2,3
9205,Engaged Generalist,2,3
9206,Routine Young Parents,0,0
9208,Promo Hunter,1,3
9209,Routine Generalist,0,3
9210,Promo Hunter,1,1
9211,Routine Generalist,0,3
9212,Routine Family Provisioner,0,1
9214,Routine Generalist,0,3
9215,Promo Hunter,1,3
9216,Routine Young Parents,0,0
9217,Routine Generalist,0,3
9218,Engaged Generalist,2,3
9219,Engaged Generalist,2,3
9220,Promo Hunter,1,3
9221,Engaged Family Provisioner,2,1
9222,Routine Generalist,0,3
9225,Engaged Generalist,2,3
9226,Routine Generalist,0,3
9228,Promo Hunter,1,1
9229,Routine Generalist,0,3
9231,Promo Hunter,1,3
9232,Promo Hunter,1,3
9233,Engaged Family Provisioner,2,1
9234,Routine Tech,0,2
9235,Engaged Generalist,2,3
9236,Engaged Generalist,2,3
9237,Routine Tech,0,2
9238,Promo Hunter,1,3
9239,Routine Generalist,0,3
9240,Routine Generalist,0,3
9241,Routine Generalist,0,3
9242,Engaged Generalist,2,3
9243,Routine Generalist,0,3
9245,Promo Hunter,1,3
9246,Promo Hunter,1,3
9247,Promo Hunter,1,3
9248,Routine Generalist,0,3
9249,Routine Generalist,0,3
9250,Routine Tech,0,2
9252,Engaged Generalist,2,3
9253,Promo Hunter,1,3
9254,Promo Hunter,1,3
9255,Routine Generalist,0,3
9256,Routine Generalist,0,3
9258,Promo Hunter,1,3
9261,Routine Tech,0,2
9263,Engaged Generalist,2,3
9265,Engaged Generalist,2,3
9266,Promo Hunter,1,1
9267,Routine Young Parents,0,0
9268,Engaged Family Provisioner,2,1
9269,Engaged Generalist,2,3
9270,Engaged Generalist,2,3
9271,Routine Tech,0,2
9272,Engaged Generalist,2,3
9273,Routine Generalist,0,3
9274,Routine Generalist,0,3
9275,Promo Hunter,1,3
9276,Routine Tech,0,2
9277,Routine Generalist,0,3
9278,Engaged Generalist,2,3
9279,Engaged Generalist,2,3
9280,Engaged Generalist,2,3
9281,Promo Hunter,1,3
9282,Promo Hunter,1,3
9283,Engaged Generalist,2,3
9284,Routine Young Parents,0,0
9285,Routine Young Parents,0,0
9286,Routine Generalist,0,3
9288,Routine Tech,0,2
9290,Routine Young Parents,0,0
9292,Routine Young Parents,0,0
9293,Routine Generalist,0,3
9294,Routine Tech,0,2
9295,Engaged Generalist,2,3
9296,Promo Hunter,1,2
9297,Engaged Generalist,2,3
9298,Routine Tech,0,2
9299,Engaged Family Provisioner,2,1
9300,Engaged Generalist,2,3
9301,Promo Hunter,1,3
9303,Engaged Generalist,2,3
9304,Routine Tech,0,2
9305,Routine Tech,0,2
9306,Routine Generalist,0,3
9307,Engaged Generalist,2,3
9308,Promo Hunter,1,3
9310,Engaged Generalist,2,3
9313,Routine Young Parents,0,0
9316,Routine Tech,0,2
9317,Routine Generalist,0,3
9319,Routine Family Provisioner,0,1
9322,Routine Family Provisioner,0,1
9323,Promo Hunter,1,3
9324,Engaged Generalist,2,3
9325,Routine Generalist,0,3
9327,Engaged Generalist,2,3
9328,Engaged Generalist,2,3
9329,Routine Young Parents,0,0
9330,Engaged Generalist,2,3
9331,Routine Young Parents,0,0
9332,Promo Hunter,1,0
9333,Routine Young Parents,0,0
9334,Engaged Generalist,2,3
9335,Engaged Generalist,2,3
9336,Promo Hunter,1,3
9337,Routine Generalist,0,3
9338,Routine Generalist,0,3
9339,Routine Generalist,0,3
9340,Routine Generalist,0,3
9341,Routine Young Parents,0,0
9343,Routine Young Parents,0,0
9344,Routine Young Parents,0,0
9345,Routine Generalist,0,3
9346,Promo Hunter,1,1
9348,Engaged Generalist,2,3
9349,Routine Young Parents,0,0
9351,Routine Young Parents,0,0
9352,Engaged Generalist,2,3
9353,Engaged Generalist,2,3
9354,Routine Generalist,0,3
9355,Engaged Generalist,2,3
9357,Routine Young Parents,0,0
9358,Routine Generalist,0,3
9359,Routine Young Parents,0,0
9360,Promo Hunter,1,1
9362,Promo Hunter,1,3
9363,Routine Family Provisioner,0,1
9364,Engaged Generalist,2,3
9365,Engaged Generalist,2,3
9366,Routine Generalist,0,3
9367,Promo Hunter,1,3
9368,Routine Tech,0,2
9369,Engaged Generalist,2,3
9370,Promo Hunter,1,1
9371,Promo Hunter,1,3
9372,Promo Hunter,1,1
9373,Promo Hunter,1,3
9375,Promo Hunter,1,1
9377,Routine Young Parents,0,0
9378,Promo Hunter,1,1
9379,Routine Young Parents,0,0
9380,Routine Generalist,0,3
9381,Routine Young Parents,0,0
9382,Engaged Generalist,2,3
9383,Engaged Generalist,2,3
9384,Engaged Generalist,2,2
9385,Routine Generalist,0,3
9386,Routine Young Parents,0,0
9387,Routine Tech,0,2
9388,Promo Hunter,1,1
9389,Engaged Family Provisioner,2,1
9390,Promo Hunter,1,3
9391,Routine Family Provisioner,0,1
9392,Routine Tech,0,2
9393,Engaged Generalist,2,3
9394,Promo Hunter,1,1
9395,Routine Young Parents,0,0
9396,Routine Young Parents,0,0
9397,Routine Tech,0,2
9398,Engaged Generalist,2,3
9399,Promo Hunter,1,3
9400,Routine Generalist,0,3
9402,Routine Family Provisioner,0,1
9403,Engaged Generalist,2,3
9404,Engaged Generalist,2,3
9406,Routine Young Parents,0,0
9407,Routine Generalist,0,3
9408,Routine Young Parents,0,0
9409,Promo Hunter,1,1
9410,Routine Tech,0,2
9411,Routine Tech,0,2
9412,Routine Generalist,0,3
9413,Promo Hunter,1,0
9414,Promo Hunter,1,3
9415,Promo Hunter,1,3
9417,Engaged Generalist,2,3
9420,Routine Generalist,0,3
9421,Routine Generalist,0,3
9422,Routine Generalist,0,3
9423,Promo Hunter,1,3
9424,Routine Family Provisioner,0,1
9425,Engaged Generalist,2,3
9426,Promo Hunter,1,3
9427,Routine Young Parents,0,0
9428,Routine Generalist,0,3
9429,Engaged Generalist,2,3
9430,Promo Hunter,1,1
9431,Routine Generalist,0,3
9433,Engaged Generalist,2,3
9434,Routine Generalist,0,3
9435,Routine Young Parents,0,0
9436,Promo Hunter,1,2
9437,Routine Generalist,0,3
9438,Routine Tech,0,2
9439,Routine Generalist,0,3
9440,Engaged Family Provisioner,2,1
9442,Routine Generalist,0,3
9443,Engaged Generalist,2,3
9444,Routine Family Provisioner,0,1
9446,Engaged Generalist,2,3
9447,Promo Hunter,1,3
9448,Engaged Generalist,2,3
9449,Routine Young Parents,0,0
9451,Routine Tech,0,2
9452,Routine Generalist,0,3
9453,Engaged Family Provisioner,2,1
9454,Engaged Generalist,2,3
9455,Routine Generalist,0,3
9456,Routine Tech,0,2
9458,Routine Generalist,0,3
9459,Engaged Family Provisioner,2,1
9460,Routine Young Parents,0,0
9464,Engaged Generalist,2,3
9465,Routine Family Provisioner,0,1
9466,Routine Young Parents,0,0
9467,Promo Hunter,1,3
9468,Engaged Generalist,2,3
9469,Routine Generalist,0,3
9471,Promo Hunter,1,3
9473,Routine Young Parents,0,0
9474,Routine Family Provisioner,0,1
9475,Promo Hunter,1,3
9476,Routine Generalist,0,3
9477,Routine Generalist,0,3
9478,Engaged Generalist,2,3
9479,Routine Tech,0,2
9480,Routine Generalist,0,3
9482,Routine Generalist,0,3
9483,Routine Generalist,0,3
9484,Routine Generalist,0,3
9485,Engaged Generalist,2,3
9486,Routine Generalist,0,3
9487,Promo Hunter,1,3
9489,Engaged Generalist,2,3
9490,Promo Hunter,1,1
9491,Engaged Generalist,2,3
9492,Routine Generalist,0,3
9493,Engaged Generalist,2,3
9494,Promo Hunter,1,1
9496,Promo Hunter,1,3
9497,Promo Hunter,1,3
9498,Engaged Generalist,2,3
9499,Routine Tech,0,2
9500,Engaged Generalist,2,3
9502,Promo Hunter,1,3
9503,Engaged Generalist,2,3
9504,Routine Family Provisioner,0,1
9505,Routine Generalist,0,3
9506,Engaged Generalist,2,3
9507,Engaged Generalist,2,3
9508,Routine Generalist,0,3
9509,Routine Tech,0,2
9510,Engaged Generalist,2,3
9511,Promo Hunter,1,3
9512,Routine Family Provisioner,0,1
9514,Routine Tech,0,2
9516,Engaged Generalist,2,3
9518,Routine Young Parents,0,0
9519,Routine Generalist,0,3
9520,Promo Hunter,1,3
9522,Engaged Generalist,2,3
9523,Engaged Generalist,2,3
9524,Routine Young Parents,0,0
9526,Routine Tech,0,2
9528,Promo Hunter,1,3
9530,Routine Young Parents,0,0
9532,Routine Generalist,0,3
9533,Promo Hunter,1,0
9535,Engaged Generalist,2,3
9536,Routine Generalist,0,3
9539,Engaged Generalist,2,3
9540,Routine Tech,0,2
9541,Routine Tech,0,2
9542,Routine Generalist,0,3
9543,Engaged Generalist,2,3
9544,Engaged Generalist,2,3
9547,Routine Tech,0,2
9548,Routine Young Parents,0,0
9549,Routine Tech,0,2
9550,Routine Young Parents,0,0
9551,Engaged Generalist,2,3
9552,Engaged Generalist,2,3
9553,Routine Generalist,0,3
9554,Engaged Generalist,2,3
9556,Engaged Generalist,2,3
9557,Routine Generalist,0,3
9558,Routine Young Parents,0,0
9559,Routine Tech,0,2
9560,Routine Young Parents,0,0
9561,Promo Hunter,1,3
9562,Routine Tech,0,2
9563,Routine Tech,0,2
9564,Routine Generalist,0,3
9565,Routine Family Provisioner,0,1
9567,Promo Hunter,1,3
9568,Engaged Generalist,2,3
9569,Engaged Generalist,2,3
9570,Promo Hunter,1,3
9571,Engaged Generalist,2,3
9572,Promo Hunter,1,3
9573,Promo Hunter,1,3
9574,Routine Young Parents,0,0
9576,Engaged Family Provisioner,2,1
9577,Routine Generalist,0,3
9578,Engaged Generalist,2,3
9579,Routine Tech,0,2
9580,Engaged Generalist,2,3
9581,Engaged Generalist,2,3
9582,Engaged Generalist,2,0
9583,Engaged Generalist,2,3
9584,Routine Young Parents,0,0
9585,Routine Generalist,0,3
9586,Promo Hunter,1,3
9587,Promo Hunter,1,3
9588,Routine Generalist,0,3
9589,Routine Generalist,0,3
9590,Engaged Generalist,2,3
9592,Routine Young Parents,0,0
9593,Promo Hunter,1,3
9594,Engaged Generalist,2,3
9595,Engaged Generalist,2,3
9597,Routine Young Parents,0,0
9598,Promo Hunter,1,3
9599,Engaged Generalist,2,3
9600,Promo Hunter,1,3
9602,Engaged Generalist,2,3
9603,Routine Generalist,0,3
9606,Promo Hunter,1,3
9607,Routine Generalist,0,3
9608,Promo Hunter,1,3
9609,Routine Young Parents,0,0
9610,Routine Generalist,0,3
9611,Routine Generalist,0,3
9613,Engaged Generalist,2,3
9614,Routine Tech,0,2
9616,Routine Generalist,0,3
9617,Promo Hunter,1,3
9618,Routine Young Parents,0,0
9619,Routine Generalist,0,3
9620,Routine Tech,0,2
9621,Routine Young Parents,0,0
9622,Engaged Generalist,2,3
9623,Routine Generalist,0,3
9625,Routine Generalist,0,3
9626,Engaged Generalist,2,3
9627,Engaged Generalist,2,3
9628,Promo Hunter,1,3
9629,Routine Generalist,0,3
9630,Routine Generalist,0,3
9631,Routine Young Parents,0,0
9632,Promo Hunter,1,3
9633,Routine Tech,0,2
9635,Promo Hunter,1,3
9636,Routine Generalist,0,3
9637,Routine Young Parents,0,0
9638,Engaged Generalist,2,3
9640,Routine Young Parents,0,0
9641,Engaged Generalist,2,3
9642,Routine Young Parents,0,0
9643,Routine Generalist,0,3
9644,Promo Hunter,1,1
9645,Promo Hunter,1,3
9646,Routine Generalist,0,3
9647,Engaged Generalist,2,3
9650,Engaged Generalist,2,3
9651,Routine Tech,0,2
9652,Routine Family Provisioner,0,1
9653,Routine Generalist,0,3
9654,Routine Generalist,0,3
9655,Routine Young Parents,0,0
9656,Engaged Generalist,2,3
9657,Engaged Generalist,2,3
9658,Promo Hunter,1,1
9659,Routine Generalist,0,3
9660,Routine Young Parents,0,0
9661,Routine Young Parents,0,0
9662,Routine Young Parents,0,0
9663,Routine Generalist,0,3
9664,Engaged Generalist,2,3
9665,Engaged Generalist,2,3
9666,Routine Generalist,0,3
9667,Promo Hunter,1,3
9668,Routine Tech,0,2
9670,Routine Tech,0,2
9671,Routine Generalist,0,3
9672,Routine Tech,0,2
9674,Routine Tech,0,2
9675,Engaged Family Provisioner,2,1
9676,Promo Hunter,1,3
9677,Routine Generalist,0,3
9678,Promo Hunter,1,3
9679,Routine Tech,0,2
9680,Routine Generalist,0,3
9681,Routine Young Parents,0,0
9683,Routine Generalist,0,3
9684,Routine Tech,0,2
9685,Routine Young Parents,0,0
9686,Engaged Generalist,2,3
9687,Routine Generalist,0,3
9688,Routine Generalist,0,3
9689,Routine Generalist,0,3
9691,Routine Tech,0,2
9692,Routine Generalist,0,3
9693,Routine Generalist,0,3
9694,Routine Generalist,0,3
9695,Routine Tech,0,2
9696,Routine Young Parents,0,0
9697,Engaged Generalist,2,3
9700,Promo Hunter,1,3
9701,Routine Generalist,0,3
9702,Routine Generalist,0,3
9703,Promo Hunter,1,3
9704,Routine Tech,0,2
9705,Engaged Generalist,2,3
9706,Promo Hunter,1,3
9707,Engaged Generalist,2,3
9708,Engaged Generalist,2,3
9709,Routine Generalist,0,3
9712,Routine Young Parents,0,0
9713,Promo Hunter,1,3
9714,Promo Hunter,1,3
9715,Routine Generalist,0,3
9716,Engaged Family Provisioner,2,1
9717,Engaged Generalist,2,3
9718,Engaged Generalist,2,3
9719,Routine Generalist,0,3
9720,Engaged Generalist,2,3
9721,Routine Generalist,0,3
9722,Routine Generalist,0,3
9723,Routine Generalist,0,3
9724,Engaged Generalist,2,3
9726,Promo Hunter,1,3
9727,Engaged Generalist,2,3
9728,Routine Generalist,0,3
9729,Routine Young Parents,0,0
9730,Engaged Generalist,2,3
9731,Engaged Generalist,2,3
9732,Engaged Generalist,2,3
9734,Engaged Generalist,2,3
9735,Routine Young Parents,0,0
9736,Promo Hunter,1,3
9737,Engaged Generalist,2,3
9739,Promo Hunter,1,1
9740,Engaged Generalist,2,3
9741,Promo Hunter,1,3
9742,Routine Young Parents,0,0
9743,Engaged Generalist,2,3
9744,Engaged Generalist,2,3
9745,Engaged Generalist,2,0
9747,Routine Young Parents,0,0
9748,Promo Hunter,1,1
9749,Routine Generalist,0,3
9750,Engaged Generalist,2,0
9751,Engaged Generalist,2,3
9752,Engaged Generalist,2,3
9753,Routine Generalist,0,3
9754,Engaged Generalist,2,3
9757,Routine Generalist,0,3
9758,Routine Tech,0,2
9760,Engaged Generalist,2,3
9761,Promo Hunter,1,2
9762,Promo Hunter,1,3
9763,Routine Generalist,0,3
9764,Routine Young Parents,0,0
9765,Engaged Generalist,2,3
9768,Routine Generalist,0,3
9771,Promo Hunter,1,3
9772,Promo Hunter,1,3
9773,Routine Generalist,0,3
9774,Routine Tech,0,2
9775,Routine Generalist,0,3
9776,Promo Hunter,1,3
9777,Routine Generalist,0,3
9778,Routine Young Parents,0,0
9779,Promo Hunter,1,3
9780,Engaged Generalist,2,3
9781,Routine Generalist,0,3
9783,Routine Generalist,0,3
9784,Promo Hunter,1,3
9785,Routine Young Parents,0,0
9786,Promo Hunter,1,3
9788,Engaged Generalist,2,3
9789,Engaged Generalist,2,3
9790,Routine Generalist,0,3
9791,Routine Generalist,0,3
9792,Engaged Generalist,2,3
9793,Engaged Generalist,2,3
9795,Promo Hunter,1,3
9796,Promo Hunter,1,3
9798,Routine Generalist,0,3
9800,Engaged Generalist,2,3
9801,Routine Young Parents,0,0
9802,Engaged Generalist,2,3
9803,Promo Hunter,1,3
9804,Promo Hunter,1,3
9805,Routine Generalist,0,3
9806,Promo Hunter,1,3
9807,Routine Tech,0,2
9809,Routine Young Parents,0,0
9811,Routine Tech,0,2
9812,Routine Family Provisioner,0,1
9814,Promo Hunter,1,3
9815,Engaged Generalist,2,3
9817,Routine Generalist,0,3
9818,Engaged Generalist,2,3
9819,Engaged Generalist,2,3
9820,Promo Hunter,1,2
9822,Routine Generalist,0,3
9823,Routine Tech,0,2
9824,Engaged Generalist,2,3
9825,Engaged Generalist,2,3
9826,Routine Tech,0,2
9827,Routine Tech,0,2
9828,Routine Young Parents,0,0
9829,Engaged Generalist,2,3
9830,Routine Young Parents,0,0
9832,Engaged Family Provisioner,2,1
9833,Routine Generalist,0,3
9834,Routine Young Parents,0,0
9835,Promo Hunter,1,3
9836,Routine Generalist,0,3
9837,Routine Tech,0,2
9838,Engaged Generalist,2,0
9839,Promo Hunter,1,3
9840,Routine Generalist,0,3
9841,Routine Young Parents,0,0
9842,Promo Hunter,1,3
9843,Engaged Generalist,2,0
9844,Routine Young Parents,0,0
9846,Routine Tech,0,2
9847,Promo Hunter,1,3
9848,Routine Generalist,0,3
9849,Routine Young Parents,0,0
9850,Engaged Generalist,2,3
9851,Engaged Generalist,2,3
9852,Routine Generalist,0,3
9853,Promo Hunter,1,1
9854,Promo Hunter,1,3
9855,Engaged Generalist,2,3
9856,Engaged Generalist,2,3
9857,Routine Generalist,0,3
9858,Promo Hunter,1,3
9859,Engaged Generalist,2,0
9860,Routine Generalist,0,3
9861,Routine Generalist,0,3
9863,Engaged Generalist,2,3
9865,Promo Hunter,1,3
9866,Routine Generalist,0,3
9867,Routine Tech,0,2
9868,Routine Tech,0,2
9869,Engaged Generalist,2,3
9870,Promo Hunter,1,3
9871,Engaged Generalist,2,3
9872,Routine Young Parents,0,0
9873,Promo Hunter,1,3
9874,Routine Young Parents,0,0
9875,Routine Tech,0,2
9876,Routine Tech,0,2
9877,Engaged Generalist,2,3
9878,Routine Young Parents,0,0
9879,Promo Hunter,1,3
9880,Routine Generalist,0,3
9881,Engaged Family Provisioner,2,1
9882,Routine Family Provisioner,0,1
9883,Engaged Generalist,2,3
9885,Routine Generalist,0,3
9886,Routine Tech,0,2
9887,Engaged Generalist,2,3
9888,Promo Hunter,1,3
9890,Routine Generalist,0,3
9892,Routine Generalist,0,3
9893,Engaged Generalist,2,3
9894,Promo Hunter,1,1
9895,Promo Hunter,1,3
9896,Routine Generalist,0,3
9897,Routine Young Parents,0,0
9898,Engaged Generalist,2,3
9899,Engaged Generalist,2,3
9900,Routine Young Parents,0,0
9901,Engaged Family Provisioner,2,1
9902,Routine Young Parents,0,0
9904,Promo Hunter,1,3
9905,Promo Hunter,1,1
9906,Promo Hunter,1,3
9907,Routine Generalist,0,3
9908,Engaged Generalist,2,3
9909,Routine Generalist,0,3
9910,Promo Hunter,1,3
9911,Routine Young Parents,0,0
9913,Routine Generalist,0,3
9914,Routine Tech,0,2
9915,Promo Hunter,1,1
9917,Routine Generalist,0,3
9918,Routine Tech,0,2
9919,Engaged Generalist,2,3
9920,Engaged Generalist,2,3
9921,Promo Hunter,1,1
9925,Promo Hunter,1,3
9926,Routine Tech,0,2
9927,Promo Hunter,1,3
9929,Routine Generalist,0,3
9932,Engaged Generalist,2,3
9934,Routine Young Parents,0,0
9935,Routine Generalist,0,3
9936,Routine Generalist,0,3
9937,Promo Hunter,1,3
9940,Routine Young Parents,0,0
9941,Engaged Generalist,2,3
9942,Engaged Generalist,2,3
9943,Engaged Generalist,2,3
9944,Routine Generalist,0,3
9947,Routine Generalist,0,3
9948,Promo Hunter,1,3
9949,Engaged Generalist,2,3
9950,Routine Generalist,0,3
9951,Engaged Generalist,2,3
9952,Routine Generalist,0,3
9953,Routine Young Parents,0,0
9954,Routine Generalist,0,3
9955,Promo Hunter,1,0
9957,Engaged Generalist,2,3
9958,Engaged Generalist,2,3
9960,Routine Young Parents,0,0
9962,Routine Generalist,0,3
9963,Routine Generalist,0,3
9965,Promo Hunter,1,3
9966,Promo Hunter,1,3
9969,Engaged Generalist,2,3
9971,Routine Generalist,0,3
9974,Promo Hunter,1,3
9975,Routine Tech,0,2
9976,Engaged Generalist,2,3
9977,Engaged Generalist,2,3
9978,Engaged Generalist,2,3
9979,Promo Hunter,1,0
9980,Promo Hunter,1,3
9982,Routine Generalist,0,3
9983,Promo Hunter,1,1
9985,Routine Tech,0,2
9986,Routine Young Parents,0,0
9987,Routine Generalist,0,3
9988,Engaged Generalist,2,3
9989,Engaged Generalist,2,3
9990,Promo Hunter,1,3
9991,Routine Generalist,0,3
9992,Routine Young Parents,0,0
9994,Routine Young Parents,0,0
9995,Engaged Generalist,2,3
9996,Routine Young Parents,0,0
9997,Engaged Generalist,2,3
9998,Engaged Generalist,2,3
10000,Promo Hunter,1,3
10001,Routine Tech,0,2
10002,Routine Young Parents,0,0
10004,Routine Family Provisioner,0,1
10006,Engaged Generalist,2,3
10008,Promo Hunter,1,3
10009,Routine Generalist,0,3
10010,Promo Hunter,1,3
10011,Routine Tech,0,2
10012,Routine Generalist,0,3
10013,Engaged Generalist,2,3
10014,Routine Generalist,0,3
10015,Routine Generalist,0,3
10016,Promo Hunter,1,3
10017,Routine Generalist,0,3
10019,Engaged Generalist,2,3
10020,Routine Generalist,0,3
10021,Engaged Generalist,2,3
10022,Engaged Generalist,2,3
10023,Engaged Generalist,2,3
10024,Routine Generalist,0,3
10025,Routine Young Parents,0,0
10026,Routine Young Parents,0,0
10027,Engaged Generalist,2,3
10028,Routine Generalist,0,3
10029,Routine Generalist,0,3
10030,Promo Hunter,1,1
10031,Engaged Generalist,2,3
10032,Engaged Generalist,2,3
10035,Promo Hunter,1,3
10036,Engaged Generalist,2,3
10038,Routine Generalist,0,3
10039,Routine Generalist,0,3
10040,Routine Family Provisioner,0,1
10042,Routine Generalist,0,3
10044,Engaged Generalist,2,3
10045,Routine Tech,0,2
10046,Routine Tech,0,2
10047,Routine Young Parents,0,0
10048,Routine Generalist,0,3
10050,Routine Young Parents,0,0
10051,Promo Hunter,1,3
10052,Routine Generalist,0,3
10053,Routine Young Parents,0,0
10054,Routine Young Parents,0,0
10055,Routine Young Parents,0,0
10056,Engaged Generalist,2,3
10057,Routine Generalist,0,3
10058,Promo Hunter,1,3
10059,Promo Hunter,1,3
10060,Routine Tech,0,2
10062,Engaged Generalist,2,3
10063,Engaged Generalist,2,3
10064,Promo Hunter,1,3
10065,Routine Generalist,0,3
10066,Routine Tech,0,2
10068,Promo Hunter,1,3
10070,Routine Generalist,0,3
10072,Routine Young Parents,0,0
10073,Routine Generalist,0,3
10074,Routine Generalist,0,3
10075,Routine Generalist,0,3
10076,Routine Tech,0,2
10077,Routine Young Parents,0,0
10078,Routine Family Provisioner,0,1
10079,Routine Young Parents,0,0
10080,Engaged Generalist,2,3
10081,Engaged Generalist,2,3
10082,Routine Tech,0,2
10083,Routine Young Parents,0,0
10085,Engaged Generalist,2,3
10086,Engaged Generalist,2,3
10087,Routine Generalist,0,3
10088,Engaged Generalist,2,3
10090,Routine Generalist,0,3
10091,Routine Young Parents,0,0
10093,Engaged Generalist,2,3
10094,Routine Generalist,0,3
10095,Routine Generalist,0,3
10097,Engaged Generalist,2,3
10098,Routine Generalist,0,3
10099,Routine Generalist,0,3
10100,Engaged Generalist,2,3
10101,Engaged Generalist,2,3
10102,Routine Tech,0,2
10103,Routine Young Parents,0,0
10105,Engaged Generalist,2,3
10106,Promo Hunter,1,3
10107,Routine Young Parents,0,0
10110,Promo Hunter,1,3
10111,Routine Generalist,0,3
10112,Routine Young Parents,0,0
10113,Engaged Generalist,2,3
10114,Routine Family Provisioner,0,1
10115,Routine Tech,0,2
10116,Promo Hunter,1,1
10120,Engaged Generalist,2,3
10121,Routine Young Parents,0,0
10122,Promo Hunter,1,3
10123,Routine Generalist,0,3
10124,Routine Young Parents,0,0
10125,Engaged Generalist,2,3
10126,Promo Hunter,1,1
10127,Promo Hunter,1,3
10128,Engaged Generalist,2,3
10130,Routine Tech,0,2
10133,Promo Hunter,1,3
10134,Routine Generalist,0,3
10135,Routine Young Parents,0,0
10136,Routine Generalist,0,3
10137,Routine Tech,0,2
10139,Promo Hunter,1,3
10140,Routine Young Parents,0,0
10141,Routine Tech,0,2
10142,Routine Generalist,0,3
10144,Promo Hunter,1,3
10145,Engaged Generalist,2,3
10147,Promo Hunter,1,3
10148,Promo Hunter,1,3
10150,Routine Young Parents,0,0
10151,Routine Young Parents,0,0
10152,Engaged Generalist,2,3
10153,Routine Generalist,0,3
10154,Engaged Generalist,2,3
10155,Routine Generalist,0,3
10156,Routine Tech,0,2
10157,Engaged Generalist,2,3
10158,Engaged Generalist,2,3
10159,Routine Generalist,0,3
10160,Routine Tech,0,2
10161,Routine Young Parents,0,0
10162,Routine Tech,0,2
10163,Engaged Family Provisioner,2,1
10164,Promo Hunter,1,3
10165,Routine Generalist,0,3
10166,Routine Tech,0,2
10167,Promo Hunter,1,3
10168,Routine Generalist,0,3
10169,Engaged Generalist,2,3
10170,Promo Hunter,1,3
10171,Routine Young Parents,0,0
10173,Routine Young Parents,0,0
10178,Promo Hunter,1,2
10179,Engaged Generalist,2,3
10180,Routine Tech,0,2
10181,Routine Young Parents,0,0
10183,Routine Tech,0,2
10184,Engaged Generalist,2,3
10185,Promo Hunter,1,1
10186,Routine Generalist,0,3
10187,Routine Young Parents,0,0
10188,Routine Generalist,0,3
10189,Engaged Generalist,2,3
10191,Promo Hunter,1,3
10192,Routine Generalist,0,3
10194,Routine Generalist,0,3
10195,Routine Generalist,0,3
10196,Engaged Generalist,2,3
10197,Routine Generalist,0,3
10199,Routine Young Parents,0,0
10200,Routine Young Parents,0,0
10201,Promo Hunter,1,3
10202,Routine Young Parents,0,0
10204,Engaged Generalist,2,3
10205,Routine Generalist,0,3
10206,Engaged Generalist,2,3
10207,Routine Tech,0,2
10208,Engaged Generalist,2,3
10209,Routine Young Parents,0,0
10212,Engaged Generalist,2,3
10213,Routine Family Provisioner,0,1
10214,Promo Hunter,1,0
10215,Promo Hunter,1,3
10216,Promo Hunter,1,1
10217,Routine Generalist,0,3
10218,Promo Hunter,1,3
10219,Engaged Generalist,2,3
10220,Routine Generalist,0,3
10221,Routine Young Parents,0,0
10222,Routine Young Parents,0,0
10223,Routine Generalist,0,3
10224,Routine Generalist,0,3
10226,Engaged Generalist,2,3
10227,Engaged Generalist,2,3
10228,Routine Generalist,0,3
10229,Routine Family Provisioner,0,1
10231,Routine Young Parents,0,0
10232,Routine Young Parents,0,0
10233,Promo Hunter,1,3
10234,Promo Hunter,1,1
10235,Routine Tech,0,2
10236,Routine Young Parents,0,0
10237,Routine Generalist,0,3
10239,Promo Hunter,1,3
10240,Routine Tech,0,2
10242,Engaged Generalist,2,3
10243,Engaged Generalist,2,3
10246,Promo Hunter,1,0
10249,Routine Generalist,0,3
10250,Engaged Generalist,2,3
10251,Routine Generalist,0,3
10253,Promo Hunter,1,3
10254,Promo Hunter,1,3
10255,Routine Generalist,0,3
10256,Routine Young Parents,0,0
10257,Promo Hunter,1,3
10258,Routine Generalist,0,3
10260,Engaged Generalist,2,3
10261,Engaged Generalist,2,3
10262,Routine Tech,0,2
10263,Engaged Generalist,2,3
10264,Promo Hunter,1,0
10265,Routine Generalist,0,3
10266,Routine Young Parents,0,0
10267,Promo Hunter,1,3
10268,Routine Young Parents,0,0
10269,Promo Hunter,1,3
10270,Routine Generalist,0,3
10271,Routine Generalist,0,3
10273,Routine Generalist,0,3
10274,Routine Young Parents,0,0
10275,Routine Generalist,0,3
10276,Routine Generalist,0,3
10277,Routine Generalist,0,3
10278,Routine Family Provisioner,0,1
10279,Routine Young Parents,0,0
10280,Routine Generalist,0,3
10281,Routine Generalist,0,3
10283,Routine Generalist,0,3
10284,Promo Hunter,1,3
10285,Routine Generalist,0,3
10286,Routine Generalist,0,3
10287,Engaged Generalist,2,3
10288,Routine Young Parents,0,0
10289,Routine Generalist,0,3
10290,Routine Generalist,0,3
10291,Routine Young Parents,0,0
10292,Routine Generalist,0,3
10293,Routine Tech,0,2
10294,Promo Hunter,1,3
10295,Engaged Family Provisioner,2,1
10296,Engaged Generalist,2,3
10297,Promo Hunter,1,3
10300,Routine Tech,0,2
10301,Promo Hunter,1,3
10302,Routine Generalist,0,3
10303,Routine Young Parents,0,0
10304,Routine Tech,0,2
10305,Routine Young Parents,0,0
10306,Routine Generalist,0,3
10307,Engaged Generalist,2,3
10308,Promo Hunter,1,1
10309,Engaged Generalist,2,3
10310,Routine Generalist,0,3
10311,Routine Young Parents,0,0
10312,Routine Generalist,0,3
10314,Engaged Generalist,2,3
10315,Routine Young Parents,0,0
10316,Routine Tech,0,2
10317,Engaged Generalist,2,3
10318,Routine Tech,0,2
10319,Engaged Family Provisioner,2,1
10320,Engaged Generalist,2,3
10321,Engaged Generalist,2,3
10322,Routine Family Provisioner,0,1
10323,Engaged Generalist,2,3
10324,Promo Hunter,1,1
10325,Engaged Generalist,2,3
10326,Engaged Generalist,2,3
10327,Promo Hunter,1,1
10328,Engaged Generalist,2,3
10329,Engaged Generalist,2,3
10330,Routine Young Parents,0,0
10331,Engaged Generalist,2,3
10332,Routine Generalist,0,3
10333,Routine Generalist,0,3
10334,Routine Generalist,0,3
10335,Engaged Generalist,2,3
10336,Engaged Generalist,2,3
10337,Promo Hunter,1,3
10339,Routine Generalist,0,3
10340,Routine Generalist,0,3
10341,Promo Hunter,1,3
10342,Routine Tech,0,2
10343,Routine Young Parents,0,0
10344,Routine Generalist,0,3
10345,Promo Hunter,1,3
10346,Engaged Generalist,2,3
10347,Engaged Generalist,2,3
10348,Routine Tech,0,2
10351,Routine Generalist,0,3
10353,Promo Hunter,1,1
10354,Routine Generalist,0,3
10355,Promo Hunter,1,3
10357,Routine Generalist,0,3
10358,Engaged Generalist,2,3
10360,Routine Generalist,0,3
10361,Engaged Generalist,2,3
10362,Engaged Generalist,2,3
10364,Routine Tech,0,2
10366,Promo Hunter,1,1
10367,Routine Generalist,0,3
10368,Promo Hunter,1,3
10369,Promo Hunter,1,3
10370,Promo Hunter,1,3
10371,Routine Generalist,0,3
10372,Engaged Generalist,2,3
10373,Promo Hunter,1,3
10374,Routine Family Provisioner,0,1
10377,Promo Hunter,1,3
10379,Routine Generalist,0,3
10382,Routine Generalist,0,3
10384,Routine Generalist,0,3
10386,Routine Young Parents,0,0
10387,Promo Hunter,1,1
10388,Routine Generalist,0,3
10389,Engaged Generalist,2,3
10390,Routine Young Parents,0,0
10391,Promo Hunter,1,1
10392,Routine Generalist,0,3
10393,Engaged Family Provisioner,2,1
10394,Routine Young Parents,0,0
10395,Promo Hunter,1,3
10396,Routine Generalist,0,3
10397,Routine Tech,0,2
10398,Routine Young Parents,0,0
10399,Engaged Generalist,2,3
10400,Engaged Family Provisioner,2,1
10401,Engaged Generalist,2,3
10402,Routine Tech,0,2
10403,Promo Hunter,1,3
10404,Promo Hunter,1,3
10405,Promo Hunter,1,3
10406,Engaged Generalist,2,3
10407,Routine Generalist,0,3
10408,Promo Hunter,1,3
10409,Engaged Generalist,2,3
10410,Promo Hunter,1,3
10411,Promo Hunter,1,3
10412,Routine Generalist,0,3
10413,Routine Young Parents,0,0
10414,Promo Hunter,1,3
10415,Routine Tech,0,2
10416,Engaged Generalist,2,3
10417,Routine Generalist,0,3
10418,Routine Young Parents,0,0
10419,Routine Young Parents,0,0
10420,Routine Generalist,0,3
10421,Routine Family Provisioner,0,1
10424,Engaged Generalist,2,3
10425,Routine Tech,0,2
10426,Engaged Generalist,2,3
10428,Engaged Generalist,2,3
10429,Routine Generalist,0,3
10430,Engaged Family Provisioner,2,1
10431,Routine Young Parents,0,0
10433,Routine Generalist,0,3
10434,Promo Hunter,1,3
10435,Promo Hunter,1,3
10436,Promo Hunter,1,3
10437,Routine Young Parents,0,0
10438,Routine Generalist,0,3
10439,Routine Family Provisioner,0,1
10440,Engaged Generalist,2,3
10443,Engaged Family Provisioner,2,1
10444,Routine Generalist,0,3
10445,Promo Hunter,1,1
10446,Routine Generalist,0,3
10447,Promo Hunter,1,3
10448,Routine Generalist,0,3
10449,Engaged Generalist,2,3
10453,Engaged Generalist,2,3
10454,Engaged Generalist,2,3
10455,Routine Generalist,0,3
10456,Routine Generalist,0,3
10457,Promo Hunter,1,3
10459,Promo Hunter,1,2
10460,Engaged Generalist,2,3
10461,Promo Hunter,1,3
10462,Routine Tech,0,2
10463,Routine Young Parents,0,0
10464,Routine Generalist,0,3
10465,Engaged Generalist,2,3
10466,Routine Family Provisioner,0,1
10467,Promo Hunter,1,3
10469,Routine Family Provisioner,0,1
10470,Promo Hunter,1,3
10471,Engaged Generalist,2,3
10472,Engaged Generalist,2,3
10473,Routine Family Provisioner,0,1
10474,Engaged Generalist,2,3
10476,Routine Tech,0,2
10477,Engaged Family Provisioner,2,1
10478,Engaged Generalist,2,3
10479,Routine Generalist,0,3
10480,Routine Generalist,0,3
10481,Promo Hunter,1,3
10483,Routine Young Parents,0,0
10484,Engaged Generalist,2,3
10485,Routine Generalist,0,3
10486,Promo Hunter,1,3
10488,Engaged Generalist,2,3
10489,Engaged Generalist,2,3
10490,Routine Young Parents,0,0
10491,Routine Tech,0,2
10492,Routine Generalist,0,3
10493,Routine Tech,0,2
10494,Engaged Generalist,2,3
10497,Engaged Generalist,2,3
10498,Routine Young Parents,0,0
10499,Routine Tech,0,2
10500,Promo Hunter,1,3
10501,Routine Family Provisioner,0,1
10502,Engaged Generalist,2,3
10503,Routine Tech,0,2
10504,Engaged Family Provisioner,2,1
10506,Engaged Generalist,2,3
10507,Routine Tech,0,2
10508,Promo Hunter,1,3
10511,Promo Hunter,1,1
10512,Engaged Generalist,2,3
10513,Promo Hunter,1,3
10515,Engaged Generalist,2,3
10518,Engaged Generalist,2,3
10519,Promo Hunter,1,1
10520,Promo Hunter,1,3
10521,Engaged Generalist,2,3
10522,Engaged Generalist,2,3
10524,Routine Young Parents,0,0
10525,Routine Generalist,0,3
10526,Promo Hunter,1,3
10527,Routine Generalist,0,3
10528,Engaged Generalist,2,3
10529,Engaged Generalist,2,3
10530,Routine Generalist,0,3
10533,Routine Young Parents,0,0
10534,Routine Young Parents,0,0
10536,Routine Generalist,0,3
10537,Promo Hunter,1,0
10538,Routine Generalist,0,3
10540,Routine Generalist,0,3
10541,Routine Generalist,0,3
10542,Engaged Generalist,2,3
10544,Promo Hunter,1,1
10545,Routine Generalist,0,3
10546,Routine Generalist,0,3
10547,Promo Hunter,1,3
10548,Routine Young Parents,0,0
10549,Promo Hunter,1,3
10550,Routine Young Parents,0,0
10551,Routine Young Parents,0,0
10552,Promo Hunter,1,3
10553,Routine Generalist,0,3
10554,Routine Young Parents,0,0
10555,Routine Tech,0,2
10556,Routine Generalist,0,3
10557,Routine Tech,0,2
10559,Engaged Generalist,2,3
10562,Engaged Generalist,2,3
10563,Routine Tech,0,2
10564,Promo Hunter,1,3
10565,Routine Generalist,0,3
10567,Routine Generalist,0,3
10568,Routine Young Parents,0,0
10569,Engaged Generalist,2,3
10570,Engaged Generalist,2,3
10571,Routine Generalist,0,3
10572,Routine Tech,0,2
10573,Promo Hunter,1,1
10574,Routine Young Parents,0,0
10575,Promo Hunter,1,0
10576,Engaged Generalist,2,3
10577,Promo Hunter,1,1
10578,Promo Hunter,1,3
10579,Routine Generalist,0,3
10580,Engaged Generalist,2,3
10582,Promo Hunter,1,3
10584,Engaged Generalist,2,3
10585,Promo Hunter,1,3
10586,Promo Hunter,1,3
10587,Routine Tech,0,2
10589,Engaged Generalist,2,3
10590,Promo Hunter,1,3
10591,Routine Young Parents,0,0
10592,Routine Young Parents,0,0
10593,Engaged Generalist,2,3
10594,Engaged Generalist,2,3
10596,Promo Hunter,1,1
10597,Routine Generalist,0,3
10598,Promo Hunter,1,3
10601,Routine Tech,0,2
10603,Promo Hunter,1,1
10604,Promo Hunter,1,3
10606,Routine Generalist,0,3
10607,Routine Generalist,0,3
10609,Routine Generalist,0,3
10610,Routine Generalist,0,3
10611,Promo Hunter,1,3
10612,Promo Hunter,1,1
10613,Routine Generalist,0,3
10614,Routine Young Parents,0,0
10616,Routine Young Parents,0,0
10618,Routine Generalist,0,3
10619,Routine Generalist,0,3
10620,Routine Young Parents,0,0
10621,Routine Young Parents,0,0
10622,Promo Hunter,1,3
10625,Routine Generalist,0,3
10628,Engaged Generalist,2,3
10629,Routine Generalist,0,3
10630,Engaged Generalist,2,3
10631,Routine Generalist,0,3
10632,Routine Generalist,0,3
10633,Routine Family Provisioner,0,1
10634,Promo Hunter,1,1
10635,Routine Tech,0,2
10638,Promo Hunter,1,3
10639,Routine Young Parents,0,0
10641,Routine Young Parents,0,0
10642,Promo Hunter,1,3
10643,Promo Hunter,1,3
10644,Promo Hunter,1,3
10645,Routine Generalist,0,3
10647,Routine Generalist,0,3
10648,Promo Hunter,1,3
10649,Promo Hunter,1,3
10650,Routine Young Parents,0,0
10651,Routine Generalist,0,3
10652,Engaged Generalist,2,3
10653,Routine Generalist,0,3
10654,Promo Hunter,1,1
10655,Routine Young Parents,0,0
10656,Promo Hunter,1,3
10657,Routine Generalist,0,3
10659,Promo Hunter,1,3
10662,Routine Family Provisioner,0,1
10663,Routine Generalist,0,3
10664,Promo Hunter,1,3
10665,Routine Generalist,0,3
10667,Engaged Generalist,2,3
10668,Engaged Generalist,2,3
10669,Routine Tech,0,2
10670,Engaged Generalist,2,3
10671,Routine Tech,0,2
10672,Routine Generalist,0,3
10673,Routine Generalist,0,3
10674,Promo Hunter,1,1
10675,Routine Generalist,0,3
10676,Promo Hunter,1,3
10677,Promo Hunter,1,3
10678,Routine Young Parents,0,0
10680,Promo Hunter,1,1
10681,Promo Hunter,1,3
10682,Routine Tech,0,2
10683,Routine Generalist,0,3
10685,Promo Hunter,1,3
10686,Routine Tech,0,2
10687,Engaged Generalist,2,3
10690,Promo Hunter,1,1
10691,Routine Generalist,0,3
10693,Promo Hunter,1,3
10694,Promo Hunter,1,1
10695,Engaged Generalist,2,2
10696,Engaged Generalist,2,3
10697,Routine Generalist,0,3
10698,Engaged Generalist,2,3
10699,Promo Hunter,1,3
10700,Routine Tech,0,2
10701,Routine Young Parents,0,0
10702,Engaged Generalist,2,3
10703,Promo Hunter,1,3
10704,Routine Generalist,0,3
10706,Engaged Generalist,2,3
10707,Routine Generalist,0,3
10708,Routine Tech,0,2
10709,Routine Tech,0,2
10711,Engaged Generalist,2,3
10712,Engaged Generalist,2,3
10713,Promo Hunter,1,3
10714,Routine Tech,0,2
10715,Routine Young Parents,0,0
10716,Routine Young Parents,0,0
10717,Routine Generalist,0,3
10718,Engaged Family Provisioner,2,1
10719,Engaged Generalist,2,3
10720,Promo Hunter,1,3
10721,Routine Generalist,0,3
10722,Engaged Generalist,2,3
10724,Engaged Generalist,2,3
10725,Engaged Generalist,2,3
10726,Routine Young Parents,0,0
10728,Routine Family Provisioner,0,1
10729,Routine Tech,0,2
10730,Engaged Generalist,2,3
10731,Promo Hunter,1,3
10732,Engaged Generalist,2,3
10733,Engaged Family Provisioner,2,1
10734,Routine Young Parents,0,0
10735,Routine Young Parents,0,0
10736,Engaged Generalist,2,3
10737,Routine Generalist,0,3
10738,Routine Generalist,0,3
10739,Engaged Generalist,2,3
10740,Engaged Generalist,2,3
10741,Promo Hunter,1,3
10742,Routine Generalist,0,3
10743,Engaged Family Provisioner,2,1
10744,Routine Young Parents,0,0
10746,Promo Hunter,1,1
10747,Promo Hunter,1,3
10748,Promo Hunter,1,3
10749,Routine Generalist,0,3
10750,Engaged Generalist,2,3
10751,Routine Family Provisioner,0,1
10752,Engaged Generalist,2,3
10754,Engaged Generalist,2,3
10755,Engaged Generalist,2,3
10756,Routine Tech,0,2
10757,Routine Generalist,0,3
10758,Engaged Generalist,2,3
10761,Engaged Generalist,2,3
10762,Promo Hunter,1,3
10763,Engaged Generalist,2,3
10764,Promo Hunter,1,3
10765,Engaged Generalist,2,3
10766,Routine Generalist,0,3
10768,Routine Generalist,0,3
10769,Routine Young Parents,0,0
10770,Engaged Generalist,2,3
10771,Routine Generalist,0,3
10772,Routine Family Provisioner,0,1
10773,Routine Young Parents,0,0
10774,Routine Tech,0,2
10776,Promo Hunter,1,3
10777,Engaged Generalist,2,3
10778,Promo Hunter,1,3
10779,Engaged Generalist,2,3
10781,Routine Generalist,0,3
10782,Routine Generalist,0,3
10784,Engaged Generalist,2,3
10785,Routine Tech,0,2
10786,Engaged Generalist,2,3
10787,Promo Hunter,1,1
10788,Routine Young Parents,0,0
10790,Engaged Generalist,2,3
10791,Engaged Generalist,2,3
10792,Routine Tech,0,2
10793,Promo Hunter,1,3
10794,Routine Tech,0,2
10795,Engaged Generalist,2,3
10796,Promo Hunter,1,3
10798,Routine Generalist,0,3
10799,Engaged Generalist,2,3
10800,Routine Family Provisioner,0,1
10802,Routine Generalist,0,3
10803,Routine Generalist,0,3
10804,Engaged Generalist,2,3
10805,Promo Hunter,1,3
10806,Promo Hunter,1,3
10807,Engaged Generalist,2,3
10808,Promo Hunter,1,1
10809,Routine Generalist,0,3
10810,Promo Hunter,1,1
10811,Engaged Generalist,2,3
10812,Routine Young Parents,0,0
10813,Promo Hunter,1,3
10814,Routine Tech,0,2
10815,Routine Young Parents,0,0
10816,Promo Hunter,1,0
10817,Engaged Generalist,2,3
10819,Routine Generalist,0,3
10821,Routine Young Parents,0,0
10822,Engaged Generalist,2,3
10823,Engaged Generalist,2,3
10825,Engaged Generalist,2,3
10826,Routine Young Parents,0,0
10827,Engaged Generalist,2,3
10828,Engaged Family Provisioner,2,1
10829,Engaged Generalist,2,3
10830,Routine Young Parents,0,0
10831,Promo Hunter,1,3
10832,Routine Young Parents,0,0
10834,Routine Young Parents,0,0
10835,Routine Generalist,0,3
10837,Promo Hunter,1,3
10838,Promo Hunter,1,1
10839,Engaged Generalist,2,3
10840,Engaged Generalist,2,3
10841,Routine Tech,0,2
10842,Promo Hunter,1,3
10843,Routine Young Parents,0,0
10844,Routine Generalist,0,3
10845,Routine Generalist,0,3
10846,Engaged Generalist,2,3
10847,Routine Generalist,0,3
10848,Engaged Generalist,2,3
10849,Routine Young Parents,0,0
10850,Routine Generalist,0,3
10851,Engaged Generalist,2,3
10852,Routine Generalist,0,3
10853,Routine Tech,0,2
10854,Engaged Generalist,2,3
10857,Engaged Generalist,2,3
10858,Promo Hunter,1,3
10860,Engaged Generalist,2,3
10861,Engaged Generalist,2,3
10863,Engaged Generalist,2,3
10864,Engaged Generalist,2,3
10867,Engaged Generalist,2,3
10868,Promo Hunter,1,3
10871,Routine Family Provisioner,0,1
10872,Promo Hunter,1,3
10873,Routine Generalist,0,3
10874,Routine Young Parents,0,0
10875,Routine Tech,0,2
10876,Engaged Family Provisioner,2,1
10877,Engaged Generalist,2,3
10879,Engaged Generalist,2,3
10881,Engaged Generalist,2,3
10882,Engaged Family Provisioner,2,1
10883,Promo Hunter,1,3
10884,Routine Tech,0,2
10885,Routine Tech,0,2
10886,Routine Young Parents,0,0
10887,Engaged Generalist,2,3
10888,Engaged Family Provisioner,2,1
10889,Routine Generalist,0,3
10890,Routine Tech,0,2
10891,Routine Generalist,0,3
10892,Routine Young Parents,0,0
10893,Promo Hunter,1,3
10894,Promo Hunter,1,3
10895,Routine Generalist,0,3
10896,Engaged Generalist,2,3
10897,Routine Generalist,0,3
10898,Promo Hunter,1,1
10899,Routine Tech,0,2
10900,Promo Hunter,1,3
10901,Engaged Generalist,2,3
10902,Promo Hunter,1,1
10903,Promo Hunter,1,3
10904,Promo Hunter,1,3
10905,Routine Generalist,0,3
10906,Promo Hunter,1,3
10907,Engaged Generalist,2,3
10908,Routine Generalist,0,3
10910,Routine Young Parents,0,0
10912,Routine Generalist,0,3
10913,Routine Generalist,0,3
10914,Routine Tech,0,2
10915,Engaged Generalist,2,3
10916,Routine Generalist,0,3
10917,Routine Tech,0,2
10918,Routine Tech,0,2
10920,Engaged Generalist,2,3
10921,Promo Hunter,1,3
10922,Routine Young Parents,0,0
10925,Promo Hunter,1,3
10927,Routine Generalist,0,3
10928,Engaged Generalist,2,3
10929,Routine Generalist,0,3
10931,Routine Generalist,0,3
10932,Promo Hunter,1,3
10933,Routine Generalist,0,3
10934,Routine Young Parents,0,0
10935,Routine Tech,0,2
10937,Promo Hunter,1,1
10939,Engaged Generalist,2,3
10941,Promo Hunter,1,3
10942,Routine Young Parents,0,0
10943,Routine Young Parents,0,0
10944,Engaged Generalist,2,3
10945,Engaged Generalist,2,3
10946,Routine Generalist,0,3
10947,Routine Tech,0,2
10948,Routine Young Parents,0,0
10949,Routine Young Parents,0,0
10950,Routine Generalist,0,3
10951,Promo Hunter,1,3
10952,Engaged Generalist,2,3
10953,Routine Generalist,0,3
10954,Engaged Generalist,2,3
10955,Routine Generalist,0,3
10956,Routine Young Parents,0,0
10957,Routine Tech,0,2
10958,Engaged Family Provisioner,2,1
10959,Routine Generalist,0,3
10960,Promo Hunter,1,1
10961,Engaged Generalist,2,3
10962,Routine Generalist,0,3
10963,Routine Generalist,0,3
10964,Routine Generalist,0,3
10965,Engaged Family Provisioner,2,1
10966,Promo Hunter,1,3
10967,Routine Family Provisioner,0,1
10968,Engaged Family Provisioner,2,1
10970,Promo Hunter,1,3
10971,Routine Generalist,0,3
10972,Promo Hunter,1,3
10973,Routine Tech,0,2
10974,Promo Hunter,1,3
10975,Routine Generalist,0,3
10976,Routine Tech,0,2
10977,Routine Tech,0,2
10979,Routine Generalist,0,3
10980,Routine Family Provisioner,0,1
10981,Engaged Generalist,2,3
10982,Routine Tech,0,2
10984,Routine Generalist,0,3
10985,Engaged Generalist,2,3
10986,Engaged Generalist,2,3
10987,Routine Tech,0,2
10988,Engaged Generalist,2,3
10989,Routine Tech,0,2
10990,Engaged Generalist,2,3
10991,Routine Tech,0,2
10992,Engaged Generalist,2,3
10994,Engaged Generalist,2,3
10995,Routine Generalist,0,3
10997,Routine Young Parents,0,0
10998,Routine Young Parents,0,0
10999,Routine Tech,0,2
11001,Routine Tech,0,2
11002,Routine Family Provisioner,0,1
11003,Engaged Generalist,2,3
11004,Routine Young Parents,0,0
11005,Promo Hunter,1,1
11006,Promo Hunter,1,3
11007,Routine Generalist,0,3
11008,Routine Generalist,0,3
11009,Engaged Generalist,2,3
11010,Promo Hunter,1,3
11011,Promo Hunter,1,3
11012,Routine Family Provisioner,0,1
11014,Promo Hunter,1,3
11016,Routine Generalist,0,3
11017,Routine Generalist,0,3
11018,Routine Generalist,0,3
11019,Routine Tech,0,2
11021,Promo Hunter,1,3
11022,Routine Young Parents,0,0
11023,Routine Generalist,0,3
11024,Engaged Family Provisioner,2,1
11025,Engaged Generalist,2,3
11026,Routine Young Parents,0,0
11027,Routine Young Parents,0,0
11028,Engaged Generalist,2,3
11029,Promo Hunter,1,1
11030,Engaged Generalist,2,2
11031,Routine Young Parents,0,0
11032,Engaged Generalist,2,3
11033,Engaged Generalist,2,3
11035,Engaged Generalist,2,3
11036,Engaged Generalist,2,3
11037,Engaged Generalist,2,3
11038,Promo Hunter,1,1
11039,Engaged Generalist,2,3
11040,Routine Generalist,0,3
11042,Promo Hunter,1,3
11043,Engaged Family Provisioner,2,1
11044,Engaged Generalist,2,3
11045,Engaged Generalist,2,3
11046,Promo Hunter,1,3
11047,Promo Hunter,1,3
11048,Routine Tech,0,2
11049,Routine Tech,0,2
11050,Promo Hunter,1,3
11052,Routine Tech,0,2
11053,Routine Tech,0,2
11054,Promo Hunter,1,3
11055,Promo Hunter,1,3
11057,Routine Generalist,0,3
11058,Routine Young Parents,0,0
11059,Promo Hunter,1,3
11060,Promo Hunter,1,1
11062,Routine Young Parents,0,0
11063,Engaged Generalist,2,3
11064,Routine Family Provisioner,0,1
11065,Engaged Generalist,2,3
11067,Engaged Generalist,2,2
11068,Routine Young Parents,0,0
11069,Routine Generalist,0,3
11070,Engaged Generalist,2,3
11071,Routine Young Parents,0,0
11072,Routine Generalist,0,3
11073,Routine Generalist,0,3
11074,Promo Hunter,1,3
11075,Routine Young Parents,0,0
11076,Routine Tech,0,2
11077,Engaged Generalist,2,3
11079,Promo Hunter,1,3
11081,Engaged Family Provisioner,2,1
11082,Engaged Generalist,2,3
11083,Engaged Generalist,2,3
11084,Routine Generalist,0,3
11085,Routine Generalist,0,3
11086,Routine Young Parents,0,0
11087,Promo Hunter,1,1
11088,Routine Young Parents,0,0
11089,Engaged Generalist,2,3
11090,Routine Generalist,0,3
11091,Routine Family Provisioner,0,1
11092,Routine Family Provisioner,0,1
11095,Routine Family Provisioner,0,1
11096,Engaged Generalist,2,3
11097,Routine Young Parents,0,0
11098,Engaged Generalist,2,3
11099,Routine Generalist,0,3
11101,Promo Hunter,1,3
11102,Routine Young Parents,0,0
11104,Routine Family Provisioner,0,1
11105,Routine Family Provisioner,0,1
11106,Routine Tech,0,2
11108,Engaged Generalist,2,3
11109,Routine Generalist,0,3
11110,Engaged Generalist,2,3
11111,Engaged Generalist,2,2
11112,Engaged Generalist,2,3
11113,Engaged Generalist,2,3
11115,Routine Generalist,0,3
11116,Promo Hunter,1,3
11117,Promo Hunter,1,3
11118,Routine Young Parents,0,0
11119,Routine Young Parents,0,0
11120,Promo Hunter,1,1
11121,Engaged Generalist,2,3
11122,Engaged Generalist,2,3
11123,Engaged Generalist,2,3
11124,Promo Hunter,1,3
11125,Promo Hunter,1,1
11126,Promo Hunter,1,3
11127,Engaged Generalist,2,3
11128,Promo Hunter,1,3
11129,Routine Young Parents,0,0
11130,Routine Generalist,0,3
11131,Engaged Generalist,2,3
11132,Promo Hunter,1,3
11133,Promo Hunter,1,3
11135,Engaged Family Provisioner,2,1
11136,Routine Tech,0,2
11139,Engaged Generalist,2,3
11140,Routine Young Parents,0,0
11141,Routine Generalist,0,3
11143,Engaged Generalist,2,3
11145,Routine Generalist,0,3
11146,Promo Hunter,1,1
11147,Routine Young Parents,0,0
11148,Promo Hunter,1,3
11149,Routine Generalist,0,3
11150,Routine Young Parents,0,0
11151,Routine Tech,0,2
11152,Engaged Generalist,2,3
11153,Engaged Generalist,2,3
11154,Engaged Generalist,2,3
11155,Engaged Generalist,2,3
11156,Engaged Generalist,2,3
11157,Routine Generalist,0,3
11158,Engaged Generalist,2,3
11159,Promo Hunter,1,3
11160,Engaged Generalist,2,3
11162,Engaged Generalist,2,3
11163,Promo Hunter,1,3
11164,Routine Generalist,0,3
11166,Engaged Generalist,2,3
11167,Engaged Generalist,2,3
11168,Engaged Generalist,2,3
11169,Routine Young Parents,0,0
11170,Routine Young Parents,0,0
11171,Routine Tech,0,2
11172,Engaged Generalist,2,3
11173,Routine Young Parents,0,0
11174,Routine Tech,0,2
11175,Routine Young Parents,0,0
11177,Routine Young Parents,0,0
11178,Routine Family Provisioner,0,1
11179,Promo Hunter,1,3
11180,Routine Generalist,0,3
11181,Routine Generalist,0,3
11182,Routine Generalist,0,3
11183,Promo Hunter,1,3
11184,Engaged Generalist,2,3
11185,Routine Tech,0,2
11186,Routine Tech,0,2
11187,Routine Tech,0,2
11189,Routine Generalist,0,3
11190,Routine Generalist,0,3
11191,Promo Hunter,1,0
11192,Routine Generalist,0,3
11193,Promo Hunter,1,1
11194,Engaged Generalist,2,3
11195,Promo Hunter,1,1
11197,Engaged Generalist,2,3
11198,Engaged Generalist,2,3
11199,Routine Tech,0,2
11200,Engaged Generalist,2,3
11201,Engaged Generalist,2,0
11202,Routine Tech,0,2
11203,Engaged Generalist,2,3
11204,Promo Hunter,1,3
11205,Routine Generalist,0,3
11206,Promo Hunter,1,3
11207,Engaged Generalist,2,3
11208,Promo Hunter,1,3
11209,Routine Young Parents,0,0
11210,Routine Young Parents,0,0
11211,Routine Young Parents,0,0
11212,Engaged Generalist,2,3
11213,Routine Generalist,0,3
11214,Promo Hunter,1,1
11215,Promo Hunter,1,3
11216,Engaged Generalist,2,3
11217,Engaged Generalist,2,3
11218,Promo Hunter,1,1
11219,Promo Hunter,1,0
11220,Promo Hunter,1,3
11221,Routine Generalist,0,3
11222,Routine Tech,0,2
11223,Routine Generalist,0,3
11224,Routine Family Provisioner,0,1
11225,Engaged Generalist,2,3
11226,Routine Generalist,0,3
11229,Routine Generalist,0,3
11230,Routine Generalist,0,3
11231,Promo Hunter,1,3
11232,Routine Tech,0,2
11233,Routine Generalist,0,3
11234,Routine Generalist,0,3
11235,Routine Young Parents,0,0
11236,Engaged Generalist,2,3
11237,Engaged Generalist,2,3
11238,Engaged Generalist,2,3
11239,Routine Young Parents,0,0
11241,Routine Generalist,0,3
11242,Promo Hunter,1,3
11243,Promo Hunter,1,1
11244,Routine Young Parents,0,0
11245,Routine Generalist,0,3
11247,Routine Family Provisioner,0,1
11248,Routine Generalist,0,3
11249,Routine Generalist,0,3
11251,Routine Generalist,0,3
11252,Routine Generalist,0,3
11253,Routine Young Parents,0,0
11254,Routine Generalist,0,3
11255,Routine Tech,0,2
11256,Routine Young Parents,0,0
11258,Routine Family Provisioner,0,1
11259,Routine Young Parents,0,0
11260,Routine Generalist,0,3
11261,Routine Generalist,0,3
11262,Engaged Generalist,2,0
11263,Routine Generalist,0,3
11264,Engaged Generalist,2,3
11265,Routine Young Parents,0,0
11266,Engaged Generalist,2,3
11267,Engaged Generalist,2,3
11268,Routine Generalist,0,3
11269,Engaged Generalist,2,3
11270,Routine Generalist,0,3
11271,Routine Tech,0,2
11272,Promo Hunter,1,1
11273,Promo Hunter,1,3
11275,Routine Generalist,0,3
11276,Promo Hunter,1,3
11277,Promo Hunter,1,3
11278,Routine Tech,0,2
11279,Routine Generalist,0,3
11280,Routine Tech,0,2
11281,Promo Hunter,1,1
11282,Promo Hunter,1,3
11283,Routine Young Parents,0,0
11284,Engaged Generalist,2,3
11285,Engaged Generalist,2,3
11287,Routine Generalist,0,3
11288,Routine Generalist,0,3
11289,Routine Family Provisioner,0,1
11290,Promo Hunter,1,3
11291,Routine Generalist,0,3
11292,Routine Tech,0,2
11293,Routine Young Parents,0,0
11294,Engaged Generalist,2,3
11295,Engaged Generalist,2,3
11296,Routine Family Provisioner,0,1
11298,Engaged Generalist,2,3
11299,Engaged Generalist,2,3
11300,Engaged Generalist,2,3
11301,Routine Generalist,0,3
11302,Routine Generalist,0,3
11303,Engaged Generalist,2,3
11304,Engaged Generalist,2,3
11306,Routine Tech,0,2
11307,Routine Generalist,0,3
11308,Promo Hunter,1,3
11309,Engaged Generalist,2,3
11310,Routine Young Parents,0,0
11311,Routine Young Parents,0,0
11312,Engaged Generalist,2,3
11313,Routine Generalist,0,3
11314,Routine Generalist,0,3
11315,Engaged Generalist,2,3
11316,Routine Generalist,0,3
11318,Routine Family Provisioner,0,1
11321,Promo Hunter,1,3
11322,Engaged Generalist,2,3
11323,Routine Tech,0,2
11324,Routine Young Parents,0,0
11325,Promo Hunter,1,1
11326,Routine Young Parents,0,0
11327,Promo Hunter,1,3
11328,Routine Young Parents,0,0
11329,Engaged Generalist,2,3
11330,Routine Young Parents,0,0
11331,Routine Young Parents,0,0
11332,Promo Hunter,1,1
11333,Engaged Generalist,2,3
11334,Engaged Generalist,2,3
11335,Engaged Generalist,2,3
11336,Routine Young Parents,0,0
11337,Routine Young Parents,0,0
11338,Engaged Generalist,2,3
11339,Promo Hunter,1,3
11340,Routine Generalist,0,3
11341,Promo Hunter,1,3
11342,Routine Generalist,0,3
11343,Promo Hunter,1,3
11344,Engaged Generalist,2,3
11345,Routine Young Parents,0,0
11346,Promo Hunter,1,0
11347,Routine Young Parents,0,0
11349,Engaged Generalist,2,3
11350,Promo Hunter,1,3
11351,Engaged Generalist,2,3
11352,Routine Generalist,0,3
11353,Promo Hunter,1,3
11354,Routine Generalist,0,3
11355,Routine Generalist,0,3
11356,Promo Hunter,1,1
11360,Routine Tech,0,2
11361,Engaged Generalist,2,3
11362,Promo Hunter,1,1
11363,Routine Young Parents,0,0
11364,Engaged Generalist,2,3
11365,Routine Tech,0,2
11366,Routine Family Provisioner,0,1
11367,Promo Hunter,1,3
11369,Promo Hunter,1,3
11370,Engaged Generalist,2,3
11373,Routine Tech,0,2
11374,Engaged Generalist,2,3
11375,Routine Young Parents,0,0
11376,Promo Hunter,1,3
11377,Engaged Generalist,2,3
11378,Routine Tech,0,2
11379,Routine Tech,0,2
11380,Engaged Generalist,2,3
11381,Routine Generalist,0,3
11382,Routine Generalist,0,3
11383,Promo Hunter,1,3
11384,Engaged Generalist,2,3
11385,Routine Young Parents,0,0
11386,Routine Young Parents,0,0
11387,Routine Young Parents,0,0
11388,Routine Family Provisioner,0,1
11390,Routine Generalist,0,3
11391,Routine Generalist,0,3
11392,Routine Generalist,0,3
11393,Promo Hunter,1,3
11394,Routine Generalist,0,3
11395,Engaged Generalist,2,3
11396,Engaged Family Provisioner,2,1
11398,Engaged Generalist,2,3
11399,Engaged Generalist,2,3
11400,Promo Hunter,1,3
11401,Routine Family Provisioner,0,1
11403,Routine Family Provisioner,0,1
11404,Routine Generalist,0,3
11405,Engaged Generalist,2,2
11406,Routine Tech,0,2
11409,Promo Hunter,1,3
11410,Engaged Generalist,2,3
11411,Engaged Generalist,2,3
11412,Routine Tech,0,2
11413,Routine Generalist,0,3
11414,Routine Generalist,0,3
11415,Routine Family Provisioner,0,1
11416,Engaged Family Provisioner,2,1
11417,Routine Generalist,0,3
11418,Engaged Generalist,2,3
11419,Engaged Generalist,2,3
11420,Engaged Generalist,2,3
11421,Routine Generalist,0,3
11422,Routine Tech,0,2
11424,Engaged Generalist,2,3
11425,Routine Generalist,0,3
11426,Routine Generalist,0,3
11427,Engaged Family Provisioner,2,1
11428,Promo Hunter,1,3
11429,Promo Hunter,1,3
11430,Routine Generalist,0,3
11431,Promo Hunter,1,3
11433,Promo Hunter,1,1
11434,Routine Tech,0,2
11435,Routine Generalist,0,3
11437,Routine Generalist,0,3
11438,Routine Generalist,0,3
11439,Engaged Generalist,2,3
11440,Routine Young Parents,0,0
11441,Engaged Generalist,2,3
11442,Routine Generalist,0,3
11443,Engaged Generalist,2,3
11444,Routine Tech,0,2
11445,Promo Hunter,1,3
11446,Engaged Generalist,2,0
11447,Promo Hunter,1,3
11448,Routine Generalist,0,3
11449,Routine Generalist,0,3
11450,Engaged Generalist,2,3
11451,Engaged Generalist,2,3
11452,Routine Young Parents,0,0
11453,Routine Young Parents,0,0
11454,Routine Tech,0,2
11456,Routine Family Provisioner,0,1
11457,Routine Young Parents,0,0
11458,Routine Young Parents,0,0
11460,Engaged Generalist,2,3
11461,Engaged Generalist,2,3
11462,Promo Hunter,1,3
11463,Engaged Generalist,2,3
11464,Routine Family Provisioner,0,1
11466,Promo Hunter,1,1
11467,Engaged Family Provisioner,2,1
11468,Engaged Generalist,2,3
11469,Routine Young Parents,0,0
11471,Routine Generalist,0,3
11472,Routine Generalist,0,3
11473,Routine Family Provisioner,0,1
11474,Engaged Generalist,2,3
11476,Promo Hunter,1,3
11478,Routine Young Parents,0,0
11479,Promo Hunter,1,3
11480,Routine Generalist,0,3
11481,Routine Generalist,0,3
11482,Routine Generalist,0,3
11483,Promo Hunter,1,3
11484,Engaged Generalist,2,3
11485,Routine Tech,0,2
11486,Promo Hunter,1,3
11488,Engaged Generalist,2,3
11489,Routine Tech,0,2
11490,Promo Hunter,1,3
11491,Routine Generalist,0,3
11493,Routine Generalist,0,3
11494,Routine Generalist,0,3
11496,Routine Tech,0,2
11497,Engaged Generalist,2,3
11498,Routine Generalist,0,3
11499,Routine Young Parents,0,0
11500,Routine Generalist,0,3
11501,Routine Family Provisioner,0,1
11502,Engaged Generalist,2,3
11503,Engaged Generalist,2,3
11504,Promo Hunter,1,1
11505,Routine Generalist,0,3
11506,Promo Hunter,1,3
11509,Promo Hunter,1,3
11511,Routine Young Parents,0,0
11512,Routine Family Provisioner,0,1
11513,Promo Hunter,1,3
11514,Routine Young Parents,0,0
11515,Routine Family Provisioner,0,1
11516,Routine Young Parents,0,0
11517,Routine Generalist,0,3
11518,Engaged Generalist,2,3
11519,Engaged Generalist,2,3
11520,Promo Hunter,1,3
11521,Engaged Generalist,2,3
11522,Engaged Generalist,2,3
11523,Engaged Generalist,2,3
11524,Routine Tech,0,2
11525,Routine Generalist,0,3
11526,Routine Generalist,0,3
11527,Promo Hunter,1,3
11529,Routine Young Parents,0,0
11531,Engaged Generalist,2,3
11532,Routine Generalist,0,3
11533,Promo Hunter,1,1
11534,Routine Young Parents,0,0
11536,Routine Tech,0,2
11537,Engaged Generalist,2,3
11538,Routine Tech,0,2
11539,Routine Generalist,0,3
11540,Routine Family Provisioner,0,1
11541,Routine Generalist,0,3
11542,Promo Hunter,1,1
11544,Routine Generalist,0,3
11545,Routine Generalist,0,3
11546,Routine Young Parents,0,0
11547,Promo Hunter,1,3
11548,Promo Hunter,1,3
11549,Routine Generalist,0,3
11550,Routine Generalist,0,3
11551,Routine Generalist,0,3
11552,Engaged Generalist,2,3
11553,Routine Young Parents,0,0
11554,Routine Generalist,0,3
11556,Engaged Family Provisioner,2,1
11557,Engaged Generalist,2,3
11558,Engaged Generalist,2,3
11559,Routine Generalist,0,3
11560,Engaged Generalist,2,3
11561,Routine Generalist,0,3
11562,Routine Generalist,0,3
11563,Engaged Generalist,2,3
11564,Routine Tech,0,2
11565,Routine Generalist,0,3
11566,Routine Generalist,0,3
11567,Routine Generalist,0,3
11568,Routine Young Parents,0,0
11569,Routine Tech,0,2
11570,Promo Hunter,1,3
11571,Routine Young Parents,0,0
11572,Promo Hunter,1,3
11573,Routine Young Parents,0,0
11574,Engaged Generalist,2,3
11575,Routine Generalist,0,3
11576,Promo Hunter,1,3
11577,Engaged Generalist,2,3
11578,Routine Generalist,0,3
11579,Promo Hunter,1,3
11580,Routine Generalist,0,3
11582,Routine Generalist,0,3
11585,Routine Young Parents,0,0
11586,Routine Young Parents,0,0
11587,Promo Hunter,1,3
11588,Routine Tech,0,2
11589,Engaged Generalist,2,3
11590,Engaged Generalist,2,3
11591,Promo Hunter,1,3
11593,Routine Generalist,0,3
11594,Promo Hunter,1,3
11595,Promo Hunter,1,3
11596,Promo Hunter,1,3
11597,Routine Tech,0,2
11598,Routine Tech,0,2
11599,Routine Tech,0,2
11601,Routine Young Parents,0,0
11603,Routine Generalist,0,3
11604,Promo Hunter,1,3
11605,Promo Hunter,1,3
11606,Routine Young Parents,0,0
11607,Engaged Generalist,2,3
11609,Engaged Generalist,2,3
11610,Engaged Generalist,2,3
11611,Promo Hunter,1,3
11612,Routine Tech,0,2
11614,Engaged Generalist,2,3
11615,Routine Generalist,0,3
11616,Routine Tech,0,2
11617,Routine Generalist,0,3
11621,Engaged Generalist,2,3
11622,Routine Generalist,0,3
11623,Engaged Generalist,2,3
11624,Routine Tech,0,2
11626,Promo Hunter,1,3
11627,Routine Tech,0,2
11628,Routine Generalist,0,3
11629,Promo Hunter,1,2
11631,Routine Generalist,0,3
11632,Promo Hunter,1,0
11633,Routine Tech,0,2
11634,Promo Hunter,1,3
11635,Routine Tech,0,2
11636,Engaged Generalist,2,3
11637,Routine Young Parents,0,0
11638,Engaged Generalist,2,3
11639,Promo Hunter,1,3
11640,Promo Hunter,1,3
11641,Routine Generalist,0,3
11642,Routine Generalist,0,3
11643,Routine Young Parents,0,0
11644,Routine Tech,0,2
11645,Promo Hunter,1,1
11646,Engaged Generalist,2,3
11647,Promo Hunter,1,3
11648,Routine Generalist,0,3
11649,Routine Family Provisioner,0,1
11650,Engaged Generalist,2,3
11651,Routine Tech,0,2
11652,Promo Hunter,1,3
11653,Engaged Generalist,2,3
11654,Engaged Generalist,2,3
11655,Routine Generalist,0,3
11656,Routine Young Parents,0,0
11657,Routine Young Parents,0,0
11658,Routine Young Parents,0,0
11661,Routine Generalist,0,3
11662,Promo Hunter,1,3
11663,Routine Generalist,0,3
11664,Routine Generalist,0,3
11665,Routine Generalist,0,3
11666,Engaged Generalist,2,3
11667,Engaged Generalist,2,3
11669,Engaged Generalist,2,2
11671,Engaged Family Provisioner,2,1
11672,Routine Tech,0,2
11673,Routine Young Parents,0,0
11674,Routine Young Parents,0,0
11676,Promo Hunter,1,3
11677,Engaged Generalist,2,3
11678,Routine Young Parents,0,0
11679,Routine Generalist,0,3
11681,Routine Young Parents,0,0
11684,Engaged Generalist,2,3
11685,Engaged Generalist,2,3
11686,Routine Young Parents,0,0
11687,Engaged Generalist,2,3
11688,Engaged Generalist,2,3
11691,Engaged Generalist,2,3
11692,Routine Generalist,0,3
11694,Engaged Generalist,2,2
11696,Promo Hunter,1,3
11697,Engaged Family Provisioner,2,1
11698,Engaged Generalist,2,3
11699,Engaged Generalist,2,3
11700,Routine Tech,0,2
11701,Routine Generalist,0,3
11702,Routine Generalist,0,3
11704,Routine Generalist,0,3
11705,Promo Hunter,1,3
11706,Engaged Generalist,2,3
11707,Promo Hunter,1,3
11708,Routine Young Parents,0,0
11709,Routine Generalist,0,3
11710,Routine Tech,0,2
11712,Engaged Generalist,2,3
11713,Routine Young Parents,0,0
11714,Routine Young Parents,0,0
11715,Promo Hunter,1,3
11716,Routine Generalist,0,3
11718,Promo Hunter,1,3
11719,Promo Hunter,1,3
11720,Engaged Generalist,2,3
11723,Routine Tech,0,2
11724,Routine Young Parents,0,0
11725,Routine Tech,0,2
11726,Routine Generalist,0,3
11728,Engaged Generalist,2,3
11729,Routine Tech,0,2
11730,Promo Hunter,1,3
11731,Routine Young Parents,0,0
11732,Engaged Generalist,2,3
11733,Engaged Generalist,2,3
11734,Routine Tech,0,2
11735,Routine Tech,0,2
11736,Promo Hunter,1,3
11737,Engaged Generalist,2,3
11738,Promo Hunter,1,3
11739,Engaged Generalist,2,2
11740,Engaged Generalist,2,3
11741,Routine Generalist,0,3
11743,Routine Generalist,0,3
11744,Routine Tech,0,2
11745,Promo Hunter,1,3
11746,Routine Young Parents,0,0
11747,Promo Hunter,1,3
11748,Routine Family Provisioner,0,1
11749,Engaged Generalist,2,3
11751,Routine Generalist,0,3
11752,Engaged Generalist,2,3
11755,Routine Young Parents,0,0
11756,Engaged Generalist,2,3
11757,Routine Tech,0,2
11758,Routine Tech,0,2
11759,Promo Hunter,1,3
11760,Routine Generalist,0,3
11761,Engaged Generalist,2,3
11762,Routine Young Parents,0,0
11763,Promo Hunter,1,3
11764,Routine Generalist,0,3
11766,Engaged Generalist,2,3
11768,Promo Hunter,1,3
11769,Promo Hunter,1,3
11770,Promo Hunter,1,3
11771,Promo Hunter,1,1
11772,Routine Generalist,0,3
11773,Routine Generalist,0,3
11775,Engaged Generalist,2,3
11776,Routine Generalist,0,3
11778,Routine Generalist,0,3
11779,Promo Hunter,1,3
11780,Routine Generalist,0,3
11782,Routine Tech,0,2
11783,Routine Tech,0,2
11785,Routine Generalist,0,3
11786,Routine Tech,0,2
11787,Engaged Generalist,2,0
11788,Routine Family Provisioner,0,1
11789,Routine Young Parents,0,0
11791,Engaged Generalist,2,3
11792,Routine Young Parents,0,0
11793,Engaged Generalist,2,3
11796,Engaged Generalist,2,3
11797,Routine Generalist,0,3
11798,Routine Tech,0,2
11799,Promo Hunter,1,3
11800,Engaged Generalist,2,3
11801,Engaged Family Provisioner,2,1
11802,Routine Young Parents,0,0
11803,Routine Generalist,0,3
11804,Engaged Generalist,2,3
11805,Promo Hunter,1,3
11807,Routine Generalist,0,3
11809,Engaged Family Provisioner,2,1
11811,Routine Generalist,0,3
11812,Routine Generalist,0,3
11814,Engaged Generalist,2,3
11815,Routine Tech,0,2
11816,Promo Hunter,1,3
11817,Engaged Generalist,2,3
11818,Promo Hunter,1,3
11820,Promo Hunter,1,3
11821,Engaged Generalist,2,3
11822,Routine Tech,0,2
11823,Engaged Generalist,2,3
11824,Engaged Generalist,2,3
11825,Promo Hunter,1,1
11826,Routine Young Parents,0,0
11827,Promo Hunter,1,3
11828,Promo Hunter,1,3
11829,Routine Young Parents,0,0
11830,Promo Hunter,1,1
11832,Engaged Generalist,2,3
11833,Routine Young Parents,0,0
11835,Engaged Generalist,2,3
11836,Engaged Generalist,2,3
11837,Engaged Generalist,2,3
11838,Promo Hunter,1,3
11839,Routine Tech,0,2
11840,Engaged Generalist,2,3
11841,Routine Tech,0,2
11843,Promo Hunter,1,1
11844,Routine Generalist,0,3
11845,Engaged Generalist,2,3
11846,Routine Generalist,0,3
11847,Engaged Generalist,2,0
11848,Routine Generalist,0,3
11849,Promo Hunter,1,3
11851,Promo Hunter,1,3
11852,Routine Generalist,0,3
11853,Routine Young Parents,0,0
11854,Routine Generalist,0,3
11855,Engaged Generalist,2,3
11856,Engaged Generalist,2,3
11857,Routine Generalist,0,3
11858,Routine Generalist,0,3
11859,Engaged Generalist,2,3
11860,Routine Generalist,0,3
11861,Engaged Generalist,2,3
11862,Routine Tech,0,2
11864,Routine Young Parents,0,0
11865,Promo Hunter,1,3
11867,Routine Generalist,0,3
11868,Routine Young Parents,0,0
11869,Engaged Generalist,2,3
11870,Routine Young Parents,0,0
11871,Engaged Generalist,2,3
11873,Routine Generalist,0,3
11874,Engaged Generalist,2,3
11875,Engaged Generalist,2,3
11876,Routine Generalist,0,3
11877,Routine Generalist,0,3
11879,Promo Hunter,1,3
11880,Engaged Generalist,2,3
11881,Routine Young Parents,0,0
11882,Engaged Generalist,2,3
11883,Engaged Generalist,2,3
11884,Engaged Generalist,2,3
11885,Engaged Generalist,2,3
11886,Routine Tech,0,2
11888,Engaged Generalist,2,3
11889,Routine Family Provisioner,0,1
11890,Routine Tech,0,2
11891,Engaged Generalist,2,3
11892,Engaged Generalist,2,3
11893,Routine Tech,0,2
11894,Routine Tech,0,2
11896,Engaged Generalist,2,3
11897,Routine Tech,0,2
11898,Routine Tech,0,2
11899,Routine Family Provisioner,0,1
11901,Routine Young Parents,0,0
11902,Promo Hunter,1,3
11903,Routine Generalist,0,3
11904,Routine Tech,0,2
11905,Engaged Generalist,2,3
11906,Routine Young Parents,0,0
11907,Engaged Generalist,2,3
11908,Routine Tech,0,2
11909,Routine Tech,0,2
11910,Routine Generalist,0,3
11912,Engaged Generalist,2,3
11914,Engaged Generalist,2,3
11915,Engaged Generalist,2,3
11916,Promo Hunter,1,3
11918,Routine Tech,0,2
11919,Routine Young Parents,0,0
11920,Routine Generalist,0,3
11921,Engaged Generalist,2,3
11922,Routine Generalist,0,3
11923,Routine Generalist,0,3
11924,Routine Generalist,0,3
11925,Routine Young Parents,0,0
11926,Promo Hunter,1,3
11927,Promo Hunter,1,3
11928,Routine Generalist,0,3
11929,Engaged Generalist,2,3
11930,Routine Young Parents,0,0
11931,Routine Generalist,0,3
11932,Engaged Generalist,2,3
11933,Engaged Generalist,2,3
11934,Routine Generalist,0,3
11935,Routine Young Parents,0,0
11936,Routine Young Parents,0,0
11938,Engaged Generalist,2,3
11939,Routine Generalist,0,3
11940,Engaged Generalist,2,3
11941,Routine Young Parents,0,0
11943,Promo Hunter,1,3
11944,Routine Young Parents,0,0
11945,Engaged Generalist,2,3
11946,Routine Tech,0,2
11947,Routine Generalist,0,3
11948,Routine Generalist,0,3
11950,Routine Tech,0,2
11951,Engaged Generalist,2,3
11952,Routine Generalist,0,3
11953,Routine Generalist,0,3
11955,Routine Generalist,0,3
11957,Engaged Generalist,2,3
11958,Routine Generalist,0,3
11959,Routine Generalist,0,3
11960,Promo Hunter,1,1
11961,Routine Tech,0,2
11962,Promo Hunter,1,3
11963,Engaged Family Provisioner,2,1
11964,Routine Generalist,0,3
11965,Routine Young Parents,0,0
11966,Promo Hunter,1,3
11967,Promo Hunter,1,3
11968,Engaged Generalist,2,3
11969,Promo Hunter,1,3
11970,Routine Young Parents,0,0
11972,Engaged Generalist,2,3
11973,Promo Hunter,1,3
11974,Routine Tech,0,2
11975,Routine Tech,0,2
11976,Routine Generalist,0,3
11978,Routine Family Provisioner,0,1
11980,Engaged Generalist,2,3
11981,Engaged Generalist,2,3
11982,Engaged Generalist,2,3
11983,Promo Hunter,1,1
11985,Routine Family Provisioner,0,1
11986,Routine Generalist,0,3
11988,Engaged Generalist,2,3
11990,Promo Hunter,1,3
11991,Promo Hunter,1,1
11993,Engaged Generalist,2,3
11994,Promo Hunter,1,3
11995,Routine Family Provisioner,0,1
11996,Engaged Generalist,2,2
11997,Routine Generalist,0,3
11998,Routine Generalist,0,3
11999,Promo Hunter,1,2
12000,Promo Hunter,1,1
12001,Engaged Generalist,2,3
12002,Promo Hunter,1,3
12004,Engaged Generalist,2,3
12005,Promo Hunter,1,3
12006,Routine Family Provisioner,0,1
12007,Engaged Generalist,2,3
12008,Routine Tech,0,2
12009,Routine Generalist,0,3
12010,Promo Hunter,1,3
12011,Engaged Generalist,2,3
12013,Routine Young Parents,0,0
12015,Routine Generalist,0,3
12016,Routine Family Provisioner,0,1
12017,Promo Hunter,1,1
12018,Engaged Generalist,2,3
12019,Routine Generalist,0,3
12020,Routine Young Parents,0,0
12021,Routine Generalist,0,3
12023,Routine Generalist,0,3
12025,Promo Hunter,1,3
12026,Engaged Generalist,2,3
12028,Engaged Generalist,2,3
12029,Routine Young Parents,0,0
12030,Engaged Generalist,2,3
12031,Routine Generalist,0,3
12032,Routine Generalist,0,3
12033,Routine Tech,0,2
12034,Promo Hunter,1,3
12035,Routine Generalist,0,3
12036,Engaged Generalist,2,3
12037,Routine Tech,0,2
12039,Routine Young Parents,0,0
12040,Engaged Family Provisioner,2,1
12041,Routine Generalist,0,3
12042,Promo Hunter,1,3
12043,Engaged Generalist,2,3
12045,Promo Hunter,1,3
12046,Routine Generalist,0,3
12047,Routine Generalist,0,3
12048,Engaged Generalist,2,3
12049,Engaged Generalist,2,3
12050,Routine Family Provisioner,0,1
12051,Engaged Family Provisioner,2,1
12052,Promo Hunter,1,3
12053,Routine Family Provisioner,0,1
12056,Promo Hunter,1,3
12057,Engaged Generalist,2,3
12059,Engaged Generalist,2,3
12060,Promo Hunter,1,2
12061,Routine Young Parents,0,0
12062,Promo Hunter,1,0
12063,Engaged Generalist,2,3
12064,Promo Hunter,1,1
12065,Routine Tech,0,2
12066,Routine Tech,0,2
12067,Routine Family Provisioner,0,1
12068,Engaged Generalist,2,3
12069,Routine Generalist,0,3
12071,Routine Young Parents,0,0
12073,Routine Young Parents,0,0
12074,Engaged Generalist,2,3
12075,Engaged Generalist,2,3
12077,Routine Family Provisioner,0,1
12078,Engaged Generalist,2,3
12079,Routine Tech,0,2
12080,Promo Hunter,1,2
12081,Promo Hunter,1,3
12082,Promo Hunter,1,3
12083,Routine Generalist,0,3
12084,Routine Generalist,0,3
12085,Routine Young Parents,0,0
12086,Routine Generalist,0,3
12087,Routine Generalist,0,3
12088,Routine Generalist,0,3
12089,Engaged Generalist,2,3
12090,Routine Young Parents,0,0
12091,Routine Generalist,0,3
12092,Engaged Generalist,2,3
12094,Routine Young Parents,0,0
12096,Engaged Generalist,2,3
12097,Promo Hunter,1,1
12099,Engaged Generalist,2,3
12100,Routine Generalist,0,3
12101,Promo Hunter,1,1
12102,Routine Generalist,0,3
12103,Routine Young Parents,0,0
12104,Routine Tech,0,2
12106,Routine Generalist,0,3
12107,Promo Hunter,1,0
12109,Routine Generalist,0,3
12110,Routine Generalist,0,3
12111,Promo Hunter,1,3
12112,Promo Hunter,1,3
12113,Routine Young Parents,0,0
12114,Routine Generalist,0,3
12115,Engaged Generalist,2,3
12116,Engaged Generalist,2,3
12117,Routine Generalist,0,3
12118,Promo Hunter,1,3
12119,Routine Generalist,0,3
12120,Routine Young Parents,0,0
12121,Promo Hunter,1,1
12122,Promo Hunter,1,3
12123,Engaged Generalist,2,3
12126,Promo Hunter,1,3
12127,Routine Young Parents,0,0
12128,Routine Tech,0,2
12130,Routine Young Parents,0,0
12131,Engaged Generalist,2,3
12133,Routine Tech,0,2
12134,Routine Young Parents,0,0
12135,Promo Hunter,1,3
12136,Routine Tech,0,2
12138,Promo Hunter,1,3
12140,Routine Young Parents,0,0
12142,Engaged Generalist,2,3
12143,Routine Generalist,0,3
12144,Promo Hunter,1,3
12145,Promo Hunter,1,3
12146,Promo Hunter,1,3
12147,Engaged Generalist,2,3
12148,Engaged Generalist,2,3
12149,Routine Generalist,0,3
12151,Routine Tech,0,2
12152,Routine Generalist,0,3
12153,Routine Generalist,0,3
12154,Engaged Generalist,2,3
12155,Routine Young Parents,0,0
12156,Routine Tech,0,2
12157,Routine Young Parents,0,0
12158,Routine Young Parents,0,0
12159,Promo Hunter,1,1
12160,Engaged Generalist,2,3
12161,Routine Generalist,0,3
12162,Engaged Generalist,2,3
12163,Routine Generalist,0,3
12166,Routine Generalist,0,3
12167,Routine Young Parents,0,0
12169,Routine Generalist,0,3
12170,Promo Hunter,1,3
12172,Routine Generalist,0,3
12173,Promo Hunter,1,3
12174,Engaged Generalist,2,3
12176,Routine Generalist,0,3
12177,Routine Young Parents,0,0
12178,Routine Generalist,0,3
12179,Engaged Generalist,2,3
12180,Engaged Generalist,2,3
12182,Engaged Generalist,2,3
12183,Routine Generalist,0,3
12186,Engaged Generalist,2,3
12187,Promo Hunter,1,3
12188,Routine Generalist,0,3
12189,Engaged Generalist,2,3
12191,Engaged Generalist,2,3
12192,Routine Generalist,0,3
12193,Engaged Generalist,2,3
12194,Engaged Generalist,2,3
12195,Routine Generalist,0,3
12196,Promo Hunter,1,3
12198,Routine Generalist,0,3
12199,Routine Young Parents,0,0
12201,Routine Young Parents,0,0
12202,Routine Generalist,0,3
12203,Engaged Generalist,2,3
12204,Engaged Generalist,2,3
12205,Routine Tech,0,2
12206,Promo Hunter,1,3
12209,Engaged Generalist,2,3
12210,Routine Generalist,0,3
12211,Routine Tech,0,2
12213,Routine Tech,0,2
12215,Promo Hunter,1,0
12216,Promo Hunter,1,3
12218,Routine Generalist,0,3
12219,Engaged Generalist,2,3
12220,Promo Hunter,1,1
12221,Routine Tech,0,2
12222,Routine Tech,0,2
12223,Promo Hunter,1,3
12224,Engaged Generalist,2,3
12225,Promo Hunter,1,1
12226,Engaged Generalist,2,2
12227,Routine Young Parents,0,0
12229,Promo Hunter,1,3
12231,Engaged Generalist,2,3
12233,Routine Generalist,0,3
12234,Engaged Family Provisioner,2,1
12237,Routine Young Parents,0,0
12238,Routine Young Parents,0,0
12239,Promo Hunter,1,1
12240,Engaged Generalist,2,3
12241,Routine Family Provisioner,0,1
12242,Routine Generalist,0,3
12244,Routine Young Parents,0,0
12245,Routine Generalist,0,3
12246,Routine Generalist,0,3
12247,Promo Hunter,1,3
12248,Promo Hunter,1,3
12249,Engaged Generalist,2,3
12250,Routine Tech,0,2
12251,Engaged Generalist,2,3
12252,Engaged Generalist,2,3
12253,Routine Tech,0,2
12254,Engaged Generalist,2,3
12255,Routine Family Provisioner,0,1
12256,Engaged Generalist,2,3
12257,Routine Young Parents,0,0
12259,Engaged Generalist,2,3
12260,Promo Hunter,1,1
12261,Routine Young Parents,0,0
12262,Routine Generalist,0,3
12263,Routine Young Parents,0,0
12264,Routine Young Parents,0,0
12267,Routine Generalist,0,3
12269,Routine Young Parents,0,0
12270,Engaged Generalist,2,3
12273,Routine Tech,0,2
12274,Routine Family Provisioner,0,1
12275,Routine Generalist,0,3
12276,Promo Hunter,1,3
12277,Routine Young Parents,0,0
12279,Engaged Generalist,2,3
12280,Routine Tech,0,2
12281,Engaged Generalist,2,3
12282,Routine Young Parents,0,0
12283,Promo Hunter,1,1
12285,Promo Hunter,1,3
12286,Routine Young Parents,0,0
12288,Engaged Generalist,2,3
12290,Routine Family Provisioner,0,1
12292,Promo Hunter,1,3
12293,Engaged Generalist,2,3
12294,Routine Tech,0,2
12295,Routine Young Parents,0,0
12296,Routine Generalist,0,3
12297,Routine Generalist,0,3
12298,Routine Generalist,0,3
12299,Routine Young Parents,0,0
12302,Routine Generalist,0,3
12303,Engaged Generalist,2,3
12304,Routine Generalist,0,3
12305,Routine Young Parents,0,0
12307,Engaged Generalist,2,3
12309,Promo Hunter,1,1
12310,Engaged Generalist,2,3
12311,Promo Hunter,1,3
12313,Promo Hunter,1,0
12314,Routine Generalist,0,3
12315,Promo Hunter,1,3
12316,Routine Generalist,0,3
12317,Promo Hunter,1,1
12320,Engaged Generalist,2,3
12321,Routine Generalist,0,3
12322,Routine Generalist,0,3
12323,Engaged Generalist,2,3
12324,Routine Generalist,0,3
12325,Engaged Generalist,2,3
12326,Engaged Generalist,2,0
12327,Promo Hunter,1,3
12328,Routine Tech,0,2
12330,Routine Young Parents,0,0
12331,Engaged Generalist,2,3
12332,Routine Generalist,0,3
12333,Engaged Generalist,2,3
12336,Promo Hunter,1,2
12337,Routine Generalist,0,3
12339,Routine Tech,0,2
12340,Routine Generalist,0,3
12342,Routine Tech,0,2
12343,Engaged Generalist,2,3
12344,Promo Hunter,1,3
12345,Routine Young Parents,0,0
12346,Routine Generalist,0,3
12347,Promo Hunter,1,3
12348,Routine Young Parents,0,0
12349,Engaged Generalist,2,3
12350,Routine Young Parents,0,0
12351,Routine Young Parents,0,0
12352,Engaged Family Provisioner,2,1
12353,Engaged Generalist,2,3
12355,Engaged Generalist,2,3
12356,Routine Tech,0,2
12357,Routine Generalist,0,3
12358,Engaged Generalist,2,3
12359,Engaged Generalist,2,3
12360,Routine Generalist,0,3
12361,Promo Hunter,1,3
12362,Engaged Generalist,2,3
12363,Routine Family Provisioner,0,1
12364,Routine Generalist,0,3
12365,Promo Hunter,1,3
12366,Routine Young Parents,0,0
12367,Routine Generalist,0,3
12368,Engaged Generalist,2,3
12371,Routine Young Parents,0,0
12372,Routine Generalist,0,3
12375,Engaged Generalist,2,3
12378,Routine Generalist,0,3
12379,Engaged Generalist,2,3
12380,Routine Tech,0,2
12381,Promo Hunter,1,3
12382,Engaged Generalist,2,3
12383,Promo Hunter,1,3
12384,Promo Hunter,1,1
12385,Routine Tech,0,2
12388,Engaged Generalist,2,3
12389,Routine Tech,0,2
12390,Engaged Generalist,2,3
12391,Engaged Generalist,2,3
12392,Promo Hunter,1,3
12393,Engaged Family Provisioner,2,1
12394,Routine Generalist,0,3
12395,Engaged Generalist,2,3
12396,Engaged Family Provisioner,2,1
12397,Routine Young Parents,0,0
12398,Routine Generalist,0,3
12399,Engaged Generalist,2,3
12400,Routine Young Parents,0,0
12401,Promo Hunter,1,3
12402,Engaged Generalist,2,0
12403,Promo Hunter,1,3
12404,Engaged Family Provisioner,2,1
12405,Routine Young Parents,0,0
12406,Promo Hunter,1,3
12407,Engaged Generalist,2,3
12408,Routine Young Parents,0,0
12409,Promo Hunter,1,3
12410,Routine Generalist,0,3
12411,Engaged Generalist,2,3
12412,Promo Hunter,1,3
12413,Engaged Generalist,2,3
12414,Routine Generalist,0,3
12415,Engaged Generalist,2,3
12417,Routine Generalist,0,3
12418,Routine Generalist,0,3
12419,Engaged Generalist,2,3
12420,Routine Generalist,0,3
12421,Engaged Generalist,2,3
12424,Engaged Generalist,2,3
12426,Promo Hunter,1,3
12428,Routine Generalist,0,3
12429,Routine Tech,0,2
12432,Engaged Generalist,2,3
12434,Routine Young Parents,0,0
12435,Routine Tech,0,2
12436,Promo Hunter,1,1
12437,Routine Generalist,0,3
12438,Promo Hunter,1,1
12439,Promo Hunter,1,3
12440,Promo Hunter,1,0
12441,Routine Generalist,0,3
12442,Routine Tech,0,2
12443,Routine Generalist,0,3
12444,Engaged Generalist,2,3
12446,Promo Hunter,1,3
12447,Engaged Generalist,2,3
12448,Routine Young Parents,0,0
12450,Routine Tech,0,2
12451,Promo Hunter,1,3
12452,Promo Hunter,1,2
12453,Engaged Generalist,2,3
12454,Routine Young Parents,0,0
12455,Routine Young Parents,0,0
12456,Routine Young Parents,0,0
12457,Routine Generalist,0,3
12461,Promo Hunter,1,1
12462,Promo Hunter,1,3
12463,Routine Family Provisioner,0,1
12465,Routine Young Parents,0,0
12466,Engaged Generalist,2,3
12467,Engaged Generalist,2,3
12468,Routine Generalist,0,3
12470,Routine Tech,0,2
12471,Routine Generalist,0,3
12472,Promo Hunter,1,3
12473,Routine Generalist,0,3
12474,Routine Young Parents,0,0
12475,Promo Hunter,1,3
12477,Promo Hunter,1,1
12478,Routine Generalist,0,3
12479,Engaged Generalist,2,3
12480,Routine Generalist,0,3
12481,Engaged Generalist,2,3
12484,Routine Tech,0,2
12485,Routine Generalist,0,3
12487,Promo Hunter,1,3
12488,Promo Hunter,1,3
12489,Routine Generalist,0,3
12490,Promo Hunter,1,3
12491,Routine Generalist,0,3
12492,Routine Tech,0,2
12493,Routine Family Provisioner,0,1
12495,Routine Family Provisioner,0,1
12496,Routine Generalist,0,3
12497,Engaged Generalist,2,3
12498,Routine Tech,0,2
12499,Routine Young Parents,0,0
12500,Engaged Generalist,2,3
12502,Engaged Generalist,2,3
12503,Engaged Generalist,2,3
12504,Engaged Generalist,2,3
12505,Promo Hunter,1,3
12506,Engaged Generalist,2,3
12508,Routine Tech,0,2
12509,Engaged Generalist,2,3
12510,Engaged Generalist,2,3
12511,Engaged Family Provisioner,2,1
12513,Engaged Generalist,2,3
12514,Routine Tech,0,2
12515,Routine Young Parents,0,0
12516,Routine Generalist,0,3
12517,Routine Young Parents,0,0
12519,Promo Hunter,1,3
12520,Routine Generalist,0,3
12524,Promo Hunter,1,3
12526,Routine Young Parents,0,0
12530,Engaged Family Provisioner,2,1
12531,Routine Generalist,0,3
12532,Routine Generalist,0,3
12535,Engaged Generalist,2,3
12537,Routine Tech,0,2
12538,Routine Generalist,0,3
12539,Engaged Generalist,2,3
12540,Routine Generalist,0,3
12541,Routine Generalist,0,3
12542,Promo Hunter,1,3
12543,Routine Generalist,0,3
12544,Routine Family Provisioner,0,1
12545,Engaged Generalist,2,3
12546,Promo Hunter,1,3
12547,Routine Family Provisioner,0,1
12548,Routine Young Parents,0,0
12549,Engaged Generalist,2,3
12550,Engaged Generalist,2,3
12552,Promo Hunter,1,3
12554,Routine Generalist,0,3
12555,Promo Hunter,1,3
12556,Routine Tech,0,2
12557,Routine Young Parents,0,0
12560,Promo Hunter,1,3
12561,Routine Young Parents,0,0
12562,Routine Tech,0,2
12563,Engaged Generalist,2,3
12564,Engaged Generalist,2,3
12565,Promo Hunter,1,3
12566,Engaged Generalist,2,3
12568,Routine Young Parents,0,0
12569,Engaged Generalist,2,3
12570,Engaged Generalist,2,3
12572,Routine Generalist,0,3
12573,Engaged Generalist,2,3
12574,Engaged Generalist,2,3
12575,Promo Hunter,1,3
12576,Routine Generalist,0,3
12577,Engaged Generalist,2,3
12578,Routine Tech,0,2
12579,Routine Tech,0,2
12580,Routine Young Parents,0,0
12582,Routine Generalist,0,3
12583,Routine Young Parents,0,0
12584,Routine Generalist,0,3
12585,Promo Hunter,1,3
12586,Engaged Generalist,2,3
12587,Routine Generalist,0,3
12588,Engaged Generalist,2,3
12589,Promo Hunter,1,3
12590,Routine Generalist,0,3
12591,Routine Generalist,0,3
12592,Routine Young Parents,0,0
12593,Engaged Family Provisioner,2,1
12594,Promo Hunter,1,3
12595,Promo Hunter,1,3
12596,Routine Family Provisioner,0,1
12597,Routine Generalist,0,3
12598,Routine Generalist,0,3
12600,Engaged Generalist,2,3
12602,Routine Generalist,0,3
12603,Routine Generalist,0,3
12605,Promo Hunter,1,3
12606,Promo Hunter,1,3
12607,Routine Family Provisioner,0,1
12608,Promo Hunter,1,3
12609,Routine Generalist,0,3
12610,Routine Tech,0,2
12611,Routine Young Parents,0,0
12612,Routine Generalist,0,3
12614,Promo Hunter,1,3
12615,Routine Generalist,0,3
12616,Engaged Generalist,2,3
12617,Routine Tech,0,2
12618,Engaged Generalist,2,3
12619,Engaged Generalist,2,3
12620,Routine Generalist,0,3
12621,Engaged Generalist,2,3
12623,Routine Young Parents,0,0
12624,Engaged Generalist,2,3
12625,Engaged Generalist,2,3
12626,Routine Tech,0,2
12627,Engaged Generalist,2,3
12628,Routine Young Parents,0,0
12629,Routine Generalist,0,3
12631,Promo Hunter,1,3
12632,Routine Tech,0,2
12633,Routine Generalist,0,3
12634,Promo Hunter,1,3
12635,Routine Young Parents,0,0
12636,Engaged Generalist,2,3
12638,Routine Generalist,0,3
12639,Promo Hunter,1,1
12640,Routine Young Parents,0,0
12642,Promo Hunter,1,3
12644,Engaged Generalist,2,3
12645,Routine Tech,0,2
12646,Promo Hunter,1,1
12647,Routine Generalist,0,3
12648,Routine Generalist,0,3
12649,Routine Tech,0,2
12650,Engaged Generalist,2,3
12652,Routine Young Parents,0,0
12653,Engaged Generalist,2,3
12654,Promo Hunter,1,3
12655,Engaged Generalist,2,3
12656,Routine Young Parents,0,0
12657,Routine Generalist,0,3
12659,Engaged Generalist,2,3
12660,Routine Generalist,0,3
12661,Routine Tech,0,2
12663,Engaged Generalist,2,3
12664,Engaged Family Provisioner,2,1
12665,Routine Young Parents,0,0
12666,Promo Hunter,1,3
12667,Promo Hunter,1,3
12668,Promo Hunter,1,2
12670,Routine Generalist,0,3
12671,Promo Hunter,1,1
12672,Routine Generalist,0,3
12673,Routine Tech,0,2
12674,Routine Generalist,0,3
12675,Promo Hunter,1,3
12677,Routine Generalist,0,3
12678,Routine Family Provisioner,0,1
12679,Engaged Family Provisioner,2,1
12681,Promo Hunter,1,3
12684,Routine Generalist,0,3
12685,Engaged Generalist,2,3
12686,Promo Hunter,1,3
12687,Engaged Generalist,2,3
12689,Engaged Generalist,2,3
12691,Routine Generalist,0,3
12692,Routine Tech,0,2
12693,Engaged Generalist,2,3
12694,Routine Generalist,0,3
12695,Routine Young Parents,0,0
12696,Routine Tech,0,2
12698,Routine Young Parents,0,0
12700,Engaged Generalist,2,3
12701,Routine Young Parents,0,0
12702,Routine Young Parents,0,0
12703,Promo Hunter,1,3
12704,Engaged Generalist,2,3
12705,Engaged Generalist,2,3
12706,Engaged Generalist,2,3
12707,Routine Tech,0,2
12709,Routine Generalist,0,3
12710,Routine Generalist,0,3
12711,Routine Generalist,0,3
12712,Routine Tech,0,2
12713,Engaged Generalist,2,3
12714,Routine Family Provisioner,0,1
12715,Routine Generalist,0,3
12717,Engaged Generalist,2,3
12720,Routine Young Parents,0,0
12721,Routine Tech,0,2
12722,Engaged Generalist,2,3
12724,Promo Hunter,1,1
12725,Routine Generalist,0,3
12726,Promo Hunter,1,3
12727,Routine Generalist,0,3
12728,Engaged Generalist,2,3
12729,Routine Generalist,0,3
12730,Engaged Generalist,2,3
12731,Promo Hunter,1,3
12732,Routine Generalist,0,3
12733,Promo Hunter,1,3
12734,Promo Hunter,1,3
12738,Routine Tech,0,2
12739,Routine Tech,0,2
12740,Routine Young Parents,0,0
12742,Routine Generalist,0,3
12745,Routine Young Parents,0,0
12746,Promo Hunter,1,3
12747,Routine Generalist,0,3
12748,Engaged Generalist,2,3
12749,Routine Generalist,0,3
12750,Routine Young Parents,0,0
12751,Engaged Family Provisioner,2,1
12752,Routine Young Parents,0,0
12754,Engaged Generalist,2,3
12756,Routine Generalist,0,3
12757,Routine Tech,0,2
12758,Routine Young Parents,0,0
12760,Routine Young Parents,0,0
12761,Promo Hunter,1,3
12763,Routine Young Parents,0,0
12764,Routine Young Parents,0,0
12765,Engaged Generalist,2,3
12766,Engaged Generalist,2,3
12767,Engaged Generalist,2,3
12768,Promo Hunter,1,3
12769,Engaged Generalist,2,3
12770,Engaged Generalist,2,3
12771,Routine Young Parents,0,0
12772,Promo Hunter,1,1
12773,Routine Generalist,0,3
12774,Routine Family Provisioner,0,1
12775,Promo Hunter,1,0
12776,Routine Young Parents,0,0
12778,Routine Generalist,0,3
12779,Routine Family Provisioner,0,1
12781,Engaged Generalist,2,3
12782,Promo Hunter,1,1
12783,Engaged Generalist,2,3
12784,Routine Young Parents,0,0
12785,Routine Tech,0,2
12786,Engaged Generalist,2,3
12787,Routine Generalist,0,3
12788,Routine Generalist,0,3
12789,Engaged Family Provisioner,2,1
12790,Engaged Generalist,2,3
12791,Routine Generalist,0,3
12792,Routine Young Parents,0,0
12793,Engaged Generalist,2,3
12794,Routine Young Parents,0,0
12795,Promo Hunter,1,3
12796,Routine Young Parents,0,0
12797,Routine Young Parents,0,0
12798,Engaged Generalist,2,3
12799,Routine Generalist,0,3
12800,Promo Hunter,1,1
12801,Promo Hunter,1,3
12803,Engaged Generalist,2,3
12804,Promo Hunter,1,3
12805,Routine Generalist,0,3
12806,Routine Tech,0,2
12808,Promo Hunter,1,3
12809,Routine Generalist,0,3
12810,Engaged Generalist,2,2
12811,Routine Generalist,0,3
12813,Engaged Family Provisioner,2,1
12814,Engaged Generalist,2,3
12815,Routine Generalist,0,3
12817,Routine Generalist,0,3
12818,Promo Hunter,1,3
12819,Routine Generalist,0,3
12820,Routine Young Parents,0,0
12821,Engaged Generalist,2,3
12823,Routine Young Parents,0,0
12824,Routine Tech,0,2
12825,Engaged Generalist,2,3
12826,Engaged Generalist,2,3
12827,Promo Hunter,1,3
12828,Promo Hunter,1,1
12829,Promo Hunter,1,3
12831,Routine Young Parents,0,0
12832,Routine Family Provisioner,0,1
12833,Routine Generalist,0,3
12834,Engaged Generalist,2,3
12835,Routine Generalist,0,3
12836,Engaged Generalist,2,3
12838,Routine Family Provisioner,0,1
12839,Engaged Generalist,2,3
12840,Routine Young Parents,0,0
12842,Engaged Generalist,2,3
12843,Routine Family Provisioner,0,1
12844,Engaged Family Provisioner,2,1
12845,Engaged Generalist,2,3
12846,Routine Generalist,0,3
12847,Engaged Generalist,2,3
12848,Engaged Generalist,2,3
12849,Routine Tech,0,2
12850,Routine Generalist,0,3
12851,Routine Tech,0,2
12853,Routine Tech,0,2
12854,Routine Young Parents,0,0
12856,Routine Young Parents,0,0
12857,Routine Generalist,0,3
12858,Promo Hunter,1,3
12859,Promo Hunter,1,3
12860,Promo Hunter,1,3
12861,Promo Hunter,1,1
12862,Routine Young Parents,0,0
12863,Routine Generalist,0,3
12864,Routine Generalist,0,3
12865,Routine Generalist,0,3
12866,Promo Hunter,1,3
12867,Engaged Generalist,2,3
12868,Routine Tech,0,2
12869,Routine Tech,0,2
12871,Promo Hunter,1,3
12872,Routine Generalist,0,3
12874,Routine Generalist,0,3
12876,Routine Family Provisioner,0,1
12877,Engaged Generalist,2,3
12879,Routine Young Parents,0,0
12880,Engaged Generalist,2,3
12884,Routine Young Parents,0,0
12885,Engaged Generalist,2,3
12886,Routine Young Parents,0,0
12888,Promo Hunter,1,3
12889,Routine Tech,0,2
12890,Engaged Family Provisioner,2,1
12891,Routine Young Parents,0,0
12892,Routine Generalist,0,3
12893,Routine Young Parents,0,0
12895,Routine Generalist,0,3
12898,Engaged Family Provisioner,2,1
12899,Promo Hunter,1,3
12902,Engaged Generalist,2,3
12903,Promo Hunter,1,0
12904,Promo Hunter,1,3
12905,Engaged Generalist,2,3
12906,Promo Hunter,1,3
12907,Promo Hunter,1,1
12908,Routine Generalist,0,3
12912,Engaged Generalist,2,3
12914,Routine Family Provisioner,0,1
12915,Engaged Generalist,2,3
12916,Engaged Generalist,2,3
12917,Routine Tech,0,2
12918,Routine Tech,0,2
12919,Engaged Generalist,2,3
12920,Promo Hunter,1,3
12921,Promo Hunter,1,3
12924,Promo Hunter,1,3
12925,Routine Generalist,0,3
12926,Routine Generalist,0,3
12927,Routine Generalist,0,3
12928,Routine Tech,0,2
12930,Routine Tech,0,2
12931,Routine Young Parents,0,0
12932,Engaged Generalist,2,3
12934,Engaged Generalist,2,3
12935,Routine Family Provisioner,0,1
12936,Routine Young Parents,0,0
12938,Routine Young Parents,0,0
12940,Engaged Generalist,2,3
12941,Routine Generalist,0,3
12943,Routine Young Parents,0,0
12944,Routine Tech,0,2
12945,Routine Family Provisioner,0,1
12946,Routine Generalist,0,3
12947,Routine Generalist,0,3
12948,Routine Generalist,0,3
12949,Routine Generalist,0,3
12950,Engaged Generalist,2,3
12951,Promo Hunter,1,1
12952,Engaged Generalist,2,3
12954,Engaged Generalist,2,3
12955,Promo Hunter,1,3
12956,Engaged Generalist,2,3
12957,Routine Tech,0,2
12959,Engaged Generalist,2,3
12960,Routine Generalist,0,3
12961,Routine Generalist,0,3
12962,Promo Hunter,1,3
12964,Routine Tech,0,2
12965,Promo Hunter,1,3
12966,Engaged Generalist,2,3
12967,Engaged Generalist,2,3
12968,Routine Tech,0,2
12969,Promo Hunter,1,3
12970,Routine Generalist,0,3
12971,Routine Young Parents,0,0
12972,Engaged Generalist,2,3
12973,Routine Generalist,0,3
12974,Promo Hunter,1,1
12976,Engaged Generalist,2,3
12977,Routine Generalist,0,3
12982,Routine Young Parents,0,0
12983,Routine Generalist,0,3
12984,Promo Hunter,1,3
12985,Engaged Generalist,2,3
12987,Routine Tech,0,2
12989,Engaged Generalist,2,3
12990,Engaged Generalist,2,3
12991,Routine Generalist,0,3
12992,Engaged Generalist,2,3
12993,Routine Tech,0,2
12994,Routine Generalist,0,3
12995,Routine Tech,0,2
12997,Routine Generalist,0,3
12998,Promo Hunter,1,1
12999,Promo Hunter,1,3
13000,Engaged Generalist,2,3
13001,Routine Young Parents,0,0
13002,Promo Hunter,1,3
13003,Promo Hunter,1,3
13004,Routine Generalist,0,3
13005,Engaged Generalist,2,3
13006,Promo Hunter,1,3
13007,Routine Tech,0,2
13008,Routine Tech,0,2
13010,Routine Tech,0,2
13011,Routine Generalist,0,3
13012,Routine Generalist,0,3
13014,Routine Young Parents,0,0
13017,Engaged Generalist,2,3
13018,Routine Young Parents,0,0
13020,Routine Generalist,0,3
13022,Engaged Generalist,2,3
13023,Routine Young Parents,0,0
13025,Routine Young Parents,0,0
13026,Routine Generalist,0,3
13027,Promo Hunter,1,3
13028,Engaged Generalist,2,3
13029,Routine Generalist,0,3
13030,Promo Hunter,1,1
13032,Routine Generalist,0,3
13033,Routine Young Parents,0,0
13034,Routine Young Parents,0,0
13036,Routine Generalist,0,3
13037,Engaged Generalist,2,3
13038,Routine Young Parents,0,0
13040,Promo Hunter,1,3
13041,Routine Generalist,0,3
13042,Routine Generalist,0,3
13043,Engaged Generalist,2,3
13044,Promo Hunter,1,3
13045,Routine Young Parents,0,0
13046,Routine Generalist,0,3
13047,Promo Hunter,1,1
13048,Engaged Generalist,2,3
13049,Routine Young Parents,0,0
13051,Promo Hunter,1,3
13052,Promo Hunter,1,3
13054,Promo Hunter,1,3
13055,Routine Generalist,0,3
13057,Routine Generalist,0,3
13058,Routine Young Parents,0,0
13059,Promo Hunter,1,0
13060,Promo Hunter,1,1
13061,Promo Hunter,1,3
13062,Routine Generalist,0,3
13063,Promo Hunter,1,3
13064,Routine Young Parents,0,0
13065,Promo Hunter,1,3
13066,Routine Generalist,0,3
13067,Promo Hunter,1,3
13068,Routine Young Parents,0,0
13069,Routine Generalist,0,3
13070,Routine Tech,0,2
13071,Routine Tech,0,2
13072,Routine Generalist,0,3
13073,Routine Generalist,0,3
13074,Routine Generalist,0,3
13075,Engaged Generalist,2,3
13076,Routine Young Parents,0,0
13077,Promo Hunter,1,1
13078,Promo Hunter,1,3
13079,Routine Generalist,0,3
13080,Promo Hunter,1,3
13081,Promo Hunter,1,3
13082,Promo Hunter,1,3
13083,Routine Generalist,0,3
13084,Routine Generalist,0,3
13085,Engaged Generalist,2,3
13086,Routine Generalist,0,3
13087,Engaged Generalist,2,3
13089,Routine Young Parents,0,0
13090,Routine Generalist,0,3
13091,Routine Family Provisioner,0,1
13093,Routine Generalist,0,3
13094,Promo Hunter,1,3
13095,Routine Tech,0,2
13096,Routine Tech,0,2
13097,Routine Tech,0,2
13098,Routine Young Parents,0,0
13100,Engaged Family Provisioner,2,1
13101,Routine Tech,0,2
13102,Engaged Generalist,2,3
13103,Promo Hunter,1,2
13104,Engaged Generalist,2,3
13105,Engaged Generalist,2,3
13106,Engaged Generalist,2,3
13107,Promo Hunter,1,3
13108,Routine Generalist,0,3
13109,Engaged Generalist,2,3
13110,Promo Hunter,1,3
13111,Routine Generalist,0,3
13112,Engaged Generalist,2,3
13114,Engaged Generalist,2,3
13115,Promo Hunter,1,3
13116,Engaged Generalist,2,3
13117,Engaged Generalist,2,3
13118,Routine Young Parents,0,0
13119,Engaged Generalist,2,3
13120,Engaged Generalist,2,3
13122,Routine Generalist,0,3
13123,Promo Hunter,1,3
13124,Promo Hunter,1,3
13125,Engaged Generalist,2,3
13126,Routine Tech,0,2
13127,Routine Family Provisioner,0,1
13128,Engaged Generalist,2,3
13129,Routine Tech,0,2
13130,Engaged Generalist,2,3
13131,Engaged Generalist,2,3
13132,Engaged Generalist,2,3
13133,Routine Generalist,0,3
13134,Engaged Generalist,2,3
13135,Routine Generalist,0,3
13136,Engaged Generalist,2,3
13137,Engaged Generalist,2,3
13138,Routine Generalist,0,3
13139,Engaged Generalist,2,3
13140,Routine Young Parents,0,0
13141,Routine Generalist,0,3
13143,Routine Generalist,0,3
13144,Routine Generalist,0,3
13145,Promo Hunter,1,3
13146,Routine Young Parents,0,0
13147,Engaged Generalist,2,3
13149,Routine Young Parents,0,0
13150,Engaged Generalist,2,3
13151,Routine Young Parents,0,0
13152,Routine Generalist,0,3
13153,Routine Tech,0,2
13154,Engaged Generalist,2,3
13156,Promo Hunter,1,3
13157,Routine Young Parents,0,0
13158,Promo Hunter,1,1
13159,Engaged Generalist,2,3
13161,Routine Young Parents,0,0
13162,Engaged Generalist,2,3
13163,Engaged Generalist,2,3
13165,Promo Hunter,1,1
13166,Routine Generalist,0,3
13167,Routine Tech,0,2
13168,Routine Generalist,0,3
13169,Promo Hunter,1,3
13172,Routine Young Parents,0,0
13173,Engaged Generalist,2,3
13174,Routine Generalist,0,3
13175,Promo Hunter,1,3
13176,Routine Young Parents,0,0
13177,Routine Tech,0,2
13178,Routine Young Parents,0,0
13180,Promo Hunter,1,3
13181,Engaged Generalist,2,3
13183,Engaged Generalist,2,3
13184,Routine Generalist,0,3
13185,Routine Young Parents,0,0
13186,Engaged Generalist,2,3
13187,Routine Generalist,0,3
13188,Promo Hunter,1,3
13189,Promo Hunter,1,3
13190,Promo Hunter,1,3
13191,Promo Hunter,1,3
13192,Routine Family Provisioner,0,1
13194,Promo Hunter,1,1
13195,Routine Generalist,0,3
13196,Engaged Generalist,2,3
13197,Promo Hunter,1,1
13198,Routine Tech,0,2
13199,Engaged Generalist,2,3
13201,Promo Hunter,1,3
13202,Routine Young Parents,0,0
13203,Promo Hunter,1,3
13204,Routine Young Parents,0,0
13205,Promo Hunter,1,3
13208,Engaged Generalist,2,2
13209,Routine Young Parents,0,0
13210,Promo Hunter,1,3
13211,Routine Tech,0,2
13212,Engaged Generalist,2,3
13213,Promo Hunter,1,3
13214,Routine Generalist,0,3
13215,Routine Tech,0,2
13217,Routine Young Parents,0,0
13219,Routine Generalist,0,3
13220,Promo Hunter,1,0
13222,Routine Generalist,0,3
13224,Engaged Generalist,2,3
13225,Routine Young Parents,0,0
13226,Engaged Generalist,2,3
13227,Engaged Generalist,2,3
13229,Routine Generalist,0,3
13230,Promo Hunter,1,3
13231,Promo Hunter,1,3
13232,Routine Generalist,0,3
13233,Engaged Generalist,2,3
13234,Routine Young Parents,0,0
13235,Routine Generalist,0,3
13236,Engaged Generalist,2,3
13239,Routine Generalist,0,3
13240,Promo Hunter,1,3
13241,Routine Generalist,0,3
13242,Engaged Generalist,2,3
13244,Routine Generalist,0,3
13245,Routine Young Parents,0,0
13246,Routine Young Parents,0,0
13247,Routine Family Provisioner,0,1
13248,Engaged Generalist,2,3
13249,Routine Generalist,0,3
13250,Promo Hunter,1,3
13252,Routine Generalist,0,3
13253,Routine Young Parents,0,0
13254,Engaged Generalist,2,3
13255,Routine Tech,0,2
13256,Engaged Generalist,2,3
13257,Routine Generalist,0,3
13258,Engaged Generalist,2,3
13259,Routine Young Parents,0,0
13260,Routine Generalist,0,3
13262,Routine Generalist,0,3
13263,Routine Young Parents,0,0
13264,Routine Young Parents,0,0
13265,Routine Young Parents,0,0
13266,Promo Hunter,1,3
13268,Routine Generalist,0,3
13269,Routine Young Parents,0,0
13270,Routine Generalist,0,3
13271,Promo Hunter,1,3
13272,Promo Hunter,1,3
13273,Routine Generalist,0,3
13274,Promo Hunter,1,3
13276,Routine Young Parents,0,0
13277,Promo Hunter,1,3
13279,Routine Tech,0,2
13280,Routine Family Provisioner,0,1
13283,Routine Young Parents,0,0
13284,Routine Family Provisioner,0,1
13285,Promo Hunter,1,3
13286,Engaged Family Provisioner,2,1
13287,Promo Hunter,1,3
13288,Routine Generalist,0,3
13289,Promo Hunter,1,3
13290,Promo Hunter,1,3
13292,Routine Young Parents,0,0
13293,Promo Hunter,1,3
13294,Promo Hunter,1,3
13295,Promo Hunter,1,3
13296,Routine Tech,0,2
13297,Engaged Generalist,2,3
13298,Engaged Generalist,2,3
13299,Routine Generalist,0,3
13300,Engaged Generalist,2,3
13301,Routine Generalist,0,3
13302,Engaged Generalist,2,3
13303,Engaged Generalist,2,3
13304,Promo Hunter,1,3
13305,Engaged Generalist,2,3
13307,Engaged Generalist,2,3
13308,Engaged Generalist,2,0
13309,Routine Young Parents,0,0
13310,Engaged Generalist,2,3
13313,Routine Generalist,0,3
13314,Routine Generalist,0,3
13315,Routine Generalist,0,3
13316,Routine Young Parents,0,0
13318,Routine Young Parents,0,0
13320,Routine Young Parents,0,0
13321,Promo Hunter,1,3
13323,Routine Generalist,0,3
13324,Engaged Generalist,2,3
13325,Engaged Generalist,2,3
13326,Routine Generalist,0,3
13327,Routine Young Parents,0,0
13328,Engaged Family Provisioner,2,1
13329,Routine Tech,0,2
13330,Routine Young Parents,0,0
13332,Routine Generalist,0,3
13333,Routine Young Parents,0,0
13334,Engaged Generalist,2,3
13335,Engaged Generalist,2,2
13336,Routine Generalist,0,3
13337,Routine Young Parents,0,0
13338,Routine Young Parents,0,0
13340,Promo Hunter,1,2
13341,Routine Tech,0,2
13342,Engaged Generalist,2,3
13343,Engaged Generalist,2,3
13344,Routine Generalist,0,3
13346,Engaged Generalist,2,3
13347,Promo Hunter,1,3
13348,Promo Hunter,1,3
13349,Routine Generalist,0,3
13350,Engaged Generalist,2,3
13352,Routine Generalist,0,3
13353,Promo Hunter,1,3
13354,Engaged Generalist,2,3
13357,Engaged Generalist,2,3
13358,Promo Hunter,1,3
13360,Routine Young Parents,0,0
13361,Routine Generalist,0,3
13362,Engaged Generalist,2,3
13364,Routine Tech,0,2
13365,Engaged Generalist,2,3
13366,Routine Young Parents,0,0
13367,Routine Young Parents,0,0
13368,Routine Generalist,0,3
13369,Promo Hunter,1,0
13370,Routine Tech,0,2
13371,Routine Tech,0,2
13372,Promo Hunter,1,3
13373,Routine Young Parents,0,0
13374,Routine Generalist,0,3
13375,Routine Generalist,0,3
13377,Routine Tech,0,2
13378,Routine Generalist,0,3
13379,Routine Young Parents,0,0
13380,Promo Hunter,1,1
13381,Routine Tech,0,2
13384,Promo Hunter,1,3
13385,Promo Hunter,1,3
13386,Routine Generalist,0,3
13387,Routine Young Parents,0,0
13388,Routine Young Parents,0,0
13389,Engaged Generalist,2,3
13390,Routine Generalist,0,3
13391,Engaged Generalist,2,3
13392,Promo Hunter,1,1
13393,Engaged Generalist,2,3
13394,Routine Generalist,0,3
13395,Routine Generalist,0,3
13396,Routine Generalist,0,3
13397,Routine Generalist,0,3
13398,Promo Hunter,1,1
13399,Routine Tech,0,2
13401,Routine Tech,0,2
13403,Routine Generalist,0,3
13404,Routine Young Parents,0,0
13405,Promo Hunter,1,1
13406,Routine Generalist,0,3
13408,Routine Generalist,0,3
13410,Promo Hunter,1,3
13412,Routine Generalist,0,3
13413,Promo Hunter,1,3
13414,Routine Generalist,0,3
13415,Routine Young Parents,0,0
13416,Engaged Generalist,2,3
13417,Promo Hunter,1,1
13418,Promo Hunter,1,1
13419,Engaged Generalist,2,3
13420,Promo Hunter,1,3
13421,Promo Hunter,1,3
13422,Routine Generalist,0,3
13424,Routine Young Parents,0,0
13425,Routine Young Parents,0,0
13426,Routine Family Provisioner,0,1
13427,Routine Generalist,0,3
13428,Promo Hunter,1,3
13429,Engaged Generalist,2,3
13430,Routine Generalist,0,3
13431,Engaged Generalist,2,3
13433,Routine Tech,0,2
13434,Engaged Generalist,2,0
13436,Routine Young Parents,0,0
13437,Engaged Generalist,2,3
13438,Routine Young Parents,0,0
13439,Promo Hunter,1,3
13440,Engaged Generalist,2,3
13441,Routine Young Parents,0,0
13442,Engaged Generalist,2,3
13443,Promo Hunter,1,3
13444,Routine Generalist,0,3
13445,Promo Hunter,1,2
13446,Routine Generalist,0,3
13447,Engaged Generalist,2,3
13448,Routine Young Parents,0,0
13449,Engaged Generalist,2,3
13450,Routine Tech,0,2
13451,Promo Hunter,1,3
13453,Promo Hunter,1,3
13455,Routine Generalist,0,3
13456,Routine Generalist,0,3
13457,Routine Young Parents,0,0
13458,Routine Generalist,0,3
13461,Routine Young Parents,0,0
13462,Promo Hunter,1,1
13463,Engaged Generalist,2,3
13464,Routine Young Parents,0,0
13465,Routine Generalist,0,3
13467,Routine Young Parents,0,0
13468,Engaged Generalist,2,3
13469,Promo Hunter,1,3
13470,Routine Generalist,0,3
13471,Routine Generalist,0,3
13472,Engaged Generalist,2,3
13473,Promo Hunter,1,1
13474,Routine Young Parents,0,0
13476,Engaged Generalist,2,3
13477,Promo Hunter,1,3
13479,Routine Generalist,0,3
13480,Promo Hunter,1,3
13481,Engaged Generalist,2,3
13482,Routine Generalist,0,3
13483,Promo Hunter,1,3
13484,Routine Generalist,0,3
13485,Promo Hunter,1,3
13486,Routine Generalist,0,3
13487,Engaged Generalist,2,3
13488,Routine Tech,0,2
13489,Engaged Generalist,2,3
13490,Routine Tech,0,2
13493,Routine Generalist,0,3
13495,Routine Generalist,0,3
13496,Routine Young Parents,0,0
13497,Routine Young Parents,0,0
13498,Routine Young Parents,0,0
13499,Routine Generalist,0,3
13500,Routine Generalist,0,3
13501,Promo Hunter,1,1
13502,Promo Hunter,1,0
13503,Routine Generalist,0,3
13505,Promo Hunter,1,3
13506,Routine Generalist,0,3
13509,Routine Young Parents,0,0
13510,Promo Hunter,1,3
13513,Routine Tech,0,2
13514,Promo Hunter,1,0
13515,Promo Hunter,1,3
13516,Routine Young Parents,0,0
13518,Routine Generalist,0,3
13519,Promo Hunter,1,3
13521,Engaged Generalist,2,3
13522,Promo Hunter,1,3
13523,Engaged Generalist,2,3
13524,Routine Young Parents,0,0
13525,Routine Tech,0,2
13526,Engaged Generalist,2,3
13527,Engaged Generalist,2,3
13528,Routine Generalist,0,3
13529,Engaged Generalist,2,3
13530,Routine Young Parents,0,0
13531,Routine Young Parents,0,0
13533,Routine Generalist,0,3
13534,Promo Hunter,1,3
13535,Engaged Generalist,2,3
13536,Engaged Generalist,2,3
13537,Routine Young Parents,0,0
13538,Routine Generalist,0,3
13539,Promo Hunter,1,3
13540,Routine Young Parents,0,0
13541,Routine Generalist,0,3
13544,Routine Tech,0,2
13545,Engaged Generalist,2,3
13546,Routine Generalist,0,3
13547,Engaged Generalist,2,2
13548,Routine Generalist,0,3
13549,Engaged Generalist,2,3
13550,Engaged Generalist,2,3
13552,Routine Generalist,0,3
13553,Engaged Generalist,2,3
13554,Routine Young Parents,0,0
13556,Routine Young Parents,0,0
13557,Engaged Generalist,2,3
13558,Engaged Generalist,2,3
13559,Routine Young Parents,0,0
13560,Routine Young Parents,0,0
13561,Promo Hunter,1,3
13562,Engaged Generalist,2,3
13563,Engaged Generalist,2,3
13564,Routine Generalist,0,3
13565,Promo Hunter,1,1
13568,Promo Hunter,1,3
13569,Routine Generalist,0,3
13570,Promo Hunter,1,1
13571,Routine Young Parents,0,0
13573,Engaged Generalist,2,3
13574,Engaged Generalist,2,3
13575,Promo Hunter,1,3
13576,Routine Generalist,0,3
13579,Routine Generalist,0,3
13580,Routine Family Provisioner,0,1
13582,Routine Young Parents,0,0
13583,Promo Hunter,1,3
13584,Routine Young Parents,0,0
13585,Engaged Generalist,2,3
13586,Routine Young Parents,0,0
13587,Routine Generalist,0,3
13588,Engaged Generalist,2,3
13590,Promo Hunter,1,1
13592,Engaged Generalist,2,3
13593,Routine Young Parents,0,0
13594,Engaged Generalist,2,3
13596,Promo Hunter,1,1
13597,Routine Tech,0,2
13599,Routine Young Parents,0,0
13600,Routine Young Parents,0,0
13601,Routine Generalist,0,3
13602,Promo Hunter,1,1
13603,Routine Family Provisioner,0,1
13604,Engaged Generalist,2,3
13605,Routine Generalist,0,3
13606,Routine Generalist,0,3
13607,Routine Young Parents,0,0
13609,Routine Generalist,0,3
13610,Promo Hunter,1,3
13611,Promo Hunter,1,3
13612,Engaged Generalist,2,3
13614,Routine Young Parents,0,0
13615,Promo Hunter,1,3
13616,Engaged Generalist,2,3
13618,Promo Hunter,1,3
13620,Routine Family Provisioner,0,1
13621,Promo Hunter,1,3
13623,Routine Young Parents,0,0
13625,Promo Hunter,1,3
13626,Promo Hunter,1,3
13627,Routine Generalist,0,3
13628,Promo Hunter,1,3
13629,Promo Hunter,1,3
13630,Routine Young Parents,0,0
13631,Routine Generalist,0,3
13632,Promo Hunter,1,3
13633,Engaged Generalist,2,3
13634,Promo Hunter,1,1
13635,Routine Generalist,0,3
13636,Engaged Generalist,2,3
13638,Promo Hunter,1,3
13640,Promo Hunter,1,1
13641,Promo Hunter,1,1
13642,Routine Generalist,0,3
13643,Routine Generalist,0,3
13644,Engaged Generalist,2,3
13645,Promo Hunter,1,3
13647,Routine Young Parents,0,0
13648,Promo Hunter,1,3
13649,Engaged Generalist,2,3
13650,Routine Family Provisioner,0,1
13651,Engaged Generalist,2,3
13652,Routine Generalist,0,3
13654,Promo Hunter,1,3
13655,Routine Generalist,0,3
13656,Routine Young Parents,0,0
13658,Routine Generalist,0,3
13659,Routine Family Provisioner,0,1
13660,Engaged Family Provisioner,2,1
13661,Routine Tech,0,2
13662,Routine Tech,0,2
13663,Routine Generalist,0,3
13664,Routine Young Parents,0,0
13665,Routine Tech,0,2
13666,Promo Hunter,1,3
13668,Routine Tech,0,2
13669,Routine Young Parents,0,0
13671,Engaged Generalist,2,3
13672,Routine Generalist,0,3
13673,Engaged Generalist,2,2
13674,Routine Young Parents,0,0
13675,Routine Tech,0,2
13676,Engaged Generalist,2,3
13677,Engaged Generalist,2,3
13679,Routine Generalist,0,3
13680,Routine Generalist,0,3
13681,Routine Generalist,0,3
13682,Routine Young Parents,0,0
13683,Routine Generalist,0,3
13686,Routine Generalist,0,3
13687,Routine Tech,0,2
13688,Engaged Generalist,2,3
13689,Routine Generalist,0,3
13690,Engaged Generalist,2,3
13691,Routine Generalist,0,3
13692,Routine Young Parents,0,0
13693,Routine Generalist,0,3
13694,Routine Young Parents,0,0
13695,Routine Young Parents,0,0
13696,Promo Hunter,1,3
13697,Promo Hunter,1,3
13698,Promo Hunter,1,3
13699,Routine Young Parents,0,0
13700,Engaged Generalist,2,3
13701,Engaged Generalist,2,3
13703,Routine Young Parents,0,0
13704,Routine Young Parents,0,0
13705,Engaged Generalist,2,3
13706,Routine Generalist,0,3
13708,Engaged Generalist,2,3
13709,Routine Generalist,0,3
13710,Routine Generalist,0,3
13711,Promo Hunter,1,3
13713,Routine Generalist,0,3
13714,Routine Generalist,0,3
13715,Routine Generalist,0,3
13716,Routine Family Provisioner,0,1
13717,Promo Hunter,1,3
13720,Routine Generalist,0,3
13721,Routine Tech,0,2
13723,Routine Generalist,0,3
13724,Routine Generalist,0,3
13725,Routine Young Parents,0,0
13726,Routine Young Parents,0,0
13727,Routine Generalist,0,3
13729,Engaged Generalist,2,3
13730,Routine Generalist,0,3
13731,Routine Tech,0,2
13732,Routine Young Parents,0,0
13733,Routine Tech,0,2
13734,Promo Hunter,1,3
13735,Routine Generalist,0,3
13736,Routine Tech,0,2
13737,Routine Young Parents,0,0
13738,Routine Young Parents,0,0
13739,Engaged Generalist,2,3
13740,Routine Generalist,0,3
13741,Promo Hunter,1,3
13742,Engaged Generalist,2,3
13743,Engaged Generalist,2,3
13744,Routine Generalist,0,3
13745,Engaged Generalist,2,3
13746,Routine Tech,0,2
13747,Routine Generalist,0,3
13750,Promo Hunter,1,3
13752,Routine Young Parents,0,0
13753,Engaged Generalist,2,3
13754,Routine Young Parents,0,0
13755,Routine Generalist,0,3
13756,Engaged Generalist,2,3
13758,Routine Generalist,0,3
13759,Engaged Generalist,2,3
13760,Engaged Generalist,2,3
13761,Routine Young Parents,0,0
13762,Routine Generalist,0,3
13763,Engaged Generalist,2,3
13764,Routine Young Parents,0,0
13765,Routine Generalist,0,3
13767,Engaged Generalist,2,3
13768,Engaged Generalist,2,3
13771,Routine Generalist,0,3
13772,Routine Generalist,0,3
13773,Routine Generalist,0,3
13774,Engaged Generalist,2,3
13775,Engaged Generalist,2,3
13777,Routine Young Parents,0,0
13778,Engaged Generalist,2,3
13779,Promo Hunter,1,3
13780,Routine Generalist,0,3
13782,Routine Generalist,0,3
13783,Routine Generalist,0,3
13784,Routine Generalist,0,3
13785,Promo Hunter,1,3
13789,Routine Generalist,0,3
13790,Promo Hunter,1,1
13792,Routine Generalist,0,3
13793,Routine Young Parents,0,0
13794,Promo Hunter,1,3
13796,Routine Young Parents,0,0
13797,Routine Tech,0,2
13798,Promo Hunter,1,3
13799,Routine Generalist,0,3
13800,Routine Tech,0,2
13801,Engaged Generalist,2,3
13802,Routine Generalist,0,3
13803,Routine Generalist,0,3
13804,Promo Hunter,1,3
13805,Routine Generalist,0,3
13806,Promo Hunter,1,3
13807,Engaged Generalist,2,3
13809,Routine Young Parents,0,0
13810,Routine Tech,0,2
13811,Routine Generalist,0,3
13812,Engaged Generalist,2,3
13813,Engaged Family Provisioner,2,1
13814,Promo Hunter,1,1
13815,Routine Young Parents,0,0
13816,Routine Family Provisioner,0,1
13817,Routine Generalist,0,3
13819,Routine Tech,0,2
13820,Routine Generalist,0,3
13821,Engaged Generalist,2,3
13822,Promo Hunter,1,3
13823,Routine Generalist,0,3
13825,Routine Generalist,0,3
13826,Routine Generalist,0,3
13827,Promo Hunter,1,3
13828,Routine Generalist,0,3
13830,Engaged Generalist,2,2
13831,Routine Generalist,0,3
13832,Engaged Generalist,2,3
13833,Routine Young Parents,0,0
13834,Routine Generalist,0,3
13837,Routine Generalist,0,3
13839,Routine Young Parents,0,0
13840,Routine Tech,0,2
13841,Routine Young Parents,0,0
13842,Engaged Generalist,2,3
13843,Routine Tech,0,2
13844,Routine Young Parents,0,0
13845,Engaged Generalist,2,3
13846,Engaged Generalist,2,3
13847,Promo Hunter,1,1
13848,Routine Generalist,0,3
13849,Engaged Generalist,2,3
13850,Promo Hunter,1,3
13851,Routine Young Parents,0,0
13852,Routine Young Parents,0,0
13853,Routine Tech,0,2
13854,Engaged Generalist,2,3
13855,Routine Generalist,0,3
13856,Routine Generalist,0,3
13857,Engaged Generalist,2,3
13858,Routine Young Parents,0,0
13859,Routine Generalist,0,3
13860,Routine Family Provisioner,0,1
13861,Promo Hunter,1,3
13862,Routine Generalist,0,3
13863,Routine Young Parents,0,0
13865,Promo Hunter,1,3
13866,Promo Hunter,1,3
13867,Engaged Generalist,2,3
13868,Routine Generalist,0,3
13869,Promo Hunter,1,2
13870,Engaged Generalist,2,3
13871,Routine Young Parents,0,0
13872,Routine Generalist,0,3
13873,Routine Young Parents,0,0
13874,Promo Hunter,1,1
13875,Routine Family Provisioner,0,1
13876,Routine Tech,0,2
13877,Routine Tech,0,2
13878,Promo Hunter,1,1
13880,Engaged Generalist,2,3
13881,Routine Young Parents,0,0
13882,Engaged Generalist,2,3
13883,Promo Hunter,1,3
13884,Routine Generalist,0,3
13885,Routine Generalist,0,3
13886,Promo Hunter,1,0
13887,Promo Hunter,1,1
13889,Routine Young Parents,0,0
13890,Routine Generalist,0,3
13891,Routine Tech,0,2
13894,Routine Young Parents,0,0
13895,Routine Tech,0,2
13896,Routine Family Provisioner,0,1
13897,Routine Generalist,0,3
13898,Promo Hunter,1,3
13899,Promo Hunter,1,3
13900,Routine Generalist,0,3
13901,Routine Generalist,0,3
13902,Routine Generalist,0,3
13903,Promo Hunter,1,3
13904,Engaged Generalist,2,3
13905,Engaged Generalist,2,3
13906,Routine Generalist,0,3
13908,Engaged Generalist,2,3
13909,Routine Family Provisioner,0,1
13910,Routine Young Parents,0,0
13911,Engaged Generalist,2,3
13912,Engaged Generalist,2,3
13913,Promo Hunter,1,3
13915,Routine Generalist,0,3
13916,Routine Young Parents,0,0
13917,Promo Hunter,1,3
13919,Routine Generalist,0,3
13920,Routine Young Parents,0,0
13921,Routine Generalist,0,3
13923,Routine Young Parents,0,0
13924,Engaged Generalist,2,3
13925,Routine Generalist,0,3
13926,Routine Generalist,0,3
13927,Routine Tech,0,2
13928,Routine Tech,0,2
13930,Engaged Generalist,2,3
13931,Routine Generalist,0,3
13932,Routine Young Parents,0,0
13934,Routine Generalist,0,3
13935,Routine Young Parents,0,0
13936,Promo Hunter,1,3
13937,Routine Young Parents,0,0
13938,Engaged Generalist,2,3
13939,Routine Generalist,0,3
13941,Routine Generalist,0,3
13942,Routine Generalist,0,3
13943,Promo Hunter,1,3
13944,Routine Young Parents,0,0
13945,Promo Hunter,1,3
13946,Engaged Generalist,2,3
13947,Routine Generalist,0,3
13949,Routine Young Parents,0,0
13951,Engaged Family Provisioner,2,1
13952,Routine Generalist,0,3
13953,Routine Tech,0,2
13954,Routine Tech,0,2
13955,Promo Hunter,1,3
13956,Engaged Generalist,2,3
13957,Routine Tech,0,2
13958,Promo Hunter,1,3
13959,Routine Generalist,0,3
13960,Routine Generalist,0,3
13961,Engaged Generalist,2,3
13962,Routine Young Parents,0,0
13963,Routine Generalist,0,3
13964,Routine Young Parents,0,0
13965,Routine Generalist,0,3
13966,Routine Generalist,0,3
13967,Routine Young Parents,0,0
13968,Routine Generalist,0,3
13969,Promo Hunter,1,1
13970,Engaged Generalist,2,3
13971,Routine Generalist,0,3
13972,Routine Generalist,0,3
13973,Routine Generalist,0,3
13974,Routine Tech,0,2
13975,Promo Hunter,1,3
13976,Engaged Generalist,2,3
13977,Promo Hunter,1,3
13978,Promo Hunter,1,3
13979,Engaged Generalist,2,3
13980,Promo Hunter,1,1
13981,Engaged Generalist,2,3
13982,Routine Generalist,0,3
13983,Routine Generalist,0,3
13985,Promo Hunter,1,0
13987,Routine Generalist,0,3
13989,Engaged Generalist,2,3
13990,Engaged Generalist,2,3
13991,Routine Young Parents,0,0
13992,Promo Hunter,1,0
13994,Promo Hunter,1,3
13995,Promo Hunter,1,3
13996,Engaged Generalist,2,3
13998,Engaged Generalist,2,3
13999,Routine Tech,0,2
14001,Routine Generalist,0,3
14002,Engaged Generalist,2,3
14003,Engaged Generalist,2,3
14004,Routine Generalist,0,3
14005,Routine Generalist,0,3
14006,Engaged Generalist,2,3
14007,Routine Family Provisioner,0,1
14008,Engaged Generalist,2,3
14009,Engaged Generalist,2,3
14010,Routine Tech,0,2
14011,Routine Young Parents,0,0
14012,Routine Generalist,0,3
14013,Routine Young Parents,0,0
14015,Engaged Generalist,2,3
14016,Routine Generalist,0,3
14017,Routine Generalist,0,3
14018,Routine Generalist,0,3
14019,Engaged Generalist,2,3
14020,Routine Generalist,0,3
14021,Routine Tech,0,2
14022,Engaged Generalist,2,3
14024,Engaged Generalist,2,3
14025,Promo Hunter,1,1
14026,Engaged Family Provisioner,2,1
14027,Routine Generalist,0,3
14028,Engaged Generalist,2,3
14029,Engaged Generalist,2,3
14030,Promo Hunter,1,3
14031,Routine Young Parents,0,0
14033,Routine Family Provisioner,0,1
14034,Promo Hunter,1,1
14035,Promo Hunter,1,3
14037,Promo Hunter,1,3
14038,Routine Generalist,0,3
14041,Routine Young Parents,0,0
14042,Routine Generalist,0,3
14043,Promo Hunter,1,3
14044,Engaged Generalist,2,3
14046,Routine Young Parents,0,0
14047,Routine Generalist,0,3
14048,Engaged Generalist,2,3
14049,Routine Generalist,0,3
14050,Routine Young Parents,0,0
14051,Routine Young Parents,0,0
14052,Routine Generalist,0,3
14055,Engaged Generalist,2,3
14056,Routine Generalist,0,3
14057,Routine Generalist,0,3
14058,Engaged Generalist,2,3
14059,Promo Hunter,1,3
14060,Engaged Generalist,2,3
14061,Engaged Generalist,2,3
14063,Promo Hunter,1,3
14064,Routine Generalist,0,3
14065,Engaged Generalist,2,3
14066,Routine Generalist,0,3
14067,Routine Generalist,0,3
14068,Routine Family Provisioner,0,1
14069,Routine Young Parents,0,0
14070,Engaged Generalist,2,3
14071,Routine Family Provisioner,0,1
14072,Engaged Generalist,2,3
14073,Engaged Generalist,2,3
14074,Engaged Generalist,2,3
14077,Routine Generalist,0,3
14079,Promo Hunter,1,1
14080,Engaged Generalist,2,3
14081,Promo Hunter,1,3
14083,Promo Hunter,1,3
14084,Routine Generalist,0,3
14085,Promo Hunter,1,3
14087,Engaged Generalist,2,3
14088,Routine Generalist,0,3
14089,Engaged Generalist,2,3
14092,Engaged Generalist,2,3
14093,Routine Young Parents,0,0
14095,Routine Young Parents,0,0
14096,Promo Hunter,1,3
14097,Routine Generalist,0,3
14098,Engaged Generalist,2,3
14099,Routine Generalist,0,3
14100,Engaged Generalist,2,3
14101,Routine Generalist,0,3
14102,Routine Generalist,0,3
14103,Promo Hunter,1,1
14104,Routine Young Parents,0,0
14105,Routine Generalist,0,3
14106,Routine Young Parents,0,0
14107,Routine Generalist,0,3
14109,Routine Tech,0,2
14110,Engaged Family Provisioner,2,1
14111,Promo Hunter,1,3
14112,Routine Generalist,0,3
14113,Engaged Generalist,2,3
14115,Promo Hunter,1,3
14116,Routine Young Parents,0,0
14117,Promo Hunter,1,1
14119,Engaged Generalist,2,3
14121,Routine Tech,0,2
14123,Routine Young Parents,0,0
14124,Routine Generalist,0,3
14125,Promo Hunter,1,3
14126,Routine Generalist,0,3
14127,Routine Generalist,0,3
14128,Promo Hunter,1,3
14129,Engaged Generalist,2,3
14130,Engaged Generalist,2,3
14131,Promo Hunter,1,3
14133,Engaged Generalist,2,3
14134,Promo Hunter,1,3
14136,Routine Young Parents,0,0
14137,Routine Family Provisioner,0,1
14138,Engaged Generalist,2,3
14139,Routine Tech,0,2
14140,Routine Generalist,0,3
14141,Engaged Generalist,2,3
14142,Promo Hunter,1,3
14143,Routine Generalist,0,3
14144,Promo Hunter,1,1
14145,Promo Hunter,1,3
14146,Routine Tech,0,2
14147,Promo Hunter,1,3
14148,Routine Generalist,0,3
14149,Routine Young Parents,0,0
14151,Routine Young Parents,0,0
14152,Engaged Family Provisioner,2,1
14153,Routine Young Parents,0,0
14154,Routine Generalist,0,3
14155,Routine Generalist,0,3
14156,Engaged Generalist,2,0
14157,Routine Generalist,0,3
14158,Routine Tech,0,2
14159,Promo Hunter,1,3
14160,Engaged Generalist,2,3
14163,Routine Tech,0,2
14164,Routine Tech,0,2
14165,Routine Generalist,0,3
14166,Engaged Generalist,2,3
14167,Promo Hunter,1,0
14168,Engaged Generalist,2,3
14170,Routine Young Parents,0,0
14171,Routine Young Parents,0,0
14174,Promo Hunter,1,3
14175,Routine Tech,0,2
14176,Promo Hunter,1,3
14177,Routine Young Parents,0,0
14179,Routine Tech,0,2
14181,Promo Hunter,1,1
14182,Routine Generalist,0,3
14184,Routine Young Parents,0,0
14185,Promo Hunter,1,1
14186,Routine Tech,0,2
14189,Engaged Generalist,2,3
14190,Routine Generalist,0,3
14191,Promo Hunter,1,3
14192,Engaged Generalist,2,3
14193,Promo Hunter,1,1
14194,Promo Hunter,1,1
14195,Routine Tech,0,2
14196,Engaged Generalist,2,3
14197,Routine Generalist,0,3
14198,Promo Hunter,1,3
14199,Promo Hunter,1,0
14201,Routine Tech,0,2
14202,Routine Young Parents,0,0
14203,Routine Generalist,0,3
14204,Routine Tech,0,2
14205,Engaged Generalist,2,3
14206,Engaged Generalist,2,3
14208,Routine Generalist,0,3
14209,Promo Hunter,1,3
14210,Engaged Generalist,2,3
14211,Engaged Generalist,2,3
14212,Engaged Generalist,2,3
14213,Routine Generalist,0,3
14215,Engaged Generalist,2,3
14217,Routine Tech,0,2
14218,Routine Generalist,0,3
14219,Routine Tech,0,2
14220,Engaged Family Provisioner,2,1
14223,Engaged Generalist,2,3
14224,Routine Young Parents,0,0
14225,Routine Tech,0,2
14226,Routine Generalist,0,3
14227,Routine Family Provisioner,0,1
14229,Routine Generalist,0,3
14231,Engaged Generalist,2,3
14234,Routine Tech,0,2
14235,Routine Generalist,0,3
14236,Routine Generalist,0,3
14239,Promo Hunter,1,3
14240,Routine Tech,0,2
14241,Engaged Generalist,2,3
14242,Engaged Generalist,2,3
14244,Engaged Generalist,2,3
14246,Routine Young Parents,0,0
14247,Routine Generalist,0,3
14248,Routine Generalist,0,3
14249,Engaged Generalist,2,3
14250,Engaged Generalist,2,3
14252,Routine Generalist,0,3
14253,Routine Family Provisioner,0,1
14255,Routine Generalist,0,3
14256,Routine Generalist,0,3
14257,Routine Young Parents,0,0
14259,Routine Young Parents,0,0
14260,Routine Generalist,0,3
14261,Engaged Generalist,2,3
14262,Routine Generalist,0,3
14263,Routine Generalist,0,3
14264,Promo Hunter,1,1
14265,Routine Young Parents,0,0
14267,Routine Young Parents,0,0
14268,Routine Generalist,0,3
14269,Promo Hunter,1,3
14270,Routine Tech,0,2
14271,Routine Young Parents,0,0
14272,Routine Generalist,0,3
14274,Engaged Generalist,2,3
14275,Promo Hunter,1,3
14276,Promo Hunter,1,3
14277,Routine Tech,0,2
14278,Engaged Generalist,2,3
14279,Engaged Generalist,2,3
14281,Routine Tech,0,2
14285,Engaged Generalist,2,3
14286,Routine Generalist,0,3
14287,Routine Young Parents,0,0
14289,Routine Young Parents,0,0
14290,Routine Tech,0,2
14291,Engaged Family Provisioner,2,1
14292,Promo Hunter,1,3
14293,Engaged Generalist,2,3
14294,Promo Hunter,1,1
14296,Routine Generalist,0,3
14297,Engaged Generalist,2,3
14298,Routine Generalist,0,3
14299,Routine Generalist,0,3
14300,Routine Generalist,0,3
14301,Promo Hunter,1,3
14302,Engaged Generalist,2,3
14303,Routine Generalist,0,3
14304,Promo Hunter,1,3
14305,Routine Generalist,0,3
14306,Engaged Generalist,2,3
14307,Routine Generalist,0,3
14308,Promo Hunter,1,3
14309,Engaged Generalist,2,3
14310,Routine Generalist,0,3
14311,Routine Generalist,0,3
14312,Promo Hunter,1,0
14313,Routine Young Parents,0,0
14314,Routine Young Parents,0,0
14315,Routine Generalist,0,3
14316,Routine Tech,0,2
14317,Promo Hunter,1,0
14318,Promo Hunter,1,3
14319,Routine Young Parents,0,0
14320,Routine Generalist,0,3
14321,Engaged Generalist,2,3
14323,Routine Young Parents,0,0
14324,Routine Tech,0,2
14325,Routine Generalist,0,3
14326,Engaged Generalist,2,3
14327,Engaged Generalist,2,3
14329,Routine Tech,0,2
14330,Engaged Generalist,2,3
14331,Engaged Generalist,2,3
14332,Routine Tech,0,2
14334,Promo Hunter,1,3
14336,Promo Hunter,1,3
14338,Promo Hunter,1,3
14340,Routine Young Parents,0,0
14341,Routine Young Parents,0,0
14342,Promo Hunter,1,3
14343,Routine Young Parents,0,0
14344,Engaged Generalist,2,0
14347,Engaged Family Provisioner,2,1
14348,Routine Young Parents,0,0
14349,Routine Tech,0,2
14350,Routine Generalist,0,3
14351,Routine Family Provisioner,0,1
14352,Routine Young Parents,0,0
14353,Engaged Generalist,2,3
14354,Promo Hunter,1,3
14355,Routine Generalist,0,3
14356,Routine Generalist,0,3
14357,Routine Generalist,0,3
14358,Engaged Generalist,2,3
14359,Routine Generalist,0,3
14360,Promo Hunter,1,3
14361,Promo Hunter,1,3
14362,Routine Generalist,0,3
14363,Routine Tech,0,2
14364,Engaged Generalist,2,0
14366,Engaged Family Provisioner,2,1
14367,Routine Generalist,0,3
14368,Routine Family Provisioner,0,1
14369,Routine Generalist,0,3
14370,Routine Generalist,0,3
14371,Routine Generalist,0,3
14372,Engaged Generalist,2,3
14373,Routine Generalist,0,3
14374,Promo Hunter,1,1
14375,Promo Hunter,1,1
14376,Routine Young Parents,0,0
14377,Routine Generalist,0,3
14378,Routine Generalist,0,3
14379,Routine Generalist,0,3
14380,Engaged Generalist,2,3
14381,Promo Hunter,1,3
14382,Routine Young Parents,0,0
14384,Routine Generalist,0,3
14385,Engaged Generalist,2,3
14388,Routine Tech,0,2
14389,Routine Generalist,0,3
14390,Routine Tech,0,2
14391,Engaged Generalist,2,3
14392,Routine Young Parents,0,0
14394,Engaged Generalist,2,3
14395,Routine Young Parents,0,0
14396,Routine Young Parents,0,0
14398,Routine Tech,0,2
14399,Promo Hunter,1,1
14400,Engaged Generalist,2,3
14402,Routine Tech,0,2
14404,Routine Young Parents,0,0
14405,Routine Young Parents,0,0
14406,Promo Hunter,1,3
14407,Promo Hunter,1,3
14408,Routine Young Parents,0,0
14409,Engaged Generalist,2,3
14410,Engaged Generalist,2,3
14411,Routine Tech,0,2
14412,Routine Young Parents,0,0
14413,Routine Generalist,0,3
14414,Engaged Generalist,2,3
14415,Promo Hunter,1,1
14416,Routine Tech,0,2
14417,Engaged Generalist,2,3
14418,Engaged Generalist,2,3
14419,Routine Generalist,0,3
14420,Routine Generalist,0,3
14421,Routine Generalist,0,3
14422,Routine Generalist,0,3
14423,Routine Tech,0,2
14424,Engaged Generalist,2,3
14425,Routine Generalist,0,3
14426,Routine Young Parents,0,0
14427,Routine Young Parents,0,0
14428,Promo Hunter,1,3
14429,Routine Family Provisioner,0,1
14430,Routine Young Parents,0,0
14431,Engaged Generalist,2,3
14432,Engaged Generalist,2,2
14433,Routine Tech,0,2
14434,Routine Generalist,0,3
14435,Promo Hunter,1,3
14436,Promo Hunter,1,3
14437,Routine Young Parents,0,0
14438,Engaged Generalist,2,3
14439,Engaged Generalist,2,3
14441,Engaged Generalist,2,3
14442,Routine Tech,0,2
14443,Promo Hunter,1,2
14444,Routine Young Parents,0,0
14445,Promo Hunter,1,0
14446,Engaged Generalist,2,3
14448,Routine Young Parents,0,0
14449,Routine Tech,0,2
14450,Engaged Generalist,2,3
14451,Routine Generalist,0,3
14453,Engaged Generalist,2,3
14454,Promo Hunter,1,1
14455,Engaged Family Provisioner,2,1
14457,Promo Hunter,1,3
14458,Routine Young Parents,0,0
14459,Promo Hunter,1,3
14460,Promo Hunter,1,3
14461,Routine Generalist,0,3
14463,Routine Young Parents,0,0
14464,Routine Tech,0,2
14466,Routine Generalist,0,3
14467,Engaged Generalist,2,3
14469,Routine Generalist,0,3
14473,Engaged Generalist,2,3
14474,Engaged Generalist,2,3
14475,Promo Hunter,1,1
14476,Engaged Generalist,2,3
14477,Promo Hunter,1,3
14478,Promo Hunter,1,3
14479,Engaged Generalist,2,3
14480,Routine Tech,0,2
14481,Promo Hunter,1,3
14482,Engaged Generalist,2,3
14483,Routine Generalist,0,3
14484,Promo Hunter,1,3
14485,Routine Generalist,0,3
14487,Promo Hunter,1,3
14488,Routine Generalist,0,3
14489,Routine Generalist,0,3
14490,Engaged Generalist,2,3
14491,Promo Hunter,1,1
14492,Routine Generalist,0,3
14493,Engaged Generalist,2,3
14494,Routine Generalist,0,3
14495,Promo Hunter,1,3
14496,Engaged Generalist,2,3
14497,Routine Tech,0,2
14498,Promo Hunter,1,1
14499,Promo Hunter,1,3
14500,Routine Generalist,0,3
14501,Engaged Generalist,2,3
14502,Promo Hunter,1,3
14503,Routine Generalist,0,3
14504,Routine Tech,0,2
14506,Routine Generalist,0,3
14507,Routine Generalist,0,3
14508,Routine Generalist,0,3
14509,Routine Generalist,0,3
14510,Routine Tech,0,2
14511,Promo Hunter,1,3
14512,Promo Hunter,1,3
14514,Engaged Generalist,2,3
14515,Engaged Family Provisioner,2,1
14516,Promo Hunter,1,3
14518,Routine Generalist,0,3
14519,Routine Tech,0,2
14520,Routine Tech,0,2
14521,Routine Generalist,0,3
14522,Promo Hunter,1,0
14523,Engaged Generalist,2,3
14526,Routine Young Parents,0,0
14527,Routine Generalist,0,3
14528,Promo Hunter,1,3
14530,Routine Tech,0,2
14531,Promo Hunter,1,3
14532,Engaged Generalist,2,0
14533,Routine Generalist,0,3
14534,Engaged Generalist,2,3
14536,Routine Generalist,0,3
14537,Routine Young Parents,0,0
14539,Engaged Generalist,2,3
14541,Promo Hunter,1,3
14542,Routine Generalist,0,3
14543,Promo Hunter,1,3
14545,Routine Generalist,0,3
14546,Routine Young Parents,0,0
14547,Promo Hunter,1,3
14548,Routine Generalist,0,3
14549,Routine Young Parents,0,0
14550,Promo Hunter,1,3
14551,Routine Generalist,0,3
14552,Engaged Generalist,2,3
14553,Promo Hunter,1,2
14554,Routine Tech,0,2
14556,Routine Generalist,0,3
14557,Engaged Generalist,2,3
14558,Routine Generalist,0,3
14559,Routine Generalist,0,3
14560,Promo Hunter,1,3
14561,Engaged Generalist,2,3
14562,Routine Family Provisioner,0,1
14564,Routine Tech,0,2
14565,Promo Hunter,1,3
14566,Routine Generalist,0,3
14567,Routine Generalist,0,3
14568,Routine Young Parents,0,0
14570,Routine Generalist,0,3
14571,Engaged Generalist,2,3
14572,Engaged Generalist,2,3
14573,Promo Hunter,1,3
14574,Routine Young Parents,0,0
14576,Routine Young Parents,0,0
14577,Promo Hunter,1,3
14578,Engaged Generalist,2,3
14579,Promo Hunter,1,3
14580,Routine Generalist,0,3
14581,Engaged Generalist,2,3
14582,Routine Family Provisioner,0,1
14583,Routine Young Parents,0,0
14584,Promo Hunter,1,3
14585,Routine Family Provisioner,0,1
14586,Routine Generalist,0,3
14587,Engaged Generalist,2,3
14588,Routine Generalist,0,3
14589,Engaged Generalist,2,3
14590,Engaged Generalist,2,3
14591,Promo Hunter,1,1
14592,Routine Young Parents,0,0
14594,Promo Hunter,1,1
14595,Engaged Generalist,2,3
14596,Promo Hunter,1,3
14597,Routine Young Parents,0,0
14598,Routine Tech,0,2
14600,Routine Generalist,0,3
14602,Engaged Generalist,2,3
14603,Promo Hunter,1,3
14604,Engaged Family Provisioner,2,1
14605,Engaged Generalist,2,3
14607,Routine Young Parents,0,0
14608,Engaged Generalist,2,3
14609,Routine Generalist,0,3
14611,Engaged Generalist,2,3
14612,Routine Generalist,0,3
14613,Routine Family Provisioner,0,1
14614,Engaged Generalist,2,3
14615,Routine Generalist,0,3
14616,Routine Generalist,0,3
14617,Promo Hunter,1,0
14618,Routine Generalist,0,3
14619,Promo Hunter,1,3
14621,Promo Hunter,1,2
14622,Routine Young Parents,0,0
14623,Engaged Generalist,2,3
14624,Promo Hunter,1,3
14625,Engaged Generalist,2,3
14626,Promo Hunter,1,3
14627,Engaged Generalist,2,3
14628,Engaged Generalist,2,3
14629,Promo Hunter,1,3
14630,Engaged Generalist,2,3
14631,Promo Hunter,1,3
14632,Engaged Generalist,2,3
14633,Routine Generalist,0,3
14635,Engaged Generalist,2,3
14637,Promo Hunter,1,3
14638,Routine Tech,0,2
14640,Routine Tech,0,2
14641,Routine Generalist,0,3
14642,Routine Tech,0,2
14643,Promo Hunter,1,3
14646,Routine Generalist,0,3
14647,Promo Hunter,1,3
14649,Routine Generalist,0,3
14650,Engaged Generalist,2,3
14651,Routine Young Parents,0,0
14652,Engaged Generalist,2,3
14654,Engaged Generalist,2,3
14655,Routine Young Parents,0,0
14656,Promo Hunter,1,0
14657,Engaged Generalist,2,3
14659,Routine Generalist,0,3
14660,Engaged Generalist,2,3
14661,Engaged Generalist,2,3
14663,Engaged Generalist,2,3
14664,Engaged Generalist,2,3
14665,Engaged Generalist,2,3
14666,Routine Young Parents,0,0
14667,Promo Hunter,1,3
14668,Routine Young Parents,0,0
14669,Engaged Generalist,2,2
14670,Routine Generalist,0,3
14671,Routine Generalist,0,3
14673,Routine Generalist,0,3
14675,Engaged Generalist,2,3
14676,Routine Generalist,0,3
14677,Routine Young Parents,0,0
14678,Promo Hunter,1,3
14679,Promo Hunter,1,1
14680,Routine Generalist,0,3
14681,Engaged Generalist,2,3
14682,Promo Hunter,1,3
14684,Engaged Family Provisioner,2,1
14685,Routine Generalist,0,3
14686,Routine Young Parents,0,0
14687,Routine Tech,0,2
14688,Routine Generalist,0,3
14690,Engaged Generalist,2,3
14691,Routine Generalist,0,3
14693,Routine Generalist,0,3
14694,Promo Hunter,1,3
14695,Routine Tech,0,2
14696,Routine Generalist,0,3
14697,Routine Family Provisioner,0,1
14698,Routine Tech,0,2
14700,Promo Hunter,1,1
14701,Routine Young Parents,0,0
14703,Routine Young Parents,0,0
14704,Routine Young Parents,0,0
14705,Routine Young Parents,0,0
14706,Routine Young Parents,0,0
14707,Engaged Generalist,2,3
14708,Routine Generalist,0,3
14709,Routine Generalist,0,3
14712,Engaged Generalist,2,3
14713,Routine Young Parents,0,0
14714,Routine Generalist,0,3
14716,Promo Hunter,1,1
14717,Routine Young Parents,0,0
14718,Routine Generalist,0,3
14719,Engaged Generalist,2,3
14721,Engaged Generalist,2,3
14723,Routine Young Parents,0,0
14724,Promo Hunter,1,3
14725,Engaged Generalist,2,3
14726,Engaged Generalist,2,3
14729,Routine Family Provisioner,0,1
14730,Routine Generalist,0,3
14731,Routine Generalist,0,3
14732,Routine Generalist,0,3
14733,Engaged Generalist,2,3
14734,Routine Young Parents,0,0
14735,Promo Hunter,1,3
14736,Routine Young Parents,0,0
14737,Promo Hunter,1,1
14738,Routine Generalist,0,3
14740,Promo Hunter,1,3
14741,Engaged Generalist,2,3
14742,Routine Young Parents,0,0
14743,Promo Hunter,1,3
14744,Engaged Generalist,2,3
14745,Routine Young Parents,0,0
14746,Promo Hunter,1,3
14747,Routine Tech,0,2
14748,Routine Young Parents,0,0
14749,Promo Hunter,1,3
14750,Routine Generalist,0,3
14751,Routine Young Parents,0,0
14752,Routine Tech,0,2
14753,Routine Generalist,0,3
14754,Routine Generalist,0,3
14755,Engaged Generalist,2,3
14756,Routine Young Parents,0,0
14757,Routine Young Parents,0,0
14758,Engaged Generalist,2,3
14759,Engaged Family Provisioner,2,1
14760,Engaged Generalist,2,3
14761,Promo Hunter,1,3
14762,Routine Young Parents,0,0
14763,Routine Tech,0,2
14765,Routine Tech,0,2
14766,Routine Generalist,0,3
14767,Engaged Family Provisioner,2,1
14768,Routine Tech,0,2
14769,Routine Tech,0,2
14770,Engaged Generalist,2,3
14771,Engaged Generalist,2,3
14772,Routine Tech,0,2
14774,Engaged Generalist,2,3
14775,Routine Generalist,0,3
14776,Routine Generalist,0,3
14777,Engaged Generalist,2,3
14778,Routine Young Parents,0,0
14779,Routine Generalist,0,3
14780,Routine Generalist,0,3
14781,Routine Young Parents,0,0
14782,Routine Generalist,0,3
14783,Promo Hunter,1,1
14784,Promo Hunter,1,3
14787,Promo Hunter,1,3
14788,Routine Tech,0,2
14789,Routine Generalist,0,3
14791,Routine Young Parents,0,0
14792,Promo Hunter,1,1
14793,Routine Generalist,0,3
14794,Engaged Generalist,2,3
14796,Routine Generalist,0,3
14797,Promo Hunter,1,3
14798,Promo Hunter,1,3
14800,Engaged Generalist,2,3
14802,Promo Hunter,1,3
14803,Routine Generalist,0,3
14804,Routine Generalist,0,3
14806,Routine Generalist,0,3
14807,Routine Generalist,0,3
14808,Engaged Generalist,2,3
14809,Routine Generalist,0,3
14810,Engaged Generalist,2,3
14811,Routine Young Parents,0,0
14813,Engaged Generalist,2,3
14814,Promo Hunter,1,3
14815,Routine Young Parents,0,0
14816,Routine Young Parents,0,0
14818,Routine Young Parents,0,0
14819,Routine Young Parents,0,0
14820,Engaged Generalist,2,3
14821,Routine Generalist,0,3
14822,Routine Tech,0,2
14823,Promo Hunter,1,3
14824,Promo Hunter,1,3
14825,Routine Generalist,0,3
14826,Engaged Generalist,2,3
14828,Routine Generalist,0,3
14829,Routine Generalist,0,3
14830,Routine Young Parents,0,0
14831,Engaged Generalist,2,3
14832,Routine Generalist,0,3
14833,Promo Hunter,1,1
14834,Routine Tech,0,2
14835,Routine Young Parents,0,0
14836,Routine Tech,0,2
14837,Engaged Generalist,2,3
14838,Routine Family Provisioner,0,1
14839,Engaged Generalist,2,3
14840,Routine Generalist,0,3
14841,Routine Young Parents,0,0
14843,Engaged Generalist,2,3
14844,Routine Generalist,0,3
14846,Promo Hunter,1,2
14847,Routine Tech,0,2
14848,Routine Young Parents,0,0
14849,Routine Family Provisioner,0,1
14850,Routine Generalist,0,3
14851,Engaged Generalist,2,3
14853,Promo Hunter,1,3
14854,Routine Generalist,0,3
14855,Engaged Generalist,2,3
14856,Promo Hunter,1,3
14857,Routine Generalist,0,3
14858,Engaged Generalist,2,3
14859,Promo Hunter,1,3
14860,Routine Young Parents,0,0
14861,Routine Generalist,0,3
14862,Routine Tech,0,2
14864,Engaged Generalist,2,3
14865,Routine Generalist,0,3
14866,Routine Generalist,0,3
14867,Routine Young Parents,0,0
14868,Routine Generalist,0,3
14869,Routine Young Parents,0,0
14870,Routine Generalist,0,3
14871,Engaged Generalist,2,3
14872,Routine Tech,0,2
14874,Engaged Family Provisioner,2,1
14875,Routine Tech,0,2
14876,Routine Generalist,0,3
14877,Routine Generalist,0,3
14878,Promo Hunter,1,1
14879,Routine Generalist,0,3
14880,Routine Generalist,0,3
14881,Routine Young Parents,0,0
14883,Engaged Generalist,2,3
14885,Engaged Generalist,2,3
14886,Routine Young Parents,0,0
14887,Promo Hunter,1,3
14888,Routine Generalist,0,3
14889,Engaged Generalist,2,3
14890,Engaged Generalist,2,3
14891,Routine Tech,0,2
14892,Routine Generalist,0,3
14893,Routine Generalist,0,3
14894,Routine Generalist,0,3
14895,Engaged Generalist,2,3
14896,Routine Young Parents,0,0
14897,Routine Generalist,0,3
14898,Routine Tech,0,2
14899,Engaged Generalist,2,3
14900,Routine Generalist,0,3
14902,Routine Tech,0,2
14903,Engaged Generalist,2,3
14904,Routine Young Parents,0,0
14906,Engaged Generalist,2,3
14907,Promo Hunter,1,3
14909,Promo Hunter,1,3
14911,Routine Young Parents,0,0
14912,Routine Young Parents,0,0
14913,Routine Tech,0,2
14915,Routine Tech,0,2
14916,Engaged Generalist,2,3
14917,Promo Hunter,1,3
14918,Routine Generalist,0,3
14919,Routine Generalist,0,3
14920,Promo Hunter,1,3
14921,Engaged Generalist,2,3
14922,Engaged Generalist,2,3
14923,Routine Tech,0,2
14924,Engaged Generalist,2,3
14926,Engaged Generalist,2,3
14927,Routine Young Parents,0,0
14928,Routine Generalist,0,3
14929,Engaged Family Provisioner,2,1
14932,Engaged Family Provisioner,2,1
14933,Engaged Generalist,2,3
14935,Engaged Generalist,2,3
14937,Routine Young Parents,0,0
14938,Routine Tech,0,2
14940,Engaged Generalist,2,3
14942,Promo Hunter,1,3
14943,Routine Generalist,0,3
14944,Engaged Generalist,2,3
14945,Routine Generalist,0,3
14946,Routine Generalist,0,3
14947,Routine Generalist,0,3
14948,Promo Hunter,1,3
14949,Engaged Generalist,2,3
14951,Routine Young Parents,0,0
14952,Engaged Family Provisioner,2,1
14953,Engaged Generalist,2,3
14955,Engaged Generalist,2,3
14956,Promo Hunter,1,2
14957,Routine Tech,0,2
14959,Engaged Generalist,2,3
14960,Engaged Generalist,2,3
14962,Engaged Generalist,2,3
14963,Routine Generalist,0,3
14964,Routine Tech,0,2
14966,Routine Tech,0,2
14967,Promo Hunter,1,3
14968,Promo Hunter,1,3
14971,Promo Hunter,1,1
14972,Routine Generalist,0,3
14973,Routine Generalist,0,3
14974,Routine Generalist,0,3
14975,Engaged Generalist,2,3
14976,Promo Hunter,1,3
14977,Routine Generalist,0,3
14978,Engaged Family Provisioner,2,1
14979,Promo Hunter,1,3
14980,Routine Young Parents,0,0
14981,Routine Tech,0,2
14982,Routine Generalist,0,3
14983,Promo Hunter,1,3
14984,Routine Tech,0,2
14985,Routine Generalist,0,3
14986,Promo Hunter,1,2
14987,Promo Hunter,1,3
14988,Routine Young Parents,0,0
14990,Engaged Generalist,2,3
14991,Engaged Generalist,2,3
14992,Engaged Generalist,2,3
14993,Promo Hunter,1,3
14995,Routine Tech,0,2
14996,Routine Generalist,0,3
14997,Promo Hunter,1,3
14999,Routine Tech,0,2
15000,Promo Hunter,1,3
15001,Engaged Generalist,2,3
15002,Routine Generalist,0,3
15003,Promo Hunter,1,1
15004,Promo Hunter,1,3
15007,Engaged Generalist,2,3
15008,Promo Hunter,1,3
15009,Engaged Generalist,2,3
15010,Promo Hunter,1,3
15011,Routine Generalist,0,3
15012,Routine Generalist,0,3
15014,Engaged Generalist,2,3
15015,Promo Hunter,1,1
15016,Routine Young Parents,0,0
15017,Routine Generalist,0,3
15019,Engaged Generalist,2,3
15020,Routine Young Parents,0,0
15023,Routine Generalist,0,3
15024,Routine Generalist,0,3
15025,Promo Hunter,1,3
15026,Routine Young Parents,0,0
15027,Routine Tech,0,2
15028,Engaged Generalist,2,3
15029,Promo Hunter,1,3
15030,Routine Generalist,0,3
15031,Routine Young Parents,0,0
15032,Routine Young Parents,0,0
15033,Engaged Generalist,2,3
15034,Engaged Generalist,2,3
15035,Promo Hunter,1,3
15036,Engaged Generalist,2,0
15037,Routine Family Provisioner,0,1
15038,Routine Generalist,0,3
15039,Routine Generalist,0,3
15040,Engaged Generalist,2,3
15041,Routine Generalist,0,3
15043,Routine Young Parents,0,0
15044,Engaged Generalist,2,3
15046,Engaged Generalist,2,3
15047,Promo Hunter,1,3
15048,Routine Young Parents,0,0
15049,Promo Hunter,1,3
15050,Routine Young Parents,0,0
15051,Promo Hunter,1,3
15053,Promo Hunter,1,3
15054,Engaged Generalist,2,3
15055,Routine Generalist,0,3
15057,Routine Generalist,0,3
15058,Promo Hunter,1,3
15059,Engaged Generalist,2,3
15060,Routine Generalist,0,3
15062,Routine Young Parents,0,0
15063,Promo Hunter,1,0
15065,Routine Generalist,0,3
15066,Promo Hunter,1,3
15067,Routine Tech,0,2
15068,Promo Hunter,1,3
15069,Promo Hunter,1,3
15070,Routine Young Parents,0,0
15071,Engaged Generalist,2,3
15072,Promo Hunter,1,3
15073,Routine Tech,0,2
15075,Routine Generalist,0,3
15076,Engaged Generalist,2,3
15077,Promo Hunter,1,3
15079,Routine Young Parents,0,0
15080,Routine Tech,0,2
15081,Routine Young Parents,0,0
15082,Routine Young Parents,0,0
15083,Routine Young Parents,0,0
15084,Promo Hunter,1,3
15085,Engaged Generalist,2,3
15086,Routine Generalist,0,3
15087,Routine Generalist,0,3
15088,Engaged Generalist,2,3
15089,Engaged Generalist,2,3
15090,Routine Tech,0,2
15091,Routine Generalist,0,3
15092,Engaged Generalist,2,3
15093,Engaged Generalist,2,3
15094,Routine Generalist,0,3
15095,Engaged Generalist,2,3
15096,Engaged Generalist,2,3
15097,Engaged Generalist,2,2
15098,Engaged Generalist,2,3
15099,Routine Generalist,0,3
15100,Promo Hunter,1,3
15101,Routine Generalist,0,3
15103,Routine Young Parents,0,0
15104,Routine Generalist,0,3
15105,Routine Tech,0,2
15107,Engaged Generalist,2,3
15108,Routine Family Provisioner,0,1
15109,Routine Generalist,0,3
15112,Routine Young Parents,0,0
15114,Promo Hunter,1,3
15115,Routine Young Parents,0,0
15116,Promo Hunter,1,3
15117,Engaged Generalist,2,3
15118,Routine Young Parents,0,0
15119,Routine Generalist,0,3
15120,Routine Generalist,0,3
15121,Engaged Generalist,2,3
15122,Engaged Generalist,2,2
15123,Promo Hunter,1,3
15124,Promo Hunter,1,3
15125,Promo Hunter,1,3
15127,Engaged Generalist,2,3
15128,Routine Tech,0,2
15129,Routine Generalist,0,3
15131,Engaged Generalist,2,3
15132,Routine Tech,0,2
15133,Routine Young Parents,0,0
15134,Engaged Generalist,2,3
15136,Routine Tech,0,2
15137,Routine Generalist,0,3
15138,Promo Hunter,1,3
15139,Routine Generalist,0,3
15140,Promo Hunter,1,3
15141,Engaged Generalist,2,3
15142,Promo Hunter,1,1
15143,Engaged Generalist,2,3
15144,Promo Hunter,1,3
15145,Engaged Generalist,2,3
15146,Routine Young Parents,0,0
15147,Routine Generalist,0,3
15148,Promo Hunter,1,3
15149,Routine Generalist,0,3
15150,Routine Generalist,0,3
15151,Routine Generalist,0,3
15152,Routine Tech,0,2
15153,Routine Young Parents,0,0
15154,Promo Hunter,1,1
15155,Routine Young Parents,0,0
15156,Promo Hunter,1,3
15157,Routine Tech,0,2
15158,Engaged Generalist,2,3
15159,Routine Generalist,0,3
15160,Routine Generalist,0,3
15162,Engaged Generalist,2,3
15163,Engaged Generalist,2,3
15164,Routine Tech,0,2
15166,Engaged Generalist,2,3
15168,Routine Tech,0,2
15170,Engaged Generalist,2,3
15171,Engaged Generalist,2,3
15172,Promo Hunter,1,3
15173,Routine Young Parents,0,0
15175,Engaged Family Provisioner,2,1
15176,Engaged Generalist,2,3
15177,Promo Hunter,1,3
15178,Routine Generalist,0,3
15179,Routine Young Parents,0,0
15181,Promo Hunter,1,0
15182,Routine Generalist,0,3
15183,Engaged Generalist,2,3
15184,Routine Young Parents,0,0
15185,Routine Young Parents,0,0
15186,Routine Generalist,0,3
15187,Engaged Generalist,2,3
15188,Routine Young Parents,0,0
15189,Routine Generalist,0,3
15190,Promo Hunter,1,3
15191,Promo Hunter,1,3
15192,Engaged Generalist,2,3
15193,Engaged Family Provisioner,2,1
15194,Engaged Generalist,2,3
15196,Engaged Generalist,2,3
15197,Routine Generalist,0,3
15198,Promo Hunter,1,3
15199,Engaged Generalist,2,3
15200,Promo Hunter,1,3
15201,Routine Young Parents,0,0
15202,Routine Young Parents,0,0
15203,Routine Young Parents,0,0
15204,Routine Young Parents,0,0
15205,Routine Young Parents,0,0
15207,Engaged Generalist,2,3
15208,Engaged Generalist,2,3
15209,Engaged Generalist,2,3
15212,Engaged Generalist,2,3
15213,Routine Young Parents,0,0
15214,Routine Tech,0,2
15215,Promo Hunter,1,3
15216,Engaged Generalist,2,3
15217,Engaged Generalist,2,3
15218,Routine Young Parents,0,0
15219,Engaged Generalist,2,3
15220,Promo Hunter,1,3
15221,Routine Tech,0,2
15222,Routine Young Parents,0,0
15223,Routine Generalist,0,3
15225,Engaged Generalist,2,3
15226,Promo Hunter,1,3
15227,Engaged Family Provisioner,2,1
15228,Routine Young Parents,0,0
15229,Promo Hunter,1,3
15230,Routine Generalist,0,3
15231,Routine Young Parents,0,0
15232,Promo Hunter,1,1
15233,Engaged Generalist,2,3
15234,Engaged Generalist,2,3
15235,Engaged Generalist,2,3
15236,Routine Generalist,0,3
15238,Engaged Generalist,2,3
15241,Engaged Generalist,2,3
15242,Routine Generalist,0,3
15243,Routine Young Parents,0,0
15245,Routine Young Parents,0,0
15246,Routine Young Parents,0,0
15247,Engaged Generalist,2,3
15249,Engaged Generalist,2,3
15250,Routine Family Provisioner,0,1
15251,Routine Generalist,0,3
15252,Engaged Generalist,2,3
15254,Routine Generalist,0,3
15255,Engaged Generalist,2,3
15256,Promo Hunter,1,2
15257,Promo Hunter,1,1
15261,Engaged Family Provisioner,2,1
15262,Engaged Generalist,2,3
15263,Routine Tech,0,2
15264,Routine Generalist,0,3
15265,Routine Generalist,0,3
15266,Routine Family Provisioner,0,1
15267,Routine Young Parents,0,0
15268,Promo Hunter,1,0
15269,Promo Hunter,1,1
15270,Promo Hunter,1,3
15271,Routine Young Parents,0,0
15272,Engaged Generalist,2,3
15273,Engaged Generalist,2,3
15274,Routine Young Parents,0,0
15275,Promo Hunter,1,3
15276,Routine Generalist,0,3
15277,Engaged Generalist,2,3
15278,Promo Hunter,1,3
15279,Routine Tech,0,2
15280,Routine Generalist,0,3
15281,Promo Hunter,1,0
15282,Engaged Generalist,2,3
15283,Promo Hunter,1,1
15284,Routine Tech,0,2
15285,Promo Hunter,1,1
15287,Engaged Generalist,2,3
15288,Routine Young Parents,0,0
15289,Promo Hunter,1,3
15290,Routine Tech,0,2
15291,Routine Young Parents,0,0
15293,Routine Tech,0,2
15294,Engaged Generalist,2,3
15295,Promo Hunter,1,1
15296,Routine Generalist,0,3
15297,Promo Hunter,1,3
15298,Routine Young Parents,0,0
15299,Promo Hunter,1,3
15301,Routine Young Parents,0,0
15302,Engaged Generalist,2,3
15303,Routine Young Parents,0,0
15304,Routine Generalist,0,3
15305,Engaged Generalist,2,3
15306,Engaged Generalist,2,3
15308,Routine Generalist,0,3
15309,Routine Tech,0,2
15310,Promo Hunter,1,3
15311,Routine Family Provisioner,0,1
15312,Engaged Generalist,2,3
15313,Promo Hunter,1,3
15314,Routine Generalist,0,3
15315,Promo Hunter,1,3
15316,Routine Tech,0,2
15317,Promo Hunter,1,3
15318,Routine Young Parents,0,0
15319,Engaged Generalist,2,3
15321,Routine Young Parents,0,0
15322,Routine Tech,0,2
15323,Routine Generalist,0,3
15324,Routine Generalist,0,3
15325,Routine Young Parents,0,0
15326,Engaged Generalist,2,3
15327,Promo Hunter,1,3
15329,Promo Hunter,1,3
15330,Promo Hunter,1,3
15331,Routine Generalist,0,3
15333,Routine Generalist,0,3
15334,Routine Generalist,0,3
15335,Engaged Generalist,2,3
15336,Promo Hunter,1,3
15337,Routine Generalist,0,3
15339,Engaged Generalist,2,3
15340,Routine Young Parents,0,0
15341,Engaged Generalist,2,3
15343,Routine Tech,0,2
15346,Routine Generalist,0,3
15347,Routine Young Parents,0,0
15348,Promo Hunter,1,1
15349,Promo Hunter,1,3
15350,Engaged Generalist,2,3
15351,Routine Generalist,0,3
15352,Routine Young Parents,0,0
15353,Promo Hunter,1,3
15354,Promo Hunter,1,3
15355,Routine Tech,0,2
15356,Engaged Generalist,2,3
15357,Routine Generalist,0,3
15358,Engaged Generalist,2,3
15359,Routine Young Parents,0,0
15360,Engaged Generalist,2,0
15361,Routine Young Parents,0,0
15363,Routine Young Parents,0,0
15364,Promo Hunter,1,3
15365,Routine Generalist,0,3
15366,Engaged Generalist,2,3
15367,Engaged Generalist,2,3
15368,Engaged Generalist,2,3
15370,Engaged Generalist,2,3
15372,Routine Generalist,0,3
15373,Engaged Generalist,2,3
15374,Promo Hunter,1,1
15375,Routine Generalist,0,3
15376,Routine Young Parents,0,0
15377,Routine Generalist,0,3
15378,Routine Generalist,0,3
15379,Routine Young Parents,0,0
15380,Promo Hunter,1,3
15381,Routine Generalist,0,3
15382,Routine Generalist,0,3
15383,Promo Hunter,1,3
15384,Routine Young Parents,0,0
15385,Promo Hunter,1,3
15386,Routine Young Parents,0,0
15387,Routine Family Provisioner,0,1
15388,Routine Tech,0,2
15389,Routine Generalist,0,3
15390,Engaged Generalist,2,3
15391,Routine Generalist,0,3
15392,Engaged Generalist,2,3
15393,Routine Generalist,0,3
15394,Engaged Generalist,2,3
15395,Routine Generalist,0,3
15399,Engaged Generalist,2,3
15400,Engaged Generalist,2,3
15401,Engaged Generalist,2,3
15402,Engaged Generalist,2,3
15404,Routine Young Parents,0,0
15405,Promo Hunter,1,3
15406,Engaged Generalist,2,3
15407,Promo Hunter,1,1
15408,Promo Hunter,1,3
15409,Promo Hunter,1,3
15411,Routine Generalist,0,3
15413,Routine Generalist,0,3
15414,Routine Tech,0,2
15415,Engaged Generalist,2,3
15416,Routine Family Provisioner,0,1
15418,Engaged Generalist,2,3
15419,Routine Family Provisioner,0,1
15420,Routine Tech,0,2
15421,Promo Hunter,1,3
15422,Engaged Generalist,2,3
15423,Routine Young Parents,0,0
15424,Routine Generalist,0,3
15425,Routine Young Parents,0,0
15426,Promo Hunter,1,3
15427,Routine Family Provisioner,0,1
15428,Engaged Generalist,2,3
15429,Routine Family Provisioner,0,1
15431,Routine Tech,0,2
15432,Routine Generalist,0,3
15433,Routine Generalist,0,3
15434,Promo Hunter,1,3
15435,Routine Generalist,0,3
15436,Engaged Generalist,2,3
15437,Routine Family Provisioner,0,1
15438,Routine Generalist,0,3
15442,Routine Young Parents,0,0
15444,Engaged Generalist,2,3
15445,Routine Young Parents,0,0
15447,Engaged Generalist,2,3
15448,Routine Generalist,0,3
15449,Routine Generalist,0,3
15450,Routine Generalist,0,3
15451,Routine Generalist,0,3
15453,Routine Tech,0,2
15454,Routine Generalist,0,3
15456,Promo Hunter,1,2
15457,Routine Generalist,0,3
15459,Engaged Generalist,2,3
15460,Routine Young Parents,0,0
15461,Routine Tech,0,2
15463,Routine Generalist,0,3
15464,Routine Generalist,0,3
15466,Engaged Generalist,2,3
15467,Routine Young Parents,0,0
15468,Promo Hunter,1,3
15469,Routine Young Parents,0,0
15472,Promo Hunter,1,1
15473,Engaged Generalist,2,3
15474,Engaged Generalist,2,3
15475,Routine Generalist,0,3
15476,Engaged Generalist,2,3
15477,Routine Generalist,0,3
15478,Promo Hunter,1,3
15479,Engaged Generalist,2,3
15481,Promo Hunter,1,3
15483,Routine Generalist,0,3
15485,Routine Young Parents,0,0
15486,Routine Tech,0,2
15487,Routine Tech,0,2
15488,Promo Hunter,1,3
15490,Routine Tech,0,2
15491,Routine Generalist,0,3
15492,Promo Hunter,1,3
15493,Engaged Generalist,2,3
15494,Routine Generalist,0,3
15495,Engaged Generalist,2,3
15496,Promo Hunter,1,3
15498,Routine Young Parents,0,0
15499,Routine Young Parents,0,0
15500,Routine Young Parents,0,0
15501,Engaged Family Provisioner,2,1
15502,Routine Generalist,0,3
15503,Routine Family Provisioner,0,1
15504,Promo Hunter,1,3
15505,Routine Young Parents,0,0
15508,Routine Generalist,0,3
15509,Routine Young Parents,0,0
15510,Routine Young Parents,0,0
15511,Promo Hunter,1,3
15512,Routine Young Parents,0,0
15513,Engaged Family Provisioner,2,1
15514,Engaged Generalist,2,3
15515,Routine Tech,0,2
15516,Routine Young Parents,0,0
15517,Routine Generalist,0,3
15519,Engaged Generalist,2,3
15520,Engaged Generalist,2,3
15521,Routine Young Parents,0,0
15522,Routine Generalist,0,3
15523,Promo Hunter,1,3
15524,Promo Hunter,1,3
15525,Routine Generalist,0,3
15527,Promo Hunter,1,3
15528,Engaged Generalist,2,3
15529,Promo Hunter,1,3
15532,Promo Hunter,1,3
15533,Routine Generalist,0,3
15534,Routine Young Parents,0,0
15535,Routine Tech,0,2
15536,Engaged Family Provisioner,2,1
15537,Engaged Family Provisioner,2,1
15538,Routine Tech,0,2
15539,Engaged Generalist,2,3
15540,Engaged Generalist,2,3
15543,Routine Young Parents,0,0
15544,Engaged Generalist,2,3
15545,Engaged Generalist,2,3
15546,Promo Hunter,1,2
15547,Engaged Family Provisioner,2,1
15548,Routine Generalist,0,3
15549,Engaged Generalist,2,3
15550,Engaged Generalist,2,3
15551,Routine Young Parents,0,0
15552,Engaged Generalist,2,3
15553,Routine Generalist,0,3
15554,Engaged Generalist,2,3
15555,Routine Young Parents,0,0
15556,Routine Generalist,0,3
15557,Routine Family Provisioner,0,1
15558,Routine Young Parents,0,0
15559,Promo Hunter,1,3
15560,Routine Family Provisioner,0,1
15561,Promo Hunter,1,3
15563,Routine Young Parents,0,0
15564,Routine Generalist,0,3
15565,Routine Young Parents,0,0
15566,Routine Generalist,0,3
15567,Routine Young Parents,0,0
15568,Routine Young Parents,0,0
15569,Routine Tech,0,2
15570,Routine Young Parents,0,0
15571,Routine Generalist,0,3
15572,Promo Hunter,1,3
15573,Routine Generalist,0,3
15574,Routine Tech,0,2
15575,Routine Young Parents,0,0
15576,Routine Family Provisioner,0,1
15579,Routine Family Provisioner,0,1
15582,Routine Young Parents,0,0
15583,Promo Hunter,1,3
15584,Routine Young Parents,0,0
15585,Routine Young Parents,0,0
15587,Engaged Generalist,2,3
15588,Promo Hunter,1,3
15590,Promo Hunter,1,1
15591,Promo Hunter,1,3
15592,Promo Hunter,1,3
15594,Promo Hunter,1,3
15595,Engaged Generalist,2,3
15596,Engaged Generalist,2,3
15597,Engaged Generalist,2,3
15598,Engaged Generalist,2,3
15599,Routine Young Parents,0,0
15600,Routine Generalist,0,3
15601,Routine Generalist,0,3
15602,Engaged Generalist,2,3
15603,Routine Tech,0,2
15604,Promo Hunter,1,3
15605,Routine Generalist,0,3
15607,Engaged Generalist,2,3
15608,Routine Generalist,0,3
15609,Routine Young Parents,0,0
15610,Engaged Generalist,2,2
15611,Engaged Generalist,2,3
15612,Promo Hunter,1,3
15613,Routine Generalist,0,3
15614,Routine Tech,0,2
15615,Routine Generalist,0,3
15616,Routine Tech,0,2
15617,Routine Generalist,0,3
15618,Routine Generalist,0,3
15619,Routine Young Parents,0,0
15620,Engaged Generalist,2,3
15621,Routine Young Parents,0,0
15622,Routine Generalist,0,3
15624,Routine Generalist,0,3
15625,Routine Generalist,0,3
15626,Routine Generalist,0,3
15628,Routine Tech,0,2
15629,Engaged Generalist,2,3
15631,Routine Young Parents,0,0
15632,Promo Hunter,1,3
15633,Engaged Generalist,2,3
15634,Promo Hunter,1,3
15636,Engaged Generalist,2,3
15637,Engaged Generalist,2,3
15638,Routine Young Parents,0,0
15640,Engaged Generalist,2,3
15641,Engaged Generalist,2,3
15643,Engaged Generalist,2,3
15644,Routine Young Parents,0,0
15645,Routine Generalist,0,3
15646,Routine Generalist,0,3
15647,Routine Young Parents,0,0
15648,Routine Generalist,0,3
15650,Routine Tech,0,2
15651,Routine Tech,0,2
15652,Promo Hunter,1,0
15653,Engaged Generalist,2,3
15654,Promo Hunter,1,3
15655,Routine Generalist,0,3
15656,Promo Hunter,1,1
15657,Engaged Generalist,2,3
15658,Routine Tech,0,2
15659,Routine Generalist,0,3
15660,Routine Young Parents,0,0
15661,Routine Generalist,0,3
15663,Engaged Generalist,2,3
15664,Engaged Generalist,2,3
15665,Routine Generalist,0,3
15666,Promo Hunter,1,3
15667,Routine Generalist,0,3
15668,Promo Hunter,1,1
15669,Routine Generalist,0,3
15670,Routine Generalist,0,3
15671,Engaged Generalist,2,3
15672,Routine Generalist,0,3
15675,Engaged Generalist,2,3
15677,Promo Hunter,1,1
15678,Routine Tech,0,2
15679,Engaged Generalist,2,3
15680,Routine Generalist,0,3
15681,Promo Hunter,1,1
15682,Promo Hunter,1,3
15683,Engaged Generalist,2,3
15684,Promo Hunter,1,2
15687,Routine Tech,0,2
15688,Routine Generalist,0,3
15689,Promo Hunter,1,3
15691,Engaged Generalist,2,3
15692,Routine Young Parents,0,0
15693,Routine Generalist,0,3
15694,Routine Young Parents,0,0
15696,Engaged Generalist,2,3
15697,Routine Generalist,0,3
15698,Routine Generalist,0,3
15700,Routine Family Provisioner,0,1
15701,Routine Generalist,0,3
15702,Engaged Family Provisioner,2,1
15703,Engaged Generalist,2,3
15704,Engaged Generalist,2,3
15705,Routine Generalist,0,3
15706,Routine Family Provisioner,0,1
15707,Promo Hunter,1,3
15708,Engaged Generalist,2,3
15709,Routine Generalist,0,3
15710,Routine Generalist,0,3
15711,Routine Generalist,0,3
15712,Routine Family Provisioner,0,1
15713,Engaged Generalist,2,3
15714,Routine Tech,0,2
15716,Promo Hunter,1,3
15717,Routine Tech,0,2
15718,Routine Young Parents,0,0
15719,Promo Hunter,1,1
15720,Routine Generalist,0,3
15721,Routine Generalist,0,3
15722,Routine Young Parents,0,0
15723,Routine Generalist,0,3
15724,Engaged Generalist,2,3
15725,Promo Hunter,1,3
15726,Promo Hunter,1,3
15727,Promo Hunter,1,3
15729,Promo Hunter,1,3
15730,Routine Family Provisioner,0,1
15732,Routine Generalist,0,3
15734,Routine Generalist,0,3
15735,Routine Family Provisioner,0,1
15736,Engaged Generalist,2,3
15737,Routine Young Parents,0,0
15738,Routine Tech,0,2
15739,Engaged Generalist,2,3
15741,Routine Young Parents,0,0
15743,Routine Young Parents,0,0
15744,Promo Hunter,1,3
15745,Routine Tech,0,2
15746,Routine Tech,0,2
15747,Routine Young Parents,0,0
15750,Promo Hunter,1,3
15751,Routine Young Parents,0,0
15752,Routine Generalist,0,3
15753,Routine Young Parents,0,0
15754,Promo Hunter,1,3
15755,Routine Young Parents,0,0
15756,Routine Tech,0,2
15758,Routine Young Parents,0,0
15759,Promo Hunter,1,1
15761,Promo Hunter,1,0
15762,Engaged Generalist,2,3
15763,Routine Generalist,0,3
15764,Routine Young Parents,0,0
15765,Routine Generalist,0,3
15766,Routine Family Provisioner,0,1
15767,Routine Generalist,0,3
15768,Engaged Generalist,2,3
15769,Promo Hunter,1,1
15771,Routine Young Parents,0,0
15772,Engaged Generalist,2,3
15773,Routine Young Parents,0,0
15774,Engaged Generalist,2,3
15775,Routine Generalist,0,3
15776,Engaged Family Provisioner,2,1
15777,Engaged Generalist,2,3
15778,Engaged Generalist,2,3
15779,Promo Hunter,1,1
15781,Promo Hunter,1,3
15782,Routine Tech,0,2
15783,Promo Hunter,1,1
15784,Routine Young Parents,0,0
15785,Engaged Generalist,2,3
15786,Promo Hunter,1,3
15787,Engaged Generalist,2,3
15788,Promo Hunter,1,3
15791,Engaged Generalist,2,3
15792,Engaged Generalist,2,3
15793,Routine Generalist,0,3
15795,Promo Hunter,1,3
15796,Routine Generalist,0,3
15797,Routine Young Parents,0,0
15798,Engaged Generalist,2,3
15800,Routine Tech,0,2
15801,Routine Young Parents,0,0
15802,Routine Young Parents,0,0
15804,Engaged Generalist,2,3
15805,Routine Tech,0,2
15806,Routine Young Parents,0,0
15807,Routine Generalist,0,3
15808,Engaged Generalist,2,3
15809,Routine Generalist,0,3
15811,Routine Tech,0,2
15813,Routine Generalist,0,3
15814,Promo Hunter,1,1
15815,Engaged Generalist,2,3
15816,Promo Hunter,1,1
15817,Routine Generalist,0,3
15818,Routine Young Parents,0,0
15819,Promo Hunter,1,3
15820,Engaged Generalist,2,3
15821,Routine Family Provisioner,0,1
15822,Promo Hunter,1,0
15823,Engaged Generalist,2,0
15824,Engaged Family Provisioner,2,1
15825,Routine Young Parents,0,0
15826,Routine Tech,0,2
15828,Promo Hunter,1,3
15830,Routine Young Parents,0,0
15831,Engaged Generalist,2,3
15832,Routine Generalist,0,3
15833,Routine Young Parents,0,0
15834,Routine Tech,0,2
15835,Routine Generalist,0,3
15838,Routine Generalist,0,3
15839,Promo Hunter,1,3
15840,Promo Hunter,1,3
15841,Engaged Generalist,2,3
15842,Engaged Generalist,2,3
15844,Routine Young Parents,0,0
15845,Routine Tech,0,2
15846,Routine Tech,0,2
15847,Engaged Generalist,2,3
15849,Engaged Generalist,2,3
15850,Routine Tech,0,2
15851,Routine Young Parents,0,0
15852,Engaged Generalist,2,3
15854,Promo Hunter,1,3
15857,Routine Generalist,0,3
15858,Promo Hunter,1,0
15859,Routine Young Parents,0,0
15861,Routine Generalist,0,3
15862,Engaged Generalist,2,3
15863,Routine Generalist,0,3
15865,Routine Generalist,0,3
15866,Routine Young Parents,0,0
15867,Engaged Generalist,2,3
15868,Engaged Generalist,2,3
15869,Engaged Generalist,2,3
15870,Routine Young Parents,0,0
15871,Routine Generalist,0,3
15872,Engaged Generalist,2,3
15873,Routine Generalist,0,3
15874,Engaged Generalist,2,3
15875,Routine Generalist,0,3
15876,Engaged Generalist,2,3
15877,Routine Generalist,0,3
15878,Promo Hunter,1,3
15879,Routine Young Parents,0,0
15880,Routine Generalist,0,3
15881,Engaged Generalist,2,3
15883,Promo Hunter,1,3
15884,Promo Hunter,1,3
15885,Routine Generalist,0,3
15886,Engaged Generalist,2,3
15889,Routine Young Parents,0,0
15890,Engaged Generalist,2,3
15891,Routine Generalist,0,3
15892,Engaged Generalist,2,3
15893,Engaged Family Provisioner,2,1
15894,Routine Young Parents,0,0
15896,Routine Young Parents,0,0
15897,Engaged Generalist,2,3
15898,Engaged Generalist,2,3
15899,Promo Hunter,1,3
15900,Routine Generalist,0,3
15902,Routine Young Parents,0,0
15903,Routine Generalist,0,3
15904,Routine Generalist,0,3
15906,Engaged Generalist,2,3
15907,Engaged Generalist,2,3
15908,Routine Generalist,0,3
15909,Routine Generalist,0,3
15910,Promo Hunter,1,3
15912,Engaged Generalist,2,3
15913,Engaged Generalist,2,3
15914,Routine Young Parents,0,0
15915,Promo Hunter,1,3
15916,Engaged Generalist,2,3
15917,Promo Hunter,1,3
15919,Routine Young Parents,0,0
15920,Routine Generalist,0,3
15921,Promo Hunter,1,3
15922,Promo Hunter,1,3
15924,Promo Hunter,1,3
15925,Engaged Generalist,2,3
15926,Routine Young Parents,0,0
15927,Routine Young Parents,0,0
15928,Routine Generalist,0,3
15930,Routine Generalist,0,3
15931,Promo Hunter,1,3
15932,Routine Generalist,0,3
15933,Engaged Generalist,2,3
15934,Routine Tech,0,2
15935,Engaged Generalist,2,3
15936,Routine Tech,0,2
15938,Routine Young Parents,0,0
15939,Promo Hunter,1,3
15940,Engaged Generalist,2,3
15941,Routine Young Parents,0,0
15942,Routine Generalist,0,3
15943,Promo Hunter,1,1
15944,Engaged Generalist,2,3
15945,Routine Young Parents,0,0
15946,Routine Tech,0,2
15947,Routine Generalist,0,3
15948,Routine Generalist,0,3
15949,Promo Hunter,1,3
15951,Engaged Generalist,2,3
15952,Routine Young Parents,0,0
15953,Routine Generalist,0,3
15954,Promo Hunter,1,3
15955,Engaged Generalist,2,3
15956,Routine Generalist,0,3
15957,Promo Hunter,1,3
15959,Engaged Generalist,2,3
15960,Engaged Generalist,2,3
15961,Promo Hunter,1,3
15962,Engaged Generalist,2,3
15963,Engaged Generalist,2,3
15964,Routine Young Parents,0,0
15965,Routine Generalist,0,3
15966,Promo Hunter,1,3
15967,Routine Generalist,0,3
15968,Routine Young Parents,0,0
15969,Routine Generalist,0,3
15970,Promo Hunter,1,3
15972,Routine Tech,0,2
15973,Routine Young Parents,0,0
15974,Routine Tech,0,2
15975,Routine Generalist,0,3
15977,Routine Young Parents,0,0
15978,Promo Hunter,1,3
15979,Routine Tech,0,2
15980,Engaged Generalist,2,3
15983,Routine Generalist,0,3
15984,Routine Generalist,0,3
15985,Engaged Generalist,2,3
15986,Routine Family Provisioner,0,1
15987,Routine Generalist,0,3
15988,Engaged Generalist,2,3
15989,Routine Generalist,0,3
15991,Promo Hunter,1,3
15992,Promo Hunter,1,3
15993,Engaged Generalist,2,3
15994,Promo Hunter,1,1
15995,Routine Young Parents,0,0
15997,Routine Generalist,0,3
15998,Engaged Generalist,2,3
16000,Routine Family Provisioner,0,1
16001,Promo Hunter,1,3
16002,Routine Young Parents,0,0
16003,Engaged Generalist,2,3
16004,Routine Tech,0,2
16006,Promo Hunter,1,3
16007,Routine Generalist,0,3
16008,Routine Generalist,0,3
16009,Routine Young Parents,0,0
16010,Routine Generalist,0,3
16011,Routine Generalist,0,3
16012,Routine Tech,0,2
16013,Engaged Generalist,2,3
16014,Routine Generalist,0,3
16015,Promo Hunter,1,3
16016,Routine Generalist,0,3
16018,Routine Young Parents,0,0
16019,Engaged Generalist,2,0
16020,Routine Generalist,0,3
16021,Routine Young Parents,0,0
16022,Routine Tech,0,2
16025,Routine Generalist,0,3
16026,Routine Young Parents,0,0
16029,Promo Hunter,1,3
16030,Engaged Generalist,2,2
16031,Routine Tech,0,2
16033,Routine Generalist,0,3
16034,Routine Young Parents,0,0
16035,Promo Hunter,1,3
16036,Engaged Generalist,2,3
16037,Routine Generalist,0,3
16038,Engaged Generalist,2,3
16039,Routine Young Parents,0,0
16040,Promo Hunter,1,1
16041,Routine Young Parents,0,0
16042,Promo Hunter,1,3
16043,Routine Young Parents,0,0
16044,Engaged Generalist,2,3
16045,Promo Hunter,1,1
16046,Routine Young Parents,0,0
16049,Promo Hunter,1,1
16050,Routine Generalist,0,3
16051,Engaged Generalist,2,3
16052,Engaged Generalist,2,3
16053,Routine Tech,0,2
16054,Routine Young Parents,0,0
16055,Promo Hunter,1,3
16056,Routine Generalist,0,3
16057,Routine Generalist,0,3
16059,Engaged Generalist,2,3
16060,Promo Hunter,1,3
16062,Routine Tech,0,2
16063,Routine Generalist,0,3
16064,Routine Generalist,0,3
16065,Routine Generalist,0,3
16066,Engaged Generalist,2,3
16067,Promo Hunter,1,3
16068,Engaged Generalist,2,3
16070,Routine Tech,0,2
16071,Routine Young Parents,0,0
16073,Engaged Generalist,2,3
16074,Engaged Generalist,2,3
16075,Promo Hunter,1,3
16076,Promo Hunter,1,3
16077,Routine Young Parents,0,0
16078,Routine Generalist,0,3
16079,Promo Hunter,1,3
16080,Engaged Generalist,2,3
16081,Routine Young Parents,0,0
16082,Engaged Generalist,2,3
16083,Engaged Generalist,2,3
16084,Routine Young Parents,0,0
16085,Routine Generalist,0,3
16086,Routine Generalist,0,3
16087,Promo Hunter,1,0
16088,Routine Tech,0,2
16089,Engaged Generalist,2,3
16090,Routine Family Provisioner,0,1
16091,Routine Generalist,0,3
16092,Promo Hunter,1,0
16094,Engaged Family Provisioner,2,1
16096,Routine Tech,0,2
16097,Routine Generalist,0,3
16098,Routine Tech,0,2
16099,Routine Generalist,0,3
16100,Promo Hunter,1,3
16102,Routine Tech,0,2
16103,Routine Tech,0,2
16105,Engaged Generalist,2,3
16106,Promo Hunter,1,1
16107,Routine Generalist,0,3
16108,Promo Hunter,1,3
16109,Routine Generalist,0,3
16110,Promo Hunter,1,3
16111,Engaged Generalist,2,2
16112,Promo Hunter,1,3
16113,Routine Generalist,0,3
16114,Routine Generalist,0,3
16115,Engaged Generalist,2,3
16116,Routine Tech,0,2
16117,Routine Generalist,0,3
16118,Routine Generalist,0,3
16119,Routine Generalist,0,3
16120,Engaged Generalist,2,3
16121,Routine Young Parents,0,0
16122,Routine Generalist,0,3
16123,Routine Family Provisioner,0,1
16124,Routine Generalist,0,3
16125,Promo Hunter,1,3
16126,Routine Tech,0,2
16127,Engaged Generalist,2,3
16128,Engaged Generalist,2,0
16129,Promo Hunter,1,1
16130,Routine Generalist,0,3
16131,Routine Generalist,0,3
16132,Engaged Generalist,2,3
16133,Routine Tech,0,2
16134,Engaged Generalist,2,3
16135,Engaged Generalist,2,3
16137,Routine Generalist,0,3
16138,Promo Hunter,1,3
16139,Routine Young Parents,0,0
16140,Routine Generalist,0,3
16141,Promo Hunter,1,1
16142,Promo Hunter,1,3
16143,Promo Hunter,1,3
16144,Engaged Generalist,2,3
16145,Routine Young Parents,0,0
16146,Promo Hunter,1,3
16147,Routine Young Parents,0,0
16148,Engaged Generalist,2,3
16149,Routine Generalist,0,3
16150,Routine Generalist,0,3
16151,Routine Young Parents,0,0
16155,Routine Generalist,0,3
16156,Engaged Generalist,2,3
16157,Routine Generalist,0,3
16158,Routine Generalist,0,3
16159,Promo Hunter,1,3
16160,Promo Hunter,1,0
16161,Promo Hunter,1,3
16163,Routine Tech,0,2
16164,Promo Hunter,1,3
16165,Routine Tech,0,2
16168,Routine Family Provisioner,0,1
16170,Routine Generalist,0,3
16171,Routine Tech,0,2
16173,Routine Generalist,0,3
16174,Engaged Generalist,2,3
16175,Engaged Family Provisioner,2,1
16176,Routine Tech,0,2
16180,Routine Generalist,0,3
16181,Engaged Generalist,2,3
16182,Routine Family Provisioner,0,1
16185,Routine Young Parents,0,0
16186,Routine Family Provisioner,0,1
16187,Routine Tech,0,2
16188,Engaged Generalist,2,0
16189,Routine Young Parents,0,0
16191,Routine Generalist,0,3
16192,Engaged Generalist,2,3
16193,Routine Tech,0,2
16194,Engaged Generalist,2,3
16195,Routine Tech,0,2
16196,Routine Young Parents,0,0
16197,Routine Generalist,0,3
16198,Engaged Generalist,2,3
16199,Routine Generalist,0,3
16201,Engaged Generalist,2,3
16202,Routine Family Provisioner,0,1
16203,Routine Young Parents,0,0
16204,Routine Young Parents,0,0
16205,Promo Hunter,1,3
16206,Engaged Generalist,2,3
16207,Routine Tech,0,2
16208,Routine Generalist,0,3
16209,Promo Hunter,1,3
16211,Routine Young Parents,0,0
16213,Routine Young Parents,0,0
16215,Routine Generalist,0,3
16217,Routine Generalist,0,3
16218,Routine Young Parents,0,0
16219,Engaged Generalist,2,3
16220,Routine Young Parents,0,0
16221,Routine Generalist,0,3
16223,Engaged Generalist,2,3
16224,Routine Young Parents,0,0
16225,Promo Hunter,1,3
16226,Routine Tech,0,2
16227,Engaged Generalist,2,3
16228,Routine Generalist,0,3
16230,Routine Generalist,0,3
16232,Routine Tech,0,2
16233,Promo Hunter,1,3
16235,Engaged Generalist,2,3
16236,Routine Family Provisioner,0,1
16237,Routine Generalist,0,3
16238,Engaged Generalist,2,3
16239,Routine Young Parents,0,0
16240,Routine Generalist,0,3
16241,Routine Young Parents,0,0
16242,Routine Generalist,0,3
16243,Routine Generalist,0,3
16244,Routine Young Parents,0,0
16246,Routine Young Parents,0,0
16247,Engaged Generalist,2,3
16248,Routine Generalist,0,3
16249,Promo Hunter,1,3
16250,Engaged Generalist,2,3
16251,Routine Generalist,0,3
16252,Routine Generalist,0,3
16253,Engaged Generalist,2,3
16255,Promo Hunter,1,3
16256,Engaged Generalist,2,3
16257,Engaged Generalist,2,3
16258,Promo Hunter,1,3
16259,Promo Hunter,1,3
16260,Routine Tech,0,2
16261,Promo Hunter,1,1
16262,Promo Hunter,1,3
16263,Engaged Generalist,2,3
16264,Promo Hunter,1,0
16265,Routine Tech,0,2
16266,Engaged Generalist,2,3
16267,Engaged Generalist,2,3
16268,Promo Hunter,1,1
16269,Routine Young Parents,0,0
16271,Routine Generalist,0,3
16272,Engaged Generalist,2,3
16273,Routine Family Provisioner,0,1
16274,Routine Generalist,0,3
16277,Promo Hunter,1,1
16278,Engaged Generalist,2,3
16279,Routine Generalist,0,3
16280,Engaged Generalist,2,3
16281,Routine Generalist,0,3
16282,Routine Generalist,0,3
16283,Routine Generalist,0,3
16284,Routine Generalist,0,3
16285,Promo Hunter,1,1
16286,Routine Generalist,0,3
16287,Routine Tech,0,2
16288,Routine Generalist,0,3
16289,Routine Generalist,0,3
16291,Routine Generalist,0,3
16292,Promo Hunter,1,3
16294,Routine Generalist,0,3
16295,Promo Hunter,1,3
16297,Engaged Generalist,2,2
16298,Routine Tech,0,2
16299,Routine Generalist,0,3
16300,Routine Generalist,0,3
16301,Routine Generalist,0,3
16302,Routine Generalist,0,3
16303,Routine Young Parents,0,0
16304,Routine Young Parents,0,0
16305,Routine Young Parents,0,0
16306,Engaged Generalist,2,3
16307,Engaged Generalist,2,3
16308,Routine Tech,0,2
16309,Engaged Generalist,2,3
16311,Routine Young Parents,0,0
16312,Engaged Generalist,2,3
16313,Routine Generalist,0,3
16314,Engaged Generalist,2,3
16315,Engaged Generalist,2,3
16317,Routine Tech,0,2
16318,Routine Generalist,0,3
16319,Promo Hunter,1,3
16320,Routine Young Parents,0,0
16322,Routine Generalist,0,3
16323,Engaged Generalist,2,3
16324,Routine Tech,0,2
16325,Routine Young Parents,0,0
16328,Engaged Generalist,2,3
16329,Promo Hunter,1,3
16330,Engaged Generalist,2,3
16334,Routine Generalist,0,3
16335,Promo Hunter,1,3
16336,Engaged Generalist,2,3
16337,Routine Generalist,0,3
16339,Routine Generalist,0,3
16340,Engaged Generalist,2,3
16341,Routine Young Parents,0,0
16342,Routine Young Parents,0,0
16343,Routine Generalist,0,3
16344,Routine Tech,0,2
16345,Routine Generalist,0,3
16346,Routine Young Parents,0,0
16347,Routine Young Parents,0,0
16348,Routine Young Parents,0,0
16349,Routine Generalist,0,3
16350,Routine Generalist,0,3
16352,Engaged Generalist,2,3
16353,Routine Generalist,0,3
16354,Routine Generalist,0,3
16355,Engaged Generalist,2,3
16356,Engaged Generalist,2,3
16357,Promo Hunter,1,3
16359,Routine Young Parents,0,0
16360,Engaged Generalist,2,3
16361,Engaged Family Provisioner,2,1
16362,Routine Generalist,0,3
16363,Routine Tech,0,2
16364,Engaged Generalist,2,3
16365,Routine Generalist,0,3
16367,Routine Generalist,0,3
16368,Promo Hunter,1,2
16369,Routine Generalist,0,3
16370,Routine Young Parents,0,0
16371,Routine Generalist,0,3
16372,Promo Hunter,1,3
16373,Routine Generalist,0,3
16374,Routine Tech,0,2
16375,Routine Tech,0,2
16376,Routine Generalist,0,3
16377,Routine Generalist,0,3
16380,Routine Young Parents,0,0
16381,Engaged Generalist,2,3
16383,Promo Hunter,1,1
16384,Promo Hunter,1,1
16386,Promo Hunter,1,3
16387,Engaged Generalist,2,3
16388,Routine Family Provisioner,0,1
16389,Routine Young Parents,0,0
16390,Promo Hunter,1,3
16391,Engaged Generalist,2,3
16392,Routine Tech,0,2
16393,Engaged Generalist,2,3
16394,Promo Hunter,1,1
16395,Promo Hunter,1,3
16396,Engaged Generalist,2,3
16397,Routine Generalist,0,3
16399,Promo Hunter,1,3
16400,Engaged Generalist,2,3
16401,Promo Hunter,1,3
16402,Routine Young Parents,0,0
16403,Promo Hunter,1,3
16404,Promo Hunter,1,3
16405,Promo Hunter,1,1
16406,Routine Young Parents,0,0
16408,Routine Generalist,0,3
16409,Promo Hunter,1,1
16412,Engaged Generalist,2,3
16413,Promo Hunter,1,3
16414,Engaged Generalist,2,3
16415,Routine Generalist,0,3
16418,Engaged Generalist,2,3
16420,Engaged Generalist,2,3
16424,Routine Generalist,0,3
16426,Routine Generalist,0,3
16428,Routine Generalist,0,3
16429,Routine Young Parents,0,0
16430,Promo Hunter,1,3
16431,Promo Hunter,1,3
16432,Routine Generalist,0,3
16433,Routine Tech,0,2
16434,Engaged Generalist,2,3
16436,Routine Generalist,0,3
16437,Routine Young Parents,0,0
16439,Routine Generalist,0,3
16441,Routine Generalist,0,3
16442,Routine Generalist,0,3
16443,Routine Young Parents,0,0
16444,Engaged Generalist,2,3
16446,Routine Tech,0,2
16447,Engaged Generalist,2,3
16448,Routine Tech,0,2
16449,Routine Generalist,0,3
16451,Engaged Generalist,2,3
16452,Routine Young Parents,0,0
16453,Engaged Generalist,2,3
16454,Routine Generalist,0,3
16455,Routine Family Provisioner,0,1
16456,Routine Young Parents,0,0
16457,Routine Young Parents,0,0
16459,Routine Generalist,0,3
16461,Promo Hunter,1,1
16462,Promo Hunter,1,3
16463,Engaged Generalist,2,3
16464,Routine Young Parents,0,0
16465,Routine Generalist,0,3
16467,Engaged Family Provisioner,2,1
16468,Engaged Generalist,2,3
16469,Routine Generalist,0,3
16470,Routine Generalist,0,3
16471,Engaged Generalist,2,3
16472,Routine Generalist,0,3
16473,Routine Young Parents,0,0
16474,Routine Generalist,0,3
16475,Promo Hunter,1,3
16476,Engaged Generalist,2,3
16477,Engaged Generalist,2,3
16478,Routine Young Parents,0,0
16480,Promo Hunter,1,3
16481,Routine Young Parents,0,0
16482,Promo Hunter,1,3
16483,Engaged Generalist,2,3
16484,Routine Generalist,0,3
16485,Engaged Generalist,2,3
16486,Promo Hunter,1,3
16487,Routine Generalist,0,3
16488,Engaged Generalist,2,3
16489,Engaged Generalist,2,3
16490,Promo Hunter,1,2
16491,Promo Hunter,1,3
16492,Routine Tech,0,2
16493,Promo Hunter,1,3
16494,Engaged Generalist,2,3
16495,Engaged Generalist,2,3
16496,Routine Tech,0,2
16497,Routine Generalist,0,3
16498,Promo Hunter,1,1
16499,Routine Tech,0,2
16501,Routine Generalist,0,3
16502,Routine Generalist,0,3
16503,Engaged Generalist,2,3
16504,Engaged Generalist,2,3
16505,Routine Generalist,0,3
16507,Engaged Generalist,2,3
16508,Promo Hunter,1,3
16509,Promo Hunter,1,2
16510,Engaged Generalist,2,3
16512,Engaged Generalist,2,3
16513,Engaged Generalist,2,3
16514,Routine Tech,0,2
16515,Routine Tech,0,2
16516,Routine Generalist,0,3
16517,Engaged Generalist,2,3
16518,Promo Hunter,1,3
16519,Routine Tech,0,2
16520,Routine Generalist,0,3
16521,Promo Hunter,1,3
16522,Routine Generalist,0,3
16523,Routine Tech,0,2
16524,Routine Generalist,0,3
16525,Routine Generalist,0,3
16527,Engaged Generalist,2,0
16528,Routine Generalist,0,3
16529,Engaged Generalist,2,3
16530,Promo Hunter,1,3
16531,Routine Generalist,0,3
16532,Routine Young Parents,0,0
16533,Engaged Generalist,2,3
16534,Engaged Generalist,2,3
16536,Engaged Generalist,2,3
16538,Routine Young Parents,0,0
16539,Routine Generalist,0,3
16540,Routine Young Parents,0,0
16541,Routine Generalist,0,3
16542,Routine Generalist,0,3
16543,Promo Hunter,1,3
16544,Engaged Generalist,2,3
16545,Routine Tech,0,2
16547,Routine Generalist,0,3
16548,Engaged Generalist,2,3
16549,Engaged Generalist,2,3
16551,Engaged Family Provisioner,2,1
16553,Engaged Generalist,2,3
16554,Engaged Generalist,2,3
16556,Routine Generalist,0,3
16557,Routine Tech,0,2
16558,Routine Tech,0,2
16559,Engaged Generalist,2,3
16561,Engaged Generalist,2,3
16563,Promo Hunter,1,3
16564,Routine Generalist,0,3
16566,Promo Hunter,1,3
16568,Routine Tech,0,2
16569,Engaged Generalist,2,3
16571,Routine Generalist,0,3
16572,Routine Generalist,0,3
16573,Promo Hunter,1,3
16575,Routine Generalist,0,3
16576,Routine Generalist,0,3
16578,Promo Hunter,1,3
16579,Routine Young Parents,0,0
16581,Routine Young Parents,0,0
16582,Routine Family Provisioner,0,1
16583,Engaged Generalist,2,3
16584,Promo Hunter,1,3
16585,Promo Hunter,1,3
16586,Routine Generalist,0,3
16587,Routine Family Provisioner,0,1
16588,Routine Young Parents,0,0
16589,Routine Generalist,0,3
16591,Routine Generalist,0,3
16593,Routine Tech,0,2
16594,Engaged Generalist,2,3
16595,Routine Generalist,0,3
16596,Promo Hunter,1,0
16597,Engaged Generalist,2,3
16598,Promo Hunter,1,3
16599,Promo Hunter,1,3
16600,Routine Generalist,0,3
16601,Routine Generalist,0,3
16602,Engaged Generalist,2,3
16603,Routine Tech,0,2
16604,Routine Young Parents,0,0
16606,Routine Generalist,0,3
16607,Routine Generalist,0,3
16608,Engaged Family Provisioner,2,1
16609,Promo Hunter,1,3
16610,Routine Generalist,0,3
16612,Routine Generalist,0,3
16615,Engaged Generalist,2,3
16616,Promo Hunter,1,3
16617,Engaged Generalist,2,3
16618,Engaged Generalist,2,3
16619,Promo Hunter,1,3
16620,Promo Hunter,1,3
16621,Routine Young Parents,0,0
16622,Engaged Generalist,2,3
16623,Routine Generalist,0,3
16625,Engaged Generalist,2,3
16626,Routine Tech,0,2
16627,Routine Generalist,0,3
16628,Routine Generalist,0,3
16629,Routine Generalist,0,3
16630,Engaged Generalist,2,3
16632,Engaged Generalist,2,3
16633,Routine Tech,0,2
16634,Promo Hunter,1,3
16635,Promo Hunter,1,3
16636,Routine Generalist,0,3
16637,Engaged Generalist,2,3
16638,Engaged Generalist,2,3
16639,Routine Generalist,0,3
16640,Engaged Generalist,2,3
16641,Engaged Generalist,2,3
16642,Routine Generalist,0,3
16643,Routine Family Provisioner,0,1
16644,Promo Hunter,1,3
16645,Routine Young Parents,0,0
16646,Routine Generalist,0,3
16648,Routine Tech,0,2
16650,Engaged Generalist,2,3
16652,Engaged Generalist,2,3
16653,Engaged Generalist,2,3
16654,Routine Tech,0,2
16655,Routine Generalist,0,3
16656,Promo Hunter,1,3
16657,Promo Hunter,1,3
16658,Routine Tech,0,2
16659,Routine Generalist,0,3
16660,Promo Hunter,1,3
16662,Routine Generalist,0,3
16664,Routine Young Parents,0,0
16665,Routine Young Parents,0,0
16666,Routine Generalist,0,3
16667,Engaged Family Provisioner,2,1
16669,Routine Generalist,0,3
16670,Promo Hunter,1,2
16671,Routine Young Parents,0,0
16672,Engaged Generalist,2,3
16673,Routine Generalist,0,3
16675,Routine Tech,0,2
16677,Routine Tech,0,2
16678,Routine Young Parents,0,0
16680,Routine Young Parents,0,0
16681,Routine Young Parents,0,0
16682,Routine Tech,0,2
16683,Promo Hunter,1,3
16684,Routine Generalist,0,3
16685,Promo Hunter,1,0
16686,Routine Young Parents,0,0
16687,Routine Generalist,0,3
16688,Routine Young Parents,0,0
16690,Routine Generalist,0,3
16691,Promo Hunter,1,3
16692,Routine Young Parents,0,0
16693,Engaged Generalist,2,3
16697,Routine Tech,0,2
16699,Promo Hunter,1,1
16700,Engaged Generalist,2,3
16701,Engaged Generalist,2,3
16702,Engaged Generalist,2,3
16703,Promo Hunter,1,3
16705,Routine Family Provisioner,0,1
16706,Promo Hunter,1,3
16707,Promo Hunter,1,3
16708,Engaged Generalist,2,3
16709,Routine Young Parents,0,0
16710,Engaged Generalist,2,3
16711,Routine Young Parents,0,0
16712,Routine Young Parents,0,0
16713,Promo Hunter,1,3
16715,Routine Generalist,0,3
16716,Engaged Generalist,2,2
16717,Routine Young Parents,0,0
16718,Promo Hunter,1,1
16719,Routine Young Parents,0,0
16720,Routine Family Provisioner,0,1
16723,Engaged Generalist,2,3
16724,Routine Family Provisioner,0,1
16725,Engaged Generalist,2,3
16726,Promo Hunter,1,3
16728,Engaged Generalist,2,3
16729,Engaged Generalist,2,3
16730,Routine Generalist,0,3
16731,Routine Young Parents,0,0
16732,Routine Generalist,0,3
16733,Routine Young Parents,0,0
16734,Routine Tech,0,2
16736,Routine Young Parents,0,0
16737,Routine Generalist,0,3
16738,Engaged Generalist,2,3
16740,Promo Hunter,1,3
16742,Engaged Generalist,2,3
16743,Routine Generalist,0,3
16744,Engaged Generalist,2,3
16745,Routine Young Parents,0,0
16746,Routine Tech,0,2
16747,Routine Generalist,0,3
16748,Engaged Generalist,2,2
16749,Promo Hunter,1,3
16750,Routine Tech,0,2
16751,Promo Hunter,1,3
16752,Engaged Generalist,2,3
16753,Engaged Generalist,2,3
16754,Routine Young Parents,0,0
16755,Routine Generalist,0,3
16758,Engaged Generalist,2,3
16759,Engaged Generalist,2,3
16760,Routine Generalist,0,3
16761,Routine Tech,0,2
16762,Routine Tech,0,2
16764,Routine Young Parents,0,0
16765,Routine Tech,0,2
16768,Promo Hunter,1,1
16769,Routine Family Provisioner,0,1
16770,Engaged Generalist,2,3
16771,Routine Generalist,0,3
16772,Routine Young Parents,0,0
16773,Routine Generalist,0,3
16774,Routine Young Parents,0,0
16775,Routine Generalist,0,3
16777,Routine Young Parents,0,0
16778,Routine Tech,0,2
16780,Routine Young Parents,0,0
16781,Routine Young Parents,0,0
16782,Promo Hunter,1,3
16783,Routine Young Parents,0,0
16786,Routine Tech,0,2
16787,Promo Hunter,1,3
16788,Routine Generalist,0,3
16789,Routine Generalist,0,3
16791,Routine Generalist,0,3
16792,Routine Young Parents,0,0
16793,Engaged Generalist,2,3
16795,Promo Hunter,1,1
16796,Routine Generalist,0,3
16797,Routine Generalist,0,3
16798,Promo Hunter,1,3
16799,Routine Generalist,0,3
16800,Promo Hunter,1,3
16801,Promo Hunter,1,3
16803,Promo Hunter,1,3
16804,Routine Young Parents,0,0
16805,Routine Generalist,0,3
16806,Routine Generalist,0,3
16807,Routine Young Parents,0,0
16808,Promo Hunter,1,3
16810,Promo Hunter,1,3
16811,Promo Hunter,1,3
16812,Routine Young Parents,0,0
16813,Routine Generalist,0,3
16814,Promo Hunter,1,3
16815,Promo Hunter,1,1
16816,Routine Family Provisioner,0,1
16817,Promo Hunter,1,3
16818,Routine Young Parents,0,0
16819,Engaged Generalist,2,3
16821,Routine Generalist,0,3
16823,Promo Hunter,1,3
16824,Promo Hunter,1,1
16826,Engaged Generalist,2,3
16827,Routine Generalist,0,3
16828,Promo Hunter,1,1
16829,Engaged Generalist,2,3
16830,Routine Family Provisioner,0,1
16831,Promo Hunter,1,1
16832,Routine Young Parents,0,0
16833,Engaged Family Provisioner,2,1
16834,Routine Tech,0,2
16835,Promo Hunter,1,1
16836,Routine Generalist,0,3
16837,Routine Generalist,0,3
16838,Promo Hunter,1,0
16839,Routine Young Parents,0,0
16840,Routine Family Provisioner,0,1
16841,Promo Hunter,1,3
16842,Promo Hunter,1,3
16844,Routine Generalist,0,3
16846,Engaged Generalist,2,3
16847,Routine Generalist,0,3
16848,Routine Tech,0,2
16849,Routine Generalist,0,3
16850,Promo Hunter,1,3
16851,Routine Generalist,0,3
16852,Engaged Generalist,2,3
16853,Promo Hunter,1,3
16854,Engaged Generalist,2,3
16856,Routine Young Parents,0,0
16857,Routine Generalist,0,3
16859,Promo Hunter,1,3
16862,Promo Hunter,1,3
16863,Routine Tech,0,2
16864,Engaged Generalist,2,3
16865,Engaged Generalist,2,3
16866,Promo Hunter,1,3
16868,Routine Generalist,0,3
16869,Engaged Generalist,2,3
16871,Routine Young Parents,0,0
16872,Routine Young Parents,0,0
16873,Promo Hunter,1,2
16874,Routine Tech,0,2
16875,Engaged Generalist,2,3
16876,Promo Hunter,1,3
16877,Engaged Generalist,2,3
16878,Routine Generalist,0,3
16879,Promo Hunter,1,3
16880,Engaged Generalist,2,3
16881,Engaged Generalist,2,3
16882,Routine Generalist,0,3
16884,Routine Generalist,0,3
16885,Routine Generalist,0,3
16886,Engaged Generalist,2,3
16888,Routine Young Parents,0,0
16889,Engaged Generalist,2,3
16890,Promo Hunter,1,3
16891,Routine Generalist,0,3
16892,Engaged Generalist,2,3
16893,Routine Generalist,0,3
16894,Engaged Generalist,2,3
16895,Routine Generalist,0,3
16896,Routine Tech,0,2
16897,Routine Tech,0,2
16898,Engaged Generalist,2,3
16899,Routine Generalist,0,3
16900,Promo Hunter,1,3
16901,Routine Generalist,0,3
16902,Routine Generalist,0,3
16903,Routine Young Parents,0,0
16904,Promo Hunter,1,0
16905,Routine Young Parents,0,0
16906,Promo Hunter,1,3
16907,Engaged Generalist,2,3
16909,Routine Generalist,0,3
16910,Routine Tech,0,2
16911,Engaged Generalist,2,3
16912,Engaged Generalist,2,3
16913,Engaged Generalist,2,3
16914,Routine Generalist,0,3
16915,Promo Hunter,1,1
16916,Routine Young Parents,0,0
16917,Engaged Generalist,2,3
16920,Routine Family Provisioner,0,1
16921,Engaged Generalist,2,3
16922,Engaged Generalist,2,3
16923,Engaged Generalist,2,3
16925,Engaged Generalist,2,3
16926,Routine Generalist,0,3
16927,Promo Hunter,1,3
16928,Promo Hunter,1,3
16929,Routine Generalist,0,3
16930,Engaged Generalist,2,3
16931,Routine Generalist,0,3
16932,Routine Young Parents,0,0
16933,Engaged Generalist,2,3
16934,Promo Hunter,1,1
16935,Routine Young Parents,0,0
16936,Routine Generalist,0,3
16937,Routine Generalist,0,3
16938,Routine Young Parents,0,0
16939,Promo Hunter,1,3
16940,Promo Hunter,1,3
16941,Promo Hunter,1,3
16942,Routine Tech,0,2
16943,Routine Family Provisioner,0,1
16944,Routine Tech,0,2
16945,Routine Generalist,0,3
16946,Engaged Generalist,2,3
16947,Routine Generalist,0,3
16948,Routine Generalist,0,3
16949,Promo Hunter,1,3
16950,Engaged Generalist,2,3
16951,Routine Young Parents,0,0
16952,Routine Generalist,0,3
16953,Routine Generalist,0,3
16954,Engaged Generalist,2,3
16956,Routine Family Provisioner,0,1
16957,Routine Young Parents,0,0
16958,Routine Tech,0,2
16959,Routine Generalist,0,3
16960,Promo Hunter,1,3
16962,Routine Generalist,0,3
16963,Engaged Generalist,2,0
16964,Routine Generalist,0,3
16965,Engaged Generalist,2,3
16967,Routine Young Parents,0,0
16968,Engaged Generalist,2,3
16969,Routine Tech,0,2
16970,Promo Hunter,1,3
16971,Routine Generalist,0,3
16972,Engaged Generalist,2,3
16973,Routine Generalist,0,3
16974,Routine Tech,0,2
16975,Promo Hunter,1,3
16976,Engaged Generalist,2,3
16977,Promo Hunter,1,3
16978,Routine Young Parents,0,0
16979,Engaged Generalist,2,3
16980,Promo Hunter,1,2
16982,Engaged Generalist,2,3
16983,Routine Young Parents,0,0
16984,Promo Hunter,1,3
16985,Routine Young Parents,0,0
16986,Routine Generalist,0,3
16987,Engaged Generalist,2,3
16988,Routine Tech,0,2
16989,Promo Hunter,1,3
16990,Engaged Generalist,2,3
16991,Engaged Generalist,2,3
16992,Routine Young Parents,0,0
16993,Engaged Generalist,2,3
16994,Routine Generalist,0,3
16996,Routine Young Parents,0,0
16997,Promo Hunter,1,3
16998,Routine Young Parents,0,0
16999,Routine Generalist,0,3
17000,Engaged Generalist,2,3
17001,Routine Generalist,0,3
17002,Engaged Generalist,2,3
17003,Routine Generalist,0,3
17004,Routine Young Parents,0,0
17006,Routine Generalist,0,3
17007,Routine Young Parents,0,0
17008,Engaged Generalist,2,3
17009,Routine Family Provisioner,0,1
17010,Routine Young Parents,0,0
17011,Routine Generalist,0,3
17012,Routine Generalist,0,3
17013,Engaged Generalist,2,3
17014,Engaged Generalist,2,3
17015,Engaged Generalist,2,3
17016,Routine Young Parents,0,0
17017,Routine Young Parents,0,0
17018,Routine Young Parents,0,0
17019,Promo Hunter,1,2
17020,Routine Generalist,0,3
17022,Routine Young Parents,0,0
17023,Promo Hunter,1,1
17024,Routine Young Parents,0,0
17025,Routine Generalist,0,3
17026,Engaged Generalist,2,3
17028,Engaged Generalist,2,3
17030,Routine Generalist,0,3
17031,Routine Generalist,0,3
17032,Engaged Generalist,2,3
17033,Promo Hunter,1,3
17034,Routine Tech,0,2
17035,Routine Family Provisioner,0,1
17037,Engaged Generalist,2,3
17038,Engaged Generalist,2,3
17040,Engaged Generalist,2,3
17041,Routine Young Parents,0,0
17042,Routine Young Parents,0,0
17043,Engaged Generalist,2,3
17044,Routine Generalist,0,3
17045,Engaged Family Provisioner,2,1
17046,Routine Young Parents,0,0
17047,Routine Generalist,0,3
17048,Promo Hunter,1,1
17049,Promo Hunter,1,3
17050,Routine Young Parents,0,0
17051,Routine Generalist,0,3
17052,Engaged Generalist,2,3
17053,Routine Tech,0,2
17055,Engaged Generalist,2,3
17058,Promo Hunter,1,3
17059,Engaged Generalist,2,3
17060,Routine Young Parents,0,0
17061,Promo Hunter,1,1
17062,Routine Family Provisioner,0,1
17063,Engaged Generalist,2,3
17064,Routine Tech,0,2
17065,Promo Hunter,1,3
17066,Routine Generalist,0,3
17067,Routine Young Parents,0,0
17068,Routine Family Provisioner,0,1
17069,Engaged Generalist,2,3
17070,Promo Hunter,1,3
17072,Promo Hunter,1,3
17073,Promo Hunter,1,3
17074,Routine Tech,0,2
17075,Routine Generalist,0,3
17076,Promo Hunter,1,3
17078,Promo Hunter,1,0
17079,Routine Generalist,0,3
17080,Promo Hunter,1,3
17083,Routine Young Parents,0,0
17084,Promo Hunter,1,3
17086,Routine Family Provisioner,0,1
17087,Routine Young Parents,0,0
17088,Routine Tech,0,2
17089,Engaged Generalist,2,3
17090,Routine Young Parents,0,0
17091,Routine Generalist,0,3
17092,Promo Hunter,1,3
17093,Promo Hunter,1,3
17094,Promo Hunter,1,3
17095,Engaged Generalist,2,3
17096,Routine Young Parents,0,0
17097,Promo Hunter,1,1
17098,Engaged Generalist,2,3
17099,Promo Hunter,1,3
17100,Routine Generalist,0,3
17101,Engaged Generalist,2,3
17103,Routine Young Parents,0,0
17104,Routine Young Parents,0,0
17105,Routine Generalist,0,3
17107,Routine Generalist,0,3
17108,Promo Hunter,1,1
17109,Routine Generalist,0,3
17110,Routine Tech,0,2
17111,Promo Hunter,1,3
17112,Engaged Generalist,2,3
17113,Routine Tech,0,2
17114,Engaged Family Provisioner,2,1
17115,Routine Young Parents,0,0
17116,Routine Generalist,0,3
17117,Routine Generalist,0,3
17118,Routine Tech,0,2
17119,Routine Generalist,0,3
17120,Routine Young Parents,0,0
17121,Promo Hunter,1,3
17122,Routine Generalist,0,3
17123,Routine Young Parents,0,0
17125,Routine Tech,0,2
17127,Routine Young Parents,0,0
17129,Routine Young Parents,0,0
17130,Engaged Generalist,2,3
17131,Engaged Generalist,2,3
17132,Routine Generalist,0,3
17133,Promo Hunter,1,3
17134,Engaged Generalist,2,3
17135,Routine Generalist,0,3
17137,Engaged Generalist,2,2
17138,Engaged Generalist,2,3
17140,Engaged Generalist,2,3
17141,Engaged Generalist,2,3
17142,Routine Generalist,0,3
17143,Routine Tech,0,2
17145,Routine Generalist,0,3
17146,Routine Young Parents,0,0
17147,Engaged Family Provisioner,2,1
17148,Routine Generalist,0,3
17149,Routine Young Parents,0,0
17150,Engaged Generalist,2,3
17151,Engaged Generalist,2,3
17152,Routine Generalist,0,3
17153,Engaged Generalist,2,3
17154,Promo Hunter,1,3
17155,Promo Hunter,1,3
17156,Routine Young Parents,0,0
17158,Engaged Family Provisioner,2,1
17159,Routine Generalist,0,3
17160,Routine Tech,0,2
17161,Promo Hunter,1,1
17162,Engaged Generalist,2,3
17163,Routine Generalist,0,3
17165,Routine Generalist,0,3
17166,Routine Young Parents,0,0
17167,Routine Tech,0,2
17169,Engaged Generalist,2,3
17170,Engaged Generalist,2,3
17171,Promo Hunter,1,3
17172,Routine Generalist,0,3
17173,Routine Family Provisioner,0,1
17174,Routine Young Parents,0,0
17175,Engaged Generalist,2,3
17179,Engaged Generalist,2,3
17180,Promo Hunter,1,0
17183,Promo Hunter,1,3
17184,Routine Young Parents,0,0
17185,Routine Generalist,0,3
17186,Routine Generalist,0,3
17187,Routine Tech,0,2
17188,Routine Generalist,0,3
17189,Promo Hunter,1,3
17191,Routine Young Parents,0,0
17192,Routine Family Provisioner,0,1
17193,Promo Hunter,1,1
17194,Routine Tech,0,2
17195,Routine Generalist,0,3
17196,Routine Generalist,0,3
17197,Engaged Generalist,2,3
17198,Routine Young Parents,0,0
17199,Engaged Generalist,2,3
17200,Promo Hunter,1,3
17201,Engaged Generalist,2,3
17202,Engaged Generalist,2,3
17203,Engaged Generalist,2,3
17204,Promo Hunter,1,3
17205,Routine Generalist,0,3
17208,Routine Generalist,0,3
17209,Routine Generalist,0,3
17210,Routine Young Parents,0,0
17211,Engaged Generalist,2,3
17212,Promo Hunter,1,3
17214,Routine Generalist,0,3
17215,Engaged Generalist,2,3
17216,Promo Hunter,1,3
17219,Promo Hunter,1,3
17220,Promo Hunter,1,3
17221,Engaged Generalist,2,3
17222,Engaged Family Provisioner,2,1
17223,Engaged Generalist,2,3
17224,Engaged Generalist,2,2
17225,Engaged Generalist,2,3
17226,Routine Generalist,0,3
17228,Routine Family Provisioner,0,1
17230,Promo Hunter,1,1
17231,Routine Young Parents,0,0
17232,Engaged Generalist,2,3
17233,Promo Hunter,1,3
17234,Routine Young Parents,0,0
17235,Routine Young Parents,0,0
17236,Routine Generalist,0,3
17238,Routine Generalist,0,3
17239,Routine Generalist,0,3
17240,Promo Hunter,1,3
17241,Routine Generalist,0,3
17242,Promo Hunter,1,3
17243,Routine Tech,0,2
17244,Engaged Generalist,2,3
17245,Routine Generalist,0,3
17246,Routine Tech,0,2
17247,Promo Hunter,1,3
17248,Routine Generalist,0,3
17250,Routine Generalist,0,3
17253,Promo Hunter,1,0
17254,Engaged Generalist,2,3
17256,Routine Generalist,0,3
17257,Promo Hunter,1,3
17258,Routine Tech,0,2
17259,Engaged Generalist,2,3
17260,Promo Hunter,1,3
17261,Engaged Generalist,2,3
17262,Routine Tech,0,2
17264,Promo Hunter,1,3
17265,Promo Hunter,1,3
17266,Promo Hunter,1,3
17267,Routine Generalist,0,3
17268,Routine Young Parents,0,0
17269,Promo Hunter,1,3
17270,Promo Hunter,1,3
17271,Routine Family Provisioner,0,1
17272,Routine Generalist,0,3
17273,Engaged Generalist,2,3
17275,Routine Generalist,0,3
17277,Engaged Generalist,2,3
17278,Routine Tech,0,2
17279,Engaged Generalist,2,3
17280,Routine Generalist,0,3
17281,Routine Generalist,0,3
17282,Routine Young Parents,0,0
17283,Routine Generalist,0,3
17284,Routine Generalist,0,3
17286,Routine Young Parents,0,0
17287,Promo Hunter,1,3
17288,Routine Young Parents,0,0
17289,Engaged Family Provisioner,2,1
17290,Routine Young Parents,0,0
17291,Routine Generalist,0,3
17292,Routine Young Parents,0,0
17294,Routine Generalist,0,3
17295,Promo Hunter,1,3
17296,Routine Generalist,0,3
17297,Routine Tech,0,2
17298,Engaged Generalist,2,3
17300,Engaged Generalist,2,3
17301,Engaged Generalist,2,3
17302,Routine Tech,0,2
17303,Routine Tech,0,2
17304,Routine Young Parents,0,0
17305,Promo Hunter,1,3
17306,Routine Generalist,0,3
17307,Routine Family Provisioner,0,1
17308,Routine Generalist,0,3
17309,Routine Tech,0,2
17311,Routine Generalist,0,3
17312,Engaged Family Provisioner,2,1
17313,Promo Hunter,1,3
17314,Routine Family Provisioner,0,1
17315,Routine Generalist,0,3
17316,Routine Generalist,0,3
17317,Routine Tech,0,2
17318,Routine Generalist,0,3
17319,Engaged Generalist,2,3
17321,Routine Tech,0,2
17322,Routine Generalist,0,3
17325,Routine Tech,0,2
17326,Engaged Generalist,2,3
17327,Routine Tech,0,2
17328,Promo Hunter,1,3
17329,Engaged Generalist,2,3
17330,Routine Family Provisioner,0,1
17332,Engaged Generalist,2,3
17333,Routine Generalist,0,3
17334,Routine Generalist,0,3
17335,Routine Generalist,0,3
17336,Engaged Generalist,2,3
17339,Promo Hunter,1,3
17340,Routine Tech,0,2
17341,Routine Generalist,0,3
17342,Promo Hunter,1,3
17343,Engaged Generalist,2,3
17344,Engaged Generalist,2,3
17345,Promo Hunter,1,0
17346,Engaged Generalist,2,3
17347,Routine Generalist,0,3
17348,Engaged Generalist,2,3
17350,Routine Tech,0,2
17352,Routine Family Provisioner,0,1
17353,Routine Generalist,0,3
17354,Engaged Generalist,2,3
17355,Promo Hunter,1,3
17356,Engaged Family Provisioner,2,1
17357,Promo Hunter,1,3
17358,Engaged Generalist,2,3
17359,Promo Hunter,1,3
17360,Routine Tech,0,2
17361,Engaged Generalist,2,3
17362,Engaged Generalist,2,3
17363,Engaged Generalist,2,3
17365,Engaged Family Provisioner,2,1
17366,Engaged Generalist,2,3
17367,Routine Young Parents,0,0
17369,Promo Hunter,1,3
17371,Routine Generalist,0,3
17372,Promo Hunter,1,3
17374,Routine Young Parents,0,0
17375,Routine Generalist,0,3
17377,Routine Generalist,0,3
17378,Promo Hunter,1,3
17379,Routine Young Parents,0,0
17380,Engaged Generalist,2,3
17382,Promo Hunter,1,2
17383,Routine Generalist,0,3
17385,Routine Generalist,0,3
17387,Routine Tech,0,2
17388,Routine Generalist,0,3
17390,Promo Hunter,1,3
17391,Engaged Generalist,2,3
17392,Promo Hunter,1,1
17395,Promo Hunter,1,3
17397,Routine Generalist,0,3
17398,Routine Generalist,0,3
17399,Engaged Generalist,2,3
17400,Routine Tech,0,2
17401,Engaged Generalist,2,3
17402,Engaged Generalist,2,3
17403,Promo Hunter,1,2
17405,Engaged Generalist,2,3
17406,Routine Family Provisioner,0,1
17407,Promo Hunter,1,3
17408,Promo Hunter,1,1
17409,Routine Young Parents,0,0
17410,Engaged Generalist,2,3
17411,Routine Tech,0,2
17413,Routine Generalist,0,3
17415,Engaged Generalist,2,3
17416,Routine Generalist,0,3
17417,Engaged Family Provisioner,2,1
17418,Routine Generalist,0,3
17420,Routine Generalist,0,3
17421,Promo Hunter,1,3
17422,Engaged Family Provisioner,2,1
17423,Engaged Generalist,2,3
17424,Engaged Generalist,2,3
17425,Routine Family Provisioner,0,1
17426,Routine Generalist,0,3
17427,Engaged Generalist,2,3
17428,Promo Hunter,1,3
17429,Routine Tech,0,2
17430,Routine Young Parents,0,0
17432,Routine Young Parents,0,0
17434,Routine Generalist,0,3
17435,Routine Young Parents,0,0
17436,Promo Hunter,1,3
17437,Routine Generalist,0,3
17438,Routine Generalist,0,3
17439,Engaged Generalist,2,3
17440,Promo Hunter,1,3
17441,Routine Young Parents,0,0
17442,Routine Tech,0,2
17443,Routine Generalist,0,3
17446,Routine Generalist,0,3
17447,Routine Young Parents,0,0
17448,Promo Hunter,1,3
17449,Promo Hunter,1,3
17450,Routine Young Parents,0,0
17451,Engaged Generalist,2,3
17452,Routine Generalist,0,3
17453,Routine Generalist,0,3
17454,Promo Hunter,1,1
17456,Engaged Generalist,2,3
17458,Routine Young Parents,0,0
17460,Routine Tech,0,2
17461,Routine Young Parents,0,0
17462,Routine Family Provisioner,0,1
17463,Promo Hunter,1,3
17464,Routine Generalist,0,3
17466,Routine Young Parents,0,0
17467,Routine Generalist,0,3
17468,Promo Hunter,1,1
17469,Routine Generalist,0,3
17470,Engaged Generalist,2,3
17471,Promo Hunter,1,3
17472,Engaged Generalist,2,3
17473,Engaged Generalist,2,3
17474,Promo Hunter,1,3
17475,Routine Generalist,0,3
17476,Engaged Generalist,2,3
17477,Routine Generalist,0,3
17478,Engaged Generalist,2,3
17479,Engaged Family Provisioner,2,1
17480,Routine Young Parents,0,0
17481,Routine Tech,0,2
17482,Routine Young Parents,0,0
17483,Routine Tech,0,2
17484,Routine Generalist,0,3
17485,Routine Young Parents,0,0
17486,Routine Generalist,0,3
17487,Promo Hunter,1,1
17488,Routine Generalist,0,3
17489,Routine Generalist,0,3
17490,Routine Generalist,0,3
17491,Routine Young Parents,0,0
17492,Promo Hunter,1,3
17494,Routine Generalist,0,3
17496,Engaged Generalist,2,3
17497,Promo Hunter,1,3
17498,Engaged Generalist,2,3
17499,Promo Hunter,1,3
17500,Promo Hunter,1,1
17501,Promo Hunter,1,3
17502,Routine Young Parents,0,0
17503,Promo Hunter,1,1
17504,Engaged Generalist,2,3
17505,Engaged Generalist,2,3
17507,Promo Hunter,1,3
17508,Routine Tech,0,2
17509,Engaged Generalist,2,3
17510,Promo Hunter,1,3
17512,Routine Tech,0,2
17514,Routine Young Parents,0,0
17517,Engaged Generalist,2,3
17518,Routine Generalist,0,3
17519,Routine Young Parents,0,0
17520,Routine Tech,0,2
17521,Routine Young Parents,0,0
17523,Engaged Generalist,2,3
17524,Routine Generalist,0,3
17525,Routine Generalist,0,3
17527,Promo Hunter,1,3
17528,Engaged Generalist,2,3
17529,Routine Young Parents,0,0
17530,Routine Young Parents,0,0
17531,Routine Tech,0,2
17532,Promo Hunter,1,3
17533,Routine Young Parents,0,0
17535,Routine Young Parents,0,0
17536,Engaged Generalist,2,3
17537,Engaged Generalist,2,2
17538,Promo Hunter,1,3
17540,Routine Young Parents,0,0
17541,Engaged Generalist,2,3
17542,Promo Hunter,1,3
17543,Engaged Family Provisioner,2,1
17546,Routine Tech,0,2
17547,Promo Hunter,1,3
17548,Routine Tech,0,2
17549,Promo Hunter,1,1
17550,Promo Hunter,1,3
17551,Routine Generalist,0,3
17552,Engaged Generalist,2,3
17553,Promo Hunter,1,3
17554,Routine Generalist,0,3
17555,Promo Hunter,1,3
17556,Routine Young Parents,0,0
17557,Routine Generalist,0,3
17558,Engaged Generalist,2,3
17560,Routine Generalist,0,3
17561,Routine Young Parents,0,0
17562,Routine Generalist,0,3
17563,Routine Generalist,0,3
17564,Routine Generalist,0,3
17565,Engaged Generalist,2,3
17566,Routine Generalist,0,3
17567,Promo Hunter,1,3
17568,Routine Generalist,0,3
17570,Routine Family Provisioner,0,1
17571,Engaged Generalist,2,3
17572,Promo Hunter,1,3
17573,Engaged Generalist,2,3
17574,Routine Generalist,0,3
17575,Engaged Generalist,2,2
17577,Promo Hunter,1,3
17578,Routine Tech,0,2
17579,Routine Young Parents,0,0
17580,Routine Young Parents,0,0
17582,Promo Hunter,1,3
17583,Routine Tech,0,2
17584,Routine Generalist,0,3
17586,Routine Tech,0,2
17587,Promo Hunter,1,3
17588,Promo Hunter,1,3
17589,Routine Young Parents,0,0
17590,Engaged Generalist,2,3
17591,Promo Hunter,1,1
17592,Promo Hunter,1,3
17594,Routine Generalist,0,3
17595,Routine Tech,0,2
17596,Routine Family Provisioner,0,1
17597,Routine Generalist,0,3
17598,Promo Hunter,1,3
17599,Routine Young Parents,0,0
17600,Routine Young Parents,0,0
17601,Routine Young Parents,0,0
17602,Promo Hunter,1,3
17603,Routine Family Provisioner,0,1
17604,Engaged Generalist,2,3
17605,Engaged Family Provisioner,2,1
17606,Routine Young Parents,0,0
17607,Promo Hunter,1,3
17609,Engaged Generalist,2,3
17610,Routine Generalist,0,3
17611,Promo Hunter,1,3
17612,Routine Generalist,0,3
17613,Engaged Generalist,2,3
17614,Routine Young Parents,0,0
17615,Routine Tech,0,2
17617,Routine Young Parents,0,0
17618,Engaged Generalist,2,3
17619,Engaged Generalist,2,3
17620,Routine Generalist,0,3
17621,Promo Hunter,1,0
17623,Routine Generalist,0,3
17624,Routine Generalist,0,3
17625,Routine Young Parents,0,0
17627,Promo Hunter,1,3
17628,Routine Tech,0,2
17629,Routine Young Parents,0,0
17630,Routine Family Provisioner,0,1
17631,Routine Family Provisioner,0,1
17632,Engaged Generalist,2,3
17633,Routine Generalist,0,3
17634,Routine Generalist,0,3
17635,Routine Family Provisioner,0,1
17636,Promo Hunter,1,3
17637,Routine Tech,0,2
17640,Routine Generalist,0,3
17641,Engaged Generalist,2,3
17642,Routine Generalist,0,3
17643,Engaged Generalist,2,3
17644,Engaged Generalist,2,3
17645,Routine Generalist,0,3
17646,Routine Generalist,0,3
17647,Engaged Generalist,2,3
17648,Routine Generalist,0,3
17649,Routine Tech,0,2
17651,Routine Generalist,0,3
17653,Routine Tech,0,2
17654,Promo Hunter,1,3
17655,Promo Hunter,1,3
17656,Engaged Generalist,2,3
17657,Routine Tech,0,2
17658,Engaged Generalist,2,3
17659,Engaged Generalist,2,3
17660,Routine Generalist,0,3
17661,Engaged Generalist,2,3
17663,Routine Young Parents,0,0
17664,Promo Hunter,1,2
17666,Promo Hunter,1,3
17667,Engaged Generalist,2,2
17668,Routine Generalist,0,3
17669,Promo Hunter,1,3
17670,Engaged Generalist,2,3
17671,Routine Generalist,0,3
17672,Routine Young Parents,0,0
17673,Routine Young Parents,0,0
17674,Routine Generalist,0,3
17676,Routine Generalist,0,3
17677,Routine Young Parents,0,0
17678,Routine Tech,0,2
17679,Engaged Generalist,2,3
17680,Routine Young Parents,0,0
17681,Routine Young Parents,0,0
17682,Routine Generalist,0,3
17683,Engaged Generalist,2,3
17684,Engaged Generalist,2,3
17686,Promo Hunter,1,1
17688,Promo Hunter,1,3
17689,Routine Young Parents,0,0
17690,Promo Hunter,1,3
17691,Promo Hunter,1,1
17693,Engaged Generalist,2,3
17694,Engaged Generalist,2,3
17695,Routine Generalist,0,3
17697,Routine Generalist,0,3
17698,Engaged Generalist,2,3
17699,Routine Generalist,0,3
17700,Routine Generalist,0,3
17701,Engaged Family Provisioner,2,1
17702,Routine Young Parents,0,0
17703,Promo Hunter,1,3
17704,Routine Tech,0,2
17705,Engaged Generalist,2,3
17706,Engaged Generalist,2,3
17707,Promo Hunter,1,3
17708,Routine Tech,0,2
17709,Promo Hunter,1,1
17711,Routine Family Provisioner,0,1
17712,Routine Tech,0,2
17713,Promo Hunter,1,3
17714,Routine Generalist,0,3
17715,Engaged Generalist,2,3
17716,Routine Generalist,0,3
17718,Engaged Generalist,2,3
17719,Engaged Generalist,2,3
17720,Promo Hunter,1,1
17722,Routine Young Parents,0,0
17723,Routine Tech,0,2
17724,Routine Tech,0,2
17726,Engaged Family Provisioner,2,1
17727,Routine Young Parents,0,0
17729,Routine Young Parents,0,0
17730,Promo Hunter,1,3
17731,Promo Hunter,1,3
17732,Promo Hunter,1,3
17733,Routine Young Parents,0,0
17734,Routine Generalist,0,3
17735,Routine Young Parents,0,0
17736,Engaged Generalist,2,3
17737,Promo Hunter,1,1
17739,Promo Hunter,1,3
17740,Engaged Generalist,2,3
17741,Routine Young Parents,0,0
17742,Engaged Generalist,2,3
17743,Engaged Generalist,2,3
17744,Routine Young Parents,0,0
17745,Routine Generalist,0,3
17747,Engaged Generalist,2,3
17749,Routine Young Parents,0,0
17750,Promo Hunter,1,1
17751,Engaged Generalist,2,3
17752,Routine Generalist,0,3
17753,Routine Young Parents,0,0
17754,Engaged Generalist,2,3
17755,Routine Tech,0,2
17756,Routine Young Parents,0,0
17757,Promo Hunter,1,1
17758,Promo Hunter,1,3
17759,Engaged Family Provisioner,2,1
17761,Routine Generalist,0,3
17762,Promo Hunter,1,3
17763,Engaged Generalist,2,3
17764,Routine Tech,0,2
17766,Engaged Generalist,2,3
17767,Routine Young Parents,0,0
17769,Routine Young Parents,0,0
17771,Engaged Generalist,2,3
17773,Engaged Generalist,2,3
17775,Routine Generalist,0,3
17777,Routine Family Provisioner,0,1
17778,Routine Family Provisioner,0,1
17779,Promo Hunter,1,1
17780,Routine Family Provisioner,0,1
17781,Promo Hunter,1,3
17782,Routine Young Parents,0,0
17783,Engaged Family Provisioner,2,1
17784,Routine Tech,0,2
17785,Engaged Generalist,2,3
17788,Routine Generalist,0,3
17789,Promo Hunter,1,3
17790,Routine Generalist,0,3
17791,Engaged Generalist,2,3
17792,Engaged Generalist,2,3
17793,Promo Hunter,1,3
17794,Routine Generalist,0,3
17795,Routine Generalist,0,3
17796,Promo Hunter,1,1
17798,Engaged Family Provisioner,2,1
17799,Promo Hunter,1,3
17800,Routine Young Parents,0,0
17801,Routine Young Parents,0,0
17802,Promo Hunter,1,3
17803,Routine Tech,0,2
17804,Routine Tech,0,2
17805,Routine Young Parents,0,0
17806,Routine Tech,0,2
17807,Routine Generalist,0,3
17808,Routine Young Parents,0,0
17809,Engaged Family Provisioner,2,1
17810,Engaged Generalist,2,3
17811,Engaged Generalist,2,3
17812,Engaged Generalist,2,3
17813,Routine Generalist,0,3
17815,Routine Tech,0,2
17816,Engaged Family Provisioner,2,1
17818,Routine Tech,0,2
17819,Routine Generalist,0,3
17820,Routine Tech,0,2
17821,Routine Generalist,0,3
17822,Promo Hunter,1,2
17824,Engaged Generalist,2,3
17825,Engaged Generalist,2,3
17826,Routine Tech,0,2
17827,Routine Tech,0,2
17828,Routine Generalist,0,3
17829,Routine Tech,0,2
17830,Routine Tech,0,2
17832,Routine Young Parents,0,0
17833,Engaged Generalist,2,3
17834,Routine Generalist,0,3
17835,Routine Tech,0,2
17836,Routine Generalist,0,3
17837,Routine Generalist,0,3
17838,Routine Young Parents,0,0
17839,Engaged Generalist,2,3
17840,Promo Hunter,1,3
17841,Routine Young Parents,0,0
17843,Routine Young Parents,0,0
17845,Promo Hunter,1,3
17846,Engaged Generalist,2,3
17848,Routine Generalist,0,3
17849,Promo Hunter,1,1
17850,Routine Tech,0,2
17851,Engaged Generalist,2,3
17852,Routine Tech,0,2
17853,Routine Tech,0,2
17854,Routine Young Parents,0,0
17858,Engaged Generalist,2,3
17859,Routine Young Parents,0,0
17860,Engaged Generalist,2,3
17862,Routine Generalist,0,3
17863,Routine Family Provisioner,0,1
17865,Promo Hunter,1,3
17866,Promo Hunter,1,3
17867,Promo Hunter,1,0
17868,Engaged Family Provisioner,2,1
17869,Promo Hunter,1,1
17870,Routine Generalist,0,3
17871,Routine Tech,0,2
17873,Engaged Generalist,2,3
17874,Engaged Generalist,2,3
17875,Routine Young Parents,0,0
17876,Promo Hunter,1,3
17877,Engaged Generalist,2,3
17878,Routine Generalist,0,3
17879,Promo Hunter,1,3
17880,Engaged Generalist,2,3
17881,Promo Hunter,1,3
17882,Routine Generalist,0,3
17884,Routine Generalist,0,3
17885,Promo Hunter,1,3
17886,Promo Hunter,1,3
17887,Engaged Generalist,2,3
17888,Routine Tech,0,2
17889,Routine Tech,0,2
17891,Engaged Generalist,2,3
17892,Routine Young Parents,0,0
17893,Routine Young Parents,0,0
17894,Promo Hunter,1,3
17895,Engaged Family Provisioner,2,1
17897,Promo Hunter,1,3
17899,Promo Hunter,1,3
17900,Routine Young Parents,0,0
17901,Promo Hunter,1,3
17902,Engaged Generalist,2,3
17903,Engaged Generalist,2,3
17904,Promo Hunter,1,3
17905,Promo Hunter,1,0
17906,Routine Generalist,0,3
17907,Promo Hunter,1,0
17908,Promo Hunter,1,3
17909,Engaged Generalist,2,3
17910,Engaged Generalist,2,3
17911,Routine Generalist,0,3
17912,Promo Hunter,1,3
17913,Routine Generalist,0,3
17914,Engaged Generalist,2,3
17916,Routine Generalist,0,3
17917,Routine Generalist,0,3
17918,Routine Generalist,0,3
17919,Routine Young Parents,0,0
17920,Routine Generalist,0,3
17921,Routine Tech,0,2
17923,Routine Generalist,0,3
17924,Routine Generalist,0,3
17925,Engaged Generalist,2,3
17926,Promo Hunter,1,3
17927,Engaged Generalist,2,3
17929,Routine Young Parents,0,0
17930,Engaged Family Provisioner,2,1
17931,Engaged Generalist,2,3
17933,Routine Generalist,0,3
17934,Routine Generalist,0,3
17935,Routine Generalist,0,3
17937,Routine Family Provisioner,0,1
17938,Promo Hunter,1,3
17940,Engaged Generalist,2,3
17941,Routine Young Parents,0,0
17942,Routine Tech,0,2
17943,Engaged Generalist,2,3
17944,Routine Generalist,0,3
17945,Promo Hunter,1,3
17946,Engaged Generalist,2,3
17947,Promo Hunter,1,3
17949,Engaged Generalist,2,3
17950,Routine Generalist,0,3
17951,Engaged Generalist,2,3
17952,Engaged Generalist,2,3
17953,Engaged Generalist,2,3
17954,Engaged Generalist,2,3
17955,Engaged Generalist,2,3
17956,Engaged Generalist,2,0
17957,Routine Young Parents,0,0
17958,Routine Generalist,0,3
17960,Engaged Generalist,2,3
17961,Routine Young Parents,0,0
17962,Engaged Generalist,2,3
17963,Engaged Generalist,2,3
17964,Engaged Family Provisioner,2,1
17965,Promo Hunter,1,3
17966,Promo Hunter,1,3
17967,Routine Young Parents,0,0
17968,Promo Hunter,1,1
17969,Routine Generalist,0,3
17971,Engaged Generalist,2,3
17972,Routine Young Parents,0,0
17974,Promo Hunter,1,3
17975,Routine Tech,0,2
17977,Routine Tech,0,2
17978,Promo Hunter,1,3
17979,Routine Generalist,0,3
17980,Engaged Generalist,2,3
17982,Promo Hunter,1,3
17984,Engaged Family Provisioner,2,1
17987,Engaged Generalist,2,3
17988,Routine Generalist,0,3
17989,Promo Hunter,1,3
17990,Engaged Generalist,2,3
17993,Routine Young Parents,0,0
17994,Promo Hunter,1,3
17995,Routine Generalist,0,3
17996,Promo Hunter,1,3
17998,Routine Generalist,0,3
18000,Routine Young Parents,0,0
18001,Routine Young Parents,0,0
18002,Promo Hunter,1,3
18003,Routine Young Parents,0,0
18006,Engaged Family Provisioner,2,1
18008,Engaged Generalist,2,3
18009,Routine Generalist,0,3
18010,Routine Generalist,0,3
18011,Promo Hunter,1,0
18013,Routine Generalist,0,3
18014,Routine Generalist,0,3
18015,Routine Generalist,0,3
18016,Engaged Generalist,2,3
18017,Routine Generalist,0,3
18018,Routine Generalist,0,3
18019,Routine Generalist,0,3
18020,Routine Generalist,0,3
18022,Engaged Generalist,2,3
18023,Routine Tech,0,2
18024,Routine Generalist,0,3
18026,Routine Generalist,0,3
18027,Routine Generalist,0,3
18028,Engaged Generalist,2,3
18029,Routine Generalist,0,3
18030,Engaged Generalist,2,3
18031,Routine Generalist,0,3
18033,Promo Hunter,1,3
18034,Engaged Generalist,2,3
18035,Routine Generalist,0,3
18036,Routine Tech,0,2
18037,Engaged Generalist,2,3
18038,Engaged Generalist,2,3
18039,Promo Hunter,1,3
18040,Routine Generalist,0,3
18042,Routine Generalist,0,3
18043,Promo Hunter,1,3
18044,Routine Tech,0,2
18046,Routine Tech,0,2
18047,Engaged Generalist,2,3
18048,Engaged Generalist,2,3
18049,Routine Generalist,0,3
18050,Routine Young Parents,0,0
18051,Routine Generalist,0,3
18052,Routine Tech,0,2
18053,Engaged Generalist,2,3
18054,Engaged Generalist,2,3
18055,Routine Tech,0,2
18056,Engaged Generalist,2,3
18057,Routine Tech,0,2
18058,Engaged Generalist,2,3
18059,Engaged Family Provisioner,2,1
18060,Routine Tech,0,2
18061,Routine Generalist,0,3
18062,Engaged Generalist,2,3
18063,Routine Young Parents,0,0
18064,Routine Generalist,0,3
18065,Routine Generalist,0,3
18066,Routine Generalist,0,3
18067,Routine Tech,0,2
18070,Promo Hunter,1,1
18071,Promo Hunter,1,3
18072,Routine Young Parents,0,0
18073,Routine Family Provisioner,0,1
18075,Routine Young Parents,0,0
18076,Engaged Generalist,2,3
18077,Promo Hunter,1,3
18078,Promo Hunter,1,2
18080,Promo Hunter,1,3
18081,Routine Young Parents,0,0
18083,Routine Generalist,0,3
18085,Engaged Generalist,2,3
18086,Promo Hunter,1,3
18087,Routine Generalist,0,3
18088,Routine Generalist,0,3
18089,Engaged Generalist,2,3
18090,Engaged Generalist,2,3
18091,Engaged Family Provisioner,2,1
18093,Promo Hunter,1,3
18094,Engaged Generalist,2,3
18095,Routine Young Parents,0,0
18098,Engaged Generalist,2,3
18099,Engaged Generalist,2,3
18100,Routine Young Parents,0,0
18102,Engaged Family Provisioner,2,1
18103,Routine Generalist,0,3
18104,Engaged Generalist,2,3
18105,Engaged Generalist,2,3
18106,Routine Tech,0,2
18108,Routine Family Provisioner,0,1
18109,Engaged Generalist,2,3
18111,Engaged Generalist,2,3
18112,Promo Hunter,1,3
18113,Promo Hunter,1,3
18114,Routine Young Parents,0,0
18116,Promo Hunter,1,1
18117,Routine Generalist,0,3
18118,Routine Generalist,0,3
18119,Routine Generalist,0,3
18120,Promo Hunter,1,1
18121,Routine Young Parents,0,0
18122,Routine Generalist,0,3
18123,Promo Hunter,1,3
18125,Engaged Generalist,2,3
18126,Promo Hunter,1,3
18127,Engaged Generalist,2,3
18129,Routine Generalist,0,3
18130,Promo Hunter,1,3
18132,Promo Hunter,1,3
18133,Engaged Generalist,2,3
18134,Engaged Generalist,2,3
18135,Routine Young Parents,0,0
18136,Promo Hunter,1,3
18137,Routine Generalist,0,3
18138,Promo Hunter,1,1
18139,Routine Young Parents,0,0
18140,Engaged Generalist,2,3
18141,Routine Tech,0,2
18142,Routine Generalist,0,3
18143,Routine Generalist,0,3
18144,Routine Generalist,0,3
18145,Promo Hunter,1,3
18148,Engaged Generalist,2,3
18149,Routine Young Parents,0,0
18150,Promo Hunter,1,3
18151,Routine Generalist,0,3
18152,Engaged Generalist,2,3
18153,Engaged Generalist,2,3
18154,Promo Hunter,1,3
18155,Routine Tech,0,2
18157,Routine Tech,0,2
18158,Engaged Family Provisioner,2,1
18159,Routine Generalist,0,3
18160,Promo Hunter,1,3
18161,Engaged Generalist,2,3
18162,Routine Young Parents,0,0
18163,Engaged Family Provisioner,2,1
18164,Routine Generalist,0,3
18165,Engaged Generalist,2,3
18166,Routine Young Parents,0,0
18167,Routine Family Provisioner,0,1
18168,Engaged Generalist,2,3
18169,Engaged Generalist,2,3
18170,Promo Hunter,1,1
18171,Routine Generalist,0,3
18172,Routine Tech,0,2
18174,Promo Hunter,1,3
18175,Routine Generalist,0,3
18176,Routine Young Parents,0,0
18177,Routine Young Parents,0,0
18178,Routine Tech,0,2
18179,Promo Hunter,1,0
18181,Engaged Family Provisioner,2,1
18184,Engaged Generalist,2,3
18185,Promo Hunter,1,1
18186,Promo Hunter,1,3
18187,Routine Generalist,0,3
18188,Routine Tech,0,2
18189,Routine Generalist,0,3
18190,Routine Young Parents,0,0
18191,Routine Tech,0,2
18192,Promo Hunter,1,3
18193,Engaged Family Provisioner,2,1
18194,Promo Hunter,1,1
18195,Routine Young Parents,0,0
18197,Routine Young Parents,0,0
18198,Engaged Generalist,2,3
18199,Promo Hunter,1,1
18200,Routine Young Parents,0,0
18201,Routine Young Parents,0,0
18202,Routine Family Provisioner,0,1
18203,Promo Hunter,1,3
18204,Routine Generalist,0,3
18205,Routine Tech,0,2
18207,Routine Tech,0,2
18208,Promo Hunter,1,3
18209,Promo Hunter,1,3
18210,Routine Young Parents,0,0
18211,Routine Generalist,0,3
18213,Engaged Generalist,2,3
18214,Promo Hunter,1,1
18215,Promo Hunter,1,3
18216,Promo Hunter,1,3
18217,Promo Hunter,1,3
18218,Routine Tech,0,2
18219,Engaged Generalist,2,3
18220,Promo Hunter,1,1
18221,Promo Hunter,1,3
18222,Engaged Generalist,2,3
18223,Routine Tech,0,2
18224,Promo Hunter,1,3
18225,Routine Generalist,0,3
18227,Routine Generalist,0,3
18228,Routine Tech,0,2
18229,Promo Hunter,1,3
18230,Routine Generalist,0,3
18231,Engaged Family Provisioner,2,1
18232,Engaged Generalist,2,3
18234,Engaged Generalist,2,3
18235,Routine Generalist,0,3
18236,Promo Hunter,1,3
18238,Engaged Generalist,2,3
18241,Engaged Generalist,2,3
18244,Routine Young Parents,0,0
18245,Routine Tech,0,2
18246,Engaged Generalist,2,3
18247,Routine Tech,0,2
18249,Routine Tech,0,2
18250,Routine Family Provisioner,0,1
18251,Promo Hunter,1,3
18252,Engaged Generalist,2,3
18254,Routine Young Parents,0,0
18256,Promo Hunter,1,3
18257,Routine Generalist,0,3
18258,Promo Hunter,1,3
18260,Routine Generalist,0,3
18261,Routine Tech,0,2
18262,Engaged Generalist,2,3
18263,Engaged Generalist,2,3
18264,Promo Hunter,1,3
18266,Promo Hunter,1,3
18268,Routine Young Parents,0,0
18270,Routine Generalist,0,3
18272,Routine Young Parents,0,0
18273,Engaged Family Provisioner,2,1
18275,Engaged Generalist,2,3
18276,Routine Generalist,0,3
18277,Promo Hunter,1,3
18278,Promo Hunter,1,3
18279,Engaged Generalist,2,3
18284,Routine Family Provisioner,0,1
18285,Routine Young Parents,0,0
18286,Routine Young Parents,0,0
18287,Routine Young Parents,0,0
18288,Promo Hunter,1,1
18289,Engaged Family Provisioner,2,1
18290,Routine Tech,0,2
18291,Routine Generalist,0,3
18292,Promo Hunter,1,3
18293,Routine Tech,0,2
18294,Promo Hunter,1,1
18295,Promo Hunter,1,1
18296,Routine Young Parents,0,0
18297,Routine Generalist,0,3
18298,Routine Generalist,0,3
18299,Promo Hunter,1,3
18300,Routine Young Parents,0,0
18301,Promo Hunter,1,3
18305,Engaged Generalist,2,3
18306,Promo Hunter,1,3
18307,Engaged Generalist,2,3
18308,Engaged Generalist,2,3
18309,Routine Tech,0,2
18311,Routine Young Parents,0,0
18312,Routine Young Parents,0,0
18313,Engaged Generalist,2,3
18314,Promo Hunter,1,3
18315,Routine Young Parents,0,0
18316,Routine Young Parents,0,0
18317,Engaged Generalist,2,3
18318,Routine Young Parents,0,0
18319,Routine Generalist,0,3
18320,Promo Hunter,1,2
18323,Routine Generalist,0,3
18324,Promo Hunter,1,3
18327,Routine Generalist,0,3
18328,Routine Young Parents,0,0
18329,Promo Hunter,1,1
18330,Routine Young Parents,0,0
18331,Routine Generalist,0,3
18332,Engaged Generalist,2,3
18333,Promo Hunter,1,3
18334,Routine Generalist,0,3
18335,Engaged Generalist,2,3
18336,Routine Generalist,0,3
18337,Promo Hunter,1,3
18338,Engaged Generalist,2,3
18339,Routine Generalist,0,3
18340,Engaged Generalist,2,3
18341,Routine Young Parents,0,0
18343,Promo Hunter,1,3
18344,Routine Young Parents,0,0
18345,Routine Generalist,0,3
18346,Routine Young Parents,0,0
18347,Promo Hunter,1,3
18348,Routine Tech,0,2
18350,Routine Young Parents,0,0
18353,Engaged Generalist,2,3
18354,Routine Generalist,0,3
18355,Engaged Generalist,2,3
18356,Engaged Generalist,2,3
18357,Routine Family Provisioner,0,1
18358,Promo Hunter,1,3
18359,Routine Generalist,0,3
18360,Engaged Generalist,2,3
18361,Promo Hunter,1,3
18362,Engaged Generalist,2,3
18363,Promo Hunter,1,3
18364,Promo Hunter,1,3
18366,Promo Hunter,1,3
18367,Routine Generalist,0,3
18368,Engaged Generalist,2,3
18369,Promo Hunter,1,1
18370,Routine Young Parents,0,0
18371,Routine Family Provisioner,0,1
18373,Engaged Generalist,2,3
18374,Routine Family Provisioner,0,1
18375,Routine Young Parents,0,0
18376,Routine Young Parents,0,0
18378,Routine Generalist,0,3
18379,Engaged Generalist,2,3
18380,Promo Hunter,1,3
18381,Routine Tech,0,2
18382,Routine Family Provisioner,0,1
18384,Routine Young Parents,0,0
18385,Routine Generalist,0,3
18386,Engaged Generalist,2,3
18387,Routine Generalist,0,3
18388,Promo Hunter,1,3
18389,Engaged Generalist,2,3
18391,Promo Hunter,1,3
18392,Routine Generalist,0,3
18393,Routine Generalist,0,3
18394,Routine Tech,0,2
18395,Routine Young Parents,0,0
18396,Routine Generalist,0,3
18397,Routine Tech,0,2
18398,Promo Hunter,1,3
18400,Routine Young Parents,0,0
18401,Engaged Generalist,2,3
18402,Engaged Generalist,2,3
18403,Routine Young Parents,0,0
18404,Engaged Family Provisioner,2,1
18405,Engaged Family Provisioner,2,1
18409,Promo Hunter,1,3
18410,Routine Generalist,0,3
18411,Engaged Generalist,2,3
18412,Routine Generalist,0,3
18413,Engaged Generalist,2,3
18414,Routine Tech,0,2
18415,Promo Hunter,1,3
18416,Routine Generalist,0,3
18418,Routine Tech,0,2
18419,Engaged Family Provisioner,2,1
18421,Routine Generalist,0,3
18422,Promo Hunter,1,3
18423,Promo Hunter,1,3
18424,Promo Hunter,1,3
18425,Promo Hunter,1,1
18426,Routine Family Provisioner,0,1
18427,Engaged Generalist,2,3
18428,Routine Family Provisioner,0,1
18429,Engaged Generalist,2,3
18430,Routine Tech,0,2
18431,Routine Young Parents,0,0
18432,Routine Young Parents,0,0
18433,Promo Hunter,1,3
18435,Routine Young Parents,0,0
18436,Routine Generalist,0,3
18437,Promo Hunter,1,3
18438,Routine Tech,0,2
18440,Engaged Generalist,2,3
18441,Routine Tech,0,2
18442,Routine Tech,0,2
18443,Routine Generalist,0,3
18444,Routine Tech,0,2
18445,Routine Tech,0,2
18446,Routine Generalist,0,3
18447,Engaged Generalist,2,3
18448,Promo Hunter,1,3
18449,Engaged Generalist,2,3
18450,Routine Young Parents,0,0
18451,Routine Family Provisioner,0,1
18452,Routine Generalist,0,3
18453,Routine Tech,0,2
18454,Promo Hunter,1,1
18455,Routine Generalist,0,3
18457,Promo Hunter,1,3
18458,Engaged Generalist,2,3
18460,Promo Hunter,1,3
18461,Routine Young Parents,0,0
18462,Engaged Generalist,2,3
18463,Routine Generalist,0,3
18464,Engaged Generalist,2,3
18465,Routine Tech,0,2
18466,Routine Tech,0,2
18467,Routine Generalist,0,3
18468,Engaged Generalist,2,3
18472,Engaged Generalist,2,3
18473,Engaged Generalist,2,3
18474,Routine Tech,0,2
18475,Promo Hunter,1,1
18476,Engaged Generalist,2,3
18477,Routine Tech,0,2
18479,Engaged Generalist,2,3
18480,Promo Hunter,1,3
18481,Routine Generalist,0,3
18482,Engaged Generalist,2,3
18484,Promo Hunter,1,3
18485,Routine Generalist,0,3
18486,Routine Family Provisioner,0,1
18487,Routine Young Parents,0,0
18489,Engaged Generalist,2,3
18490,Routine Family Provisioner,0,1
18492,Routine Young Parents,0,0
18493,Promo Hunter,1,3
18495,Routine Generalist,0,3
18497,Routine Young Parents,0,0
18499,Engaged Generalist,2,3
18500,Engaged Generalist,2,3
18501,Routine Generalist,0,3
18503,Routine Generalist,0,3
18504,Promo Hunter,1,1
18505,Routine Young Parents,0,0
18507,Engaged Generalist,2,3
18508,Engaged Generalist,2,3
18509,Promo Hunter,1,3
18510,Engaged Generalist,2,3
18511,Promo Hunter,1,3
18512,Routine Generalist,0,3
18513,Engaged Generalist,2,3
18514,Routine Generalist,0,3
18515,Engaged Generalist,2,3
18517,Routine Generalist,0,3
18518,Routine Young Parents,0,0
18519,Routine Tech,0,2
18520,Routine Family Provisioner,0,1
18521,Routine Young Parents,0,0
18522,Engaged Generalist,2,3
18524,Engaged Generalist,2,3
18525,Routine Tech,0,2
18526,Routine Tech,0,2
18527,Routine Young Parents,0,0
18528,Routine Generalist,0,3
18529,Promo Hunter,1,3
18530,Routine Tech,0,2
18531,Promo Hunter,1,3
18533,Routine Generalist,0,3
18534,Engaged Generalist,2,3
18536,Routine Tech,0,2
18537,Engaged Generalist,2,3
18538,Engaged Generalist,2,3
18539,Routine Generalist,0,3
18542,Routine Generalist,0,3
18544,Promo Hunter,1,3
18545,Engaged Generalist,2,3
18547,Engaged Generalist,2,3
18548,Promo Hunter,1,3
18549,Engaged Generalist,2,3
18550,Engaged Generalist,2,3
18551,Engaged Generalist,2,3
18552,Promo Hunter,1,3
18553,Engaged Generalist,2,3
18554,Engaged Generalist,2,3
18555,Routine Generalist,0,3
18556,Routine Generalist,0,3
18557,Routine Generalist,0,3
18558,Engaged Generalist,2,3
18559,Routine Young Parents,0,0
18560,Engaged Generalist,2,3
18561,Engaged Generalist,2,3
18563,Routine Generalist,0,3
18564,Engaged Generalist,2,3
18565,Routine Generalist,0,3
18566,Routine Generalist,0,3
18567,Engaged Generalist,2,3
18568,Routine Tech,0,2
18569,Engaged Generalist,2,3
18570,Routine Generalist,0,3
18571,Promo Hunter,1,3
18572,Routine Generalist,0,3
18573,Engaged Generalist,2,3
18574,Promo Hunter,1,0
18577,Engaged Generalist,2,3
18578,Routine Generalist,0,3
18579,Routine Young Parents,0,0
18580,Routine Young Parents,0,0
18581,Routine Tech,0,2
18582,Routine Young Parents,0,0
18583,Routine Tech,0,2
18584,Routine Young Parents,0,0
18586,Engaged Generalist,2,3
18587,Routine Young Parents,0,0
18588,Routine Generalist,0,3
18589,Routine Young Parents,0,0
18590,Routine Generalist,0,3
18591,Routine Young Parents,0,0
18592,Routine Generalist,0,3
18593,Routine Young Parents,0,0
18594,Promo Hunter,1,0
18595,Engaged Generalist,2,3
18596,Routine Generalist,0,3
18597,Routine Generalist,0,3
18600,Routine Tech,0,2
18601,Promo Hunter,1,3
18602,Routine Generalist,0,3
18603,Routine Young Parents,0,0
18605,Routine Tech,0,2
18608,Routine Young Parents,0,0
18609,Routine Young Parents,0,0
18610,Engaged Family Provisioner,2,1
18611,Routine Tech,0,2
18612,Routine Generalist,0,3
18613,Routine Generalist,0,3
18614,Routine Young Parents,0,0
18615,Routine Generalist,0,3
18616,Engaged Generalist,2,3
18617,Routine Young Parents,0,0
18618,Routine Generalist,0,3
18620,Routine Young Parents,0,0
18621,Promo Hunter,1,3
18622,Promo Hunter,1,3
18624,Engaged Family Provisioner,2,1
18625,Routine Tech,0,2
18626,Routine Generalist,0,3
18627,Routine Young Parents,0,0
18628,Engaged Generalist,2,3
18629,Routine Generalist,0,3
18631,Routine Generalist,0,3
18632,Routine Generalist,0,3
18633,Routine Generalist,0,3
18634,Promo Hunter,1,3
18636,Routine Family Provisioner,0,1
18637,Routine Generalist,0,3
18641,Routine Generalist,0,3
18643,Routine Tech,0,2
18644,Routine Generalist,0,3
18645,Engaged Family Provisioner,2,1
18646,Routine Generalist,0,3
18647,Routine Generalist,0,3
18648,Routine Generalist,0,3
18650,Promo Hunter,1,3
18651,Routine Young Parents,0,0
18652,Routine Generalist,0,3
18653,Promo Hunter,1,1
18654,Engaged Generalist,2,3
18657,Routine Generalist,0,3
18658,Routine Young Parents,0,0
18659,Routine Family Provisioner,0,1
18660,Routine Tech,0,2
18661,Engaged Generalist,2,3
18662,Routine Generalist,0,3
18664,Routine Tech,0,2
18665,Routine Tech,0,2
18666,Routine Young Parents,0,0
18667,Promo Hunter,1,3
18668,Promo Hunter,1,3
18669,Promo Hunter,1,3
18671,Routine Generalist,0,3
18672,Routine Generalist,0,3
18673,Routine Generalist,0,3
18674,Promo Hunter,1,3
18675,Promo Hunter,1,3
18676,Routine Generalist,0,3
18677,Promo Hunter,1,3
18678,Routine Tech,0,2
18680,Routine Tech,0,2
18681,Promo Hunter,1,1
18682,Routine Generalist,0,3
18683,Promo Hunter,1,3
18684,Promo Hunter,1,3
18685,Engaged Generalist,2,3
18687,Engaged Generalist,2,3
18688,Engaged Generalist,2,3
18689,Routine Tech,0,2
18690,Routine Generalist,0,3
18691,Engaged Generalist,2,3
18692,Engaged Generalist,2,3
18693,Routine Tech,0,2
18694,Routine Tech,0,2
18695,Promo Hunter,1,3
18696,Routine Young Parents,0,0
18697,Engaged Generalist,2,3
18698,Routine Young Parents,0,0
18699,Engaged Generalist,2,3
18700,Engaged Generalist,2,3
18701,Routine Generalist,0,3
18702,Engaged Generalist,2,3
18703,Routine Generalist,0,3
18705,Promo Hunter,1,3
18707,Routine Generalist,0,3
18708,Routine Young Parents,0,0
18709,Routine Young Parents,0,0
18710,Promo Hunter,1,3
18711,Engaged Generalist,2,3
18712,Routine Generalist,0,3
18713,Routine Young Parents,0,0
18715,Promo Hunter,1,1
18716,Promo Hunter,1,3
18717,Routine Young Parents,0,0
18718,Routine Generalist,0,3
18719,Routine Tech,0,2
18720,Routine Generalist,0,3
18722,Routine Family Provisioner,0,1
18723,Engaged Generalist,2,3
18724,Routine Generalist,0,3
18725,Routine Family Provisioner,0,1
18726,Engaged Generalist,2,3
18727,Routine Young Parents,0,0
18728,Routine Generalist,0,3
18729,Promo Hunter,1,3
18730,Routine Generalist,0,3
18731,Engaged Generalist,2,3
18732,Routine Young Parents,0,0
18733,Promo Hunter,1,3
18734,Routine Generalist,0,3
18735,Engaged Generalist,2,3
18738,Routine Tech,0,2
18739,Promo Hunter,1,1
18742,Routine Generalist,0,3
18743,Routine Young Parents,0,0
18745,Routine Young Parents,0,0
18746,Engaged Generalist,2,3
18747,Routine Generalist,0,3
18748,Engaged Generalist,2,3
18749,Routine Young Parents,0,0
18750,Routine Tech,0,2
18751,Engaged Generalist,2,3
18752,Engaged Generalist,2,3
18754,Routine Tech,0,2
18755,Engaged Family Provisioner,2,1
18756,Promo Hunter,1,3
18757,Promo Hunter,1,1
18758,Promo Hunter,1,3
18759,Routine Tech,0,2
18760,Routine Tech,0,2
18761,Engaged Generalist,2,3
18762,Engaged Generalist,2,3
18763,Routine Young Parents,0,0
18765,Routine Generalist,0,3
18766,Routine Young Parents,0,0
18767,Promo Hunter,1,3
18768,Engaged Generalist,2,3
18769,Engaged Generalist,2,3
18770,Routine Generalist,0,3
18772,Engaged Generalist,2,3
18773,Routine Generalist,0,3
18774,Routine Young Parents,0,0
18775,Routine Generalist,0,3
18776,Routine Generalist,0,3
18777,Engaged Generalist,2,3
18778,Routine Generalist,0,3
18779,Routine Generalist,0,3
18780,Promo Hunter,1,0
18781,Routine Generalist,0,3
18782,Engaged Family Provisioner,2,1
18783,Promo Hunter,1,3
18785,Engaged Generalist,2,3
18786,Engaged Generalist,2,3
18787,Engaged Generalist,2,3
18788,Engaged Generalist,2,3
18789,Engaged Generalist,2,3
18790,Engaged Family Provisioner,2,1
18791,Engaged Generalist,2,3
18794,Routine Generalist,0,3
18795,Engaged Generalist,2,3
18796,Routine Generalist,0,3
18797,Routine Tech,0,2
18798,Routine Generalist,0,3
18799,Promo Hunter,1,1
18800,Routine Generalist,0,3
18801,Routine Generalist,0,3
18802,Engaged Generalist,2,3
18803,Routine Generalist,0,3
18804,Routine Tech,0,2
18805,Routine Family Provisioner,0,1
18806,Promo Hunter,1,2
18807,Routine Family Provisioner,0,1
18808,Promo Hunter,1,3
18809,Engaged Generalist,2,3
18810,Routine Generalist,0,3
18811,Engaged Generalist,2,3
18812,Promo Hunter,1,1
18814,Routine Young Parents,0,0
18815,Engaged Generalist,2,3
18816,Routine Generalist,0,3
18817,Routine Generalist,0,3
18818,Routine Young Parents,0,0
18820,Promo Hunter,1,3
18821,Routine Generalist,0,3
18822,Engaged Generalist,2,3
18823,Promo Hunter,1,3
18824,Routine Generalist,0,3
18825,Routine Tech,0,2
18826,Routine Young Parents,0,0
18827,Engaged Generalist,2,3
18828,Routine Generalist,0,3
18830,Routine Young Parents,0,0
18831,Routine Generalist,0,3
18837,Routine Young Parents,0,0
18838,Promo Hunter,1,3
18839,Engaged Generalist,2,3
18840,Routine Young Parents,0,0
18841,Routine Generalist,0,3
18842,Routine Tech,0,2
18843,Engaged Generalist,2,3
18844,Engaged Family Provisioner,2,1
18845,Routine Tech,0,2
18846,Routine Generalist,0,3
18847,Routine Generalist,0,3
18849,Routine Tech,0,2
18850,Engaged Generalist,2,3
18851,Engaged Generalist,2,3
18852,Routine Young Parents,0,0
18853,Engaged Generalist,2,3
18854,Routine Generalist,0,3
18855,Engaged Generalist,2,3
18857,Promo Hunter,1,3
18859,Promo Hunter,1,1
18860,Routine Generalist,0,3
18861,Routine Young Parents,0,0
18862,Routine Young Parents,0,0
18863,Routine Generalist,0,3
18864,Promo Hunter,1,3
18865,Routine Young Parents,0,0
18866,Engaged Generalist,2,3
18867,Engaged Family Provisioner,2,1
18868,Promo Hunter,1,3
18869,Engaged Generalist,2,3
18870,Routine Young Parents,0,0
18872,Engaged Generalist,2,3
18874,Routine Generalist,0,3
18875,Routine Generalist,0,3
18879,Promo Hunter,1,3
18880,Routine Generalist,0,3
18881,Routine Young Parents,0,0
18883,Engaged Generalist,2,3
18884,Routine Generalist,0,3
18885,Routine Generalist,0,3
18886,Engaged Generalist,2,3
18887,Routine Young Parents,0,0
18888,Engaged Generalist,2,3
18889,Engaged Generalist,2,3
18890,Routine Tech,0,2
18891,Routine Generalist,0,3
18892,Promo Hunter,1,3
18893,Promo Hunter,1,3
18894,Routine Generalist,0,3
18895,Routine Tech,0,2
18896,Engaged Family Provisioner,2,1
18897,Promo Hunter,1,1
18898,Routine Family Provisioner,0,1
18899,Routine Young Parents,0,0
18900,Promo Hunter,1,3
18901,Routine Tech,0,2
18902,Routine Generalist,0,3
18903,Routine Generalist,0,3
18904,Engaged Generalist,2,3
18905,Routine Generalist,0,3
18906,Engaged Generalist,2,3
18908,Routine Generalist,0,3
18909,Engaged Generalist,2,3
18910,Engaged Generalist,2,3
18911,Routine Generalist,0,3
18914,Engaged Generalist,2,3
18915,Engaged Generalist,2,3
18916,Routine Young Parents,0,0
18917,Routine Tech,0,2
18918,Routine Tech,0,2
18919,Routine Young Parents,0,0
18920,Routine Generalist,0,3
18921,Routine Family Provisioner,0,1
18922,Routine Tech,0,2
18923,Routine Young Parents,0,0
18924,Promo Hunter,1,3
18925,Routine Young Parents,0,0
18926,Promo Hunter,1,3
18928,Routine Generalist,0,3
18929,Promo Hunter,1,3
18930,Routine Young Parents,0,0
18931,Routine Young Parents,0,0
18932,Engaged Generalist,2,3
18933,Promo Hunter,1,1
18934,Engaged Generalist,2,3
18935,Engaged Generalist,2,3
18936,Promo Hunter,1,3
18937,Routine Young Parents,0,0
18939,Routine Young Parents,0,0
18940,Promo Hunter,1,1
18941,Routine Generalist,0,3
18942,Promo Hunter,1,3
18943,Engaged Generalist,2,3
18945,Routine Young Parents,0,0
18946,Engaged Generalist,2,3
18947,Routine Generalist,0,3
18948,Routine Generalist,0,3
18949,Engaged Generalist,2,3
18950,Engaged Generalist,2,3
18951,Engaged Family Provisioner,2,1
18952,Routine Generalist,0,3
18953,Engaged Generalist,2,3
18954,Engaged Generalist,2,3
18955,Routine Tech,0,2
18957,Promo Hunter,1,3
18958,Routine Generalist,0,3
18960,Engaged Generalist,2,3
18961,Routine Family Provisioner,0,1
18962,Routine Generalist,0,3
18963,Promo Hunter,1,3
18964,Routine Generalist,0,3
18965,Engaged Family Provisioner,2,1
18966,Routine Generalist,0,3
18967,Routine Young Parents,0,0
18968,Engaged Generalist,2,3
18969,Routine Young Parents,0,0
18971,Engaged Generalist,2,3
18972,Engaged Generalist,2,3
18973,Promo Hunter,1,3
18974,Routine Young Parents,0,0
18975,Promo Hunter,1,1
18977,Routine Tech,0,2
18978,Engaged Generalist,2,3
18979,Promo Hunter,1,3
18980,Routine Generalist,0,3
18981,Promo Hunter,1,3
18982,Promo Hunter,1,3
18983,Routine Young Parents,0,0
18984,Engaged Generalist,2,3
18985,Routine Young Parents,0,0
18986,Routine Young Parents,0,0
18988,Engaged Generalist,2,3
18989,Routine Tech,0,2
18990,Routine Young Parents,0,0
18991,Routine Young Parents,0,0
18992,Engaged Generalist,2,3
18993,Engaged Family Provisioner,2,1
18994,Promo Hunter,1,3
18995,Routine Generalist,0,3
18996,Engaged Generalist,2,3
18997,Routine Young Parents,0,0
18998,Routine Generalist,0,3
18999,Routine Young Parents,0,0
19000,Routine Generalist,0,3
19001,Engaged Generalist,2,0
19002,Engaged Generalist,2,3
19003,Engaged Generalist,2,3
19004,Engaged Generalist,2,3
19005,Promo Hunter,1,3
19006,Routine Generalist,0,3
19007,Routine Generalist,0,3
19008,Engaged Generalist,2,3
19009,Routine Young Parents,0,0
19010,Routine Young Parents,0,0
19013,Engaged Generalist,2,3
19014,Engaged Generalist,2,3
19015,Engaged Generalist,2,3
19016,Engaged Generalist,2,3
19017,Routine Young Parents,0,0
19018,Promo Hunter,1,3
19019,Routine Tech,0,2
19020,Engaged Generalist,2,3
19021,Routine Generalist,0,3
19022,Engaged Family Provisioner,2,1
19025,Routine Tech,0,2
19029,Engaged Generalist,2,3
19030,Routine Tech,0,2
19031,Promo Hunter,1,3
19032,Engaged Generalist,2,3
19033,Routine Tech,0,2
19034,Routine Young Parents,0,0
19035,Routine Tech,0,2
19036,Engaged Generalist,2,3
19037,Promo Hunter,1,3
19038,Promo Hunter,1,1
19039,Routine Young Parents,0,0
19040,Routine Generalist,0,3
19041,Routine Generalist,0,3
19042,Engaged Generalist,2,3
19043,Routine Generalist,0,3
19045,Engaged Generalist,2,3
19046,Routine Young Parents,0,0
19047,Routine Young Parents,0,0
19048,Routine Generalist,0,3
19049,Engaged Generalist,2,3
19050,Routine Young Parents,0,0
19051,Routine Generalist,0,3
19052,Routine Generalist,0,3
19053,Routine Family Provisioner,0,1
19054,Promo Hunter,1,3
19055,Routine Tech,0,2
19056,Engaged Generalist,2,3
19057,Routine Young Parents,0,0
19058,Engaged Generalist,2,3
19060,Promo Hunter,1,1
19061,Engaged Generalist,2,3
19062,Routine Tech,0,2
19063,Routine Tech,0,2
19064,Promo Hunter,1,1
19065,Engaged Generalist,2,3
19066,Promo Hunter,1,3
19068,Promo Hunter,1,3
19069,Routine Generalist,0,3
19070,Routine Tech,0,2
19071,Engaged Generalist,2,3
19072,Routine Generalist,0,3
19073,Routine Young Parents,0,0
19074,Engaged Generalist,2,3
19076,Routine Young Parents,0,0
19077,Engaged Generalist,2,3
19078,Engaged Generalist,2,3
19080,Routine Young Parents,0,0
19084,Routine Family Provisioner,0,1
19086,Engaged Generalist,2,3
19087,Promo Hunter,1,3
19088,Engaged Generalist,2,3
19090,Promo Hunter,1,3
19092,Routine Generalist,0,3
19093,Routine Generalist,0,3
19094,Engaged Generalist,2,3
19095,Routine Generalist,0,3
19096,Routine Tech,0,2
19097,Routine Generalist,0,3
19098,Engaged Generalist,2,3
19099,Routine Family Provisioner,0,1
19100,Routine Generalist,0,3
19101,Promo Hunter,1,3
19102,Routine Generalist,0,3
19103,Promo Hunter,1,3
19106,Routine Young Parents,0,0
19107,Routine Tech,0,2
19108,Routine Generalist,0,3
19109,Routine Generalist,0,3
19110,Engaged Generalist,2,3
19112,Promo Hunter,1,3
19113,Routine Tech,0,2
19114,Engaged Generalist,2,3
19115,Promo Hunter,1,0
19117,Routine Tech,0,2
19118,Routine Family Provisioner,0,1
19119,Routine Generalist,0,3
19120,Engaged Generalist,2,3
19121,Engaged Generalist,2,3
19122,Routine Young Parents,0,0
19123,Engaged Generalist,2,3
19125,Routine Generalist,0,3
19126,Promo Hunter,1,1
19127,Routine Generalist,0,3
19129,Routine Generalist,0,3
19131,Engaged Generalist,2,3
19132,Engaged Generalist,2,3
19133,Promo Hunter,1,3
19134,Routine Young Parents,0,0
19135,Routine Tech,0,2
19136,Promo Hunter,1,3
19137,Routine Tech,0,2
19138,Routine Generalist,0,3
19139,Routine Tech,0,2
19140,Engaged Generalist,2,3
19141,Routine Generalist,0,3
19142,Engaged Family Provisioner,2,1
19143,Promo Hunter,1,1
19144,Routine Generalist,0,3
19145,Routine Young Parents,0,0
19146,Promo Hunter,1,3
19147,Promo Hunter,1,3
19148,Engaged Generalist,2,3
19150,Engaged Generalist,2,3
19151,Routine Family Provisioner,0,1
19152,Promo Hunter,1,3
19153,Promo Hunter,1,3
19154,Routine Generalist,0,3
19155,Promo Hunter,1,3
19156,Routine Generalist,0,3
19158,Routine Tech,0,2
19159,Routine Generalist,0,3
19160,Routine Young Parents,0,0
19161,Routine Young Parents,0,0
19162,Routine Generalist,0,3
19164,Engaged Generalist,2,3
19167,Routine Generalist,0,3
19168,Promo Hunter,1,3
19169,Routine Generalist,0,3
19171,Routine Generalist,0,3
19173,Routine Generalist,0,3
19174,Engaged Generalist,2,3
19175,Engaged Generalist,2,3
19176,Promo Hunter,1,2
19177,Promo Hunter,1,0
19178,Routine Young Parents,0,0
19179,Routine Family Provisioner,0,1
19182,Routine Generalist,0,3
19183,Engaged Generalist,2,3
19185,Engaged Generalist,2,3
19186,Engaged Generalist,2,3
19187,Promo Hunter,1,1
19188,Routine Young Parents,0,0
19189,Routine Generalist,0,3
19190,Promo Hunter,1,3
19191,Routine Generalist,0,3
19192,Routine Tech,0,2
19194,Promo Hunter,1,3
19195,Promo Hunter,1,1
19197,Engaged Generalist,2,3
19198,Engaged Generalist,2,3
19199,Routine Generalist,0,3
19200,Routine Generalist,0,3
19201,Routine Generalist,0,3
19202,Routine Young Parents,0,0
19204,Promo Hunter,1,1
19205,Promo Hunter,1,3
19206,Routine Young Parents,0,0
19207,Routine Generalist,0,3
19208,Routine Young Parents,0,0
19209,Routine Generalist,0,3
19210,Routine Family Provisioner,0,1
19211,Routine Generalist,0,3
19212,Engaged Generalist,2,3
19213,Engaged Family Provisioner,2,1
19214,Routine Tech,0,2
19215,Routine Generalist,0,3
19218,Promo Hunter,1,3
19219,Routine Generalist,0,3
19220,Engaged Generalist,2,3
19221,Engaged Generalist,2,3
19223,Routine Tech,0,2
19224,Engaged Generalist,2,3
19225,Routine Young Parents,0,0
19226,Routine Generalist,0,3
19227,Routine Generalist,0,3
19228,Routine Generalist,0,3
19230,Engaged Generalist,2,3
19231,Engaged Generalist,2,3
19232,Routine Generalist,0,3
19233,Routine Generalist,0,3
19234,Engaged Generalist,2,3
19235,Engaged Generalist,2,3
19236,Engaged Generalist,2,3
19238,Routine Generalist,0,3
19240,Routine Generalist,0,3
19241,Promo Hunter,1,3
19242,Routine Generalist,0,3
19243,Engaged Generalist,2,3
19244,Routine Generalist,0,3
19245,Engaged Generalist,2,3
19246,Engaged Family Provisioner,2,1
19247,Promo Hunter,1,3
19248,Routine Young Parents,0,0
19249,Engaged Generalist,2,3
19250,Routine Tech,0,2
19251,Promo Hunter,1,3
19252,Engaged Generalist,2,3
19253,Routine Young Parents,0,0
19255,Engaged Generalist,2,3
19256,Routine Generalist,0,3
19257,Engaged Generalist,2,3
19258,Promo Hunter,1,1
19259,Routine Family Provisioner,0,1
19261,Promo Hunter,1,3
19262,Routine Generalist,0,3
19263,Routine Generalist,0,3
19264,Routine Generalist,0,3
19265,Promo Hunter,1,3
19266,Routine Generalist,0,3
19268,Engaged Generalist,2,3
19269,Promo Hunter,1,3
19270,Routine Generalist,0,3
19272,Engaged Generalist,2,3
19273,Routine Generalist,0,3
19275,Promo Hunter,1,3
19276,Routine Generalist,0,3
19277,Routine Young Parents,0,0
19278,Engaged Generalist,2,3
19279,Promo Hunter,1,3
19280,Engaged Generalist,2,3
19281,Routine Young Parents,0,0
19282,Routine Generalist,0,3
19283,Promo Hunter,1,3
19284,Engaged Generalist,2,3
19285,Routine Generalist,0,3
19287,Routine Tech,0,2
19288,Routine Young Parents,0,0
19289,Engaged Generalist,2,3
19290,Routine Generalist,0,3
19292,Engaged Generalist,2,3
19293,Engaged Generalist,2,3
19295,Routine Tech,0,2
19296,Routine Generalist,0,3
19297,Routine Generalist,0,3
19298,Engaged Generalist,2,3
19299,Routine Generalist,0,3
19300,Routine Tech,0,2
19301,Routine Tech,0,2
19302,Routine Tech,0,2
19303,Promo Hunter,1,3
19305,Routine Tech,0,2
19306,Engaged Family Provisioner,2,1
19308,Promo Hunter,1,3
19309,Routine Generalist,0,3
19310,Routine Generalist,0,3
19311,Promo Hunter,1,3
19312,Promo Hunter,1,3
19313,Routine Tech,0,2
19314,Routine Family Provisioner,0,1
19315,Routine Young Parents,0,0
19316,Engaged Generalist,2,0
19317,Routine Family Provisioner,0,1
19318,Routine Generalist,0,3
19319,Promo Hunter,1,3
19321,Routine Generalist,0,3
19322,Routine Generalist,0,3
19323,Engaged Generalist,2,3
19324,Promo Hunter,1,3
19325,Routine Generalist,0,3
19327,Routine Young Parents,0,0
19328,Routine Young Parents,0,0
19329,Engaged Generalist,2,3
19330,Routine Generalist,0,3
19331,Routine Generalist,0,3
19332,Engaged Family Provisioner,2,1
19333,Routine Young Parents,0,0
19334,Routine Generalist,0,3
19335,Promo Hunter,1,3
19336,Routine Generalist,0,3
19337,Routine Tech,0,2
19339,Promo Hunter,1,1
19342,Routine Young Parents,0,0
19343,Routine Tech,0,2
19344,Routine Generalist,0,3
19345,Routine Generalist,0,3
19346,Promo Hunter,1,3
19347,Routine Generalist,0,3
19349,Routine Generalist,0,3
19350,Promo Hunter,1,3
19351,Promo Hunter,1,3
19352,Engaged Generalist,2,3
19353,Routine Family Provisioner,0,1
19354,Promo Hunter,1,1
19355,Routine Tech,0,2
19356,Engaged Generalist,2,3
19357,Routine Generalist,0,3
19358,Routine Generalist,0,3
19359,Routine Generalist,0,3
19360,Routine Generalist,0,3
19362,Promo Hunter,1,3
19363,Engaged Generalist,2,3
19367,Engaged Generalist,2,3
19368,Promo Hunter,1,3
19369,Routine Tech,0,2
19370,Promo Hunter,1,3
19371,Routine Generalist,0,3
19372,Promo Hunter,1,2
19374,Promo Hunter,1,3
19375,Engaged Generalist,2,3
19377,Routine Generalist,0,3
19378,Routine Young Parents,0,0
19379,Engaged Generalist,2,3
19380,Routine Generalist,0,3
19381,Routine Young Parents,0,0
19383,Engaged Generalist,2,3
19385,Routine Tech,0,2
19386,Engaged Generalist,2,3
19387,Engaged Generalist,2,3
19388,Engaged Generalist,2,3
19390,Engaged Generalist,2,3
19392,Engaged Generalist,2,3
19394,Routine Young Parents,0,0
19396,Promo Hunter,1,1
19397,Routine Young Parents,0,0
19398,Routine Generalist,0,3
19399,Routine Generalist,0,3
19400,Engaged Generalist,2,3
19401,Routine Generalist,0,3
19402,Routine Tech,0,2
19403,Routine Generalist,0,3
19407,Engaged Generalist,2,3
19409,Engaged Generalist,2,3
19410,Engaged Generalist,2,3
19411,Routine Generalist,0,3
19412,Routine Generalist,0,3
19414,Routine Young Parents,0,0
19415,Routine Generalist,0,3
19416,Engaged Generalist,2,3
19417,Engaged Generalist,2,3
19419,Routine Tech,0,2
19420,Routine Family Provisioner,0,1
19421,Routine Generalist,0,3
19422,Routine Tech,0,2
19423,Promo Hunter,1,3
19424,Routine Young Parents,0,0
19425,Promo Hunter,1,3
19426,Routine Generalist,0,3
19427,Routine Generalist,0,3
19428,Engaged Generalist,2,3
19429,Routine Young Parents,0,0
19431,Routine Young Parents,0,0
19432,Routine Young Parents,0,0
19433,Routine Young Parents,0,0
19434,Routine Generalist,0,3
19435,Routine Tech,0,2
19436,Promo Hunter,1,3
19438,Engaged Generalist,2,3
19439,Promo Hunter,1,1
19441,Engaged Generalist,2,3
19442,Engaged Generalist,2,3
19444,Engaged Generalist,2,3
19446,Engaged Generalist,2,3
19448,Routine Generalist,0,3
19449,Routine Generalist,0,3
19450,Routine Young Parents,0,0
19452,Routine Family Provisioner,0,1
19453,Routine Generalist,0,3
19454,Promo Hunter,1,3
19455,Routine Generalist,0,3
19457,Routine Young Parents,0,0
19458,Promo Hunter,1,3
19459,Engaged Generalist,2,2
19461,Routine Generalist,0,3
19462,Promo Hunter,1,3
19463,Routine Generalist,0,3
19464,Routine Generalist,0,3
19465,Routine Generalist,0,3
19466,Routine Young Parents,0,0
19467,Promo Hunter,1,3
19468,Routine Generalist,0,3
19469,Promo Hunter,1,3
19470,Engaged Generalist,2,3
19471,Engaged Generalist,2,3
19472,Promo Hunter,1,3
19473,Routine Generalist,0,3
19474,Engaged Generalist,2,3
19476,Promo Hunter,1,3
19477,Routine Young Parents,0,0
19478,Engaged Family Provisioner,2,1
19479,Promo Hunter,1,3
19480,Promo Hunter,1,3
19481,Promo Hunter,1,3
19482,Promo Hunter,1,3
19483,Routine Generalist,0,3
19484,Routine Young Parents,0,0
19485,Engaged Generalist,2,3
19486,Routine Generalist,0,3
19487,Promo Hunter,1,3
19489,Routine Generalist,0,3
19490,Routine Young Parents,0,0
19492,Routine Young Parents,0,0
19493,Promo Hunter,1,3
19494,Promo Hunter,1,3
19495,Routine Generalist,0,3
19496,Routine Young Parents,0,0
19497,Promo Hunter,1,3
19498,Routine Family Provisioner,0,1
19499,Engaged Generalist,2,3
19500,Routine Generalist,0,3
19501,Routine Generalist,0,3
19502,Routine Generalist,0,3
19503,Engaged Family Provisioner,2,1
19504,Promo Hunter,1,3
19505,Routine Generalist,0,3
19506,Routine Tech,0,2
19507,Engaged Generalist,2,3
19508,Engaged Generalist,2,3
19509,Routine Young Parents,0,0
19510,Engaged Generalist,2,3
19511,Routine Generalist,0,3
19513,Routine Generalist,0,3
19514,Promo Hunter,1,3
19515,Engaged Generalist,2,3
19516,Promo Hunter,1,3
19517,Engaged Generalist,2,3
19518,Routine Generalist,0,3
19519,Routine Generalist,0,3
19520,Routine Tech,0,2
19522,Routine Generalist,0,3
19523,Routine Family Provisioner,0,1
19524,Promo Hunter,1,3
19525,Routine Tech,0,2
19526,Promo Hunter,1,1
19527,Routine Family Provisioner,0,1
19528,Routine Tech,0,2
19530,Routine Generalist,0,3
19531,Promo Hunter,1,3
19532,Promo Hunter,1,1
19533,Routine Young Parents,0,0
19534,Routine Young Parents,0,0
19535,Promo Hunter,1,3
19536,Engaged Generalist,2,3
19537,Engaged Generalist,2,3
19538,Routine Generalist,0,3
19539,Routine Generalist,0,3
19540,Promo Hunter,1,3
19541,Routine Generalist,0,3
19542,Routine Generalist,0,3
19544,Engaged Generalist,2,3
19545,Routine Generalist,0,3
19546,Routine Young Parents,0,0
19547,Routine Young Parents,0,0
19548,Routine Tech,0,2
19549,Engaged Generalist,2,3
19550,Routine Generalist,0,3
19551,Engaged Generalist,2,3
19552,Routine Family Provisioner,0,1
19553,Promo Hunter,1,1
19554,Routine Tech,0,2
19555,Engaged Generalist,2,3
19556,Engaged Generalist,2,3
19558,Promo Hunter,1,3
19559,Engaged Generalist,2,3
19560,Routine Young Parents,0,0
19561,Promo Hunter,1,1
19562,Promo Hunter,1,3
19563,Engaged Generalist,2,3
19564,Routine Generalist,0,3
19566,Routine Tech,0,2
19567,Routine Tech,0,2
19569,Routine Young Parents,0,0
19570,Routine Family Provisioner,0,1
19571,Routine Young Parents,0,0
19572,Promo Hunter,1,3
19573,Routine Generalist,0,3
19574,Routine Young Parents,0,0
19575,Routine Generalist,0,3
19576,Promo Hunter,1,3
19577,Routine Young Parents,0,0
19578,Engaged Generalist,2,3
19579,Engaged Generalist,2,3
19580,Routine Generalist,0,3
19581,Routine Generalist,0,3
19582,Engaged Generalist,2,3
19583,Engaged Generalist,2,3
19584,Promo Hunter,1,3
19585,Routine Generalist,0,3
19586,Engaged Generalist,2,0
19587,Routine Generalist,0,3
19588,Promo Hunter,1,3
19590,Routine Generalist,0,3
19591,Engaged Generalist,2,3
19592,Engaged Generalist,2,3
19593,Routine Family Provisioner,0,1
19594,Routine Family Provisioner,0,1
19595,Routine Young Parents,0,0
19596,Promo Hunter,1,3
19597,Routine Generalist,0,3
19598,Promo Hunter,1,3
19599,Promo Hunter,1,3
19600,Engaged Generalist,2,3
19601,Routine Generalist,0,3
19602,Routine Generalist,0,3
19603,Promo Hunter,1,3
19604,Routine Generalist,0,3
19605,Routine Tech,0,2
19606,Routine Generalist,0,3
19607,Routine Generalist,0,3
19608,Engaged Family Provisioner,2,1
19609,Engaged Generalist,2,3
19610,Routine Generalist,0,3
19613,Engaged Generalist,2,3
19614,Engaged Generalist,2,2
19615,Engaged Generalist,2,3
19616,Engaged Generalist,2,3
19618,Engaged Generalist,2,3
19619,Routine Tech,0,2
19621,Engaged Generalist,2,3
19622,Promo Hunter,1,3
19624,Engaged Generalist,2,3
19625,Routine Generalist,0,3
19626,Routine Young Parents,0,0
19627,Engaged Generalist,2,3
19628,Engaged Generalist,2,3
19629,Routine Young Parents,0,0
19630,Routine Young Parents,0,0
19631,Promo Hunter,1,3
19632,Routine Young Parents,0,0
19633,Engaged Generalist,2,3
19635,Promo Hunter,1,3
19636,Routine Tech,0,2
19638,Routine Tech,0,2
19639,Engaged Generalist,2,3
19642,Routine Generalist,0,3
19643,Routine Tech,0,2
19644,Routine Young Parents,0,0
19645,Routine Generalist,0,3
19646,Engaged Generalist,2,3
19647,Routine Young Parents,0,0
19648,Routine Generalist,0,3
19649,Engaged Generalist,2,3
19650,Routine Young Parents,0,0
19651,Promo Hunter,1,3
19653,Engaged Generalist,2,3
19655,Routine Generalist,0,3
19656,Routine Young Parents,0,0
19657,Routine Young Parents,0,0
19658,Routine Generalist,0,3
19659,Routine Generalist,0,3
19660,Promo Hunter,1,3
19662,Promo Hunter,1,3
19663,Routine Generalist,0,3
19664,Routine Young Parents,0,0
19665,Promo Hunter,1,3
19666,Routine Young Parents,0,0
19667,Engaged Generalist,2,3
19668,Routine Generalist,0,3
19669,Routine Young Parents,0,0
19670,Routine Tech,0,2
19671,Routine Generalist,0,3
19673,Routine Young Parents,0,0
19675,Routine Generalist,0,3
19676,Routine Generalist,0,3
19678,Engaged Generalist,2,3
19679,Engaged Generalist,2,3
19680,Routine Generalist,0,3
19681,Promo Hunter,1,3
19682,Routine Young Parents,0,0
19683,Promo Hunter,1,3
19684,Promo Hunter,1,3
19685,Promo Hunter,1,1
19686,Routine Young Parents,0,0
19687,Promo Hunter,1,3
19688,Routine Generalist,0,3
19689,Promo Hunter,1,3
19690,Engaged Generalist,2,3
19691,Routine Young Parents,0,0
19692,Routine Generalist,0,3
19694,Routine Tech,0,2
19695,Routine Generalist,0,3
19697,Routine Young Parents,0,0
19698,Routine Family Provisioner,0,1
19699,Engaged Generalist,2,3
19700,Routine Generalist,0,3
19702,Promo Hunter,1,3
19703,Routine Tech,0,2
19704,Routine Generalist,0,3
19705,Engaged Generalist,2,3
19706,Routine Young Parents,0,0
19707,Routine Generalist,0,3
19709,Promo Hunter,1,3
19710,Engaged Generalist,2,3
19711,Routine Young Parents,0,0
19712,Routine Young Parents,0,0
19713,Routine Tech,0,2
19714,Routine Tech,0,2
19716,Routine Generalist,0,3
19717,Routine Generalist,0,3
19719,Routine Generalist,0,3
19720,Routine Young Parents,0,0
19721,Engaged Generalist,2,3
19722,Engaged Generalist,2,3
19723,Engaged Generalist,2,3
19724,Routine Generalist,0,3
19725,Engaged Generalist,2,3
19727,Promo Hunter,1,3
19728,Engaged Generalist,2,3
19729,Routine Generalist,0,3
19730,Promo Hunter,1,1
19731,Engaged Generalist,2,3
19732,Engaged Generalist,2,3
19734,Routine Family Provisioner,0,1
19735,Routine Generalist,0,3
19736,Routine Generalist,0,3
19737,Routine Young Parents,0,0
19738,Routine Young Parents,0,0
19740,Promo Hunter,1,3
19741,Engaged Generalist,2,3
19742,Routine Generalist,0,3
19743,Routine Young Parents,0,0
19744,Engaged Generalist,2,3
19745,Promo Hunter,1,1
19750,Engaged Generalist,2,3
19751,Routine Generalist,0,3
19752,Routine Young Parents,0,0
19754,Engaged Generalist,2,3
19755,Promo Hunter,1,1
19756,Routine Young Parents,0,0
19757,Routine Young Parents,0,0
19758,Engaged Generalist,2,3
19759,Promo Hunter,1,3
19760,Routine Tech,0,2
19761,Promo Hunter,1,3
19762,Routine Family Provisioner,0,1
19764,Engaged Generalist,2,0
19765,Engaged Generalist,2,3
19766,Engaged Family Provisioner,2,1
19769,Promo Hunter,1,3
19770,Routine Tech,0,2
19772,Routine Generalist,0,3
19773,Engaged Generalist,2,3
19774,Routine Tech,0,2
19775,Promo Hunter,1,3
19776,Engaged Generalist,2,3
19778,Routine Tech,0,2
19779,Engaged Generalist,2,3
19780,Engaged Generalist,2,3
19781,Promo Hunter,1,3
19785,Routine Tech,0,2
19786,Promo Hunter,1,3
19787,Engaged Generalist,2,3
19788,Engaged Generalist,2,3
19789,Routine Generalist,0,3
19790,Promo Hunter,1,1
19792,Engaged Generalist,2,3
19793,Promo Hunter,1,3
19794,Engaged Generalist,2,3
19795,Routine Generalist,0,3
19796,Engaged Generalist,2,3
19797,Routine Young Parents,0,0
19799,Routine Young Parents,0,0
19800,Routine Generalist,0,3
19801,Engaged Generalist,2,3
19802,Routine Young Parents,0,0
19803,Routine Young Parents,0,0
19804,Routine Generalist,0,3
19805,Routine Young Parents,0,0
19806,Routine Generalist,0,3
19808,Engaged Generalist,2,3
19809,Engaged Generalist,2,3
19811,Routine Young Parents,0,0
19813,Engaged Generalist,2,3
19815,Engaged Generalist,2,3
19816,Routine Family Provisioner,0,1
19817,Engaged Generalist,2,3
19818,Promo Hunter,1,3
19819,Promo Hunter,1,3
19820,Engaged Generalist,2,3
19821,Routine Generalist,0,3
19822,Promo Hunter,1,3
19823,Routine Generalist,0,3
19824,Engaged Generalist,2,3
19825,Routine Generalist,0,3
19826,Engaged Generalist,2,3
19827,Routine Generalist,0,3
19828,Routine Generalist,0,3
19830,Engaged Generalist,2,3
19831,Routine Tech,0,2
19832,Routine Young Parents,0,0
19833,Routine Young Parents,0,0
19834,Routine Young Parents,0,0
19835,Routine Tech,0,2
19836,Promo Hunter,1,3
19837,Routine Young Parents,0,0
19838,Routine Tech,0,2
19840,Routine Young Parents,0,0
19841,Routine Young Parents,0,0
19842,Engaged Generalist,2,3
19843,Promo Hunter,1,0
19844,Promo Hunter,1,3
19846,Routine Generalist,0,3
19847,Engaged Generalist,2,3
19848,Promo Hunter,1,3
19849,Engaged Generalist,2,3
19850,Promo Hunter,1,3
19851,Engaged Generalist,2,3
19853,Promo Hunter,1,3
19855,Engaged Generalist,2,3
19857,Engaged Generalist,2,3
19858,Engaged Generalist,2,3
19860,Routine Young Parents,0,0
19861,Routine Tech,0,2
19863,Engaged Generalist,2,3
19864,Routine Family Provisioner,0,1
19866,Routine Tech,0,2
19867,Routine Generalist,0,3
19868,Routine Family Provisioner,0,1
19869,Engaged Generalist,2,3
19870,Routine Tech,0,2
19871,Routine Young Parents,0,0
19872,Routine Young Parents,0,0
19873,Routine Generalist,0,3
19874,Routine Generalist,0,3
19875,Promo Hunter,1,3
19876,Promo Hunter,1,3
19877,Engaged Generalist,2,3
19878,Routine Family Provisioner,0,1
19879,Promo Hunter,1,1
19880,Engaged Generalist,2,3
19881,Engaged Generalist,2,3
19883,Routine Generalist,0,3
19884,Routine Tech,0,2
19885,Routine Tech,0,2
19886,Routine Generalist,0,3
19887,Promo Hunter,1,3
19888,Routine Generalist,0,3
19890,Routine Family Provisioner,0,1
19891,Routine Generalist,0,3
19892,Promo Hunter,1,1
19893,Routine Generalist,0,3
19894,Engaged Generalist,2,3
19895,Routine Generalist,0,3
19896,Routine Young Parents,0,0
19897,Routine Generalist,0,3
19898,Routine Young Parents,0,0
19899,Engaged Generalist,2,3
19900,Routine Generalist,0,3
19902,Engaged Generalist,2,3
19903,Engaged Generalist,2,3
19904,Engaged Generalist,2,3
19905,Routine Generalist,0,3
19906,Promo Hunter,1,1
19907,Promo Hunter,1,3
19909,Routine Generalist,0,3
19910,Engaged Generalist,2,3
19912,Promo Hunter,1,1
19913,Routine Young Parents,0,0
19914,Routine Tech,0,2
19915,Engaged Generalist,2,3
19916,Routine Young Parents,0,0
19917,Routine Young Parents,0,0
19918,Routine Tech,0,2
19919,Promo Hunter,1,1
19920,Engaged Generalist,2,3
19921,Routine Generalist,0,3
19922,Routine Generalist,0,3
19923,Routine Young Parents,0,0
19924,Engaged Generalist,2,3
19925,Engaged Generalist,2,3
19926,Routine Generalist,0,3
19927,Engaged Generalist,2,3
19928,Routine Generalist,0,3
19929,Engaged Generalist,2,3
19930,Routine Tech,0,2
19931,Engaged Family Provisioner,2,1
19932,Promo Hunter,1,3
19934,Promo Hunter,1,3
19935,Routine Tech,0,2
19936,Routine Generalist,0,3
19937,Engaged Generalist,2,3
19939,Routine Tech,0,2
19940,Routine Generalist,0,3
19941,Engaged Generalist,2,3
19944,Engaged Generalist,2,3
19946,Engaged Generalist,2,3
19947,Promo Hunter,1,1
19948,Routine Generalist,0,3
19949,Routine Young Parents,0,0
19950,Promo Hunter,1,3
19953,Routine Young Parents,0,0
19954,Routine Generalist,0,3
19955,Routine Tech,0,2
19956,Routine Tech,0,2
19957,Routine Tech,0,2
19958,Engaged Generalist,2,3
19959,Engaged Generalist,2,3
19960,Routine Generalist,0,3
19961,Routine Young Parents,0,0
19962,Routine Generalist,0,3
19963,Promo Hunter,1,3
19965,Promo Hunter,1,1
19966,Promo Hunter,1,3
19967,Routine Generalist,0,3
19969,Routine Young Parents,0,0
19970,Engaged Generalist,2,3
19972,Engaged Generalist,2,3
19973,Engaged Generalist,2,3
19974,Engaged Generalist,2,3
19975,Engaged Generalist,2,3
19976,Routine Young Parents,0,0
19978,Engaged Generalist,2,3
19979,Routine Generalist,0,3
19980,Promo Hunter,1,3
19982,Routine Young Parents,0,0
19983,Routine Tech,0,2
19984,Promo Hunter,1,3
19985,Promo Hunter,1,1
19986,Routine Tech,0,2
19987,Promo Hunter,1,3
19989,Promo Hunter,1,3
19990,Engaged Generalist,2,3
19991,Promo Hunter,1,3
19992,Routine Young Parents,0,0
19993,Routine Tech,0,2
19994,Routine Generalist,0,3
19995,Routine Generalist,0,3
19996,Promo Hunter,1,3
19997,Routine Generalist,0,3
19998,Routine Generalist,0,3
19999,Engaged Generalist,2,0
20001,Routine Young Parents,0,0
20002,Promo Hunter,1,3
20003,Engaged Generalist,2,3
20004,Engaged Generalist,2,3
20006,Routine Generalist,0,3
20007,Engaged Generalist,2,3
20008,Routine Generalist,0,3
20009,Routine Generalist,0,3
20010,Promo Hunter,1,3
20012,Engaged Generalist,2,3
20013,Routine Young Parents,0,0
20014,Engaged Generalist,2,3
20015,Promo Hunter,1,3
20016,Promo Hunter,1,3
20017,Routine Young Parents,0,0
20018,Routine Generalist,0,3
20019,Routine Generalist,0,3
20020,Promo Hunter,1,3
20021,Promo Hunter,1,3
20022,Routine Generalist,0,3
20023,Routine Tech,0,2
20025,Routine Young Parents,0,0
20027,Routine Generalist,0,3
20029,Engaged Generalist,2,3
20030,Engaged Family Provisioner,2,1
20031,Routine Generalist,0,3
20032,Promo Hunter,1,3
20033,Promo Hunter,1,3
20034,Routine Tech,0,2
20035,Routine Family Provisioner,0,1
20036,Routine Generalist,0,3
20037,Routine Tech,0,2
20038,Routine Generalist,0,3
20039,Engaged Generalist,2,3
20040,Routine Young Parents,0,0
20041,Routine Young Parents,0,0
20042,Engaged Generalist,2,3
20043,Promo Hunter,1,1
20044,Engaged Generalist,2,3
20045,Routine Generalist,0,3
20046,Engaged Generalist,2,3
20047,Routine Tech,0,2
20048,Engaged Family Provisioner,2,1
20049,Engaged Generalist,2,3
20050,Routine Young Parents,0,0
20051,Engaged Generalist,2,3
20052,Routine Generalist,0,3
20053,Routine Young Parents,0,0
20054,Routine Generalist,0,3
20056,Engaged Generalist,2,3
20059,Promo Hunter,1,3
20060,Engaged Generalist,2,3
20061,Engaged Generalist,2,3
20062,Promo Hunter,1,3
20064,Routine Generalist,0,3
20065,Routine Tech,0,2
20066,Routine Generalist,0,3
20068,Promo Hunter,1,3
20070,Promo Hunter,1,3
20072,Routine Family Provisioner,0,1
20073,Promo Hunter,1,1
20074,Routine Tech,0,2
20075,Routine Young Parents,0,0
20077,Promo Hunter,1,3
20078,Routine Generalist,0,3
20079,Promo Hunter,1,3
20080,Engaged Generalist,2,3
20081,Promo Hunter,1,2
20082,Engaged Generalist,2,3
20083,Routine Generalist,0,3
20084,Routine Generalist,0,3
20085,Routine Generalist,0,3
20086,Routine Generalist,0,3
20087,Engaged Generalist,2,3
20088,Routine Generalist,0,3
20089,Routine Young Parents,0,0
20091,Engaged Generalist,2,3
20092,Routine Generalist,0,3
20093,Routine Generalist,0,3
20095,Routine Young Parents,0,0
20096,Routine Young Parents,0,0
20097,Routine Tech,0,2
20098,Promo Hunter,1,3
20099,Routine Young Parents,0,0
20101,Routine Young Parents,0,0
20102,Engaged Generalist,2,3
20103,Routine Young Parents,0,0
20104,Routine Generalist,0,3
20105,Routine Generalist,0,3
20106,Promo Hunter,1,3
20107,Routine Generalist,0,3
20108,Routine Generalist,0,3
20109,Routine Young Parents,0,0
20110,Routine Generalist,0,3
20111,Routine Generalist,0,3
20112,Routine Young Parents,0,0
20113,Routine Young Parents,0,0
20114,Promo Hunter,1,3
20115,Engaged Generalist,2,3
20116,Routine Young Parents,0,0
20117,Engaged Generalist,2,3
20118,Engaged Generalist,2,2
20119,Promo Hunter,1,1
20120,Routine Young Parents,0,0
20121,Routine Young Parents,0,0
20122,Engaged Generalist,2,3
20123,Engaged Generalist,2,3
20124,Routine Young Parents,0,0
20125,Routine Generalist,0,3
20126,Routine Generalist,0,3
20128,Engaged Generalist,2,3
20129,Routine Generalist,0,3
20130,Routine Young Parents,0,0
20131,Routine Tech,0,2
20132,Engaged Generalist,2,3
20133,Engaged Generalist,2,3
20134,Routine Young Parents,0,0
20135,Routine Generalist,0,3
20137,Routine Generalist,0,3
20139,Promo Hunter,1,1
20140,Routine Generalist,0,3
20141,Routine Young Parents,0,0
20142,Routine Young Parents,0,0
20144,Routine Generalist,0,3
20145,Promo Hunter,1,3
20146,Promo Hunter,1,1
20147,Promo Hunter,1,3
20148,Routine Tech,0,2
20149,Promo Hunter,1,3
20150,Promo Hunter,1,3
20151,Routine Young Parents,0,0
20152,Routine Generalist,0,3
20153,Engaged Generalist,2,3
20154,Routine Generalist,0,3
20155,Routine Generalist,0,3
20156,Engaged Generalist,2,3
20157,Engaged Generalist,2,3
20160,Promo Hunter,1,3
20161,Routine Young Parents,0,0
20162,Routine Generalist,0,3
20164,Promo Hunter,1,1
20165,Promo Hunter,1,3
20166,Routine Generalist,0,3
20167,Routine Family Provisioner,0,1
20168,Routine Generalist,0,3
20169,Promo Hunter,1,3
20170,Routine Young Parents,0,0
20171,Routine Young Parents,0,0
20172,Promo Hunter,1,3
20173,Routine Young Parents,0,0
20174,Routine Tech,0,2
20175,Routine Generalist,0,3
20176,Routine Generalist,0,3
20177,Engaged Generalist,2,3
20178,Promo Hunter,1,3
20179,Promo Hunter,1,3
20180,Routine Young Parents,0,0
20181,Promo Hunter,1,3
20182,Routine Family Provisioner,0,1
20183,Routine Generalist,0,3
20184,Routine Tech,0,2
20187,Promo Hunter,1,3
20188,Engaged Generalist,2,3
20189,Routine Young Parents,0,0
20190,Engaged Generalist,2,3
20192,Promo Hunter,1,3
20193,Engaged Generalist,2,3
20195,Routine Generalist,0,3
20198,Engaged Generalist,2,3
20199,Routine Young Parents,0,0
20200,Engaged Generalist,2,3
20201,Routine Generalist,0,3
20204,Routine Young Parents,0,0
20205,Routine Young Parents,0,0
20207,Routine Young Parents,0,0
20208,Routine Generalist,0,3
20209,Promo Hunter,1,3
20211,Routine Family Provisioner,0,1
20212,Promo Hunter,1,3
20213,Promo Hunter,1,3
20214,Promo Hunter,1,3
20215,Routine Generalist,0,3
20216,Routine Young Parents,0,0
20217,Engaged Generalist,2,3
20221,Routine Generalist,0,3
20223,Routine Young Parents,0,0
20224,Routine Young Parents,0,0
20225,Routine Generalist,0,3
20226,Engaged Generalist,2,3
20227,Engaged Generalist,2,3
20229,Engaged Generalist,2,3
20230,Engaged Generalist,2,3
20231,Routine Generalist,0,3
20232,Routine Generalist,0,3
20233,Engaged Generalist,2,3
20234,Engaged Generalist,2,3
20235,Promo Hunter,1,3
20236,Engaged Generalist,2,3
20237,Routine Generalist,0,3
20238,Promo Hunter,1,3
20239,Routine Tech,0,2
20240,Promo Hunter,1,3
20241,Routine Tech,0,2
20243,Promo Hunter,1,3
20245,Routine Generalist,0,3
20246,Routine Young Parents,0,0
20247,Routine Young Parents,0,0
20248,Engaged Generalist,2,3
20250,Promo Hunter,1,3
20252,Engaged Generalist,2,3
20254,Routine Tech,0,2
20255,Routine Generalist,0,3
20256,Promo Hunter,1,3
20257,Engaged Generalist,2,3
20258,Routine Generalist,0,3
20259,Promo Hunter,1,1
20260,Engaged Generalist,2,3
20261,Routine Tech,0,2
20262,Routine Generalist,0,3
20263,Routine Generalist,0,3
20264,Routine Tech,0,2
20265,Engaged Generalist,2,3
20266,Routine Family Provisioner,0,1
20268,Engaged Generalist,2,3
20269,Promo Hunter,1,3
20271,Routine Tech,0,2
20272,Promo Hunter,1,1
20273,Engaged Generalist,2,3
20274,Routine Generalist,0,3
20275,Routine Tech,0,2
20276,Routine Generalist,0,3
20277,Engaged Generalist,2,3
20279,Engaged Generalist,2,3
20280,Routine Generalist,0,3
20281,Engaged Generalist,2,3
20283,Engaged Generalist,2,3
20285,Engaged Generalist,2,3
20287,Routine Generalist,0,3
20288,Engaged Generalist,2,3
20289,Routine Young Parents,0,0
20290,Promo Hunter,1,3
20291,Routine Generalist,0,3
20292,Routine Tech,0,2
20293,Routine Generalist,0,3
20294,Promo Hunter,1,1
20295,Routine Generalist,0,3
20298,Promo Hunter,1,3
20300,Routine Tech,0,2
20301,Routine Tech,0,2
20302,Routine Tech,0,2
20303,Engaged Generalist,2,3
20304,Routine Generalist,0,3
20306,Routine Tech,0,2
20307,Engaged Generalist,2,3
20309,Routine Tech,0,2
20310,Engaged Generalist,2,3
20312,Promo Hunter,1,3
20313,Promo Hunter,1,3
20314,Routine Tech,0,2
20315,Engaged Generalist,2,3
20316,Routine Generalist,0,3
20317,Routine Young Parents,0,0
20318,Routine Tech,0,2
20319,Promo Hunter,1,3
20320,Promo Hunter,1,3
20321,Promo Hunter,1,1
20322,Promo Hunter,1,1
20323,Engaged Generalist,2,3
20324,Routine Young Parents,0,0
20325,Routine Tech,0,2
20326,Routine Young Parents,0,0
20327,Routine Tech,0,2
20328,Promo Hunter,1,1
20329,Routine Young Parents,0,0
20331,Promo Hunter,1,3
20332,Engaged Generalist,2,3
20333,Engaged Generalist,2,3
20334,Routine Young Parents,0,0
20335,Promo Hunter,1,3
20337,Engaged Generalist,2,3
20338,Routine Young Parents,0,0
20339,Engaged Generalist,2,3
20340,Engaged Generalist,2,3
20341,Routine Young Parents,0,0
20342,Engaged Generalist,2,3
20343,Promo Hunter,1,1
20344,Promo Hunter,1,3
20345,Routine Generalist,0,3
20346,Engaged Generalist,2,3
20347,Engaged Generalist,2,3
20348,Promo Hunter,1,1
20349,Routine Young Parents,0,0
20352,Engaged Generalist,2,3
20353,Routine Young Parents,0,0
20355,Routine Generalist,0,3
20356,Routine Generalist,0,3
20357,Engaged Generalist,2,3
20358,Engaged Generalist,2,3
20359,Engaged Generalist,2,3
20360,Engaged Generalist,2,3
20361,Engaged Generalist,2,3
20364,Routine Generalist,0,3
20365,Engaged Generalist,2,3
20366,Engaged Generalist,2,3
20367,Routine Young Parents,0,0
20369,Promo Hunter,1,1
20371,Routine Young Parents,0,0
20372,Engaged Generalist,2,3
20373,Engaged Generalist,2,3
20374,Routine Young Parents,0,0
20375,Promo Hunter,1,3
20378,Routine Generalist,0,3
20379,Engaged Generalist,2,3
20380,Routine Young Parents,0,0
20381,Promo Hunter,1,3
20383,Promo Hunter,1,3
20384,Promo Hunter,1,1
20385,Promo Hunter,1,1
20386,Routine Tech,0,2
20387,Engaged Family Provisioner,2,1
20389,Engaged Generalist,2,3
20390,Engaged Generalist,2,3
20391,Routine Young Parents,0,0
20392,Engaged Generalist,2,3
20393,Promo Hunter,1,3
20394,Routine Family Provisioner,0,1
20395,Promo Hunter,1,0
20396,Engaged Generalist,2,3
20397,Routine Young Parents,0,0
20398,Routine Young Parents,0,0
20399,Promo Hunter,1,3
20400,Engaged Generalist,2,3
20401,Engaged Generalist,2,3
20402,Engaged Generalist,2,3
20404,Routine Generalist,0,3
20405,Engaged Generalist,2,3
20406,Engaged Generalist,2,3
20407,Routine Tech,0,2
20408,Promo Hunter,1,3
20410,Routine Generalist,0,3
20411,Engaged Generalist,2,3
20413,Routine Young Parents,0,0
20414,Routine Generalist,0,3
20415,Routine Family Provisioner,0,1
20417,Routine Generalist,0,3
20419,Promo Hunter,1,1
20420,Routine Young Parents,0,0
20421,Routine Tech,0,2
20422,Routine Young Parents,0,0
20423,Promo Hunter,1,3
20424,Engaged Generalist,2,3
20425,Engaged Generalist,2,3
20426,Engaged Generalist,2,3
20428,Routine Young Parents,0,0
20429,Routine Generalist,0,3
20430,Promo Hunter,1,3
20431,Routine Family Provisioner,0,1
20433,Engaged Generalist,2,3
20434,Routine Tech,0,2
20436,Routine Tech,0,2
20437,Engaged Generalist,2,3
20438,Engaged Generalist,2,3
20439,Routine Generalist,0,3
20440,Routine Tech,0,2
20441,Engaged Generalist,2,3
20442,Routine Generalist,0,3
20443,Routine Tech,0,2
20444,Engaged Generalist,2,3
20445,Promo Hunter,1,3
20446,Routine Tech,0,2
20447,Routine Generalist,0,3
20448,Engaged Generalist,2,3
20449,Promo Hunter,1,3
20450,Engaged Generalist,2,3
20451,Promo Hunter,1,3
20452,Promo Hunter,1,3
20453,Promo Hunter,1,3
20454,Promo Hunter,1,1
20456,Promo Hunter,1,3
20457,Routine Generalist,0,3
20458,Routine Generalist,0,3
20459,Routine Young Parents,0,0
20460,Promo Hunter,1,3
20461,Promo Hunter,1,1
20462,Promo Hunter,1,3
20463,Engaged Generalist,2,3
20465,Routine Family Provisioner,0,1
20466,Promo Hunter,1,3
20468,Promo Hunter,1,3
20469,Promo Hunter,1,3
20470,Promo Hunter,1,3
20471,Routine Generalist,0,3
20472,Routine Generalist,0,3
20473,Routine Generalist,0,3
20474,Routine Tech,0,2
20475,Engaged Generalist,2,3
20476,Promo Hunter,1,1
20477,Routine Tech,0,2
20478,Routine Tech,0,2
20479,Promo Hunter,1,3
20482,Engaged Generalist,2,3
20483,Routine Generalist,0,3
20486,Routine Generalist,0,3
20487,Routine Tech,0,2
20488,Routine Generalist,0,3
20489,Routine Generalist,0,3
20490,Routine Young Parents,0,0
20492,Engaged Generalist,2,3
20493,Engaged Generalist,2,3
20494,Engaged Generalist,2,3
20495,Engaged Generalist,2,3
20496,Engaged Generalist,2,3
20497,Promo Hunter,1,2
20498,Routine Generalist,0,3
20501,Routine Tech,0,2
20502,Routine Generalist,0,3
20504,Engaged Generalist,2,3
20505,Routine Young Parents,0,0
20507,Routine Generalist,0,3
20509,Engaged Generalist,2,3
20510,Routine Generalist,0,3
20511,Engaged Generalist,2,3
20512,Engaged Generalist,2,3
20513,Engaged Generalist,2,3
20514,Engaged Generalist,2,3
20516,Engaged Generalist,2,3
20517,Promo Hunter,1,3
20518,Routine Generalist,0,3
20519,Routine Young Parents,0,0
20520,Promo Hunter,1,3
20521,Promo Hunter,1,3
20522,Engaged Generalist,2,3
20524,Routine Tech,0,2
20525,Routine Generalist,0,3
20526,Engaged Generalist,2,3
20527,Engaged Generalist,2,3
20528,Routine Young Parents,0,0
20529,Routine Young Parents,0,0
20530,Routine Tech,0,2
20533,Promo Hunter,1,3
20534,Promo Hunter,1,3
20535,Routine Generalist,0,3
20536,Routine Family Provisioner,0,1
20537,Routine Young Parents,0,0
20538,Routine Generalist,0,3
20539,Engaged Generalist,2,3
20540,Engaged Generalist,2,3
20541,Routine Family Provisioner,0,1
20542,Promo Hunter,1,3
20543,Promo Hunter,1,3
20544,Routine Family Provisioner,0,1
20545,Routine Generalist,0,3
20546,Engaged Generalist,2,3
20547,Routine Generalist,0,3
20549,Promo Hunter,1,3
20551,Routine Generalist,0,3
20553,Routine Generalist,0,3
20554,Promo Hunter,1,3
20556,Routine Generalist,0,3
20557,Routine Generalist,0,3
20558,Engaged Generalist,2,3
20559,Promo Hunter,1,3
20560,Engaged Generalist,2,3
20561,Engaged Generalist,2,3
20562,Engaged Generalist,2,3
20563,Routine Generalist,0,3
20564,Engaged Generalist,2,3
20565,Routine Young Parents,0,0
20566,Routine Young Parents,0,0
20567,Promo Hunter,1,3
20568,Routine Tech,0,2
20569,Promo Hunter,1,3
20570,Promo Hunter,1,3
20571,Engaged Generalist,2,3
20572,Routine Young Parents,0,0
20574,Promo Hunter,1,0
20575,Routine Generalist,0,3
20576,Engaged Generalist,2,3
20577,Engaged Generalist,2,3
20578,Engaged Generalist,2,3
20581,Routine Generalist,0,3
20583,Routine Generalist,0,3
20584,Promo Hunter,1,3
20585,Promo Hunter,1,3
20586,Engaged Generalist,2,3
20587,Routine Tech,0,2
20588,Routine Young Parents,0,0
20589,Engaged Generalist,2,3
20590,Promo Hunter,1,3
20591,Routine Tech,0,2
20592,Routine Generalist,0,3
20593,Routine Generalist,0,3
20594,Promo Hunter,1,3
20595,Routine Tech,0,2
20597,Engaged Generalist,2,3
20598,Promo Hunter,1,3
20599,Routine Generalist,0,3
20600,Routine Generalist,0,3
20601,Engaged Generalist,2,3
20603,Routine Young Parents,0,0
20605,Routine Young Parents,0,0
20606,Engaged Generalist,2,3
20607,Routine Generalist,0,3
20609,Routine Tech,0,2
20610,Routine Tech,0,2
20613,Routine Generalist,0,3
20614,Promo Hunter,1,3
20615,Engaged Family Provisioner,2,1
20616,Routine Generalist,0,3
20617,Routine Generalist,0,3
20618,Promo Hunter,1,0
20619,Engaged Family Provisioner,2,1
20620,Engaged Generalist,2,3
20623,Routine Generalist,0,3
20624,Promo Hunter,1,3
20625,Engaged Generalist,2,3
20626,Routine Generalist,0,3
20627,Engaged Generalist,2,3
20628,Routine Tech,0,2
20629,Promo Hunter,1,3
20630,Routine Generalist,0,3
20631,Routine Generalist,0,3
20632,Routine Young Parents,0,0
20633,Engaged Generalist,2,3
20634,Routine Generalist,0,3
20635,Engaged Generalist,2,3
20636,Engaged Generalist,2,3
20638,Routine Family Provisioner,0,1
20639,Routine Tech,0,2
20640,Engaged Generalist,2,3
20641,Engaged Generalist,2,3
20642,Engaged Generalist,2,3
20643,Promo Hunter,1,3
20644,Routine Generalist,0,3
20645,Routine Generalist,0,3
20647,Routine Generalist,0,3
20648,Promo Hunter,1,3
20649,Routine Generalist,0,3
20650,Engaged Generalist,2,3
20653,Routine Tech,0,2
20655,Routine Tech,0,2
20657,Routine Tech,0,2
20659,Routine Generalist,0,3
20660,Routine Generalist,0,3
20661,Routine Young Parents,0,0
20662,Engaged Generalist,2,3
20663,Engaged Generalist,2,3
20664,Engaged Generalist,2,3
20665,Engaged Generalist,2,3
20666,Engaged Generalist,2,3
20667,Engaged Generalist,2,3
20668,Routine Tech,0,2
20670,Promo Hunter,1,1
20671,Promo Hunter,1,3
20672,Promo Hunter,1,3
20674,Routine Generalist,0,3
20675,Routine Generalist,0,3
20676,Routine Family Provisioner,0,1
20677,Promo Hunter,1,3
20678,Routine Generalist,0,3
20679,Routine Generalist,0,3
20680,Engaged Generalist,2,3
20681,Routine Generalist,0,3
20682,Engaged Family Provisioner,2,1
20683,Promo Hunter,1,3
20684,Promo Hunter,1,3
20686,Engaged Generalist,2,3
20689,Routine Generalist,0,3
20690,Routine Young Parents,0,0
20691,Engaged Generalist,2,3
20692,Promo Hunter,1,3
20693,Routine Tech,0,2
20694,Routine Generalist,0,3
20695,Engaged Generalist,2,3
20696,Engaged Generalist,2,3
20697,Engaged Generalist,2,3
20698,Engaged Generalist,2,3
20699,Routine Tech,0,2
20700,Promo Hunter,1,1
20701,Routine Generalist,0,3
20703,Routine Young Parents,0,0
20704,Routine Family Provisioner,0,1
20705,Routine Tech,0,2
20707,Promo Hunter,1,3
20708,Routine Tech,0,2
20710,Engaged Generalist,2,0
20711,Engaged Generalist,2,3
20713,Routine Young Parents,0,0
20714,Engaged Generalist,2,3
20715,Engaged Generalist,2,3
20716,Promo Hunter,1,1
20717,Routine Young Parents,0,0
20718,Promo Hunter,1,3
20719,Routine Generalist,0,3
20722,Routine Tech,0,2
20723,Routine Generalist,0,3
20724,Routine Family Provisioner,0,1
20725,Engaged Generalist,2,3
20728,Routine Tech,0,2
20729,Promo Hunter,1,3
20730,Promo Hunter,1,3
20731,Promo Hunter,1,3
20732,Routine Generalist,0,3
20733,Routine Young Parents,0,0
20734,Routine Young Parents,0,0
20735,Promo Hunter,1,3
20736,Routine Tech,0,2
20737,Routine Generalist,0,3
20739,Routine Generalist,0,3
20741,Engaged Generalist,2,3
20742,Routine Generalist,0,3
20743,Routine Generalist,0,3
20744,Promo Hunter,1,3
20745,Engaged Generalist,2,3
20746,Routine Young Parents,0,0
20747,Engaged Generalist,2,3
20748,Routine Young Parents,0,0
20750,Routine Young Parents,0,0
20751,Promo Hunter,1,3
20752,Promo Hunter,1,3
20753,Routine Young Parents,0,0
20754,Routine Young Parents,0,0
20755,Promo Hunter,1,1
20756,Routine Generalist,0,3
20757,Routine Generalist,0,3
20759,Engaged Generalist,2,3
20760,Promo Hunter,1,3
20761,Promo Hunter,1,3
20762,Engaged Generalist,2,3
20763,Promo Hunter,1,3
20764,Promo Hunter,1,3
20765,Promo Hunter,1,3
20766,Promo Hunter,1,3
20767,Promo Hunter,1,3
20768,Routine Tech,0,2
20769,Engaged Generalist,2,3
20770,Engaged Generalist,2,3
20772,Routine Generalist,0,3
20773,Engaged Generalist,2,3
20774,Routine Tech,0,2
20775,Promo Hunter,1,1
20776,Routine Tech,0,2
20777,Routine Generalist,0,3
20778,Routine Young Parents,0,0
20779,Routine Generalist,0,3
20780,Engaged Family Provisioner,2,1
20781,Promo Hunter,1,3
20782,Promo Hunter,1,3
20783,Routine Tech,0,2
20784,Engaged Generalist,2,3
20786,Engaged Generalist,2,3
20787,Engaged Generalist,2,3
20788,Routine Generalist,0,3
20789,Engaged Generalist,2,3
20790,Routine Young Parents,0,0
20791,Routine Tech,0,2
20792,Routine Tech,0,2
20793,Routine Young Parents,0,0
20794,Routine Generalist,0,3
20795,Engaged Generalist,2,3
20796,Promo Hunter,1,3
20797,Promo Hunter,1,3
20798,Routine Generalist,0,3
20799,Engaged Generalist,2,3
20801,Engaged Generalist,2,3
20802,Routine Generalist,0,3
20803,Routine Generalist,0,3
20804,Routine Family Provisioner,0,1
20805,Promo Hunter,1,3
20806,Routine Young Parents,0,0
20807,Routine Generalist,0,3
20808,Routine Generalist,0,3
20810,Routine Generalist,0,3
20811,Engaged Generalist,2,3
20812,Routine Young Parents,0,0
20814,Routine Generalist,0,3
20816,Promo Hunter,1,3
20817,Engaged Generalist,2,3
20818,Engaged Generalist,2,3
20819,Routine Young Parents,0,0
20821,Engaged Generalist,2,3
20822,Routine Generalist,0,3
20823,Engaged Generalist,2,3
20824,Routine Generalist,0,3
20825,Engaged Generalist,2,3
20826,Promo Hunter,1,3
20827,Promo Hunter,1,3
20828,Engaged Generalist,2,3
20829,Routine Generalist,0,3
20830,Engaged Generalist,2,3
20831,Routine Generalist,0,3
20832,Routine Generalist,0,3
20833,Routine Generalist,0,3
20835,Engaged Generalist,2,3
20836,Promo Hunter,1,1
20837,Promo Hunter,1,1
20840,Routine Tech,0,2
20841,Routine Generalist,0,3
20843,Routine Generalist,0,3
20845,Routine Tech,0,2
20848,Promo Hunter,1,3
20849,Routine Young Parents,0,0
20850,Routine Generalist,0,3
20851,Routine Tech,0,2
20852,Promo Hunter,1,3
20853,Routine Generalist,0,3
20854,Routine Tech,0,2
20855,Engaged Generalist,2,3
20856,Routine Family Provisioner,0,1
20857,Routine Tech,0,2
20858,Routine Generalist,0,3
20859,Routine Tech,0,2
20861,Promo Hunter,1,3
20864,Engaged Generalist,2,3
20866,Routine Young Parents,0,0
20867,Promo Hunter,1,3
20869,Routine Young Parents,0,0
20870,Promo Hunter,1,3
20871,Engaged Generalist,2,3
20872,Promo Hunter,1,1
20876,Routine Generalist,0,3
20877,Routine Generalist,0,3
20878,Routine Young Parents,0,0
20879,Engaged Generalist,2,3
20880,Promo Hunter,1,1
20881,Promo Hunter,1,3
20882,Engaged Generalist,2,3
20883,Routine Generalist,0,3
20884,Engaged Generalist,2,3
20885,Routine Generalist,0,3
20886,Promo Hunter,1,3
20887,Routine Young Parents,0,0
20889,Engaged Generalist,2,3
20890,Promo Hunter,1,3
20891,Promo Hunter,1,3
20892,Engaged Generalist,2,3
20893,Routine Generalist,0,3
20894,Routine Generalist,0,3
20895,Engaged Generalist,2,0
20897,Engaged Generalist,2,3
20898,Routine Generalist,0,3
20899,Engaged Family Provisioner,2,1
20901,Promo Hunter,1,3
20902,Routine Family Provisioner,0,1
20903,Routine Generalist,0,3
20904,Engaged Generalist,2,3
20905,Routine Tech,0,2
20906,Routine Generalist,0,3
20907,Routine Young Parents,0,0
20909,Engaged Generalist,2,3
20910,Promo Hunter,1,1
20911,Routine Young Parents,0,0
20912,Routine Young Parents,0,0
20913,Routine Generalist,0,3
20914,Routine Tech,0,2
20915,Promo Hunter,1,3
20916,Promo Hunter,1,3
20918,Promo Hunter,1,3
20919,Promo Hunter,1,1
20920,Routine Young Parents,0,0
20923,Engaged Generalist,2,3
20925,Routine Tech,0,2
20926,Routine Generalist,0,3
20927,Routine Tech,0,2
20928,Routine Generalist,0,3
20929,Promo Hunter,1,3
20930,Routine Generalist,0,3
20931,Routine Young Parents,0,0
20932,Routine Young Parents,0,0
20933,Engaged Generalist,2,0
20934,Engaged Generalist,2,3
20935,Routine Young Parents,0,0
20936,Routine Tech,0,2
20938,Routine Generalist,0,3
20939,Routine Generalist,0,3
20940,Routine Generalist,0,3
20942,Promo Hunter,1,3
20943,Routine Family Provisioner,0,1
20944,Routine Young Parents,0,0
20945,Promo Hunter,1,3
20947,Engaged Family Provisioner,2,1
20948,Engaged Generalist,2,3
20949,Routine Generalist,0,3
20952,Routine Family Provisioner,0,1
20953,Routine Family Provisioner,0,1
20954,Routine Generalist,0,3
20955,Routine Generalist,0,3
20956,Routine Generalist,0,3
20958,Promo Hunter,1,1
20959,Promo Hunter,1,3
20960,Routine Family Provisioner,0,1
20961,Engaged Generalist,2,3
20962,Routine Tech,0,2
20963,Promo Hunter,1,1
20965,Routine Young Parents,0,0
20966,Routine Generalist,0,3
20967,Routine Family Provisioner,0,1
20968,Engaged Family Provisioner,2,1
20969,Routine Generalist,0,3
20970,Routine Generalist,0,3
20972,Routine Generalist,0,3
20974,Engaged Generalist,2,3
20975,Promo Hunter,1,3
20976,Promo Hunter,1,3
20977,Engaged Generalist,2,3
20978,Routine Young Parents,0,0
20979,Routine Generalist,0,3
20980,Routine Generalist,0,3
20981,Routine Tech,0,2
20982,Routine Young Parents,0,0
20983,Promo Hunter,1,3
20984,Routine Young Parents,0,0
20985,Routine Generalist,0,3
20986,Engaged Generalist,2,3
20987,Engaged Generalist,2,3
20988,Engaged Generalist,2,3
20989,Routine Tech,0,2
20990,Engaged Generalist,2,3
20991,Routine Generalist,0,3
20992,Routine Young Parents,0,0
20993,Promo Hunter,1,3
20994,Promo Hunter,1,1
20995,Routine Tech,0,2
20996,Routine Young Parents,0,0
20997,Routine Tech,0,2
20998,Engaged Generalist,2,3
20999,Routine Generalist,0,3
21000,Routine Generalist,0,3
21001,Engaged Generalist,2,3
21002,Routine Generalist,0,3
21003,Promo Hunter,1,3
21004,Promo Hunter,1,1
21006,Promo Hunter,1,3
21008,Routine Young Parents,0,0
21011,Routine Generalist,0,3
21013,Promo Hunter,1,0
21014,Routine Young Parents,0,0
21015,Routine Young Parents,0,0
21016,Routine Generalist,0,3
21018,Promo Hunter,1,3
21020,Routine Young Parents,0,0
21022,Promo Hunter,1,3
21023,Engaged Generalist,2,3
21024,Routine Generalist,0,3
21025,Routine Generalist,0,3
21026,Engaged Generalist,2,3
21028,Routine Tech,0,2
21030,Routine Young Parents,0,0
21031,Routine Young Parents,0,0
21032,Routine Generalist,0,3
21034,Routine Tech,0,2
21035,Routine Generalist,0,3
21039,Engaged Family Provisioner,2,1
21040,Promo Hunter,1,3
21041,Routine Young Parents,0,0
21043,Routine Young Parents,0,0
21044,Routine Young Parents,0,0
21046,Promo Hunter,1,3
21047,Engaged Generalist,2,3
21048,Engaged Generalist,2,3
21049,Routine Young Parents,0,0
21050,Routine Tech,0,2
21051,Engaged Generalist,2,3
21052,Promo Hunter,1,3
21053,Engaged Generalist,2,3
21054,Promo Hunter,1,1
21055,Routine Generalist,0,3
21056,Promo Hunter,1,1
21057,Engaged Generalist,2,3
21058,Promo Hunter,1,3
21059,Routine Young Parents,0,0
21060,Routine Young Parents,0,0
21061,Routine Tech,0,2
21062,Routine Tech,0,2
21063,Routine Young Parents,0,0
21065,Routine Tech,0,2
21066,Routine Generalist,0,3
21067,Routine Tech,0,2
21068,Promo Hunter,1,3
21069,Engaged Generalist,2,3
21070,Engaged Generalist,2,3
21071,Routine Young Parents,0,0
21072,Engaged Generalist,2,3
21073,Routine Young Parents,0,0
21074,Engaged Generalist,2,3
21076,Routine Family Provisioner,0,1
21077,Routine Tech,0,2
21078,Engaged Family Provisioner,2,1
21079,Routine Tech,0,2
21080,Promo Hunter,1,1
21081,Promo Hunter,1,1
21082,Routine Generalist,0,3
21084,Engaged Generalist,2,3
21085,Routine Generalist,0,3
21086,Routine Young Parents,0,0
21087,Engaged Generalist,2,3
21089,Engaged Generalist,2,3
21090,Routine Generalist,0,3
21091,Routine Tech,0,2
21092,Routine Young Parents,0,0
21093,Routine Generalist,0,3
21094,Routine Tech,0,2
21095,Routine Generalist,0,3
21096,Promo Hunter,1,1
21097,Engaged Generalist,2,3
21098,Promo Hunter,1,3
21100,Routine Young Parents,0,0
21102,Routine Generalist,0,3
21103,Routine Generalist,0,3
21105,Routine Generalist,0,3
21107,Routine Generalist,0,3
21108,Routine Generalist,0,3
21110,Engaged Generalist,2,3
21111,Promo Hunter,1,3
21112,Engaged Generalist,2,3
21113,Promo Hunter,1,3
21114,Engaged Generalist,2,3
21115,Promo Hunter,1,1
21116,Promo Hunter,1,3
21117,Promo Hunter,1,3
21118,Routine Generalist,0,3
21119,Routine Generalist,0,3
21122,Routine Young Parents,0,0
21123,Engaged Generalist,2,3
21124,Engaged Generalist,2,3
21125,Promo Hunter,1,1
21126,Engaged Generalist,2,3
21129,Routine Young Parents,0,0
21130,Routine Tech,0,2
21131,Engaged Generalist,2,3
21132,Engaged Generalist,2,3
21133,Routine Young Parents,0,0
21135,Engaged Generalist,2,3
21136,Routine Generalist,0,3
21137,Routine Generalist,0,3
21138,Routine Young Parents,0,0
21139,Engaged Generalist,2,3
21140,Routine Young Parents,0,0
21141,Routine Tech,0,2
21142,Engaged Generalist,2,3
21143,Routine Young Parents,0,0
21144,Promo Hunter,1,3
21145,Routine Tech,0,2
21147,Promo Hunter,1,3
21148,Promo Hunter,1,3
21150,Engaged Generalist,2,3
21151,Routine Generalist,0,3
21152,Routine Young Parents,0,0
21153,Routine Generalist,0,3
21154,Promo Hunter,1,3
21155,Promo Hunter,1,3
21156,Engaged Generalist,2,3
21157,Routine Generalist,0,3
21158,Routine Tech,0,2
21159,Engaged Generalist,2,3
21160,Routine Family Provisioner,0,1
21161,Routine Tech,0,2
21162,Routine Young Parents,0,0
21163,Engaged Generalist,2,3
21164,Engaged Generalist,2,3
21165,Routine Tech,0,2
21166,Engaged Generalist,2,3
21167,Routine Generalist,0,3
21168,Routine Young Parents,0,0
21169,Routine Tech,0,2
21170,Promo Hunter,1,3
21171,Engaged Generalist,2,3
21172,Routine Tech,0,2
21173,Routine Family Provisioner,0,1
21174,Routine Generalist,0,3
21175,Engaged Generalist,2,3
21176,Promo Hunter,1,3
21177,Engaged Generalist,2,3
21180,Routine Generalist,0,3
21181,Promo Hunter,1,3
21182,Engaged Generalist,2,3
21183,Routine Generalist,0,3
21184,Routine Tech,0,2
21185,Routine Generalist,0,3
21186,Promo Hunter,1,1
21187,Engaged Generalist,2,3
21188,Routine Tech,0,2
21190,Engaged Generalist,2,3
21191,Routine Young Parents,0,0
21192,Routine Tech,0,2
21193,Routine Generalist,0,3
21194,Promo Hunter,1,3
21195,Routine Generalist,0,3
21196,Routine Tech,0,2
21197,Routine Generalist,0,3
21198,Promo Hunter,1,0
21199,Promo Hunter,1,3
21200,Routine Generalist,0,3
21201,Engaged Generalist,2,3
21203,Routine Generalist,0,3
21204,Engaged Generalist,2,3
21205,Routine Tech,0,2
21206,Routine Tech,0,2
21207,Routine Young Parents,0,0
21208,Routine Generalist,0,3
21209,Routine Tech,0,2
21210,Routine Generalist,0,3
21211,Routine Young Parents,0,0
21212,Engaged Generalist,2,3
21213,Routine Tech,0,2
21215,Engaged Generalist,2,3
21216,Engaged Generalist,2,3
21217,Engaged Generalist,2,3
21218,Engaged Generalist,2,3
21220,Routine Generalist,0,3
21221,Engaged Generalist,2,3
21222,Engaged Generalist,2,3
21223,Promo Hunter,1,3
21224,Engaged Family Provisioner,2,1
21225,Routine Young Parents,0,0
21226,Promo Hunter,1,3
21227,Promo Hunter,1,3
21228,Routine Tech,0,2
21229,Routine Generalist,0,3
21230,Promo Hunter,1,3
21231,Promo Hunter,1,3
21232,Routine Generalist,0,3
21233,Promo Hunter,1,3
21237,Promo Hunter,1,1
21238,Engaged Generalist,2,3
21239,Routine Generalist,0,3
21242,Routine Tech,0,2
21243,Routine Young Parents,0,0
21244,Engaged Generalist,2,3
21245,Engaged Generalist,2,3
21246,Routine Tech,0,2
21247,Promo Hunter,1,1
21248,Routine Young Parents,0,0
21250,Engaged Generalist,2,3
21251,Routine Young Parents,0,0
21254,Routine Generalist,0,3
21255,Engaged Family Provisioner,2,1
21256,Engaged Generalist,2,3
21257,Routine Generalist,0,3
21258,Routine Tech,0,2
21260,Engaged Generalist,2,3
21261,Engaged Generalist,2,3
21262,Routine Tech,0,2
21263,Routine Tech,0,2
21267,Routine Generalist,0,3
21268,Engaged Generalist,2,3
21269,Engaged Generalist,2,3
21270,Promo Hunter,1,3
21271,Promo Hunter,1,3
21272,Routine Generalist,0,3
21273,Engaged Generalist,2,0
21274,Engaged Generalist,2,3
21275,Routine Young Parents,0,0
21276,Engaged Generalist,2,3
21277,Routine Generalist,0,3
21279,Engaged Generalist,2,3
21280,Engaged Generalist,2,3
21281,Routine Generalist,0,3
21282,Routine Tech,0,2
21284,Routine Generalist,0,3
21285,Promo Hunter,1,3
21286,Routine Generalist,0,3
21288,Routine Generalist,0,3
21289,Engaged Generalist,2,3
21290,Routine Young Parents,0,0
21291,Engaged Generalist,2,3
21292,Routine Young Parents,0,0
21293,Routine Generalist,0,3
21294,Routine Generalist,0,3
21295,Routine Tech,0,2
21296,Engaged Generalist,2,3
21297,Routine Generalist,0,3
21298,Routine Tech,0,2
21299,Engaged Generalist,2,3
21300,Routine Generalist,0,3
21301,Routine Generalist,0,3
21302,Promo Hunter,1,1
21303,Routine Young Parents,0,0
21304,Routine Generalist,0,3
21305,Promo Hunter,1,3
21306,Promo Hunter,1,3
21307,Promo Hunter,1,2
21308,Routine Family Provisioner,0,1
21309,Engaged Generalist,2,3
21310,Promo Hunter,1,3
21311,Promo Hunter,1,3
21312,Engaged Generalist,2,3
21313,Engaged Generalist,2,3
21314,Engaged Generalist,2,3
21315,Engaged Generalist,2,3
21316,Routine Young Parents,0,0
21317,Routine Generalist,0,3
21318,Routine Young Parents,0,0
21320,Routine Generalist,0,3
21322,Routine Generalist,0,3
21323,Routine Generalist,0,3
21324,Engaged Generalist,2,3
21326,Promo Hunter,1,3
21328,Promo Hunter,1,3
21329,Engaged Generalist,2,2
21331,Promo Hunter,1,3
21332,Routine Tech,0,2
21333,Engaged Generalist,2,3
21334,Routine Tech,0,2
21335,Routine Generalist,0,3
21337,Promo Hunter,1,1
21338,Routine Generalist,0,3
21339,Promo Hunter,1,3
21340,Promo Hunter,1,3
21342,Promo Hunter,1,3
21343,Engaged Family Provisioner,2,1
21344,Routine Generalist,0,3
21345,Promo Hunter,1,3
21346,Engaged Generalist,2,3
21347,Routine Young Parents,0,0
21349,Routine Young Parents,0,0
21350,Routine Generalist,0,3
21351,Routine Generalist,0,3
21352,Routine Generalist,0,3
21355,Promo Hunter,1,3
21356,Engaged Generalist,2,3
21357,Engaged Generalist,2,3
21358,Engaged Generalist,2,3
21359,Routine Young Parents,0,0
21360,Routine Young Parents,0,0
21363,Routine Young Parents,0,0
21364,Engaged Generalist,2,3
21366,Promo Hunter,1,3
21368,Routine Young Parents,0,0
21369,Routine Young Parents,0,0
21370,Promo Hunter,1,1
21371,Routine Tech,0,2
21372,Routine Generalist,0,3
21373,Routine Young Parents,0,0
21374,Routine Generalist,0,3
21375,Routine Generalist,0,3
21376,Routine Generalist,0,3
21379,Engaged Generalist,2,3
21380,Routine Generalist,0,3
21381,Engaged Generalist,2,3
21382,Promo Hunter,1,3
21383,Routine Young Parents,0,0
21384,Engaged Generalist,2,3
21385,Engaged Generalist,2,3
21386,Engaged Generalist,2,3
21388,Routine Generalist,0,3
21389,Promo Hunter,1,2
21390,Engaged Generalist,2,3
21391,Promo Hunter,1,3
21393,Routine Young Parents,0,0
21394,Routine Young Parents,0,0
21396,Routine Generalist,0,3
21397,Routine Young Parents,0,0
21398,Routine Generalist,0,3
21399,Promo Hunter,1,1
21401,Engaged Generalist,2,3
21402,Promo Hunter,1,3
21403,Engaged Generalist,2,2
21404,Routine Young Parents,0,0
21405,Routine Young Parents,0,0
21406,Routine Young Parents,0,0
21407,Engaged Generalist,2,3
21408,Routine Generalist,0,3
21409,Promo Hunter,1,3
21410,Engaged Generalist,2,3
21412,Engaged Family Provisioner,2,1
21413,Promo Hunter,1,3
21415,Engaged Generalist,2,3
21416,Routine Generalist,0,3
21417,Promo Hunter,1,3
21418,Routine Young Parents,0,0
21419,Engaged Generalist,2,3
21420,Promo Hunter,1,3
21421,Routine Tech,0,2
21422,Engaged Generalist,2,3
21423,Engaged Generalist,2,3
21424,Routine Generalist,0,3
21426,Engaged Generalist,2,3
21427,Routine Young Parents,0,0
21428,Engaged Generalist,2,3
21430,Routine Young Parents,0,0
21431,Promo Hunter,1,3
21432,Promo Hunter,1,3
21433,Promo Hunter,1,3
21434,Routine Family Provisioner,0,1
21435,Engaged Generalist,2,3
21436,Engaged Generalist,2,3
21438,Engaged Generalist,2,3
21441,Promo Hunter,1,3
21442,Routine Tech,0,2
21443,Engaged Generalist,2,2
21444,Routine Young Parents,0,0
21445,Routine Generalist,0,3
21446,Routine Generalist,0,3
21447,Engaged Generalist,2,3
21448,Engaged Generalist,2,3
21449,Routine Generalist,0,3
21450,Routine Generalist,0,3
21451,Engaged Generalist,2,3
21452,Engaged Generalist,2,3
21453,Promo Hunter,1,3
21454,Routine Generalist,0,3
21455,Routine Young Parents,0,0
21456,Routine Young Parents,0,0
21457,Routine Young Parents,0,0
21458,Routine Tech,0,2
21460,Promo Hunter,1,3
21461,Promo Hunter,1,3
21462,Engaged Generalist,2,3
21464,Routine Generalist,0,3
21465,Engaged Generalist,2,3
21466,Routine Young Parents,0,0
21467,Engaged Family Provisioner,2,1
21468,Engaged Generalist,2,2
21469,Engaged Generalist,2,3
21470,Routine Generalist,0,3
21472,Engaged Generalist,2,3
21473,Routine Generalist,0,3
21474,Promo Hunter,1,3
21475,Engaged Generalist,2,3
21476,Engaged Generalist,2,3
21477,Routine Generalist,0,3
21479,Routine Generalist,0,3
21480,Engaged Family Provisioner,2,1
21483,Engaged Generalist,2,3
21486,Engaged Generalist,2,3
21487,Routine Tech,0,2
21488,Routine Young Parents,0,0
21490,Routine Young Parents,0,0
21491,Routine Generalist,0,3
21492,Engaged Generalist,2,3
21493,Routine Generalist,0,3
21495,Engaged Generalist,2,3
21496,Routine Generalist,0,3
21497,Engaged Generalist,2,3
21498,Engaged Generalist,2,3
21499,Engaged Generalist,2,3
21500,Routine Generalist,0,3
21501,Engaged Generalist,2,3
21503,Routine Tech,0,2
21504,Promo Hunter,1,3
21506,Routine Generalist,0,3
21507,Routine Young Parents,0,0
21508,Engaged Generalist,2,3
21510,Promo Hunter,1,1
21511,Routine Generalist,0,3
21512,Promo Hunter,1,3
21515,Promo Hunter,1,3
21516,Routine Young Parents,0,0
21517,Routine Generalist,0,3
21519,Engaged Generalist,2,3
21520,Routine Tech,0,2
21521,Promo Hunter,1,3
21522,Engaged Generalist,2,3
21523,Engaged Generalist,2,3
21524,Promo Hunter,1,3
21525,Promo Hunter,1,3
21527,Routine Generalist,0,3
21528,Routine Young Parents,0,0
21529,Routine Tech,0,2
21531,Promo Hunter,1,1
21532,Routine Generalist,0,3
21533,Engaged Generalist,2,3
21534,Routine Young Parents,0,0
21535,Routine Generalist,0,3
21536,Engaged Generalist,2,3
21537,Routine Young Parents,0,0
21538,Routine Young Parents,0,0
21539,Routine Young Parents,0,0
21540,Routine Tech,0,2
21542,Routine Young Parents,0,0
21544,Routine Tech,0,2
21545,Routine Generalist,0,3
21546,Engaged Generalist,2,3
21547,Promo Hunter,1,3
21548,Routine Generalist,0,3
21549,Engaged Generalist,2,3
21550,Routine Generalist,0,3
21551,Promo Hunter,1,3
21552,Promo Hunter,1,3
21553,Routine Tech,0,2
21554,Engaged Generalist,2,3
21555,Engaged Generalist,2,3
21556,Promo Hunter,1,3
21558,Routine Generalist,0,3
21559,Engaged Family Provisioner,2,1
21560,Routine Young Parents,0,0
21561,Engaged Family Provisioner,2,1
21562,Engaged Generalist,2,3
21563,Engaged Generalist,2,3
21564,Routine Young Parents,0,0
21565,Routine Generalist,0,3
21567,Engaged Generalist,2,3
21568,Engaged Generalist,2,3
21569,Engaged Generalist,2,3
21571,Engaged Generalist,2,3
21572,Routine Tech,0,2
21573,Promo Hunter,1,1
21574,Routine Young Parents,0,0
21575,Routine Generalist,0,3
21576,Engaged Generalist,2,3
21577,Engaged Generalist,2,3
21578,Promo Hunter,1,1
21579,Engaged Generalist,2,3
21580,Routine Tech,0,2
21581,Engaged Generalist,2,3
21582,Routine Tech,0,2
21583,Routine Generalist,0,3
21584,Promo Hunter,1,3
21585,Promo Hunter,1,1
21586,Routine Generalist,0,3
21587,Routine Tech,0,2
21588,Engaged Generalist,2,3
21589,Routine Generalist,0,3
21590,Routine Young Parents,0,0
21592,Routine Generalist,0,3
21593,Routine Young Parents,0,0
21594,Routine Tech,0,2
21595,Routine Generalist,0,3
21596,Routine Young Parents,0,0
21597,Routine Young Parents,0,0
21598,Routine Young Parents,0,0
21599,Routine Tech,0,2
21601,Routine Tech,0,2
21602,Routine Generalist,0,3
21603,Promo Hunter,1,3
21604,Engaged Generalist,2,3
21606,Routine Generalist,0,3
21607,Engaged Generalist,2,3
21608,Routine Generalist,0,3
21609,Engaged Generalist,2,3
21610,Routine Tech,0,2
21611,Engaged Generalist,2,3
21612,Routine Young Parents,0,0
21613,Routine Generalist,0,3
21615,Promo Hunter,1,1
21616,Routine Tech,0,2
21617,Promo Hunter,1,3
21619,Promo Hunter,1,3
21620,Promo Hunter,1,3
21622,Routine Generalist,0,3
21624,Routine Generalist,0,3
21625,Routine Generalist,0,3
21626,Routine Generalist,0,3
21627,Promo Hunter,1,1
21628,Routine Family Provisioner,0,1
21629,Routine Generalist,0,3
21630,Routine Young Parents,0,0
21631,Promo Hunter,1,3
21632,Engaged Generalist,2,3
21634,Routine Tech,0,2
21635,Routine Generalist,0,3
21636,Routine Generalist,0,3
21637,Engaged Generalist,2,3
21639,Engaged Generalist,2,3
21640,Engaged Generalist,2,3
21642,Routine Generalist,0,3
21643,Engaged Generalist,2,3
21644,Promo Hunter,1,3
21645,Engaged Generalist,2,3
21646,Routine Generalist,0,3
21647,Engaged Generalist,2,3
21648,Routine Generalist,0,3
21649,Routine Generalist,0,3
21650,Promo Hunter,1,3
21651,Engaged Generalist,2,3
21652,Engaged Generalist,2,3
21653,Promo Hunter,1,3
21654,Engaged Generalist,2,3
21660,Routine Young Parents,0,0
21661,Engaged Generalist,2,3
21662,Routine Young Parents,0,0
21663,Promo Hunter,1,1
21664,Engaged Generalist,2,3
21666,Routine Tech,0,2
21667,Routine Generalist,0,3
21668,Promo Hunter,1,3
21669,Promo Hunter,1,3
21670,Routine Young Parents,0,0
21672,Routine Young Parents,0,0
21673,Routine Tech,0,2
21674,Promo Hunter,1,1
21675,Promo Hunter,1,3
21676,Engaged Generalist,2,3
21677,Engaged Generalist,2,3
21678,Engaged Family Provisioner,2,1
21679,Engaged Generalist,2,3
21680,Routine Tech,0,2
21681,Routine Generalist,0,3
21683,Routine Generalist,0,3
21684,Engaged Generalist,2,3
21685,Routine Generalist,0,3
21686,Engaged Generalist,2,3
21687,Engaged Generalist,2,3
21688,Promo Hunter,1,3
21689,Engaged Generalist,2,3
21690,Routine Generalist,0,3
21691,Promo Hunter,1,3
21692,Routine Generalist,0,3
21693,Routine Young Parents,0,0
21694,Routine Young Parents,0,0
21695,Routine Family Provisioner,0,1
21696,Routine Generalist,0,3
21697,Engaged Generalist,2,3
21698,Promo Hunter,1,3
21700,Routine Generalist,0,3
21702,Promo Hunter,1,2
21703,Promo Hunter,1,1
21704,Engaged Generalist,2,3
21705,Engaged Family Provisioner,2,1
21706,Engaged Generalist,2,3
21707,Engaged Generalist,2,3
21708,Engaged Family Provisioner,2,1
21709,Engaged Generalist,2,2
21710,Promo Hunter,1,1
21711,Routine Young Parents,0,0
21713,Routine Young Parents,0,0
21714,Engaged Generalist,2,3
21715,Routine Generalist,0,3
21716,Engaged Generalist,2,3
21717,Routine Young Parents,0,0
21718,Engaged Generalist,2,3
21719,Routine Generalist,0,3
21721,Engaged Family Provisioner,2,1
21722,Engaged Generalist,2,3
21724,Promo Hunter,1,3
21725,Routine Young Parents,0,0
21727,Routine Family Provisioner,0,1
21728,Routine Young Parents,0,0
21729,Engaged Generalist,2,3
21732,Engaged Generalist,2,0
21733,Routine Generalist,0,3
21734,Promo Hunter,1,3
21735,Promo Hunter,1,1
21736,Routine Generalist,0,3
21737,Promo Hunter,1,3
21738,Routine Young Parents,0,0
21740,Promo Hunter,1,3
21741,Routine Tech,0,2
21742,Routine Generalist,0,3
21743,Routine Tech,0,2
21744,Engaged Generalist,2,3
21745,Engaged Generalist,2,3
21746,Routine Generalist,0,3
21747,Routine Young Parents,0,0
21748,Routine Generalist,0,3
21749,Routine Generalist,0,3
21750,Routine Generalist,0,3
21751,Engaged Generalist,2,3
21752,Routine Generalist,0,3
21753,Engaged Generalist,2,3
21755,Routine Young Parents,0,0
21756,Engaged Generalist,2,3
21757,Routine Young Parents,0,0
21758,Promo Hunter,1,3
21759,Engaged Generalist,2,3
21760,Promo Hunter,1,3
21761,Engaged Generalist,2,3
21762,Routine Generalist,0,3
21763,Engaged Generalist,2,3
21764,Promo Hunter,1,0
21765,Engaged Generalist,2,3
21766,Engaged Generalist,2,2
21768,Routine Tech,0,2
21769,Promo Hunter,1,1
21770,Routine Generalist,0,3
21771,Routine Family Provisioner,0,1
21772,Engaged Generalist,2,3
21773,Engaged Generalist,2,3
21774,Routine Generalist,0,3
21775,Routine Young Parents,0,0
21776,Routine Tech,0,2
21777,Promo Hunter,1,3
21778,Routine Family Provisioner,0,1
21779,Engaged Generalist,2,0
21780,Engaged Generalist,2,3
21781,Routine Young Parents,0,0
21782,Engaged Generalist,2,3
21783,Routine Generalist,0,3
21784,Routine Generalist,0,3
21786,Engaged Generalist,2,3
21787,Routine Generalist,0,3
21788,Promo Hunter,1,3
21789,Routine Generalist,0,3
21790,Routine Young Parents,0,0
21791,Engaged Generalist,2,3
21792,Routine Young Parents,0,0
21793,Routine Generalist,0,3
21794,Routine Tech,0,2
21795,Routine Young Parents,0,0
21797,Promo Hunter,1,3
21798,Routine Family Provisioner,0,1
21799,Routine Young Parents,0,0
21800,Engaged Generalist,2,3
21801,Engaged Generalist,2,3
21802,Routine Generalist,0,3
21804,Engaged Generalist,2,3
21806,Promo Hunter,1,3
21807,Engaged Generalist,2,3
21808,Routine Generalist,0,3
21809,Routine Tech,0,2
21810,Engaged Generalist,2,3
21811,Routine Generalist,0,3
21812,Engaged Generalist,2,3
21813,Engaged Generalist,2,3
21814,Routine Generalist,0,3
21815,Routine Generalist,0,3
21816,Engaged Generalist,2,3
21817,Routine Young Parents,0,0
21818,Routine Tech,0,2
21819,Engaged Generalist,2,3
21821,Promo Hunter,1,3
21822,Engaged Family Provisioner,2,1
21823,Routine Generalist,0,3
21824,Engaged Generalist,2,3
21825,Routine Family Provisioner,0,1
21826,Routine Generalist,0,3
21828,Routine Young Parents,0,0
21829,Engaged Generalist,2,3
21831,Promo Hunter,1,3
21832,Promo Hunter,1,2
21833,Routine Tech,0,2
21835,Engaged Generalist,2,3
21836,Routine Generalist,0,3
21837,Routine Tech,0,2
21838,Routine Young Parents,0,0
21839,Routine Tech,0,2
21840,Promo Hunter,1,3
21841,Promo Hunter,1,3
21842,Promo Hunter,1,1
21843,Engaged Generalist,2,3
21844,Promo Hunter,1,3
21845,Promo Hunter,1,1
21849,Promo Hunter,1,3
21850,Routine Generalist,0,3
21851,Routine Generalist,0,3
21852,Engaged Generalist,2,3
21853,Routine Young Parents,0,0
21854,Promo Hunter,1,3
21855,Promo Hunter,1,3
21856,Engaged Generalist,2,3
21857,Routine Generalist,0,3
21858,Promo Hunter,1,3
21860,Engaged Generalist,2,3
21861,Engaged Generalist,2,3
21862,Promo Hunter,1,1
21863,Engaged Generalist,2,3
21864,Routine Young Parents,0,0
21867,Routine Generalist,0,3
21868,Routine Family Provisioner,0,1
21870,Promo Hunter,1,1
21873,Engaged Generalist,2,3
21874,Promo Hunter,1,1
21875,Routine Young Parents,0,0
21876,Routine Generalist,0,3
21877,Routine Young Parents,0,0
21878,Engaged Generalist,2,3
21880,Engaged Generalist,2,3
21881,Engaged Generalist,2,3
21883,Promo Hunter,1,3
21884,Promo Hunter,1,3
21885,Promo Hunter,1,3
21886,Promo Hunter,1,3
21887,Engaged Generalist,2,3
21889,Engaged Generalist,2,3
21890,Routine Young Parents,0,0
21891,Routine Young Parents,0,0
21892,Routine Generalist,0,3
21893,Engaged Generalist,2,3
21894,Engaged Generalist,2,3
21895,Engaged Generalist,2,3
21896,Engaged Generalist,2,3
21897,Engaged Generalist,2,3
21899,Routine Generalist,0,3
21900,Engaged Generalist,2,3
21901,Routine Generalist,0,3
21902,Routine Generalist,0,3
21903,Promo Hunter,1,3
21904,Routine Tech,0,2
21905,Routine Family Provisioner,0,1
21907,Routine Tech,0,2
21908,Routine Young Parents,0,0
21909,Engaged Generalist,2,3
21910,Engaged Generalist,2,3
21911,Routine Tech,0,2
21912,Engaged Generalist,2,3
21914,Routine Young Parents,0,0
21915,Engaged Generalist,2,3
21916,Routine Generalist,0,3
21917,Routine Generalist,0,3
21918,Routine Young Parents,0,0
21920,Engaged Generalist,2,3
21921,Routine Generalist,0,3
21923,Promo Hunter,1,3
21924,Promo Hunter,1,3
21926,Routine Generalist,0,3
21927,Promo Hunter,1,3
21929,Routine Tech,0,2
21930,Routine Generalist,0,3
21933,Promo Hunter,1,3
21934,Promo Hunter,1,3
21935,Promo Hunter,1,0
21936,Routine Young Parents,0,0
21937,Engaged Generalist,2,3
21938,Engaged Family Provisioner,2,1
21939,Routine Generalist,0,3
21940,Promo Hunter,1,3
21941,Promo Hunter,1,3
21942,Routine Tech,0,2
21943,Routine Generalist,0,3
21944,Routine Generalist,0,3
21945,Routine Generalist,0,3
21946,Routine Tech,0,2
21947,Routine Young Parents,0,0
21948,Promo Hunter,1,3
21949,Engaged Generalist,2,3
21950,Engaged Generalist,2,3
21952,Engaged Generalist,2,3
21953,Promo Hunter,1,3
21954,Promo Hunter,1,3
21955,Promo Hunter,1,3
21956,Routine Young Parents,0,0
21959,Engaged Generalist,2,3
21960,Promo Hunter,1,3
21961,Promo Hunter,1,3
21962,Engaged Family Provisioner,2,1
21963,Engaged Generalist,2,3
21964,Routine Generalist,0,3
21966,Routine Family Provisioner,0,1
21967,Engaged Generalist,2,3
21968,Routine Young Parents,0,0
21970,Promo Hunter,1,1
21971,Engaged Generalist,2,3
21972,Routine Generalist,0,3
21973,Routine Generalist,0,3
21974,Routine Generalist,0,3
21975,Engaged Generalist,2,3
21976,Engaged Generalist,2,3
21977,Routine Generalist,0,3
21982,Routine Tech,0,2
21983,Routine Tech,0,2
21984,Engaged Generalist,2,3
21986,Promo Hunter,1,3
21987,Routine Tech,0,2
21988,Routine Generalist,0,3
21990,Engaged Generalist,2,3
21991,Routine Generalist,0,3
21993,Engaged Generalist,2,3
21994,Routine Generalist,0,3
21995,Engaged Generalist,2,3
21996,Promo Hunter,1,3
21997,Routine Family Provisioner,0,1
21998,Promo Hunter,1,3
22000,Routine Tech,0,2
22001,Promo Hunter,1,3
22002,Routine Young Parents,0,0
22003,Routine Family Provisioner,0,1
22004,Routine Tech,0,2
22005,Promo Hunter,1,0
22006,Routine Generalist,0,3
22007,Promo Hunter,1,0
22008,Promo Hunter,1,3
22009,Routine Generalist,0,3
22010,Routine Young Parents,0,0
22011,Engaged Generalist,2,3
22012,Routine Young Parents,0,0
22013,Engaged Generalist,2,3
22014,Routine Generalist,0,3
22015,Engaged Generalist,2,3
22016,Promo Hunter,1,3
22017,Engaged Generalist,2,3
22018,Routine Generalist,0,3
22019,Routine Generalist,0,3
22020,Engaged Generalist,2,3
22021,Routine Generalist,0,3
22023,Routine Tech,0,2
22027,Promo Hunter,1,2
22029,Routine Generalist,0,3
22031,Routine Young Parents,0,0
22032,Promo Hunter,1,3
22034,Routine Generalist,0,3
22035,Promo Hunter,1,1
22036,Promo Hunter,1,3
22037,Engaged Generalist,2,3
22038,Engaged Generalist,2,3
22039,Engaged Generalist,2,3
22040,Routine Generalist,0,3
22041,Routine Family Provisioner,0,1
22042,Routine Young Parents,0,0
22043,Routine Young Parents,0,0
22044,Promo Hunter,1,3
22045,Routine Tech,0,2
22046,Engaged Generalist,2,3
22047,Routine Generalist,0,3
22048,Routine Young Parents,0,0
22049,Engaged Generalist,2,3
22051,Routine Generalist,0,3
22052,Routine Generalist,0,3
22053,Promo Hunter,1,3
22054,Routine Generalist,0,3
22055,Routine Generalist,0,3
22056,Promo Hunter,1,3
22057,Routine Young Parents,0,0
22058,Promo Hunter,1,3
22059,Promo Hunter,1,3
22060,Routine Tech,0,2
22062,Engaged Generalist,2,3
22063,Engaged Generalist,2,3
22064,Routine Generalist,0,3
22065,Promo Hunter,1,3
22066,Routine Generalist,0,3
22067,Routine Young Parents,0,0
22070,Routine Young Parents,0,0
22071,Engaged Generalist,2,3
22072,Promo Hunter,1,3
22073,Routine Young Parents,0,0
22074,Engaged Generalist,2,3
22075,Routine Generalist,0,3
22076,Routine Young Parents,0,0
22077,Promo Hunter,1,3
22078,Routine Young Parents,0,0
22080,Routine Generalist,0,3
22081,Engaged Generalist,2,3
22082,Promo Hunter,1,3
22083,Routine Tech,0,2
22086,Routine Young Parents,0,0
22087,Engaged Generalist,2,3
22088,Routine Young Parents,0,0
22089,Routine Young Parents,0,0
22090,Engaged Family Provisioner,2,1
22091,Engaged Generalist,2,2
22092,Engaged Generalist,2,3
22093,Engaged Generalist,2,3
22095,Routine Young Parents,0,0
22096,Routine Young Parents,0,0
22098,Routine Generalist,0,3
22099,Engaged Generalist,2,3
22100,Routine Generalist,0,3
22101,Engaged Generalist,2,3
22102,Routine Young Parents,0,0
22106,Routine Generalist,0,3
22107,Engaged Generalist,2,3
22108,Routine Generalist,0,3
22109,Engaged Generalist,2,3
22110,Routine Generalist,0,3
22111,Routine Generalist,0,3
22112,Routine Generalist,0,3
22114,Promo Hunter,1,3
22116,Routine Generalist,0,3
22117,Routine Young Parents,0,0
22118,Engaged Generalist,2,3
22119,Engaged Generalist,2,3
22121,Routine Young Parents,0,0
22122,Routine Young Parents,0,0
22125,Routine Generalist,0,3
22126,Engaged Generalist,2,3
22127,Promo Hunter,1,1
22128,Routine Tech,0,2
22129,Routine Tech,0,2
22131,Routine Young Parents,0,0
22132,Routine Generalist,0,3
22133,Engaged Generalist,2,3
22134,Routine Generalist,0,3
22135,Promo Hunter,1,3
22136,Engaged Generalist,2,3
22137,Engaged Generalist,2,3
22138,Routine Generalist,0,3
22140,Routine Young Parents,0,0
22141,Routine Generalist,0,3
22142,Engaged Generalist,2,3
22143,Promo Hunter,1,1
22144,Engaged Generalist,2,3
22145,Engaged Generalist,2,3
22149,Routine Young Parents,0,0
22150,Routine Family Provisioner,0,1
22151,Promo Hunter,1,3
22152,Promo Hunter,1,3
22153,Routine Young Parents,0,0
22154,Engaged Generalist,2,3
22156,Routine Tech,0,2
22157,Routine Tech,0,2
22158,Routine Young Parents,0,0
22159,Engaged Generalist,2,3
22160,Promo Hunter,1,3
22161,Routine Young Parents,0,0
22162,Routine Tech,0,2
22163,Promo Hunter,1,2
22164,Routine Tech,0,2
22165,Engaged Generalist,2,3
22166,Routine Generalist,0,3
22168,Promo Hunter,1,1
22171,Promo Hunter,1,3
22172,Routine Generalist,0,3
22173,Engaged Family Provisioner,2,1
22176,Promo Hunter,1,3
22177,Promo Hunter,1,3
22179,Promo Hunter,1,3
22180,Engaged Generalist,2,3
22181,Promo Hunter,1,3
22182,Promo Hunter,1,3
22183,Routine Family Provisioner,0,1
22184,Promo Hunter,1,0
22185,Engaged Generalist,2,3
22188,Engaged Generalist,2,3
22190,Promo Hunter,1,1
22192,Routine Generalist,0,3
22193,Engaged Generalist,2,3
22194,Engaged Generalist,2,3
22196,Engaged Generalist,2,3
22197,Routine Young Parents,0,0
22198,Engaged Generalist,2,3
22199,Routine Tech,0,2
22200,Routine Young Parents,0,0
22202,Routine Generalist,0,3
22203,Promo Hunter,1,1
22204,Promo Hunter,1,1
22205,Routine Tech,0,2
22206,Promo Hunter,1,3
22207,Engaged Generalist,2,3
22208,Routine Generalist,0,3
22209,Routine Tech,0,2
22210,Routine Young Parents,0,0
22211,Routine Young Parents,0,0
22212,Routine Generalist,0,3
22213,Routine Young Parents,0,0
22215,Promo Hunter,1,3
22216,Engaged Generalist,2,3
22217,Routine Generalist,0,3
22218,Promo Hunter,1,3
22219,Routine Tech,0,2
22220,Routine Tech,0,2
22221,Promo Hunter,1,3
22222,Promo Hunter,1,3
22223,Routine Generalist,0,3
22224,Promo Hunter,1,3
22225,Promo Hunter,1,1
22227,Routine Generalist,0,3
22228,Routine Family Provisioner,0,1
22229,Routine Generalist,0,3
22230,Engaged Generalist,2,3
22231,Routine Young Parents,0,0
22232,Routine Young Parents,0,0
22235,Routine Generalist,0,3
22236,Routine Young Parents,0,0
22237,Routine Generalist,0,3
22238,Promo Hunter,1,3
22240,Promo Hunter,1,1
22241,Routine Tech,0,2
22242,Routine Generalist,0,3
22243,Routine Tech,0,2
22244,Routine Tech,0,2
22245,Engaged Generalist,2,3
22248,Routine Young Parents,0,0
22249,Routine Tech,0,2
22250,Routine Young Parents,0,0
22251,Engaged Generalist,2,3
22254,Routine Generalist,0,3
22255,Engaged Generalist,2,3
22257,Routine Tech,0,2
22258,Routine Young Parents,0,0
22259,Routine Generalist,0,3
22260,Routine Generalist,0,3
22261,Engaged Generalist,2,3
22263,Promo Hunter,1,3
22264,Routine Generalist,0,3
22265,Engaged Generalist,2,3
22266,Engaged Generalist,2,3
22267,Promo Hunter,1,3
22268,Routine Young Parents,0,0
22269,Engaged Generalist,2,3
22270,Routine Generalist,0,3
22271,Routine Young Parents,0,0
22273,Engaged Generalist,2,3
22274,Promo Hunter,1,3
22275,Engaged Generalist,2,3
22276,Routine Generalist,0,3
22277,Promo Hunter,1,3
22278,Routine Generalist,0,3
22279,Promo Hunter,1,0
22280,Routine Generalist,0,3
22281,Promo Hunter,1,3
22282,Engaged Generalist,2,3
22284,Routine Family Provisioner,0,1
22285,Routine Tech,0,2
22288,Routine Generalist,0,3
22289,Routine Generalist,0,3
22290,Routine Tech,0,2
22291,Promo Hunter,1,2
22293,Routine Generalist,0,3
22294,Engaged Generalist,2,3
22296,Engaged Family Provisioner,2,1
22297,Engaged Generalist,2,3
22298,Routine Generalist,0,3
22300,Engaged Generalist,2,3
22301,Engaged Generalist,2,3
22302,Engaged Generalist,2,3
22303,Promo Hunter,1,3
22304,Routine Generalist,0,3
22305,Engaged Generalist,2,3
22307,Promo Hunter,1,3
22308,Routine Tech,0,2
22309,Routine Generalist,0,3
22310,Promo Hunter,1,3
22313,Routine Generalist,0,3
22314,Routine Generalist,0,3
22315,Engaged Family Provisioner,2,1
22316,Routine Young Parents,0,0
22318,Routine Young Parents,0,0
22320,Routine Generalist,0,3
22322,Promo Hunter,1,3
22323,Routine Generalist,0,3
22324,Routine Generalist,0,3
22326,Routine Generalist,0,3
22327,Promo Hunter,1,3
22328,Routine Young Parents,0,0
22329,Engaged Generalist,2,3
22330,Promo Hunter,1,3
22331,Promo Hunter,1,3
22332,Routine Young Parents,0,0
22333,Routine Young Parents,0,0
22334,Promo Hunter,1,3
22335,Promo Hunter,1,3
22337,Routine Generalist,0,3
22338,Promo Hunter,1,1
22339,Engaged Generalist,2,3
22340,Engaged Generalist,2,3
22341,Routine Generalist,0,3
22342,Promo Hunter,1,3
22343,Routine Generalist,0,3
22344,Engaged Generalist,2,3
22345,Engaged Generalist,2,3
22348,Engaged Generalist,2,3
22350,Routine Young Parents,0,0
22351,Engaged Generalist,2,3
22352,Engaged Generalist,2,3
22353,Routine Tech,0,2
22354,Engaged Generalist,2,2
22355,Routine Tech,0,2
22356,Promo Hunter,1,1
22357,Engaged Generalist,2,3
22358,Engaged Generalist,2,3
22360,Engaged Generalist,2,3
22361,Promo Hunter,1,0
22362,Routine Young Parents,0,0
22363,Routine Young Parents,0,0
22364,Routine Generalist,0,3
22365,Routine Family Provisioner,0,1
22366,Promo Hunter,1,3
22367,Routine Generalist,0,3
22368,Routine Tech,0,2
22369,Routine Young Parents,0,0
22371,Routine Tech,0,2
22372,Engaged Generalist,2,3
22373,Routine Generalist,0,3
22374,Promo Hunter,1,2
22376,Engaged Generalist,2,3
22377,Promo Hunter,1,1
22378,Routine Young Parents,0,0
22379,Routine Generalist,0,3
22380,Routine Generalist,0,3
22381,Routine Generalist,0,3
22382,Engaged Generalist,2,3
22383,Promo Hunter,1,3
22384,Engaged Generalist,2,0
22386,Routine Tech,0,2
22387,Engaged Generalist,2,3
22388,Promo Hunter,1,3
22389,Promo Hunter,1,3
22390,Engaged Generalist,2,3
22391,Routine Generalist,0,3
22393,Promo Hunter,1,1
22394,Promo Hunter,1,3
22395,Engaged Generalist,2,3
22396,Routine Young Parents,0,0
22398,Routine Generalist,0,3
22399,Engaged Generalist,2,3
22400,Routine Generalist,0,3
22401,Routine Generalist,0,3
22402,Routine Generalist,0,3
22403,Routine Generalist,0,3
22404,Engaged Generalist,2,3
22405,Engaged Generalist,2,3
22406,Routine Young Parents,0,0
22408,Routine Generalist,0,3
22409,Routine Generalist,0,3
22410,Routine Generalist,0,3
22411,Promo Hunter,1,3
22413,Routine Generalist,0,3
22414,Routine Tech,0,2
22416,Promo Hunter,1,1
22417,Routine Young Parents,0,0
22418,Engaged Generalist,2,3
22419,Promo Hunter,1,3
22420,Promo Hunter,1,3
22421,Promo Hunter,1,3
22422,Routine Generalist,0,3
22424,Promo Hunter,1,3
22425,Routine Generalist,0,3
22426,Promo Hunter,1,3
22427,Routine Generalist,0,3
22428,Engaged Generalist,2,3
22429,Routine Generalist,0,3
22432,Routine Young Parents,0,0
22434,Routine Young Parents,0,0
22435,Engaged Generalist,2,3
22436,Routine Generalist,0,3
22438,Routine Generalist,0,3
22439,Engaged Generalist,2,3
22440,Engaged Generalist,2,3
22441,Routine Tech,0,2
22442,Routine Generalist,0,3
22443,Routine Young Parents,0,0
22444,Routine Generalist,0,3
22445,Promo Hunter,1,1
22446,Engaged Family Provisioner,2,1
22447,Engaged Generalist,2,3
22448,Routine Generalist,0,3
22449,Routine Generalist,0,3
22450,Routine Young Parents,0,0
22451,Routine Tech,0,2
22452,Engaged Generalist,2,3
22453,Routine Generalist,0,3
22454,Routine Tech,0,2
22455,Engaged Generalist,2,3
22456,Engaged Generalist,2,3
22458,Routine Generalist,0,3
22459,Engaged Generalist,2,3
22460,Routine Generalist,0,3
22461,Routine Young Parents,0,0
22462,Routine Generalist,0,3
22463,Routine Generalist,0,3
22464,Engaged Generalist,2,3
22467,Routine Generalist,0,3
22468,Routine Generalist,0,3
22472,Promo Hunter,1,3
22473,Routine Generalist,0,3
22474,Engaged Generalist,2,3
22475,Routine Generalist,0,3
22476,Promo Hunter,1,3
22477,Routine Tech,0,2
22478,Routine Generalist,0,3
22479,Promo Hunter,1,3
22480,Promo Hunter,1,3
22481,Routine Generalist,0,3
22483,Routine Generalist,0,3
22487,Engaged Generalist,2,3
22488,Promo Hunter,1,1
22489,Engaged Generalist,2,3
22490,Engaged Generalist,2,3
22491,Routine Tech,0,2
22492,Routine Generalist,0,3
22494,Engaged Generalist,2,3
22495,Routine Generalist,0,3
22496,Engaged Generalist,2,3
22498,Routine Generalist,0,3
22499,Engaged Generalist,2,3
22500,Promo Hunter,1,3
22501,Routine Generalist,0,3
22502,Engaged Generalist,2,3
22503,Routine Generalist,0,3
22504,Promo Hunter,1,3
22505,Routine Generalist,0,3
22506,Routine Generalist,0,3
22507,Engaged Generalist,2,3
22508,Engaged Generalist,2,3
22509,Engaged Generalist,2,3
22510,Engaged Generalist,2,3
22511,Engaged Generalist,2,3
22512,Engaged Generalist,2,3
22513,Routine Generalist,0,3
22514,Engaged Generalist,2,3
22515,Routine Tech,0,2
22516,Promo Hunter,1,3
22517,Promo Hunter,1,3
22520,Routine Generalist,0,3
22524,Promo Hunter,1,3
22525,Routine Young Parents,0,0
22526,Routine Young Parents,0,0
22527,Routine Generalist,0,3
22528,Engaged Generalist,2,3
22529,Engaged Family Provisioner,2,1
22530,Engaged Generalist,2,3
22531,Promo Hunter,1,3
22532,Engaged Generalist,2,3
22534,Routine Young Parents,0,0
22536,Promo Hunter,1,3
22537,Routine Generalist,0,3
22538,Engaged Generalist,2,3
22539,Engaged Generalist,2,3
22542,Engaged Generalist,2,3
22543,Routine Generalist,0,3
22544,Routine Generalist,0,3
22547,Routine Young Parents,0,0
22548,Promo Hunter,1,3
22549,Engaged Generalist,2,3
22550,Routine Generalist,0,3
22551,Engaged Generalist,2,3
22553,Routine Generalist,0,3
22554,Engaged Generalist,2,3
22555,Promo Hunter,1,0
22556,Routine Generalist,0,3
22557,Routine Young Parents,0,0
22558,Promo Hunter,1,1
22559,Routine Generalist,0,3
22560,Routine Generalist,0,3
22561,Routine Generalist,0,3
22562,Routine Generalist,0,3
22563,Routine Tech,0,2
22564,Routine Generalist,0,3
22566,Routine Generalist,0,3
22567,Routine Generalist,0,3
22569,Routine Young Parents,0,0
22570,Engaged Generalist,2,3
22571,Promo Hunter,1,3
22572,Routine Generalist,0,3
22573,Promo Hunter,1,1
22574,Routine Generalist,0,3
22575,Routine Young Parents,0,0
22576,Routine Generalist,0,3
22578,Engaged Generalist,2,3
22580,Promo Hunter,1,3
22581,Engaged Generalist,2,3
22582,Routine Generalist,0,3
22583,Promo Hunter,1,3
22584,Engaged Generalist,2,3
22585,Promo Hunter,1,3
22587,Engaged Generalist,2,3
22588,Routine Tech,0,2
22590,Promo Hunter,1,3
22591,Promo Hunter,1,3
22592,Promo Hunter,1,3
22593,Engaged Generalist,2,3
22594,Routine Young Parents,0,0
22595,Routine Generalist,0,3
22596,Routine Generalist,0,3
22598,Engaged Generalist,2,3
22599,Routine Tech,0,2
22601,Promo Hunter,1,3
22602,Routine Generalist,0,3
22603,Routine Tech,0,2
22604,Engaged Generalist,2,3
22605,Promo Hunter,1,3
22606,Routine Young Parents,0,0
22607,Engaged Generalist,2,3
22608,Routine Generalist,0,3
22609,Engaged Generalist,2,3
22610,Routine Generalist,0,3
22611,Engaged Generalist,2,3
22612,Engaged Generalist,2,3
22613,Promo Hunter,1,1
22614,Promo Hunter,1,3
22615,Routine Generalist,0,3
22616,Routine Tech,0,2
22617,Routine Generalist,0,3
22618,Engaged Generalist,2,3
22619,Routine Generalist,0,3
22620,Routine Generalist,0,3
22621,Routine Generalist,0,3
22622,Engaged Generalist,2,3
22623,Promo Hunter,1,3
22624,Routine Generalist,0,3
22625,Routine Generalist,0,3
22626,Engaged Generalist,2,3
22627,Promo Hunter,1,3
22628,Routine Young Parents,0,0
22630,Routine Young Parents,0,0
22631,Routine Young Parents,0,0
22633,Routine Generalist,0,3
22634,Engaged Generalist,2,3
22635,Routine Generalist,0,3
22636,Promo Hunter,1,3
22637,Promo Hunter,1,3
22639,Routine Generalist,0,3
22641,Engaged Generalist,2,3
22642,Promo Hunter,1,3
22644,Engaged Generalist,2,3
22645,Promo Hunter,1,3
22647,Routine Generalist,0,3
22648,Routine Generalist,0,3
22649,Engaged Generalist,2,3
22650,Engaged Family Provisioner,2,1
22651,Promo Hunter,1,3
22652,Promo Hunter,1,3
22653,Routine Family Provisioner,0,1
22654,Promo Hunter,1,3
22656,Routine Young Parents,0,0
22657,Engaged Generalist,2,3
22658,Engaged Generalist,2,3
22660,Routine Tech,0,2
22661,Engaged Generalist,2,3
22663,Routine Family Provisioner,0,1
22664,Routine Generalist,0,3
22666,Routine Family Provisioner,0,1
22668,Engaged Generalist,2,3
22669,Routine Young Parents,0,0
22670,Routine Generalist,0,3
22671,Promo Hunter,1,1
22672,Promo Hunter,1,3
22673,Routine Generalist,0,3
22674,Routine Young Parents,0,0
22675,Routine Generalist,0,3
22676,Routine Tech,0,2
22677,Routine Generalist,0,3
22678,Routine Tech,0,2
22679,Routine Generalist,0,3
22680,Engaged Generalist,2,3
22682,Routine Young Parents,0,0
22683,Engaged Generalist,2,3
22684,Routine Tech,0,2
22685,Engaged Generalist,2,3
22686,Routine Generalist,0,3
22687,Routine Generalist,0,3
22689,Routine Generalist,0,3
22690,Promo Hunter,1,1
22691,Promo Hunter,1,3
22692,Engaged Generalist,2,3
22694,Routine Young Parents,0,0
22696,Promo Hunter,1,3
22697,Routine Young Parents,0,0
22701,Routine Tech,0,2
22702,Routine Generalist,0,3
22703,Routine Generalist,0,3
22704,Routine Tech,0,2
22705,Promo Hunter,1,0
22706,Promo Hunter,1,2
22709,Promo Hunter,1,1
22710,Routine Generalist,0,3
22711,Routine Young Parents,0,0
22712,Promo Hunter,1,1
22714,Promo Hunter,1,1
22715,Promo Hunter,1,3
22716,Routine Generalist,0,3
22717,Routine Generalist,0,3
22718,Routine Young Parents,0,0
22719,Routine Generalist,0,3
22720,Engaged Generalist,2,3
22723,Engaged Generalist,2,3
22724,Routine Generalist,0,3
22725,Routine Generalist,0,3
22726,Engaged Generalist,2,3
22728,Routine Young Parents,0,0
22729,Promo Hunter,1,3
22730,Routine Family Provisioner,0,1
22731,Promo Hunter,1,3
22732,Promo Hunter,1,2
22733,Routine Generalist,0,3
22735,Promo Hunter,1,3
22736,Engaged Generalist,2,3
22739,Routine Generalist,0,3
22740,Engaged Family Provisioner,2,1
22741,Routine Family Provisioner,0,1
22742,Routine Young Parents,0,0
22744,Routine Generalist,0,3
22745,Routine Generalist,0,3
22746,Routine Family Provisioner,0,1
22748,Routine Tech,0,2
22750,Engaged Generalist,2,3
22752,Promo Hunter,1,3
22753,Routine Generalist,0,3
22754,Engaged Generalist,2,3
22755,Routine Generalist,0,3
22756,Routine Young Parents,0,0
22757,Promo Hunter,1,3
22758,Engaged Generalist,2,3
22759,Engaged Generalist,2,3
22760,Promo Hunter,1,3
22761,Promo Hunter,1,3
22763,Routine Tech,0,2
22765,Routine Generalist,0,3
22766,Routine Generalist,0,3
22767,Engaged Generalist,2,3
22768,Routine Generalist,0,3
22770,Routine Young Parents,0,0
22772,Engaged Generalist,2,3
22773,Routine Generalist,0,3
22774,Engaged Generalist,2,3
22775,Routine Tech,0,2
22776,Engaged Generalist,2,3
22777,Engaged Generalist,2,3
22778,Routine Young Parents,0,0
22779,Routine Generalist,0,3
22780,Routine Generalist,0,3
22782,Routine Tech,0,2
22784,Promo Hunter,1,3
22785,Promo Hunter,1,1
22786,Routine Generalist,0,3
22787,Routine Young Parents,0,0
22788,Routine Generalist,0,3
22790,Routine Tech,0,2
22791,Routine Generalist,0,3
22793,Routine Tech,0,2
22794,Promo Hunter,1,3
22795,Routine Young Parents,0,0
22796,Routine Generalist,0,3
22797,Promo Hunter,1,3
22799,Promo Hunter,1,3
22800,Engaged Generalist,2,3
22801,Routine Young Parents,0,0
22802,Engaged Generalist,2,3
22803,Promo Hunter,1,3
22804,Routine Tech,0,2
22805,Routine Generalist,0,3
22806,Promo Hunter,1,2
22807,Routine Generalist,0,3
22808,Engaged Generalist,2,3
22809,Routine Young Parents,0,0
22810,Routine Generalist,0,3
22811,Routine Generalist,0,3
22812,Routine Generalist,0,3
22813,Routine Young Parents,0,0
22814,Promo Hunter,1,3
22815,Routine Generalist,0,3
22816,Routine Young Parents,0,0
22817,Engaged Generalist,2,0
22818,Routine Generalist,0,3
22819,Routine Young Parents,0,0
22820,Promo Hunter,1,3
22821,Routine Young Parents,0,0
22822,Routine Generalist,0,3
22823,Promo Hunter,1,3
22824,Routine Family Provisioner,0,1
22825,Routine Tech,0,2
22826,Routine Generalist,0,3
22827,Routine Generalist,0,3
22828,Routine Young Parents,0,0
22829,Engaged Generalist,2,3
22830,Routine Family Provisioner,0,1
22831,Promo Hunter,1,3
22832,Routine Generalist,0,3
22833,Promo Hunter,1,3
22834,Routine Generalist,0,3
22835,Engaged Family Provisioner,2,1
22836,Promo Hunter,1,3
22837,Routine Generalist,0,3
22838,Engaged Generalist,2,3
22839,Routine Generalist,0,3
22840,Routine Young Parents,0,0
22841,Routine Generalist,0,3
22842,Engaged Generalist,2,3
22843,Routine Generalist,0,3
22844,Routine Generalist,0,3
22845,Routine Tech,0,2
22846,Engaged Generalist,2,3
22847,Promo Hunter,1,1
22848,Engaged Generalist,2,3
22850,Routine Tech,0,2
22851,Engaged Generalist,2,3
22852,Routine Young Parents,0,0
22853,Promo Hunter,1,3
22854,Engaged Generalist,2,3
22855,Promo Hunter,1,3
22856,Routine Generalist,0,3
22857,Engaged Generalist,2,3
22859,Routine Tech,0,2
22860,Promo Hunter,1,1
22861,Routine Young Parents,0,0
22862,Engaged Generalist,2,3
22863,Engaged Generalist,2,3
22866,Routine Young Parents,0,0
22867,Routine Young Parents,0,0
22868,Engaged Generalist,2,3
22869,Routine Young Parents,0,0
22870,Routine Young Parents,0,0
22871,Routine Generalist,0,3
22872,Engaged Generalist,2,3
22873,Promo Hunter,1,3
22874,Promo Hunter,1,1
22875,Engaged Generalist,2,3
22877,Promo Hunter,1,3
22878,Routine Generalist,0,3
22879,Routine Generalist,0,3
22880,Routine Generalist,0,3
22881,Routine Generalist,0,3
22882,Engaged Generalist,2,3
22883,Promo Hunter,1,3
22884,Promo Hunter,1,3
22886,Routine Young Parents,0,0
22887,Engaged Generalist,2,3
22890,Promo Hunter,1,3
22892,Engaged Generalist,2,3
22893,Routine Young Parents,0,0
22895,Promo Hunter,1,3
22896,Routine Tech,0,2
22897,Routine Generalist,0,3
22898,Routine Generalist,0,3
22899,Routine Generalist,0,3
22900,Routine Tech,0,2
22901,Engaged Generalist,2,3
22902,Engaged Generalist,2,3
22903,Routine Tech,0,2
22904,Promo Hunter,1,3
22905,Promo Hunter,1,3
22906,Routine Young Parents,0,0
22907,Engaged Generalist,2,3
22908,Promo Hunter,1,3
22909,Routine Family Provisioner,0,1
22910,Routine Family Provisioner,0,1
22913,Routine Generalist,0,3
22914,Routine Generalist,0,3
22915,Routine Generalist,0,3
22916,Routine Young Parents,0,0
22917,Routine Generalist,0,3
22918,Routine Young Parents,0,0
22919,Engaged Generalist,2,3
22920,Engaged Generalist,2,3
22921,Routine Generalist,0,3
22922,Routine Tech,0,2
22923,Promo Hunter,1,1
22924,Engaged Generalist,2,3
22925,Routine Young Parents,0,0
22926,Routine Young Parents,0,0
22927,Engaged Generalist,2,3
22929,Routine Tech,0,2
22930,Engaged Generalist,2,3
22931,Routine Generalist,0,3
22932,Promo Hunter,1,1
22933,Engaged Generalist,2,3
22935,Promo Hunter,1,3
22936,Promo Hunter,1,3
22937,Routine Generalist,0,3
22941,Engaged Generalist,2,3
22942,Routine Tech,0,2
22943,Promo Hunter,1,3
22944,Routine Young Parents,0,0
22945,Routine Generalist,0,3
22946,Routine Young Parents,0,0
22947,Routine Young Parents,0,0
22948,Routine Generalist,0,3
22950,Engaged Generalist,2,3
22951,Promo Hunter,1,3
22952,Routine Generalist,0,3
22953,Routine Young Parents,0,0
22955,Engaged Generalist,2,3
22956,Routine Generalist,0,3
22957,Routine Generalist,0,3
22958,Routine Young Parents,0,0
22959,Promo Hunter,1,3
22960,Engaged Generalist,2,3
22961,Routine Generalist,0,3
22962,Routine Generalist,0,3
22963,Promo Hunter,1,3
22964,Routine Generalist,0,3
22965,Engaged Generalist,2,3
22968,Engaged Generalist,2,3
22969,Engaged Generalist,2,3
22970,Routine Tech,0,2
22971,Routine Young Parents,0,0
22972,Promo Hunter,1,3
22973,Routine Young Parents,0,0
22976,Routine Young Parents,0,0
22977,Promo Hunter,1,1
22978,Engaged Generalist,2,3
22979,Routine Family Provisioner,0,1
22980,Routine Generalist,0,3
22981,Routine Generalist,0,3
22982,Routine Young Parents,0,0
22983,Routine Tech,0,2
22984,Promo Hunter,1,1
22985,Routine Generalist,0,3
22986,Engaged Generalist,2,3
22987,Routine Generalist,0,3
22990,Routine Tech,0,2
22992,Routine Generalist,0,3
22993,Routine Generalist,0,3
22994,Routine Generalist,0,3
22995,Promo Hunter,1,3
22996,Routine Tech,0,2
22997,Engaged Generalist,2,3
22998,Routine Young Parents,0,0
22999,Routine Generalist,0,3
23001,Routine Generalist,0,3
23002,Promo Hunter,1,3
23003,Routine Generalist,0,3
23004,Engaged Generalist,2,3
23005,Promo Hunter,1,2
23008,Promo Hunter,1,1
23009,Routine Generalist,0,3
23010,Routine Generalist,0,3
23011,Routine Generalist,0,3
23012,Promo Hunter,1,3
23013,Promo Hunter,1,3
23014,Promo Hunter,1,3
23015,Promo Hunter,1,3
23016,Engaged Generalist,2,3
23018,Engaged Generalist,2,3
23019,Promo Hunter,1,0
23020,Routine Generalist,0,3
23021,Routine Young Parents,0,0
23022,Engaged Generalist,2,3
23023,Routine Generalist,0,3
23024,Routine Young Parents,0,0
23026,Engaged Generalist,2,3
23027,Routine Generalist,0,3
23028,Engaged Generalist,2,3
23030,Engaged Generalist,2,3
23032,Promo Hunter,1,3
23033,Promo Hunter,1,1
23034,Routine Tech,0,2
23035,Routine Generalist,0,3
23037,Promo Hunter,1,1
23040,Routine Generalist,0,3
23041,Routine Generalist,0,3
23042,Engaged Generalist,2,3
23043,Engaged Generalist,2,3
23044,Routine Young Parents,0,0
23045,Routine Young Parents,0,0
23046,Routine Tech,0,2
23048,Routine Tech,0,2
23049,Routine Young Parents,0,0
23050,Routine Generalist,0,3
23051,Promo Hunter,1,1
23052,Promo Hunter,1,3
23053,Routine Young Parents,0,0
23054,Engaged Generalist,2,3
23055,Promo Hunter,1,3
23056,Engaged Generalist,2,3
23057,Engaged Generalist,2,3
23058,Promo Hunter,1,1
23059,Routine Tech,0,2
23060,Routine Young Parents,0,0
23061,Engaged Generalist,2,3
23062,Engaged Generalist,2,3
23063,Promo Hunter,1,3
23065,Routine Tech,0,2
23066,Promo Hunter,1,3
23067,Promo Hunter,1,3
23068,Routine Generalist,0,3
23069,Routine Young Parents,0,0
23070,Promo Hunter,1,3
23071,Routine Generalist,0,3
23072,Routine Generalist,0,3
23073,Routine Young Parents,0,0
23074,Routine Family Provisioner,0,1
23075,Engaged Generalist,2,3
23077,Engaged Generalist,2,3
23078,Routine Generalist,0,3
23079,Routine Young Parents,0,0
23080,Routine Generalist,0,3
23082,Engaged Generalist,2,3
23083,Routine Generalist,0,3
23084,Routine Generalist,0,3
23085,Promo Hunter,1,3
23086,Routine Family Provisioner,0,1
23087,Engaged Generalist,2,3
23088,Engaged Generalist,2,3
23089,Routine Young Parents,0,0
23090,Engaged Generalist,2,3
23091,Promo Hunter,1,3
23092,Routine Young Parents,0,0
23093,Routine Generalist,0,3
23094,Routine Tech,0,2
23095,Promo Hunter,1,3
23097,Engaged Generalist,2,3
23098,Engaged Generalist,2,3
23099,Routine Young Parents,0,0
23100,Routine Generalist,0,3
23101,Engaged Generalist,2,3
23102,Routine Generalist,0,3
23103,Engaged Generalist,2,3
23104,Engaged Generalist,2,3
23105,Routine Generalist,0,3
23106,Engaged Generalist,2,2
23107,Promo Hunter,1,3
23108,Routine Young Parents,0,0
23109,Promo Hunter,1,3
23110,Promo Hunter,1,3
23111,Routine Family Provisioner,0,1
23112,Routine Young Parents,0,0
23113,Promo Hunter,1,1
23114,Promo Hunter,1,1
23115,Promo Hunter,1,3
23116,Engaged Generalist,2,0
23117,Promo Hunter,1,3
23119,Routine Young Parents,0,0
23120,Routine Generalist,0,3
23122,Engaged Generalist,2,3
23123,Routine Generalist,0,3
23124,Promo Hunter,1,3
23125,Routine Generalist,0,3
23126,Routine Young Parents,0,0
23127,Engaged Generalist,2,3
23128,Engaged Generalist,2,3
23129,Routine Tech,0,2
23130,Promo Hunter,1,3
23132,Promo Hunter,1,3
23133,Routine Young Parents,0,0
23134,Routine Tech,0,2
23135,Promo Hunter,1,1
23136,Promo Hunter,1,1
23137,Engaged Family Provisioner,2,1
23138,Engaged Generalist,2,3
23139,Routine Young Parents,0,0
23140,Routine Young Parents,0,0
23141,Routine Young Parents,0,0
23143,Promo Hunter,1,3
23144,Routine Generalist,0,3
23145,Routine Young Parents,0,0
23146,Engaged Generalist,2,3
23147,Engaged Generalist,2,3
23148,Promo Hunter,1,3
23149,Engaged Generalist,2,3
23151,Engaged Generalist,2,3
23152,Promo Hunter,1,3
23153,Engaged Generalist,2,3
23154,Routine Generalist,0,3
23155,Routine Young Parents,0,0
23156,Engaged Generalist,2,3
23157,Engaged Generalist,2,3
23159,Engaged Generalist,2,3
23160,Routine Family Provisioner,0,1
23161,Engaged Generalist,2,3
23162,Promo Hunter,1,3
23163,Engaged Generalist,2,3
23164,Engaged Generalist,2,3
23165,Engaged Generalist,2,3
23166,Engaged Generalist,2,3
23167,Routine Generalist,0,3
23168,Routine Generalist,0,3
23169,Promo Hunter,1,3
23170,Engaged Generalist,2,3
23171,Routine Generalist,0,3
23172,Routine Generalist,0,3
23173,Engaged Generalist,2,3
23174,Promo Hunter,1,3
23175,Engaged Generalist,2,3
23176,Routine Tech,0,2
23177,Routine Young Parents,0,0
23178,Engaged Generalist,2,3
23180,Routine Tech,0,2
23181,Promo Hunter,1,3
23182,Promo Hunter,1,3
23184,Promo Hunter,1,3
23185,Routine Young Parents,0,0
23186,Routine Generalist,0,3
23189,Routine Generalist,0,3
23190,Engaged Generalist,2,3
23191,Routine Tech,0,2
23192,Routine Generalist,0,3
23194,Promo Hunter,1,1
23195,Routine Generalist,0,3
23196,Engaged Generalist,2,3
23197,Routine Tech,0,2
23198,Routine Generalist,0,3
23199,Promo Hunter,1,3
23200,Routine Generalist,0,3
23201,Promo Hunter,1,3
23202,Routine Generalist,0,3
23203,Routine Young Parents,0,0
23205,Routine Generalist,0,3
23206,Engaged Family Provisioner,2,1
23207,Routine Tech,0,2
23208,Routine Tech,0,2
23209,Routine Young Parents,0,0
23210,Promo Hunter,1,3
23211,Routine Young Parents,0,0
23212,Promo Hunter,1,3
23213,Promo Hunter,1,3
23214,Routine Generalist,0,3
23215,Routine Young Parents,0,0
23216,Engaged Generalist,2,3
23217,Engaged Generalist,2,3
23219,Routine Young Parents,0,0
23220,Routine Young Parents,0,0
23221,Engaged Generalist,2,3
23222,Promo Hunter,1,1
23223,Routine Young Parents,0,0
23224,Routine Generalist,0,3
23225,Routine Tech,0,2
23226,Engaged Family Provisioner,2,1
23227,Promo Hunter,1,3
23228,Routine Generalist,0,3
23230,Routine Generalist,0,3
23231,Routine Tech,0,2
23232,Engaged Generalist,2,3
23233,Engaged Generalist,2,3
23234,Promo Hunter,1,1
23235,Routine Young Parents,0,0
23236,Promo Hunter,1,0
23237,Routine Young Parents,0,0
23238,Promo Hunter,1,3
23239,Engaged Generalist,2,3
23240,Promo Hunter,1,2
23241,Promo Hunter,1,3
23242,Engaged Generalist,2,3
23243,Engaged Generalist,2,3
23244,Promo Hunter,1,1
23245,Engaged Generalist,2,3
23246,Routine Young Parents,0,0
23247,Engaged Generalist,2,3
23249,Routine Generalist,0,3
23250,Routine Tech,0,2
23252,Promo Hunter,1,3
23253,Promo Hunter,1,3
23254,Promo Hunter,1,1
23255,Routine Young Parents,0,0
23256,Routine Young Parents,0,0
23257,Engaged Generalist,2,3
23258,Promo Hunter,1,3
23259,Promo Hunter,1,3
23260,Promo Hunter,1,3
23261,Routine Generalist,0,3
23262,Routine Generalist,0,3
23264,Routine Family Provisioner,0,1
23265,Routine Young Parents,0,0
23266,Routine Young Parents,0,0
23267,Routine Tech,0,2
23268,Routine Family Provisioner,0,1
23269,Engaged Generalist,2,3
23270,Engaged Generalist,2,3
23271,Routine Generalist,0,3
23272,Promo Hunter,1,3
23273,Routine Generalist,0,3
23274,Routine Generalist,0,3
23275,Promo Hunter,1,3
23276,Routine Generalist,0,3
23277,Engaged Generalist,2,3
23278,Engaged Generalist,2,3
23279,Routine Tech,0,2
23280,Routine Generalist,0,3
23281,Engaged Family Provisioner,2,1
23283,Engaged Generalist,2,3
23284,Routine Family Provisioner,0,1
23285,Routine Young Parents,0,0
23286,Promo Hunter,1,3
23287,Routine Generalist,0,3
23288,Routine Tech,0,2
23290,Engaged Generalist,2,3
23291,Engaged Generalist,2,3
23292,Routine Generalist,0,3
23293,Promo Hunter,1,3
23294,Routine Family Provisioner,0,1
23295,Promo Hunter,1,3
23296,Engaged Generalist,2,3
23297,Routine Generalist,0,3
23298,Routine Generalist,0,3
23299,Routine Generalist,0,3
23300,Promo Hunter,1,3
23302,Routine Generalist,0,3
23303,Routine Young Parents,0,0
23304,Routine Young Parents,0,0
23305,Promo Hunter,1,3
23306,Engaged Family Provisioner,2,1
23307,Routine Generalist,0,3
23308,Routine Young Parents,0,0
23310,Routine Young Parents,0,0
23312,Routine Generalist,0,3
23313,Engaged Generalist,2,3
23314,Promo Hunter,1,3
23315,Engaged Generalist,2,3
23317,Routine Generalist,0,3
23319,Promo Hunter,1,3
23320,Promo Hunter,1,3
23321,Routine Generalist,0,3
23322,Routine Generalist,0,3
23323,Routine Generalist,0,3
23324,Engaged Generalist,2,3
23325,Routine Generalist,0,3
23326,Promo Hunter,1,3
23327,Routine Young Parents,0,0
23328,Routine Generalist,0,3
23330,Engaged Generalist,2,3
23331,Engaged Generalist,2,3
23334,Promo Hunter,1,3
23335,Routine Generalist,0,3
23336,Engaged Generalist,2,3
23337,Routine Tech,0,2
23338,Routine Tech,0,2
23339,Routine Young Parents,0,0
23340,Engaged Family Provisioner,2,1
23341,Engaged Generalist,2,3
23342,Routine Tech,0,2
23343,Routine Generalist,0,3
23344,Engaged Generalist,2,3
23345,Promo Hunter,1,0
23346,Routine Generalist,0,3
23347,Promo Hunter,1,3
23348,Routine Generalist,0,3
23349,Promo Hunter,1,3
23350,Promo Hunter,1,3
23351,Promo Hunter,1,3
23352,Routine Generalist,0,3
23353,Routine Tech,0,2
23354,Promo Hunter,1,3
23355,Engaged Generalist,2,3
23356,Engaged Generalist,2,3
23358,Routine Tech,0,2
23360,Promo Hunter,1,3
23362,Engaged Generalist,2,3
23363,Routine Generalist,0,3
23364,Promo Hunter,1,3
23365,Promo Hunter,1,3
23366,Routine Young Parents,0,0
23368,Routine Tech,0,2
23369,Routine Tech,0,2
23370,Promo Hunter,1,3
23371,Routine Young Parents,0,0
23373,Promo Hunter,1,3
23374,Routine Generalist,0,3
23375,Routine Young Parents,0,0
23376,Routine Tech,0,2
23377,Promo Hunter,1,3
23378,Engaged Generalist,2,3
23379,Routine Generalist,0,3
23380,Promo Hunter,1,3
23381,Routine Generalist,0,3
23382,Routine Young Parents,0,0
23383,Promo Hunter,1,3
23384,Routine Tech,0,2
23385,Promo Hunter,1,3
23387,Promo Hunter,1,3
23388,Routine Generalist,0,3
23389,Engaged Generalist,2,0
23390,Routine Tech,0,2
23391,Promo Hunter,1,3
23392,Routine Tech,0,2
23393,Routine Generalist,0,3
23394,Routine Young Parents,0,0
23395,Routine Young Parents,0,0
23396,Promo Hunter,1,1
23397,Promo Hunter,1,3
23398,Promo Hunter,1,3
23399,Promo Hunter,1,1
23400,Routine Young Parents,0,0
23401,Engaged Generalist,2,3
23402,Promo Hunter,1,3
23404,Engaged Generalist,2,0
23405,Promo Hunter,1,1
23406,Routine Generalist,0,3
23407,Engaged Generalist,2,3
23408,Promo Hunter,1,3
23409,Promo Hunter,1,1
23410,Promo Hunter,1,1
23411,Routine Generalist,0,3
23412,Engaged Generalist,2,3
23413,Promo Hunter,1,3
23414,Engaged Generalist,2,3
23415,Promo Hunter,1,1
23416,Routine Generalist,0,3
23417,Engaged Generalist,2,3
23418,Routine Generalist,0,3
23419,Routine Generalist,0,3
23422,Engaged Generalist,2,3
23423,Engaged Generalist,2,3
23424,Routine Young Parents,0,0
23426,Promo Hunter,1,1
23427,Promo Hunter,1,3
23429,Engaged Family Provisioner,2,1
23430,Routine Young Parents,0,0
23431,Routine Generalist,0,3
23432,Engaged Generalist,2,3
23433,Engaged Generalist,2,3
23434,Promo Hunter,1,3
23435,Engaged Generalist,2,3
23436,Engaged Generalist,2,3
23437,Promo Hunter,1,3
23438,Promo Hunter,1,3
23439,Routine Generalist,0,3
23440,Routine Young Parents,0,0
23442,Routine Young Parents,0,0
23444,Promo Hunter,1,3
23445,Routine Generalist,0,3
23447,Routine Generalist,0,3
23448,Routine Tech,0,2
23449,Promo Hunter,1,1
23450,Routine Young Parents,0,0
23451,Engaged Generalist,2,3
23452,Routine Tech,0,2
23453,Routine Generalist,0,3
23454,Routine Generalist,0,3
23455,Routine Tech,0,2
23457,Promo Hunter,1,3
23458,Promo Hunter,1,3
23459,Promo Hunter,1,1
23460,Routine Young Parents,0,0
23461,Routine Tech,0,2
23462,Engaged Generalist,2,3
23464,Routine Young Parents,0,0
23465,Routine Generalist,0,3
23468,Routine Generalist,0,3
23469,Routine Generalist,0,3
23471,Routine Young Parents,0,0
23472,Routine Family Provisioner,0,1
23473,Routine Young Parents,0,0
23475,Engaged Family Provisioner,2,1
23476,Engaged Generalist,2,3
23477,Engaged Generalist,2,3
23478,Engaged Family Provisioner,2,1
23479,Promo Hunter,1,3
23480,Engaged Generalist,2,3
23481,Engaged Generalist,2,3
23482,Engaged Generalist,2,3
23483,Routine Tech,0,2
23485,Engaged Generalist,2,3
23486,Promo Hunter,1,3
23487,Promo Hunter,1,3
23489,Routine Young Parents,0,0
23490,Routine Tech,0,2
23492,Routine Generalist,0,3
23493,Promo Hunter,1,3
23494,Routine Young Parents,0,0
23495,Engaged Generalist,2,3
23496,Routine Generalist,0,3
23497,Promo Hunter,1,3
23498,Routine Generalist,0,3
23499,Routine Tech,0,2
23500,Engaged Generalist,2,0
23502,Engaged Generalist,2,3
23503,Routine Young Parents,0,0
23506,Engaged Generalist,2,3
23507,Routine Young Parents,0,0
23508,Engaged Generalist,2,3
23511,Routine Generalist,0,3
23512,Routine Generalist,0,3
23514,Engaged Generalist,2,3
23515,Engaged Generalist,2,3
23516,Engaged Generalist,2,3
23519,Routine Young Parents,0,0
23520,Routine Generalist,0,3
23522,Routine Generalist,0,3
23523,Routine Tech,0,2
23524,Routine Young Parents,0,0
23526,Engaged Generalist,2,3
23527,Engaged Generalist,2,3
23528,Routine Generalist,0,3
23529,Routine Family Provisioner,0,1
23530,Routine Generalist,0,3
23533,Routine Generalist,0,3
23535,Routine Generalist,0,3
23536,Engaged Generalist,2,3
23537,Promo Hunter,1,3
23538,Routine Generalist,0,3
23539,Engaged Generalist,2,3
23542,Engaged Generalist,2,3
23543,Routine Young Parents,0,0
23545,Engaged Generalist,2,3
23546,Engaged Generalist,2,3
23547,Routine Young Parents,0,0
23548,Promo Hunter,1,1
23549,Promo Hunter,1,3
23550,Promo Hunter,1,3
23551,Promo Hunter,1,3
23553,Routine Young Parents,0,0
23554,Routine Generalist,0,3
23555,Routine Generalist,0,3
23556,Routine Young Parents,0,0
23557,Engaged Generalist,2,3
23558,Routine Generalist,0,3
23560,Engaged Generalist,2,3
23561,Promo Hunter,1,3
23562,Routine Generalist,0,3
23563,Engaged Generalist,2,3
23564,Routine Generalist,0,3
23566,Engaged Generalist,2,3
23567,Routine Family Provisioner,0,1
23568,Promo Hunter,1,3
23569,Engaged Generalist,2,3
23570,Routine Young Parents,0,0
23571,Promo Hunter,1,3
23572,Promo Hunter,1,3
23573,Promo Hunter,1,3
23575,Routine Young Parents,0,0
23576,Promo Hunter,1,3
23577,Routine Generalist,0,3
23578,Routine Generalist,0,3
23579,Routine Young Parents,0,0
23580,Promo Hunter,1,3
23581,Routine Family Provisioner,0,1
23582,Routine Generalist,0,3
23584,Promo Hunter,1,3
23585,Routine Tech,0,2
23586,Promo Hunter,1,1
23587,Routine Young Parents,0,0
23588,Engaged Generalist,2,3
23589,Promo Hunter,1,1
23590,Engaged Generalist,2,3
23592,Engaged Generalist,2,3
23593,Engaged Generalist,2,3
23594,Routine Generalist,0,3
23595,Engaged Family Provisioner,2,1
23596,Routine Young Parents,0,0
23597,Routine Young Parents,0,0
23599,Routine Generalist,0,3
23600,Promo Hunter,1,3
23602,Engaged Family Provisioner,2,1
23603,Engaged Generalist,2,3
23604,Promo Hunter,1,3
23605,Routine Young Parents,0,0
23606,Promo Hunter,1,1
23608,Routine Young Parents,0,0
23609,Engaged Generalist,2,3
23610,Routine Family Provisioner,0,1
23611,Routine Generalist,0,3
23612,Routine Generalist,0,3
23613,Routine Generalist,0,3
23614,Engaged Generalist,2,3
23615,Engaged Generalist,2,3
23616,Routine Generalist,0,3
23617,Routine Tech,0,2
23618,Routine Tech,0,2
23619,Routine Generalist,0,3
23620,Promo Hunter,1,1
23621,Routine Tech,0,2
23622,Routine Tech,0,2
23624,Routine Young Parents,0,0
23625,Routine Generalist,0,3
23626,Routine Young Parents,0,0
23627,Engaged Generalist,2,3
23628,Routine Young Parents,0,0
23629,Promo Hunter,1,1
23630,Promo Hunter,1,3
23631,Engaged Generalist,2,3
23632,Routine Tech,0,2
23634,Promo Hunter,1,3
23635,Engaged Generalist,2,3
23636,Engaged Family Provisioner,2,1
23637,Engaged Generalist,2,3
23638,Routine Generalist,0,3
23639,Routine Generalist,0,3
23640,Promo Hunter,1,3
23641,Routine Tech,0,2
23642,Routine Young Parents,0,0
23643,Routine Generalist,0,3
23644,Routine Young Parents,0,0
23645,Routine Generalist,0,3
23647,Engaged Generalist,2,3
23648,Routine Generalist,0,3
23649,Engaged Generalist,2,3
23650,Promo Hunter,1,3
23651,Routine Generalist,0,3
23652,Engaged Generalist,2,3
23653,Promo Hunter,1,3
23655,Promo Hunter,1,3
23657,Promo Hunter,1,3
23658,Promo Hunter,1,3
23659,Routine Generalist,0,3
23660,Routine Tech,0,2
23661,Promo Hunter,1,3
23663,Promo Hunter,1,3
23664,Promo Hunter,1,3
23665,Promo Hunter,1,3
23666,Routine Generalist,0,3
23667,Routine Young Parents,0,0
23668,Routine Generalist,0,3
23669,Routine Generalist,0,3
23670,Promo Hunter,1,3
23672,Engaged Generalist,2,3
23673,Routine Generalist,0,3
23674,Routine Young Parents,0,0
23677,Engaged Generalist,2,3
23678,Routine Generalist,0,3
23679,Promo Hunter,1,1
23680,Engaged Generalist,2,3
23681,Routine Young Parents,0,0
23683,Engaged Generalist,2,3
23684,Promo Hunter,1,3
23685,Promo Hunter,1,3
23686,Routine Generalist,0,3
23688,Engaged Generalist,2,3
23690,Routine Tech,0,2
23691,Routine Generalist,0,3
23692,Engaged Generalist,2,3
23693,Routine Generalist,0,3
23694,Engaged Generalist,2,3
23695,Engaged Generalist,2,3
23696,Engaged Generalist,2,3
23697,Routine Generalist,0,3
23698,Promo Hunter,1,3
23699,Routine Generalist,0,3
23700,Routine Generalist,0,3
23701,Routine Tech,0,2
23702,Promo Hunter,1,3
23703,Routine Young Parents,0,0
23704,Engaged Family Provisioner,2,1
23705,Routine Young Parents,0,0
23706,Routine Tech,0,2
23707,Routine Generalist,0,3
23708,Engaged Generalist,2,3
23709,Routine Generalist,0,3
23710,Promo Hunter,1,3
23711,Routine Generalist,0,3
23712,Promo Hunter,1,3
23713,Routine Generalist,0,3
23714,Engaged Generalist,2,3
23715,Routine Tech,0,2
23716,Engaged Generalist,2,3
23717,Engaged Generalist,2,3
23718,Engaged Generalist,2,3
23720,Routine Generalist,0,3
23721,Promo Hunter,1,3
23722,Routine Generalist,0,3
23723,Promo Hunter,1,3
23724,Routine Young Parents,0,0
23725,Promo Hunter,1,3
23726,Promo Hunter,1,3
23727,Engaged Generalist,2,3
23728,Promo Hunter,1,3
23729,Routine Young Parents,0,0
23730,Engaged Generalist,2,3
23732,Engaged Generalist,2,3
23733,Promo Hunter,1,1
23734,Engaged Generalist,2,3
23735,Promo Hunter,1,3
23736,Routine Family Provisioner,0,1
23737,Routine Young Parents,0,0
23739,Engaged Generalist,2,2
23742,Promo Hunter,1,1
23744,Routine Generalist,0,3
23746,Engaged Generalist,2,3
23747,Routine Generalist,0,3
23749,Routine Generalist,0,3
23750,Routine Tech,0,2
23751,Routine Family Provisioner,0,1
23752,Routine Tech,0,2
23753,Promo Hunter,1,3
23754,Engaged Generalist,2,3
23755,Promo Hunter,1,1
23757,Routine Tech,0,2
23758,Promo Hunter,1,3
23760,Routine Generalist,0,3
23761,Routine Tech,0,2
23762,Routine Generalist,0,3
23763,Engaged Generalist,2,3
23764,Routine Young Parents,0,0
23765,Routine Young Parents,0,0
23766,Routine Young Parents,0,0
23767,Promo Hunter,1,3
23768,Engaged Generalist,2,3
23769,Promo Hunter,1,3
23770,Routine Tech,0,2
23771,Routine Young Parents,0,0
23772,Routine Generalist,0,3
23773,Routine Tech,0,2
23774,Routine Generalist,0,3
23775,Routine Tech,0,2
23776,Promo Hunter,1,3
23777,Promo Hunter,1,3
23778,Promo Hunter,1,3
23779,Promo Hunter,1,3
23780,Routine Generalist,0,3
23781,Engaged Generalist,2,3
23782,Routine Generalist,0,3
23783,Promo Hunter,1,1
23784,Engaged Generalist,2,3
23785,Routine Generalist,0,3
23786,Routine Generalist,0,3
23787,Promo Hunter,1,3
23789,Routine Tech,0,2
23790,Routine Young Parents,0,0
23791,Engaged Family Provisioner,2,1
23793,Promo Hunter,1,3
23794,Routine Generalist,0,3
23795,Routine Generalist,0,3
23796,Routine Generalist,0,3
23797,Engaged Generalist,2,3
23798,Routine Generalist,0,3
23799,Engaged Generalist,2,3
23800,Promo Hunter,1,3
23801,Routine Young Parents,0,0
23802,Engaged Generalist,2,3
23803,Engaged Generalist,2,3
23804,Engaged Generalist,2,3
23805,Promo Hunter,1,3
23806,Routine Generalist,0,3
23807,Engaged Generalist,2,3
23808,Engaged Generalist,2,3
23809,Routine Tech,0,2
23810,Promo Hunter,1,3
23811,Promo Hunter,1,1
23812,Routine Generalist,0,3
23813,Engaged Generalist,2,3
23814,Routine Young Parents,0,0
23815,Promo Hunter,1,1
23816,Engaged Generalist,2,3
23817,Engaged Generalist,2,3
23818,Engaged Generalist,2,3
23819,Routine Generalist,0,3
23820,Routine Generalist,0,3
23821,Promo Hunter,1,3
23822,Engaged Generalist,2,3
23823,Promo Hunter,1,2
23824,Engaged Generalist,2,3
23826,Routine Generalist,0,3
23828,Promo Hunter,1,3
23830,Promo Hunter,1,3
23831,Routine Young Parents,0,0
23832,Routine Young Parents,0,0
23833,Promo Hunter,1,3
23835,Routine Young Parents,0,0
23836,Routine Generalist,0,3
23837,Engaged Generalist,2,3
23838,Engaged Generalist,2,3
23839,Routine Young Parents,0,0
23840,Routine Generalist,0,3
23842,Engaged Generalist,2,3
23843,Promo Hunter,1,0
23844,Promo Hunter,1,3
23845,Routine Generalist,0,3
23846,Engaged Generalist,2,3
23847,Engaged Family Provisioner,2,1
23848,Routine Tech,0,2
23850,Routine Tech,0,2
23851,Promo Hunter,1,3
23852,Engaged Generalist,2,3
23853,Promo Hunter,1,3
23855,Promo Hunter,1,3
23856,Promo Hunter,1,3
23857,Routine Young Parents,0,0
23860,Engaged Generalist,2,3
23861,Engaged Generalist,2,3
23863,Routine Young Parents,0,0
23865,Routine Young Parents,0,0
23867,Engaged Generalist,2,3
23868,Routine Young Parents,0,0
23869,Promo Hunter,1,3
23870,Engaged Generalist,2,3
23871,Routine Young Parents,0,0
23872,Routine Generalist,0,3
23876,Engaged Generalist,2,3
23878,Routine Generalist,0,3
23879,Engaged Generalist,2,3
23880,Engaged Generalist,2,3
23881,Promo Hunter,1,3
23882,Promo Hunter,1,3
23885,Routine Tech,0,2
23886,Routine Young Parents,0,0
23887,Routine Generalist,0,3
23888,Promo Hunter,1,1
23890,Promo Hunter,1,1
23891,Routine Generalist,0,3
23892,Engaged Generalist,2,3
23893,Engaged Generalist,2,3
23894,Engaged Generalist,2,3
23895,Engaged Generalist,2,3
23896,Engaged Generalist,2,3
23897,Engaged Generalist,2,3
23898,Promo Hunter,1,1
23899,Routine Tech,0,2
23900,Routine Generalist,0,3
23901,Promo Hunter,1,1
23902,Routine Young Parents,0,0
23903,Routine Generalist,0,3
23904,Routine Generalist,0,3
23905,Routine Generalist,0,3
23906,Routine Generalist,0,3
23907,Routine Generalist,0,3
23908,Engaged Generalist,2,3
23909,Routine Family Provisioner,0,1
23910,Promo Hunter,1,3
23911,Routine Generalist,0,3
23912,Engaged Generalist,2,3
23913,Routine Young Parents,0,0
23914,Routine Young Parents,0,0
23915,Routine Tech,0,2
23917,Promo Hunter,1,1
23918,Engaged Generalist,2,3
23919,Engaged Generalist,2,3
23921,Promo Hunter,1,1
23923,Engaged Generalist,2,3
23924,Engaged Generalist,2,0
23925,Promo Hunter,1,3
23926,Routine Generalist,0,3
23928,Promo Hunter,1,3
23929,Engaged Generalist,2,3
23930,Routine Family Provisioner,0,1
23932,Engaged Generalist,2,3
23933,Promo Hunter,1,3
23934,Engaged Generalist,2,3
23935,Engaged Generalist,2,3
23936,Engaged Family Provisioner,2,1
23937,Routine Young Parents,0,0
23939,Routine Tech,0,2
23940,Routine Family Provisioner,0,1
23941,Engaged Generalist,2,3
23942,Promo Hunter,1,3
23943,Promo Hunter,1,1
23945,Engaged Family Provisioner,2,1
23946,Routine Young Parents,0,0
23947,Routine Generalist,0,3
23948,Promo Hunter,1,3
23951,Promo Hunter,1,0
23952,Engaged Generalist,2,3
23954,Routine Tech,0,2
23956,Engaged Generalist,2,3
23957,Promo Hunter,1,3
23958,Promo Hunter,1,3
23959,Routine Generalist,0,3
23960,Engaged Generalist,2,3
23961,Routine Generalist,0,3
23963,Promo Hunter,1,3
23964,Promo Hunter,1,3
23966,Routine Young Parents,0,0
23967,Routine Young Parents,0,0
23968,Routine Generalist,0,3
23969,Routine Tech,0,2
23971,Engaged Generalist,2,3
23972,Routine Young Parents,0,0
23973,Routine Young Parents,0,0
23974,Routine Young Parents,0,0
23975,Routine Tech,0,2
23976,Routine Generalist,0,3
23977,Engaged Generalist,2,3
23978,Routine Generalist,0,3
23981,Routine Young Parents,0,0
23982,Routine Generalist,0,3
23983,Engaged Generalist,2,3
23984,Engaged Generalist,2,3
23985,Promo Hunter,1,3
23986,Engaged Generalist,2,3
23987,Promo Hunter,1,3
23988,Engaged Generalist,2,3
23989,Routine Generalist,0,3
23991,Engaged Generalist,2,3
23993,Routine Tech,0,2
23994,Routine Generalist,0,3
23996,Promo Hunter,1,0
23998,Routine Generalist,0,3
23999,Routine Generalist,0,3
24000,Routine Young Parents,0,0
24001,Engaged Generalist,2,3
24002,Promo Hunter,1,3
24003,Engaged Generalist,2,3
24004,Routine Tech,0,2
24005,Engaged Generalist,2,3
24006,Promo Hunter,1,3
24007,Routine Young Parents,0,0
24008,Routine Generalist,0,3
24009,Routine Tech,0,2
24011,Engaged Generalist,2,3
24013,Routine Family Provisioner,0,1
24014,Routine Tech,0,2
24015,Routine Young Parents,0,0
24017,Engaged Generalist,2,3
24020,Promo Hunter,1,3
24021,Routine Generalist,0,3
24022,Routine Generalist,0,3
24024,Engaged Generalist,2,3
24025,Promo Hunter,1,3
24026,Engaged Generalist,2,3
24027,Routine Generalist,0,3
24028,Promo Hunter,1,3
24029,Routine Generalist,0,3
24030,Engaged Generalist,2,3
24031,Routine Family Provisioner,0,1
24032,Engaged Generalist,2,3
24033,Engaged Generalist,2,3
24034,Promo Hunter,1,0
24035,Promo Hunter,1,1
24036,Promo Hunter,1,3
24037,Engaged Generalist,2,3
24038,Engaged Generalist,2,3
24040,Promo Hunter,1,3
24041,Routine Young Parents,0,0
24042,Promo Hunter,1,1
24043,Engaged Generalist,2,0
24044,Promo Hunter,1,1
24045,Engaged Generalist,2,3
24046,Promo Hunter,1,3
24048,Engaged Generalist,2,3
24049,Routine Young Parents,0,0
24050,Engaged Family Provisioner,2,1
24051,Routine Tech,0,2
24052,Routine Young Parents,0,0
24053,Routine Generalist,0,3
24054,Promo Hunter,1,3
24055,Routine Generalist,0,3
24056,Routine Generalist,0,3
24057,Routine Generalist,0,3
24058,Routine Tech,0,2
24059,Promo Hunter,1,3
24060,Engaged Generalist,2,3
24061,Engaged Generalist,2,3
24063,Engaged Generalist,2,3
24064,Engaged Generalist,2,3
24065,Engaged Generalist,2,3
24066,Engaged Generalist,2,3
24067,Routine Young Parents,0,0
24068,Routine Generalist,0,3
24069,Promo Hunter,1,2
24070,Engaged Generalist,2,3
24071,Promo Hunter,1,1
24072,Engaged Generalist,2,3
24073,Routine Family Provisioner,0,1
24074,Routine Young Parents,0,0
24076,Routine Tech,0,2
24080,Promo Hunter,1,3
24081,Promo Hunter,1,3
24082,Engaged Family Provisioner,2,1
24084,Routine Generalist,0,3
24085,Routine Generalist,0,3
24086,Engaged Generalist,2,3
24087,Routine Generalist,0,3
24088,Routine Generalist,0,3
24089,Routine Generalist,0,3
24090,Engaged Generalist,2,3
24092,Engaged Generalist,2,3
24093,Engaged Generalist,2,3
24094,Routine Young Parents,0,0
24095,Promo Hunter,1,3
24096,Promo Hunter,1,1
24097,Routine Generalist,0,3
24098,Engaged Generalist,2,3
24099,Routine Tech,0,2
24100,Routine Young Parents,0,0
24101,Promo Hunter,1,3
24103,Promo Hunter,1,3
24104,Routine Generalist,0,3
24105,Routine Young Parents,0,0
24106,Routine Young Parents,0,0
24107,Promo Hunter,1,1
24108,Engaged Generalist,2,3
24109,Routine Tech,0,2
24110,Promo Hunter,1,1
24111,Routine Generalist,0,3
24112,Engaged Generalist,2,3
24113,Engaged Generalist,2,3
24114,Engaged Generalist,2,3
24115,Routine Tech,0,2
24117,Promo Hunter,1,1
24119,Engaged Generalist,2,3
24120,Routine Generalist,0,3
24121,Routine Generalist,0,3
24123,Engaged Generalist,2,3
24124,Routine Tech,0,2
24125,Promo Hunter,1,3
24127,Engaged Generalist,2,3
24128,Promo Hunter,1,1
24129,Routine Young Parents,0,0
24130,Routine Generalist,0,3
24131,Engaged Generalist,2,3
24133,Promo Hunter,1,3
24134,Routine Generalist,0,3
24135,Routine Generalist,0,3
24136,Routine Generalist,0,3
24137,Routine Tech,0,2
24138,Routine Young Parents,0,0
24139,Routine Generalist,0,3
24140,Routine Generalist,0,3
24141,Routine Young Parents,0,0
24143,Routine Generalist,0,3
24144,Promo Hunter,1,1
24146,Promo Hunter,1,3
24148,Routine Tech,0,2
24149,Routine Tech,0,2
24150,Routine Generalist,0,3
24151,Routine Generalist,0,3
24153,Routine Young Parents,0,0
24154,Promo Hunter,1,3
24157,Engaged Generalist,2,3
24158,Engaged Generalist,2,3
24159,Routine Tech,0,2
24160,Routine Family Provisioner,0,1
24162,Engaged Generalist,2,3
24164,Routine Generalist,0,3
24165,Routine Tech,0,2
24166,Routine Young Parents,0,0
24167,Routine Generalist,0,3
24168,Routine Young Parents,0,0
24169,Promo Hunter,1,1
24170,Engaged Generalist,2,3
24171,Promo Hunter,1,3
24173,Engaged Generalist,2,3
24174,Routine Young Parents,0,0
24175,Engaged Generalist,2,3
24176,Routine Young Parents,0,0
24177,Routine Family Provisioner,0,1
24178,Engaged Generalist,2,3
24179,Engaged Generalist,2,3
24180,Routine Generalist,0,3
24182,Routine Young Parents,0,0
24183,Routine Generalist,0,3
24184,Routine Tech,0,2
24185,Engaged Generalist,2,3
24186,Promo Hunter,1,1
24187,Routine Young Parents,0,0
24188,Promo Hunter,1,3
24189,Routine Tech,0,2
24190,Promo Hunter,1,2
24191,Promo Hunter,1,3
24192,Routine Young Parents,0,0
24193,Engaged Generalist,2,3
24194,Routine Young Parents,0,0
24195,Routine Tech,0,2
24196,Routine Generalist,0,3
24197,Promo Hunter,1,3
24198,Engaged Generalist,2,3
24199,Routine Tech,0,2
24201,Routine Tech,0,2
24203,Routine Young Parents,0,0
24204,Routine Generalist,0,3
24205,Promo Hunter,1,3
24206,Promo Hunter,1,2
24209,Routine Young Parents,0,0
24210,Promo Hunter,1,3
24211,Promo Hunter,1,3
24212,Routine Tech,0,2
24213,Routine Family Provisioner,0,1
24214,Routine Generalist,0,3
24216,Engaged Generalist,2,3
24217,Routine Young Parents,0,0
24218,Engaged Generalist,2,3
24219,Routine Generalist,0,3
24220,Engaged Generalist,2,3
24221,Routine Generalist,0,3
24222,Engaged Generalist,2,3
24223,Promo Hunter,1,3
24224,Routine Generalist,0,3
24225,Routine Young Parents,0,0
24226,Routine Generalist,0,3
24228,Promo Hunter,1,3
24229,Routine Young Parents,0,0
24230,Promo Hunter,1,3
24231,Engaged Generalist,2,3
24232,Engaged Generalist,2,3
24233,Routine Tech,0,2
24234,Promo Hunter,1,3
24235,Promo Hunter,1,1
24236,Routine Generalist,0,3
24237,Routine Tech,0,2
24238,Routine Young Parents,0,0
24239,Routine Tech,0,2
24240,Promo Hunter,1,3
24241,Routine Tech,0,2
24242,Routine Generalist,0,3
24243,Routine Generalist,0,3
24244,Routine Generalist,0,3
24245,Routine Young Parents,0,0
24246,Routine Generalist,0,3
24247,Routine Tech,0,2
24250,Routine Young Parents,0,0
24252,Promo Hunter,1,3
24253,Routine Generalist,0,3
24254,Routine Tech,0,2
24255,Engaged Generalist,2,3
24256,Engaged Generalist,2,3
24257,Engaged Generalist,2,3
24258,Routine Young Parents,0,0
24259,Routine Generalist,0,3
24260,Routine Generalist,0,3
24262,Engaged Generalist,2,3
24264,Promo Hunter,1,3
24265,Routine Generalist,0,3
24266,Routine Tech,0,2
24267,Engaged Family Provisioner,2,1
24268,Routine Generalist,0,3
24269,Routine Generalist,0,3
24270,Promo Hunter,1,3
24271,Routine Generalist,0,3
24272,Promo Hunter,1,3
24273,Routine Generalist,0,3
24274,Engaged Generalist,2,3
24275,Routine Generalist,0,3
24278,Promo Hunter,1,3
24279,Routine Young Parents,0,0
24280,Promo Hunter,1,0
24282,Promo Hunter,1,1
24283,Routine Young Parents,0,0
24285,Routine Generalist,0,3
24286,Engaged Generalist,2,3
24287,Routine Family Provisioner,0,1
24288,Promo Hunter,1,3
24290,Routine Generalist,0,3
24291,Promo Hunter,1,1
24292,Engaged Generalist,2,3
24294,Routine Generalist,0,3
24295,Engaged Generalist,2,3
24296,Routine Generalist,0,3
24298,Routine Family Provisioner,0,1
24299,Routine Tech,0,2
24300,Routine Tech,0,2
24301,Engaged Generalist,2,3
24302,Engaged Generalist,2,3
24303,Routine Generalist,0,3
24304,Promo Hunter,1,3
24305,Routine Generalist,0,3
24307,Engaged Generalist,2,3
24308,Routine Young Parents,0,0
24309,Routine Generalist,0,3
24310,Engaged Generalist,2,3
24312,Engaged Generalist,2,3
24313,Engaged Generalist,2,3
24314,Routine Young Parents,0,0
24316,Routine Young Parents,0,0
24317,Routine Young Parents,0,0
24318,Engaged Generalist,2,3
24319,Promo Hunter,1,0
24320,Engaged Generalist,2,3
24321,Engaged Generalist,2,3
24322,Routine Young Parents,0,0
24323,Engaged Generalist,2,3
24324,Routine Generalist,0,3
24325,Routine Young Parents,0,0
24327,Promo Hunter,1,3
24328,Routine Generalist,0,3
24329,Engaged Generalist,2,3
24330,Routine Young Parents,0,0
24331,Routine Generalist,0,3
24332,Promo Hunter,1,3
24333,Engaged Family Provisioner,2,1
24334,Routine Generalist,0,3
24335,Promo Hunter,1,3
24336,Routine Generalist,0,3
24337,Routine Young Parents,0,0
24338,Promo Hunter,1,3
24339,Engaged Generalist,2,3
24341,Routine Family Provisioner,0,1
24342,Routine Generalist,0,3
24343,Routine Young Parents,0,0
24344,Engaged Generalist,2,3
24347,Engaged Generalist,2,3
24349,Promo Hunter,1,3
24350,Routine Generalist,0,3
24351,Promo Hunter,1,3
24353,Promo Hunter,1,3
24354,Routine Young Parents,0,0
24355,Engaged Generalist,2,3
24356,Routine Tech,0,2
24357,Promo Hunter,1,3
24359,Routine Young Parents,0,0
24360,Routine Tech,0,2
24361,Routine Generalist,0,3
24362,Routine Tech,0,2
24363,Promo Hunter,1,3
24364,Engaged Generalist,2,3
24365,Routine Generalist,0,3
24367,Engaged Generalist,2,3
24368,Engaged Generalist,2,3
24369,Routine Generalist,0,3
24371,Routine Tech,0,2
24372,Promo Hunter,1,3
24374,Promo Hunter,1,3
24375,Routine Young Parents,0,0
24376,Engaged Generalist,2,3
24378,Engaged Generalist,2,3
24380,Routine Generalist,0,3
24381,Routine Young Parents,0,0
24383,Routine Young Parents,0,0
24384,Routine Generalist,0,3
24386,Routine Generalist,0,3
24387,Routine Family Provisioner,0,1
24388,Routine Generalist,0,3
24389,Routine Generalist,0,3
24390,Promo Hunter,1,3
24392,Engaged Generalist,2,3
24393,Routine Generalist,0,3
24396,Promo Hunter,1,3
24397,Engaged Generalist,2,3
24398,Engaged Generalist,2,3
24399,Routine Generalist,0,3
24400,Engaged Generalist,2,3
24401,Engaged Generalist,2,3
24402,Promo Hunter,1,2
24404,Routine Generalist,0,3
24405,Routine Generalist,0,3
24406,Routine Generalist,0,3
24409,Routine Young Parents,0,0
24411,Routine Tech,0,2
24412,Engaged Generalist,2,0
24413,Promo Hunter,1,3
24414,Engaged Generalist,2,3
24415,Promo Hunter,1,1
24416,Routine Generalist,0,3
24418,Routine Tech,0,2
24419,Engaged Generalist,2,3
24420,Engaged Generalist,2,3
24421,Routine Tech,0,2
24423,Engaged Generalist,2,3
24424,Promo Hunter,1,3
24425,Routine Generalist,0,3
24426,Routine Generalist,0,3
24427,Engaged Generalist,2,3
24428,Promo Hunter,1,3
24430,Routine Generalist,0,3
24431,Routine Generalist,0,3
24432,Engaged Generalist,2,3
24434,Routine Young Parents,0,0
24435,Promo Hunter,1,1
24436,Engaged Generalist,2,3
24438,Promo Hunter,1,1
24439,Routine Young Parents,0,0
24440,Routine Generalist,0,3
24441,Routine Tech,0,2
24443,Promo Hunter,1,3
24446,Promo Hunter,1,3
24448,Engaged Generalist,2,2
24449,Promo Hunter,1,3
24450,Routine Tech,0,2
24451,Engaged Generalist,2,3
24452,Promo Hunter,1,1
24453,Promo Hunter,1,1
24454,Routine Tech,0,2
24455,Routine Generalist,0,3
24456,Engaged Generalist,2,3
24457,Promo Hunter,1,1
24459,Routine Generalist,0,3
24460,Routine Generalist,0,3
24461,Promo Hunter,1,1
24462,Routine Generalist,0,3
24463,Routine Young Parents,0,0
24464,Routine Young Parents,0,0
24465,Engaged Generalist,2,3
24466,Engaged Generalist,2,3
24469,Promo Hunter,1,3
24471,Engaged Generalist,2,3
24473,Promo Hunter,1,3
24475,Routine Generalist,0,3
24476,Routine Tech,0,2
24477,Promo Hunter,1,2
24478,Engaged Generalist,2,3
24479,Promo Hunter,1,3
24480,Routine Young Parents,0,0
24481,Routine Generalist,0,3
24482,Promo Hunter,1,3
24483,Routine Generalist,0,3
24484,Routine Generalist,0,3
24485,Routine Young Parents,0,0
24486,Engaged Generalist,2,3
24487,Promo Hunter,1,3
24488,Promo Hunter,1,1
24489,Routine Young Parents,0,0
24490,Routine Generalist,0,3
24491,Engaged Generalist,2,0
24492,Routine Young Parents,0,0
24493,Routine Tech,0,2
24494,Routine Generalist,0,3
24495,Promo Hunter,1,3
24496,Engaged Generalist,2,3
24497,Engaged Generalist,2,3
24498,Routine Generalist,0,3
24499,Promo Hunter,1,3
24500,Routine Tech,0,2
24501,Routine Tech,0,2
24502,Routine Young Parents,0,0
24503,Promo Hunter,1,3
24504,Promo Hunter,1,1
24505,Routine Young Parents,0,0
24506,Routine Generalist,0,3
24507,Routine Tech,0,2
24508,Engaged Generalist,2,3
24509,Promo Hunter,1,0
24510,Routine Tech,0,2
24512,Engaged Generalist,2,3
24513,Routine Generalist,0,3
24515,Promo Hunter,1,3
24516,Engaged Generalist,2,3
24517,Routine Generalist,0,3
24518,Promo Hunter,1,0
24519,Routine Generalist,0,3
24520,Routine Young Parents,0,0
24521,Routine Generalist,0,3
24522,Promo Hunter,1,1
24523,Promo Hunter,1,3
24524,Engaged Generalist,2,3
24525,Promo Hunter,1,3
24526,Routine Young Parents,0,0
24527,Promo Hunter,1,1
24528,Routine Young Parents,0,0
24529,Engaged Generalist,2,3
24531,Promo Hunter,1,3
24532,Promo Hunter,1,3
24533,Routine Young Parents,0,0
24534,Promo Hunter,1,3
24535,Promo Hunter,1,3
24536,Promo Hunter,1,3
24537,Engaged Generalist,2,3
24538,Routine Generalist,0,3
24539,Routine Family Provisioner,0,1
24540,Promo Hunter,1,3
24541,Routine Family Provisioner,0,1
24542,Promo Hunter,1,2
24543,Promo Hunter,1,3
24545,Engaged Generalist,2,3
24546,Routine Generalist,0,3
24547,Routine Young Parents,0,0
24548,Promo Hunter,1,3
24549,Promo Hunter,1,3
24550,Routine Generalist,0,3
24552,Promo Hunter,1,3
24553,Promo Hunter,1,3
24555,Engaged Generalist,2,3
24557,Engaged Family Provisioner,2,1
24558,Engaged Family Provisioner,2,1
24559,Routine Young Parents,0,0
24560,Promo Hunter,1,1
24561,Routine Generalist,0,3
24562,Routine Generalist,0,3
24563,Engaged Generalist,2,3
24564,Routine Generalist,0,3
24566,Routine Young Parents,0,0
24567,Promo Hunter,1,3
24568,Engaged Generalist,2,3
24569,Engaged Generalist,2,3
24570,Routine Young Parents,0,0
24572,Routine Generalist,0,3
24573,Promo Hunter,1,1
24574,Routine Generalist,0,3
24575,Promo Hunter,1,3
24576,Routine Tech,0,2
24577,Promo Hunter,1,3
24578,Routine Family Provisioner,0,1
24580,Routine Generalist,0,3
24581,Routine Tech,0,2
24582,Routine Generalist,0,3
24583,Promo Hunter,1,3
24584,Routine Tech,0,2
24585,Promo Hunter,1,3
24587,Engaged Generalist,2,3
24588,Routine Generalist,0,3
24590,Promo Hunter,1,0
24591,Routine Generalist,0,3
24592,Engaged Generalist,2,3
24594,Routine Generalist,0,3
24595,Engaged Generalist,2,3
24596,Engaged Generalist,2,3
24597,Engaged Generalist,2,3
24598,Promo Hunter,1,3
24600,Routine Generalist,0,3
24603,Routine Tech,0,2
24605,Routine Generalist,0,3
24606,Engaged Generalist,2,3
24607,Routine Family Provisioner,0,1
24608,Routine Young Parents,0,0
24610,Routine Generalist,0,3
24611,Promo Hunter,1,3
24613,Engaged Generalist,2,3
24614,Promo Hunter,1,0
24615,Routine Generalist,0,3
24616,Engaged Generalist,2,3
24618,Routine Young Parents,0,0
24619,Engaged Generalist,2,3
24620,Routine Generalist,0,3
24621,Promo Hunter,1,3
24622,Engaged Generalist,2,3
24623,Promo Hunter,1,3
24625,Routine Generalist,0,3
24627,Promo Hunter,1,3
24628,Routine Generalist,0,3
24629,Routine Tech,0,2
24632,Routine Tech,0,2
24633,Promo Hunter,1,1
24634,Promo Hunter,1,3
24635,Routine Generalist,0,3
24636,Routine Generalist,0,3
24637,Routine Young Parents,0,0
24640,Routine Tech,0,2
24641,Routine Generalist,0,3
24643,Routine Generalist,0,3
24644,Routine Generalist,0,3
24645,Engaged Generalist,2,3
24647,Routine Generalist,0,3
24648,Routine Tech,0,2
24649,Engaged Generalist,2,3
24650,Routine Generalist,0,3
24652,Routine Generalist,0,3
24654,Engaged Generalist,2,3
24655,Routine Tech,0,2
24656,Promo Hunter,1,3
24657,Routine Generalist,0,3
24658,Promo Hunter,1,3
24659,Engaged Generalist,2,3
24660,Routine Young Parents,0,0
24661,Engaged Generalist,2,3
24662,Promo Hunter,1,3
24663,Routine Young Parents,0,0
24664,Promo Hunter,1,1
24665,Routine Young Parents,0,0
24666,Promo Hunter,1,3
24667,Engaged Generalist,2,3
24668,Routine Tech,0,2
24669,Routine Young Parents,0,0
24670,Engaged Generalist,2,3
24671,Routine Generalist,0,3
24672,Routine Young Parents,0,0
24673,Engaged Generalist,2,3
24674,Promo Hunter,1,3
24675,Engaged Generalist,2,3
24677,Routine Young Parents,0,0
24678,Routine Generalist,0,3
24680,Routine Young Parents,0,0
24681,Promo Hunter,1,3
24685,Routine Young Parents,0,0
24686,Promo Hunter,1,3
24687,Routine Young Parents,0,0
24688,Engaged Generalist,2,3
24689,Routine Generalist,0,3
24690,Promo Hunter,1,3
24691,Routine Generalist,0,3
24692,Promo Hunter,1,3
24693,Routine Young Parents,0,0
24694,Engaged Generalist,2,3
24696,Routine Young Parents,0,0
24697,Promo Hunter,1,3
24698,Routine Generalist,0,3
24700,Engaged Family Provisioner,2,1
24701,Routine Generalist,0,3
24703,Engaged Family Provisioner,2,1
24704,Engaged Generalist,2,3
24705,Promo Hunter,1,3
24707,Promo Hunter,1,1
24708,Routine Generalist,0,3
24709,Routine Tech,0,2
24710,Routine Generalist,0,3
24711,Engaged Generalist,2,3
24712,Routine Generalist,0,3
24713,Engaged Generalist,2,3
24714,Routine Generalist,0,3
24715,Routine Generalist,0,3
24717,Routine Generalist,0,3
24718,Routine Generalist,0,3
24719,Engaged Generalist,2,3
24720,Routine Young Parents,0,0
24721,Engaged Generalist,2,3
24722,Routine Generalist,0,3
24723,Routine Generalist,0,3
24724,Engaged Generalist,2,3
24727,Engaged Generalist,2,3
24728,Routine Young Parents,0,0
24731,Engaged Generalist,2,0
24732,Engaged Generalist,2,3
24734,Promo Hunter,1,3
24735,Engaged Generalist,2,3
24736,Routine Generalist,0,3
24737,Promo Hunter,1,1
24738,Routine Generalist,0,3
24739,Engaged Generalist,2,3
24740,Routine Generalist,0,3
24741,Engaged Generalist,2,3
24742,Routine Family Provisioner,0,1
24743,Promo Hunter,1,1
24745,Engaged Generalist,2,3
24746,Engaged Generalist,2,3
24747,Routine Generalist,0,3
24748,Routine Generalist,0,3
24749,Engaged Generalist,2,3
24750,Routine Young Parents,0,0
24751,Engaged Generalist,2,3
24752,Routine Generalist,0,3
24753,Promo Hunter,1,3
24754,Engaged Generalist,2,3
24755,Routine Generalist,0,3
24757,Routine Tech,0,2
24758,Engaged Generalist,2,3
24759,Routine Young Parents,0,0
24762,Engaged Generalist,2,3
24765,Engaged Generalist,2,3
24766,Promo Hunter,1,1
24767,Routine Generalist,0,3
24768,Promo Hunter,1,3
24769,Routine Tech,0,2
24770,Routine Generalist,0,3
24771,Engaged Generalist,2,3
24772,Engaged Generalist,2,3
24773,Routine Young Parents,0,0
24774,Routine Generalist,0,3
24775,Engaged Generalist,2,3
24776,Routine Generalist,0,3
24777,Routine Generalist,0,3
24778,Promo Hunter,1,3
24779,Routine Generalist,0,3
24782,Engaged Generalist,2,3
24783,Promo Hunter,1,3
24784,Routine Generalist,0,3
24785,Promo Hunter,1,3
24786,Promo Hunter,1,3
24787,Engaged Generalist,2,3
24788,Routine Young Parents,0,0
24789,Promo Hunter,1,3
24790,Routine Family Provisioner,0,1
24791,Routine Generalist,0,3
24793,Routine Generalist,0,3
24794,Promo Hunter,1,3
24796,Routine Generalist,0,3
24797,Engaged Generalist,2,3
24798,Promo Hunter,1,3
24800,Engaged Family Provisioner,2,1
24801,Promo Hunter,1,3
24802,Routine Generalist,0,3
24803,Engaged Generalist,2,3
24805,Engaged Generalist,2,3
24807,Routine Generalist,0,3
24808,Engaged Generalist,2,3
24809,Routine Generalist,0,3
24810,Routine Tech,0,2
24811,Routine Young Parents,0,0
24812,Engaged Generalist,2,3
24813,Promo Hunter,1,3
24814,Promo Hunter,1,3
24815,Engaged Generalist,2,3
24816,Engaged Generalist,2,3
24817,Promo Hunter,1,3
24818,Routine Generalist,0,3
24819,Routine Young Parents,0,0
24820,Routine Generalist,0,3
24821,Routine Generalist,0,3
24827,Engaged Generalist,2,3
24828,Engaged Generalist,2,3
24829,Routine Generalist,0,3
24830,Engaged Family Provisioner,2,1
24831,Routine Generalist,0,3
24833,Routine Generalist,0,3
24835,Routine Generalist,0,3
24836,Routine Generalist,0,3
24837,Routine Young Parents,0,0
24838,Engaged Generalist,2,3
24839,Routine Generalist,0,3
24840,Engaged Generalist,2,3
24841,Engaged Generalist,2,3
24842,Routine Generalist,0,3
24844,Routine Tech,0,2
24845,Routine Young Parents,0,0
24846,Engaged Generalist,2,3
24847,Engaged Generalist,2,3
24848,Routine Generalist,0,3
24849,Engaged Generalist,2,3
24850,Routine Young Parents,0,0
24852,Routine Family Provisioner,0,1
24853,Routine Generalist,0,3
24854,Engaged Generalist,2,3
24855,Routine Generalist,0,3
24858,Routine Young Parents,0,0
24859,Routine Generalist,0,3
24860,Routine Young Parents,0,0
24862,Routine Tech,0,2
24863,Routine Generalist,0,3
24864,Promo Hunter,1,3
24865,Promo Hunter,1,3
24866,Routine Generalist,0,3
24867,Routine Family Provisioner,0,1
24868,Promo Hunter,1,3
24869,Engaged Generalist,2,3
24870,Promo Hunter,1,3
24871,Engaged Generalist,2,3
24872,Routine Generalist,0,3
24874,Engaged Generalist,2,3
24875,Engaged Generalist,2,3
24876,Engaged Generalist,2,3
24877,Engaged Generalist,2,3
24878,Promo Hunter,1,3
24880,Promo Hunter,1,3
24881,Engaged Generalist,2,3
24882,Routine Tech,0,2
24883,Routine Generalist,0,3
24885,Promo Hunter,1,3
24886,Routine Generalist,0,3
24887,Engaged Generalist,2,3
24888,Routine Young Parents,0,0
24889,Routine Family Provisioner,0,1
24891,Promo Hunter,1,0
24892,Routine Generalist,0,3
24893,Promo Hunter,1,3
24894,Routine Generalist,0,3
24897,Routine Tech,0,2
24899,Routine Generalist,0,3
24900,Engaged Generalist,2,3
24901,Engaged Generalist,2,3
24904,Routine Young Parents,0,0
24905,Routine Generalist,0,3
24906,Engaged Generalist,2,3
24907,Engaged Generalist,2,3
24908,Routine Generalist,0,3
24909,Routine Tech,0,2
24911,Routine Generalist,0,3
24912,Routine Generalist,0,3
24913,Promo Hunter,1,3
24914,Routine Generalist,0,3
24916,Engaged Family Provisioner,2,1
24917,Routine Young Parents,0,0
24918,Routine Tech,0,2
24919,Engaged Generalist,2,3
24920,Engaged Generalist,2,2
24921,Routine Generalist,0,3
24922,Routine Tech,0,2
24923,Promo Hunter,1,2
24924,Routine Family Provisioner,0,1
24925,Engaged Generalist,2,3
24926,Engaged Generalist,2,3
24927,Routine Young Parents,0,0
24928,Engaged Generalist,2,3
24929,Routine Young Parents,0,0
24930,Engaged Generalist,2,3
24931,Promo Hunter,1,1
24932,Promo Hunter,1,1
24933,Routine Generalist,0,3
24934,Routine Tech,0,2
24935,Routine Young Parents,0,0
24936,Engaged Generalist,2,3
24937,Engaged Generalist,2,3
24938,Engaged Generalist,2,3
24939,Promo Hunter,1,3
24941,Routine Generalist,0,3
24942,Routine Generalist,0,3
24943,Engaged Generalist,2,3
24944,Promo Hunter,1,1
24945,Routine Generalist,0,3
24948,Engaged Generalist,2,3
24950,Routine Tech,0,2
24951,Engaged Generalist,2,3
24952,Routine Young Parents,0,0
24953,Routine Young Parents,0,0
24954,Routine Young Parents,0,0
24956,Engaged Generalist,2,3
24957,Engaged Family Provisioner,2,1
24958,Promo Hunter,1,3
24959,Routine Young Parents,0,0
24960,Routine Young Parents,0,0
24961,Routine Tech,0,2
24963,Engaged Generalist,2,3
24964,Routine Generalist,0,3
24965,Promo Hunter,1,1
24967,Routine Young Parents,0,0
24969,Engaged Generalist,2,3
24970,Routine Generalist,0,3
24971,Engaged Generalist,2,2
24973,Routine Generalist,0,3
24974,Routine Young Parents,0,0
24975,Engaged Generalist,2,3
24976,Promo Hunter,1,3
24978,Promo Hunter,1,3
24979,Routine Young Parents,0,0
24980,Promo Hunter,1,3
24981,Promo Hunter,1,1
24982,Routine Generalist,0,3
24983,Promo Hunter,1,3
24984,Promo Hunter,1,3
24985,Routine Young Parents,0,0
24987,Routine Generalist,0,3
24989,Promo Hunter,1,3
24990,Routine Generalist,0,3
24991,Promo Hunter,1,1
24993,Promo Hunter,1,3
24994,Engaged Generalist,2,3
24995,Routine Young Parents,0,0
24998,Engaged Generalist,2,3
25000,Routine Generalist,0,3
25001,Engaged Generalist,2,3
25003,Promo Hunter,1,3
25006,Routine Generalist,0,3
25008,Promo Hunter,1,1
25009,Routine Young Parents,0,0
25010,Engaged Generalist,2,3
25011,Engaged Generalist,2,3
25012,Engaged Generalist,2,3
25013,Engaged Generalist,2,3
25014,Routine Young Parents,0,0
25015,Routine Young Parents,0,0
25016,Routine Generalist,0,3
25017,Routine Young Parents,0,0
25018,Engaged Generalist,2,3
25019,Routine Family Provisioner,0,1
25020,Routine Young Parents,0,0
25021,Promo Hunter,1,3
25022,Routine Tech,0,2
25023,Routine Generalist,0,3
25024,Engaged Generalist,2,3
25025,Promo Hunter,1,3
25027,Engaged Generalist,2,3
25028,Routine Generalist,0,3
25029,Routine Tech,0,2
25031,Routine Young Parents,0,0
25032,Promo Hunter,1,3
25035,Engaged Generalist,2,3
25036,Engaged Generalist,2,3
25037,Routine Tech,0,2
25040,Engaged Generalist,2,3
25042,Routine Generalist,0,3
25045,Engaged Generalist,2,3
25047,Routine Young Parents,0,0
25048,Engaged Generalist,2,3
25049,Routine Tech,0,2
25050,Routine Generalist,0,3
25053,Engaged Generalist,2,3
25054,Routine Young Parents,0,0
25055,Promo Hunter,1,3
25056,Engaged Generalist,2,3
25057,Routine Tech,0,2
25058,Routine Generalist,0,3
25059,Promo Hunter,1,3
25060,Routine Generalist,0,3
25065,Routine Generalist,0,3
25066,Routine Family Provisioner,0,1
25067,Routine Young Parents,0,0
25068,Promo Hunter,1,3
25069,Routine Young Parents,0,0
25070,Routine Young Parents,0,0
25071,Routine Generalist,0,3
25072,Routine Generalist,0,3
25073,Engaged Generalist,2,3
25075,Routine Generalist,0,3
25077,Promo Hunter,1,1
25078,Promo Hunter,1,3
25079,Routine Family Provisioner,0,1
25080,Engaged Generalist,2,3
25081,Routine Young Parents,0,0
25082,Routine Generalist,0,3
25083,Routine Generalist,0,3
25084,Routine Tech,0,2
25085,Routine Young Parents,0,0
25086,Routine Generalist,0,3
25087,Engaged Generalist,2,3
25088,Engaged Generalist,2,3
25089,Promo Hunter,1,3
25090,Promo Hunter,1,3
25093,Engaged Generalist,2,3
25095,Routine Generalist,0,3
25096,Routine Tech,0,2
25097,Engaged Generalist,2,3
25098,Routine Generalist,0,3
25099,Engaged Generalist,2,3
25100,Engaged Generalist,2,3
25103,Routine Young Parents,0,0
25104,Routine Generalist,0,3
25105,Routine Young Parents,0,0
25106,Routine Tech,0,2
25107,Routine Family Provisioner,0,1
25108,Routine Family Provisioner,0,1
25109,Engaged Generalist,2,3
25110,Routine Generalist,0,3
25111,Routine Generalist,0,3
25112,Engaged Generalist,2,3
25113,Promo Hunter,1,3
25114,Promo Hunter,1,3
25115,Promo Hunter,1,3
25116,Routine Family Provisioner,0,1
25117,Promo Hunter,1,3
25118,Routine Tech,0,2
25119,Promo Hunter,1,3
25120,Engaged Generalist,2,3
25121,Routine Tech,0,2
25122,Routine Generalist,0,3
25123,Routine Young Parents,0,0
25124,Promo Hunter,1,3
25125,Routine Young Parents,0,0
25126,Routine Tech,0,2
25127,Engaged Generalist,2,3
25129,Engaged Generalist,2,3
25130,Routine Generalist,0,3
25131,Engaged Generalist,2,3
25132,Promo Hunter,1,3
25133,Routine Generalist,0,3
25134,Engaged Generalist,2,3
25135,Engaged Generalist,2,3
25136,Promo Hunter,1,3
25137,Routine Generalist,0,3
25138,Engaged Generalist,2,3
25139,Routine Generalist,0,3
25140,Promo Hunter,1,3
25141,Promo Hunter,1,2
25143,Engaged Generalist,2,3
25144,Engaged Generalist,2,3
25146,Routine Generalist,0,3
25147,Promo Hunter,1,3
25148,Routine Young Parents,0,0
25149,Routine Generalist,0,3
25150,Routine Young Parents,0,0
25152,Promo Hunter,1,1
25153,Routine Generalist,0,3
25154,Engaged Generalist,2,3
25155,Engaged Generalist,2,3
25156,Routine Tech,0,2
25157,Routine Generalist,0,3
25158,Routine Generalist,0,3
25159,Routine Young Parents,0,0
25160,Routine Generalist,0,3
25161,Routine Family Provisioner,0,1
25162,Routine Tech,0,2
25163,Routine Generalist,0,3
25164,Routine Tech,0,2
25165,Routine Tech,0,2
25166,Promo Hunter,1,3
25168,Promo Hunter,1,1
25169,Routine Young Parents,0,0
25170,Promo Hunter,1,3
25171,Promo Hunter,1,3
25172,Routine Generalist,0,3
25173,Routine Young Parents,0,0
25174,Promo Hunter,1,3
25175,Routine Family Provisioner,0,1
25176,Engaged Generalist,2,3
25177,Engaged Generalist,2,3
25178,Routine Young Parents,0,0
25179,Routine Family Provisioner,0,1
25180,Engaged Generalist,2,3
25182,Engaged Generalist,2,3
25183,Engaged Generalist,2,3
25184,Routine Tech,0,2
25187,Routine Generalist,0,3
25188,Routine Young Parents,0,0
25189,Routine Young Parents,0,0
25190,Promo Hunter,1,1
25191,Engaged Generalist,2,3
25192,Routine Tech,0,2
25193,Routine Family Provisioner,0,1
25194,Promo Hunter,1,3
25195,Routine Generalist,0,3
25196,Routine Tech,0,2
25197,Routine Tech,0,2
25198,Routine Tech,0,2
25199,Routine Young Parents,0,0
25200,Routine Young Parents,0,0
25201,Routine Tech,0,2
25202,Promo Hunter,1,3
25203,Engaged Generalist,2,3
25204,Engaged Generalist,2,3
25205,Routine Young Parents,0,0
25206,Promo Hunter,1,3
25207,Routine Tech,0,2
25209,Routine Young Parents,0,0
25210,Routine Young Parents,0,0
25211,Engaged Generalist,2,3
25212,Routine Family Provisioner,0,1
25213,Promo Hunter,1,3
25214,Routine Generalist,0,3
25216,Routine Young Parents,0,0
25217,Routine Generalist,0,3
25218,Routine Generalist,0,3
25220,Engaged Generalist,2,3
25221,Promo Hunter,1,1
25222,Promo Hunter,1,3
25223,Engaged Generalist,2,0
25224,Routine Generalist,0,3
25225,Routine Tech,0,2
25226,Routine Tech,0,2
25228,Routine Generalist,0,3
25229,Promo Hunter,1,3
25231,Routine Tech,0,2
25232,Routine Young Parents,0,0
25233,Promo Hunter,1,3
25234,Routine Generalist,0,3
25235,Routine Generalist,0,3
25236,Routine Tech,0,2
25237,Routine Young Parents,0,0
25238,Routine Tech,0,2
25239,Engaged Generalist,2,3
25240,Promo Hunter,1,3
25241,Routine Tech,0,2
25242,Engaged Family Provisioner,2,1
25243,Routine Generalist,0,3
25244,Routine Young Parents,0,0
25245,Promo Hunter,1,3
25247,Engaged Generalist,2,3
25248,Routine Tech,0,2
25249,Engaged Family Provisioner,2,1
25251,Routine Generalist,0,3
25254,Routine Generalist,0,3
25255,Promo Hunter,1,3
25256,Engaged Generalist,2,3
25257,Promo Hunter,1,3
25258,Engaged Generalist,2,3
25259,Promo Hunter,1,3
25260,Engaged Generalist,2,3
25261,Promo Hunter,1,3
25262,Engaged Generalist,2,3
25264,Engaged Generalist,2,3
25265,Routine Generalist,0,3
25267,Engaged Generalist,2,3
25268,Promo Hunter,1,3
25269,Routine Generalist,0,3
25271,Routine Tech,0,2
25272,Routine Tech,0,2
25273,Routine Tech,0,2
25274,Promo Hunter,1,3
25275,Promo Hunter,1,3
25276,Routine Young Parents,0,0
25277,Engaged Generalist,2,3
25278,Engaged Generalist,2,3
25279,Engaged Generalist,2,3
25280,Routine Generalist,0,3
25281,Promo Hunter,1,3
25282,Engaged Generalist,2,3
25283,Promo Hunter,1,1
25284,Routine Tech,0,2
25285,Routine Young Parents,0,0
25286,Engaged Generalist,2,3
25287,Routine Tech,0,2
25288,Routine Generalist,0,3
25289,Routine Generalist,0,3
25290,Promo Hunter,1,3
25291,Promo Hunter,1,3
25292,Routine Young Parents,0,0
25293,Routine Generalist,0,3
25294,Routine Tech,0,2
25295,Engaged Generalist,2,3
25296,Routine Young Parents,0,0
25297,Engaged Generalist,2,3
25298,Engaged Family Provisioner,2,1
25300,Routine Generalist,0,3
25301,Promo Hunter,1,1
25302,Routine Young Parents,0,0
25304,Promo Hunter,1,3
25306,Routine Young Parents,0,0
25307,Routine Generalist,0,3
25308,Routine Young Parents,0,0
25309,Routine Young Parents,0,0
25310,Routine Generalist,0,3
25311,Engaged Generalist,2,3
25312,Routine Family Provisioner,0,1
25313,Routine Family Provisioner,0,1
25314,Routine Tech,0,2
25315,Engaged Generalist,2,3
25316,Engaged Generalist,2,3
25317,Engaged Generalist,2,3
25318,Promo Hunter,1,3
25319,Routine Generalist,0,3
25321,Engaged Generalist,2,3
25323,Routine Young Parents,0,0
25324,Promo Hunter,1,3
25325,Promo Hunter,1,3
25326,Routine Generalist,0,3
25327,Promo Hunter,1,3
25328,Engaged Generalist,2,3
25329,Engaged Generalist,2,3
25330,Routine Generalist,0,3
25331,Routine Family Provisioner,0,1
25332,Routine Young Parents,0,0
25333,Promo Hunter,1,3
25334,Engaged Generalist,2,0
25335,Engaged Generalist,2,3
25336,Engaged Generalist,2,3
25337,Engaged Generalist,2,3
25338,Engaged Generalist,2,3
25340,Engaged Generalist,2,3
25341,Routine Tech,0,2
25343,Promo Hunter,1,3
25344,Engaged Generalist,2,3
25345,Routine Generalist,0,3
25346,Engaged Generalist,2,3
25347,Promo Hunter,1,3
25348,Engaged Generalist,2,3
25349,Promo Hunter,1,3
25350,Routine Generalist,0,3
25351,Engaged Generalist,2,3
25353,Routine Tech,0,2
25354,Routine Generalist,0,3
25355,Routine Young Parents,0,0
25356,Engaged Generalist,2,3
25357,Engaged Generalist,2,3
25358,Routine Young Parents,0,0
25359,Routine Tech,0,2
25360,Engaged Generalist,2,3
25361,Promo Hunter,1,3
25362,Promo Hunter,1,3
25363,Promo Hunter,1,3
25364,Routine Young Parents,0,0
25366,Promo Hunter,1,1
25367,Routine Generalist,0,3
25368,Engaged Generalist,2,3
25370,Engaged Generalist,2,3
25373,Promo Hunter,1,2
25374,Routine Young Parents,0,0
25375,Routine Tech,0,2
25376,Promo Hunter,1,3
25377,Routine Tech,0,2
25379,Engaged Generalist,2,3
25380,Routine Generalist,0,3
25381,Engaged Generalist,2,3
25382,Routine Young Parents,0,0
25383,Engaged Generalist,2,3
25384,Engaged Generalist,2,3
25385,Engaged Generalist,2,3
25386,Routine Tech,0,2
25387,Promo Hunter,1,3
25390,Promo Hunter,1,3
25391,Engaged Generalist,2,3
25395,Promo Hunter,1,3
25396,Routine Generalist,0,3
25398,Routine Generalist,0,3
25399,Routine Family Provisioner,0,1
25402,Routine Young Parents,0,0
25403,Routine Young Parents,0,0
25404,Routine Generalist,0,3
25405,Routine Tech,0,2
25408,Routine Family Provisioner,0,1
25409,Routine Young Parents,0,0
25410,Routine Tech,0,2
25412,Promo Hunter,1,3
25414,Engaged Generalist,2,3
25415,Engaged Generalist,2,3
25417,Engaged Generalist,2,3
25418,Promo Hunter,1,1
25419,Promo Hunter,1,3
25421,Routine Family Provisioner,0,1
25422,Engaged Generalist,2,3
25424,Routine Generalist,0,3
25425,Promo Hunter,1,3
25426,Routine Tech,0,2
25427,Routine Young Parents,0,0
25428,Engaged Generalist,2,3
25429,Routine Tech,0,2
25430,Engaged Generalist,2,3
25431,Engaged Generalist,2,3
25433,Routine Generalist,0,3
25434,Routine Tech,0,2
25436,Promo Hunter,1,3
25437,Promo Hunter,1,3
25438,Promo Hunter,1,3
25439,Promo Hunter,1,3
25440,Routine Young Parents,0,0
25441,Promo Hunter,1,1
25442,Routine Generalist,0,3
25443,Promo Hunter,1,3
25445,Routine Young Parents,0,0
25446,Routine Family Provisioner,0,1
25447,Routine Tech,0,2
25448,Engaged Generalist,2,3
25449,Engaged Generalist,2,3
25450,Promo Hunter,1,3
25451,Routine Young Parents,0,0
25452,Routine Generalist,0,3
25453,Routine Young Parents,0,0
25454,Routine Tech,0,2
25455,Routine Generalist,0,3
25456,Routine Generalist,0,3
25457,Engaged Generalist,2,3
25458,Routine Generalist,0,3
25459,Routine Young Parents,0,0
25461,Promo Hunter,1,0
25463,Engaged Generalist,2,3
25464,Routine Generalist,0,3
25465,Routine Generalist,0,3
25466,Engaged Generalist,2,3
25467,Routine Generalist,0,3
25469,Routine Generalist,0,3
25470,Engaged Generalist,2,3
25471,Engaged Generalist,2,3
25472,Routine Family Provisioner,0,1
25473,Routine Tech,0,2
25474,Promo Hunter,1,3
25475,Engaged Generalist,2,3
25476,Routine Young Parents,0,0
25477,Engaged Generalist,2,3
25478,Promo Hunter,1,3
25479,Routine Young Parents,0,0
25480,Routine Tech,0,2
25482,Engaged Generalist,2,3
25485,Routine Young Parents,0,0
25486,Promo Hunter,1,3
25488,Promo Hunter,1,2
25489,Engaged Family Provisioner,2,1
25490,Engaged Generalist,2,3
25491,Promo Hunter,1,2
25492,Routine Generalist,0,3
25493,Routine Tech,0,2
25494,Routine Tech,0,2
25495,Engaged Generalist,2,3
25496,Engaged Generalist,2,3
25498,Routine Generalist,0,3
25499,Engaged Generalist,2,3
25500,Engaged Generalist,2,3
25502,Routine Young Parents,0,0
25503,Engaged Family Provisioner,2,1
25504,Engaged Generalist,2,3
25505,Routine Generalist,0,3
25506,Routine Young Parents,0,0
25507,Routine Young Parents,0,0
25508,Routine Generalist,0,3
25509,Routine Young Parents,0,0
25511,Engaged Family Provisioner,2,1
25512,Routine Generalist,0,3
25513,Engaged Generalist,2,3
25514,Routine Tech,0,2
25515,Routine Tech,0,2
25516,Engaged Generalist,2,3
25517,Routine Young Parents,0,0
25518,Routine Generalist,0,3
25519,Engaged Generalist,2,3
25520,Routine Family Provisioner,0,1
25521,Routine Tech,0,2
25522,Routine Young Parents,0,0
25523,Promo Hunter,1,3
25524,Routine Generalist,0,3
25525,Routine Tech,0,2
25527,Routine Young Parents,0,0
25528,Routine Generalist,0,3
25529,Promo Hunter,1,1
25530,Routine Young Parents,0,0
25533,Routine Generalist,0,3
25534,Promo Hunter,1,3
25535,Routine Young Parents,0,0
25537,Routine Tech,0,2
25538,Engaged Generalist,2,3
25539,Promo Hunter,1,3
25540,Engaged Generalist,2,3
25541,Routine Generalist,0,3
25543,Promo Hunter,1,3
25544,Routine Generalist,0,3
25545,Engaged Generalist,2,3
25546,Engaged Generalist,2,3
25547,Engaged Family Provisioner,2,1
25548,Promo Hunter,1,3
25549,Promo Hunter,1,3
25550,Routine Generalist,0,3
25551,Engaged Generalist,2,3
25552,Routine Tech,0,2
25553,Routine Generalist,0,3
25555,Promo Hunter,1,1
25556,Engaged Generalist,2,3
25557,Routine Generalist,0,3
25558,Promo Hunter,1,1
25559,Routine Generalist,0,3
25560,Routine Tech,0,2
25561,Engaged Generalist,2,3
25562,Routine Generalist,0,3
25563,Promo Hunter,1,3
25564,Routine Young Parents,0,0
25565,Promo Hunter,1,3
25566,Routine Generalist,0,3
25567,Routine Tech,0,2
25568,Promo Hunter,1,3
25570,Routine Generalist,0,3
25571,Routine Young Parents,0,0
25573,Routine Young Parents,0,0
25574,Routine Tech,0,2
25575,Engaged Generalist,2,3
25577,Promo Hunter,1,1
25578,Engaged Generalist,2,3
25579,Routine Generalist,0,3
25580,Engaged Generalist,2,3
25582,Promo Hunter,1,1
25585,Routine Generalist,0,3
25586,Routine Family Provisioner,0,1
25587,Promo Hunter,1,3
25588,Engaged Generalist,2,3
25589,Promo Hunter,1,3
25590,Routine Young Parents,0,0
25591,Routine Generalist,0,3
25592,Engaged Generalist,2,3
25593,Routine Generalist,0,3
25594,Promo Hunter,1,1
25595,Routine Young Parents,0,0
25596,Promo Hunter,1,3
25597,Promo Hunter,1,3
25598,Routine Young Parents,0,0
25599,Routine Young Parents,0,0
25601,Engaged Generalist,2,3
25602,Routine Family Provisioner,0,1
25603,Engaged Generalist,2,3
25604,Routine Generalist,0,3
25605,Promo Hunter,1,3
25606,Routine Young Parents,0,0
25607,Routine Young Parents,0,0
25608,Promo Hunter,1,3
25610,Routine Generalist,0,3
25611,Routine Tech,0,2
25613,Routine Generalist,0,3
25616,Promo Hunter,1,3
25617,Engaged Generalist,2,3
25619,Routine Young Parents,0,0
25620,Promo Hunter,1,3
25622,Routine Family Provisioner,0,1
25623,Routine Tech,0,2
25624,Routine Generalist,0,3
25625,Engaged Generalist,2,3
25626,Engaged Family Provisioner,2,1
25627,Routine Tech,0,2
25629,Routine Generalist,0,3
25630,Engaged Generalist,2,3
25631,Routine Generalist,0,3
25633,Engaged Generalist,2,3
25634,Routine Family Provisioner,0,1
25635,Engaged Generalist,2,3
25636,Routine Tech,0,2
25637,Engaged Generalist,2,3
25639,Promo Hunter,1,3
25640,Engaged Generalist,2,3
25641,Engaged Generalist,2,3
25642,Promo Hunter,1,1
25643,Routine Tech,0,2
25644,Routine Young Parents,0,0
25645,Routine Generalist,0,3
25646,Engaged Generalist,2,3
25647,Routine Tech,0,2
25648,Promo Hunter,1,1
25649,Engaged Generalist,2,3
25650,Routine Generalist,0,3
25651,Engaged Generalist,2,3
25652,Routine Tech,0,2
25653,Engaged Generalist,2,3
25654,Engaged Generalist,2,3
25655,Routine Tech,0,2
25656,Engaged Generalist,2,3
25657,Routine Young Parents,0,0
25658,Engaged Generalist,2,3
25659,Engaged Generalist,2,3
25660,Routine Generalist,0,3
25661,Routine Generalist,0,3
25662,Routine Generalist,0,3
25663,Engaged Generalist,2,3
25664,Routine Tech,0,2
25665,Routine Tech,0,2
25666,Routine Young Parents,0,0
25668,Engaged Generalist,2,3
25669,Routine Generalist,0,3
25670,Engaged Generalist,2,3
25671,Engaged Generalist,2,3
25672,Routine Young Parents,0,0
25673,Routine Young Parents,0,0
25674,Engaged Generalist,2,3
25675,Routine Young Parents,0,0
25676,Routine Young Parents,0,0
25677,Promo Hunter,1,3
25678,Routine Generalist,0,3
25679,Routine Young Parents,0,0
25680,Promo Hunter,1,3
25682,Promo Hunter,1,3
25683,Routine Young Parents,0,0
25684,Engaged Generalist,2,3
25685,Routine Generalist,0,3
25686,Engaged Generalist,2,3
25687,Routine Young Parents,0,0
25689,Promo Hunter,1,1
25692,Routine Young Parents,0,0
25694,Engaged Generalist,2,3
25695,Engaged Generalist,2,3
25696,Promo Hunter,1,3
25697,Engaged Generalist,2,3
25698,Engaged Generalist,2,3
25699,Routine Generalist,0,3
25700,Routine Family Provisioner,0,1
25701,Routine Generalist,0,3
25702,Routine Tech,0,2
25704,Promo Hunter,1,1
25705,Routine Tech,0,2
25708,Routine Generalist,0,3
25709,Routine Generalist,0,3
25710,Routine Young Parents,0,0
25711,Routine Family Provisioner,0,1
25712,Routine Generalist,0,3
25713,Engaged Generalist,2,3
25714,Promo Hunter,1,3
25715,Routine Generalist,0,3
25717,Engaged Generalist,2,3
25718,Routine Tech,0,2
25719,Engaged Generalist,2,3
25720,Engaged Generalist,2,3
25721,Routine Family Provisioner,0,1
25722,Routine Tech,0,2
25723,Engaged Generalist,2,3
25724,Routine Young Parents,0,0
25725,Routine Generalist,0,3
25727,Promo Hunter,1,3
25728,Engaged Generalist,2,3
25730,Engaged Generalist,2,3
25731,Routine Tech,0,2
25732,Routine Generalist,0,3
25733,Engaged Generalist,2,3
25734,Routine Tech,0,2
25735,Engaged Generalist,2,3
25736,Routine Young Parents,0,0
25737,Engaged Generalist,2,3
25738,Routine Generalist,0,3
25739,Routine Generalist,0,3
25741,Routine Family Provisioner,0,1
25742,Routine Young Parents,0,0
25743,Engaged Generalist,2,3
25744,Routine Young Parents,0,0
25745,Routine Tech,0,2
25746,Routine Tech,0,2
25747,Routine Generalist,0,3
25748,Routine Generalist,0,3
25750,Routine Generalist,0,3
25751,Promo Hunter,1,3
25752,Promo Hunter,1,3
25754,Routine Generalist,0,3
25755,Promo Hunter,1,1
25756,Engaged Generalist,2,3
25758,Routine Young Parents,0,0
25759,Engaged Generalist,2,3
25761,Routine Young Parents,0,0
25762,Routine Young Parents,0,0
25763,Promo Hunter,1,3
25764,Routine Generalist,0,3
25766,Engaged Generalist,2,3
25767,Routine Tech,0,2
25768,Engaged Generalist,2,3
25769,Promo Hunter,1,3
25771,Engaged Generalist,2,3
25772,Routine Young Parents,0,0
25773,Routine Generalist,0,3
25774,Routine Generalist,0,3
25776,Routine Generalist,0,3
25777,Engaged Generalist,2,3
25778,Routine Young Parents,0,0
25780,Promo Hunter,1,3
25781,Promo Hunter,1,3
25783,Promo Hunter,1,3
25784,Routine Generalist,0,3
25785,Routine Generalist,0,3
25786,Engaged Generalist,2,3
25790,Engaged Generalist,2,3
25791,Routine Tech,0,2
25792,Routine Generalist,0,3
25793,Routine Generalist,0,3
25794,Engaged Generalist,2,3
25795,Routine Young Parents,0,0
25796,Routine Generalist,0,3
25797,Routine Generalist,0,3
25798,Routine Tech,0,2
25799,Routine Generalist,0,3
25800,Engaged Generalist,2,3
25801,Promo Hunter,1,3
25802,Routine Generalist,0,3
25803,Routine Young Parents,0,0
25804,Routine Generalist,0,3
25805,Engaged Generalist,2,3
25806,Routine Generalist,0,3
25807,Promo Hunter,1,3
25808,Engaged Generalist,2,0
25810,Engaged Generalist,2,3
25811,Engaged Generalist,2,3
25813,Routine Tech,0,2
25814,Promo Hunter,1,3
25815,Routine Tech,0,2
25816,Routine Young Parents,0,0
25817,Promo Hunter,1,3
25818,Routine Tech,0,2
25819,Routine Young Parents,0,0
25820,Engaged Generalist,2,3
25821,Engaged Generalist,2,3
25822,Routine Generalist,0,3
25824,Engaged Generalist,2,3
25826,Routine Young Parents,0,0
25827,Routine Young Parents,0,0
25828,Routine Generalist,0,3
25829,Promo Hunter,1,3
25830,Engaged Generalist,2,3
25831,Engaged Generalist,2,3
25832,Routine Generalist,0,3
25834,Routine Young Parents,0,0
25835,Promo Hunter,1,3
25836,Routine Generalist,0,3
25837,Routine Young Parents,0,0
25838,Engaged Generalist,2,3
25839,Routine Generalist,0,3
25840,Routine Tech,0,2
25841,Routine Young Parents,0,0
25842,Routine Generalist,0,3
25843,Engaged Generalist,2,3
25844,Promo Hunter,1,1
25845,Promo Hunter,1,1
25846,Promo Hunter,1,3
25847,Engaged Generalist,2,3
25848,Engaged Generalist,2,3
25849,Engaged Generalist,2,3
25850,Promo Hunter,1,1
25853,Routine Generalist,0,3
25854,Routine Tech,0,2
25855,Routine Generalist,0,3
25857,Engaged Generalist,2,3
25858,Engaged Generalist,2,3
25859,Routine Young Parents,0,0
25860,Engaged Generalist,2,2
25861,Routine Generalist,0,3
25862,Promo Hunter,1,3
25863,Engaged Generalist,2,3
25864,Routine Tech,0,2
25865,Routine Tech,0,2
25867,Engaged Generalist,2,3
25869,Engaged Generalist,2,3
25871,Routine Generalist,0,3
25872,Routine Generalist,0,3
25874,Engaged Generalist,2,3
25875,Routine Generalist,0,3
25876,Engaged Generalist,2,3
25877,Engaged Generalist,2,3
25878,Promo Hunter,1,3
25879,Promo Hunter,1,3
25880,Routine Young Parents,0,0
25881,Promo Hunter,1,3
25882,Routine Young Parents,0,0
25883,Routine Generalist,0,3
25884,Routine Young Parents,0,0
25886,Engaged Generalist,2,3
25887,Routine Young Parents,0,0
25888,Routine Tech,0,2
25889,Promo Hunter,1,3
25890,Routine Generalist,0,3
25891,Engaged Generalist,2,3
25892,Engaged Generalist,2,3
25893,Promo Hunter,1,3
25894,Promo Hunter,1,1
25895,Engaged Generalist,2,3
25896,Routine Generalist,0,3
25897,Routine Tech,0,2
25898,Routine Generalist,0,3
25900,Promo Hunter,1,3
25902,Engaged Generalist,2,3
25903,Routine Generalist,0,3
25904,Routine Young Parents,0,0
25905,Routine Young Parents,0,0
25907,Engaged Generalist,2,3
25908,Routine Tech,0,2
25909,Routine Young Parents,0,0
25910,Routine Tech,0,2
25911,Promo Hunter,1,3
25912,Engaged Generalist,2,3
25913,Promo Hunter,1,3
25914,Routine Young Parents,0,0
25915,Engaged Generalist,2,3
25916,Routine Young Parents,0,0
25917,Routine Young Parents,0,0
25921,Routine Generalist,0,3
25922,Engaged Family Provisioner,2,1
25924,Routine Tech,0,2
25925,Engaged Generalist,2,3
25926,Routine Generalist,0,3
25927,Routine Young Parents,0,0
25928,Engaged Generalist,2,3
25930,Routine Generalist,0,3
25931,Routine Tech,0,2
25932,Promo Hunter,1,3
25933,Promo Hunter,1,3
25934,Routine Tech,0,2
25935,Engaged Generalist,2,3
25936,Promo Hunter,1,3
25937,Routine Family Provisioner,0,1
25938,Routine Young Parents,0,0
25939,Routine Generalist,0,3
25940,Engaged Generalist,2,3
25941,Routine Generalist,0,3
25942,Routine Tech,0,2
25943,Engaged Generalist,2,3
25944,Routine Generalist,0,3
25946,Routine Generalist,0,3
25947,Routine Generalist,0,3
25949,Promo Hunter,1,3
25950,Promo Hunter,1,3
25951,Routine Young Parents,0,0
25952,Routine Generalist,0,3
25953,Routine Generalist,0,3
25954,Routine Generalist,0,3
25955,Engaged Generalist,2,3
25957,Routine Family Provisioner,0,1
25958,Routine Tech,0,2
25959,Routine Generalist,0,3
25960,Engaged Generalist,2,3
25961,Routine Generalist,0,3
25962,Promo Hunter,1,3
25963,Routine Generalist,0,3
25964,Routine Generalist,0,3
25965,Engaged Generalist,2,3
25967,Promo Hunter,1,3
25968,Engaged Generalist,2,3
25969,Routine Young Parents,0,0
25970,Promo Hunter,1,3
25971,Promo Hunter,1,3
25972,Routine Young Parents,0,0
25973,Engaged Generalist,2,3
25974,Routine Generalist,0,3
25975,Routine Generalist,0,3
25976,Routine Tech,0,2
25977,Engaged Generalist,2,3
25978,Routine Family Provisioner,0,1
25979,Engaged Family Provisioner,2,1
25980,Promo Hunter,1,3
25981,Engaged Generalist,2,3
25983,Routine Young Parents,0,0
25984,Engaged Generalist,2,3
25985,Engaged Generalist,2,3
25987,Engaged Generalist,2,3
25988,Routine Generalist,0,3
25989,Promo Hunter,1,1
25990,Routine Generalist,0,3
25991,Routine Young Parents,0,0
25993,Engaged Generalist,2,3
25994,Routine Generalist,0,3
25996,Routine Generalist,0,3
25997,Routine Generalist,0,3
25998,Engaged Generalist,2,3
25999,Routine Generalist,0,3
26000,Routine Generalist,0,3
26001,Promo Hunter,1,3
26002,Routine Generalist,0,3
26003,Routine Generalist,0,3
26004,Engaged Generalist,2,3
26005,Engaged Generalist,2,3
26006,Engaged Generalist,2,3
26007,Engaged Family Provisioner,2,1
26008,Engaged Generalist,2,3
26009,Promo Hunter,1,0
26011,Routine Generalist,0,3
26012,Engaged Generalist,2,3
26013,Routine Family Provisioner,0,1
26014,Routine Young Parents,0,0
26015,Engaged Generalist,2,3
26016,Routine Generalist,0,3
26017,Promo Hunter,1,1
26018,Engaged Generalist,2,3
26019,Routine Generalist,0,3
26020,Promo Hunter,1,3
26023,Engaged Generalist,2,3
26024,Routine Young Parents,0,0
26026,Routine Young Parents,0,0
26027,Engaged Generalist,2,3
26028,Engaged Generalist,2,3
26029,Routine Generalist,0,3
26030,Promo Hunter,1,3
26031,Routine Generalist,0,3
26032,Routine Generalist,0,3
26033,Promo Hunter,1,3
26035,Engaged Generalist,2,3
26036,Routine Young Parents,0,0
26037,Routine Young Parents,0,0
26038,Routine Generalist,0,3
26039,Routine Generalist,0,3
26041,Routine Generalist,0,3
26043,Engaged Generalist,2,3
26044,Engaged Generalist,2,3
26045,Promo Hunter,1,3
26046,Routine Generalist,0,3
26047,Routine Family Provisioner,0,1
26048,Routine Generalist,0,3
26049,Routine Young Parents,0,0
26050,Promo Hunter,1,3
26051,Routine Tech,0,2
26052,Promo Hunter,1,0
26053,Engaged Generalist,2,3
26054,Promo Hunter,1,1
26055,Engaged Generalist,2,3
26057,Promo Hunter,1,1
26058,Routine Generalist,0,3
26059,Routine Young Parents,0,0
26060,Engaged Generalist,2,3
26061,Engaged Generalist,2,3
26062,Routine Generalist,0,3
26065,Routine Young Parents,0,0
26066,Engaged Generalist,2,3
26067,Routine Generalist,0,3
26068,Engaged Generalist,2,3
26069,Engaged Generalist,2,3
26070,Routine Young Parents,0,0
26071,Routine Family Provisioner,0,1
26072,Engaged Generalist,2,3
26073,Promo Hunter,1,1
26074,Engaged Generalist,2,3
26075,Routine Generalist,0,3
26076,Routine Generalist,0,3
26077,Routine Generalist,0,3
26078,Engaged Family Provisioner,2,1
26079,Engaged Generalist,2,3
26080,Engaged Generalist,2,3
26081,Promo Hunter,1,3
26082,Promo Hunter,1,1
26083,Routine Young Parents,0,0
26084,Routine Generalist,0,3
26085,Engaged Generalist,2,3
26086,Engaged Generalist,2,3
26087,Routine Generalist,0,3
26089,Promo Hunter,1,3
26090,Engaged Generalist,2,3
26092,Engaged Generalist,2,3
26093,Engaged Generalist,2,3
26095,Engaged Generalist,2,3
26097,Engaged Generalist,2,3
26098,Engaged Generalist,2,3
26099,Engaged Generalist,2,3
26100,Routine Generalist,0,3
26101,Routine Generalist,0,3
26102,Engaged Generalist,2,3
26103,Engaged Generalist,2,3
26104,Routine Generalist,0,3
26105,Engaged Generalist,2,3
26106,Routine Generalist,0,3
26107,Routine Generalist,0,3
26108,Promo Hunter,1,3
26109,Engaged Generalist,2,3
26110,Routine Family Provisioner,0,1
26111,Promo Hunter,1,1
26112,Engaged Generalist,2,3
26113,Promo Hunter,1,3
26115,Engaged Generalist,2,3
26116,Promo Hunter,1,3
26118,Engaged Generalist,2,3
26119,Routine Generalist,0,3
26120,Engaged Generalist,2,3
26121,Routine Generalist,0,3
26122,Routine Generalist,0,3
26123,Routine Generalist,0,3
26124,Routine Generalist,0,3
26125,Routine Young Parents,0,0
26126,Engaged Generalist,2,3
26127,Promo Hunter,1,2
26129,Engaged Generalist,2,3
26130,Routine Generalist,0,3
26131,Promo Hunter,1,3
26132,Promo Hunter,1,3
26133,Routine Generalist,0,3
26135,Routine Generalist,0,3
26136,Routine Tech,0,2
26137,Routine Tech,0,2
26139,Routine Generalist,0,3
26140,Routine Family Provisioner,0,1
26141,Engaged Generalist,2,3
26142,Engaged Generalist,2,3
26143,Engaged Generalist,2,3
26144,Routine Generalist,0,3
26145,Routine Generalist,0,3
26147,Routine Generalist,0,3
26148,Routine Generalist,0,3
26149,Routine Tech,0,2
26150,Promo Hunter,1,3
26151,Promo Hunter,1,3
26152,Routine Generalist,0,3
26153,Engaged Generalist,2,3
26154,Routine Generalist,0,3
26155,Routine Young Parents,0,0
26156,Routine Generalist,0,3
26157,Engaged Generalist,2,3
26158,Promo Hunter,1,3
26159,Routine Generalist,0,3
26160,Engaged Generalist,2,3
26162,Promo Hunter,1,1
26163,Promo Hunter,1,3
26164,Routine Tech,0,2
26165,Routine Young Parents,0,0
26166,Promo Hunter,1,0
26167,Promo Hunter,1,3
26169,Routine Generalist,0,3
26170,Promo Hunter,1,3
26171,Routine Generalist,0,3
26172,Routine Generalist,0,3
26173,Promo Hunter,1,3
26174,Routine Young Parents,0,0
26175,Engaged Generalist,2,3
26176,Routine Tech,0,2
26177,Engaged Generalist,2,3
26178,Promo Hunter,1,1
26179,Routine Young Parents,0,0
26180,Routine Generalist,0,3
26181,Routine Young Parents,0,0
26182,Promo Hunter,1,3
26183,Routine Young Parents,0,0
26185,Promo Hunter,1,3
26187,Engaged Generalist,2,3
26188,Engaged Generalist,2,3
26189,Routine Tech,0,2
26190,Routine Young Parents,0,0
26191,Routine Young Parents,0,0
26192,Promo Hunter,1,3
26193,Engaged Generalist,2,3
26194,Promo Hunter,1,3
26195,Routine Young Parents,0,0
26198,Promo Hunter,1,3
26200,Engaged Generalist,2,3
26201,Engaged Generalist,2,3
26202,Routine Generalist,0,3
26203,Promo Hunter,1,3
26204,Routine Young Parents,0,0
26205,Routine Generalist,0,3
26206,Engaged Generalist,2,3
26208,Routine Generalist,0,3
26209,Engaged Generalist,2,3
26210,Promo Hunter,1,1
26211,Routine Young Parents,0,0
26212,Routine Young Parents,0,0
26213,Engaged Generalist,2,3
26214,Engaged Generalist,2,3
26215,Routine Young Parents,0,0
26216,Engaged Family Provisioner,2,1
26217,Promo Hunter,1,3
26219,Routine Tech,0,2
26220,Promo Hunter,1,1
26222,Engaged Generalist,2,3
26223,Routine Generalist,0,3
26224,Engaged Generalist,2,3
26226,Promo Hunter,1,3
26227,Engaged Generalist,2,3
26228,Engaged Family Provisioner,2,1
26229,Routine Tech,0,2
26230,Routine Young Parents,0,0
26231,Engaged Generalist,2,3
26234,Routine Family Provisioner,0,1
26235,Engaged Generalist,2,3
26236,Engaged Generalist,2,3
26237,Promo Hunter,1,3
26239,Promo Hunter,1,3
26240,Promo Hunter,1,3
26242,Routine Generalist,0,3
26243,Engaged Generalist,2,3
26244,Routine Tech,0,2
26245,Routine Young Parents,0,0
26246,Routine Family Provisioner,0,1
26247,Promo Hunter,1,3
26248,Routine Tech,0,2
26249,Routine Tech,0,2
26250,Routine Generalist,0,3
26251,Promo Hunter,1,3
26252,Routine Generalist,0,3
26253,Engaged Generalist,2,3
26254,Routine Young Parents,0,0
26255,Promo Hunter,1,3
26256,Engaged Generalist,2,3
26257,Routine Young Parents,0,0
26258,Routine Young Parents,0,0
26259,Routine Tech,0,2
26260,Routine Tech,0,2
26262,Routine Young Parents,0,0
26264,Routine Generalist,0,3
26265,Engaged Generalist,2,3
26266,Routine Young Parents,0,0
26268,Routine Generalist,0,3
26269,Engaged Generalist,2,3
26272,Engaged Generalist,2,3
26273,Routine Generalist,0,3
26274,Promo Hunter,1,3
26275,Routine Tech,0,2
26276,Promo Hunter,1,3
26277,Promo Hunter,1,3
26280,Engaged Generalist,2,3
26281,Engaged Generalist,2,3
26282,Engaged Generalist,2,3
26283,Routine Generalist,0,3
26284,Routine Young Parents,0,0
26285,Promo Hunter,1,1
26286,Routine Generalist,0,3
26287,Promo Hunter,1,1
26288,Engaged Generalist,2,3
26290,Routine Young Parents,0,0
26291,Routine Young Parents,0,0
26292,Routine Family Provisioner,0,1
26293,Routine Generalist,0,3
26294,Routine Young Parents,0,0
26295,Routine Young Parents,0,0
26296,Routine Family Provisioner,0,1
26297,Promo Hunter,1,3
26298,Routine Young Parents,0,0
26299,Routine Generalist,0,3
26300,Routine Generalist,0,3
26301,Promo Hunter,1,3
26302,Routine Young Parents,0,0
26303,Routine Young Parents,0,0
26304,Routine Generalist,0,3
26305,Routine Tech,0,2
26306,Engaged Generalist,2,3
26307,Routine Tech,0,2
26308,Routine Generalist,0,3
26309,Engaged Generalist,2,3
26310,Routine Generalist,0,3
26311,Routine Generalist,0,3
26312,Promo Hunter,1,3
26314,Promo Hunter,1,3
26315,Promo Hunter,1,3
26316,Engaged Generalist,2,3
26318,Routine Generalist,0,3
26319,Routine Generalist,0,3
26320,Routine Tech,0,2
26321,Promo Hunter,1,3
26322,Routine Young Parents,0,0
26323,Routine Young Parents,0,0
26324,Routine Generalist,0,3
26326,Engaged Generalist,2,3
26327,Engaged Generalist,2,3
26328,Routine Young Parents,0,0
26329,Routine Tech,0,2
26330,Routine Young Parents,0,0
26331,Promo Hunter,1,3
26332,Promo Hunter,1,1
26333,Promo Hunter,1,3
26334,Routine Tech,0,2
26335,Routine Young Parents,0,0
26336,Routine Generalist,0,3
26337,Routine Generalist,0,3
26340,Promo Hunter,1,3
26343,Routine Tech,0,2
26344,Engaged Generalist,2,3
26345,Routine Generalist,0,3
26346,Engaged Generalist,2,3
26347,Promo Hunter,1,3
26348,Routine Family Provisioner,0,1
26350,Promo Hunter,1,3
26351,Promo Hunter,1,3
26352,Routine Young Parents,0,0
26353,Routine Generalist,0,3
26354,Promo Hunter,1,3
26355,Promo Hunter,1,3
26356,Routine Generalist,0,3
26357,Promo Hunter,1,1
26359,Engaged Generalist,2,3
26360,Routine Generalist,0,3
26362,Engaged Generalist,2,3
26363,Routine Generalist,0,3
26365,Promo Hunter,1,3
26366,Routine Generalist,0,3
26367,Engaged Generalist,2,3
26368,Engaged Generalist,2,3
26369,Engaged Generalist,2,3
26370,Routine Generalist,0,3
26371,Routine Generalist,0,3
26372,Routine Young Parents,0,0
26373,Promo Hunter,1,3
26375,Promo Hunter,1,3
26376,Routine Young Parents,0,0
26377,Routine Young Parents,0,0
26378,Routine Young Parents,0,0
26379,Routine Generalist,0,3
26380,Promo Hunter,1,3
26381,Engaged Generalist,2,3
26382,Engaged Generalist,2,3
26383,Routine Young Parents,0,0
26384,Routine Generalist,0,3
26385,Promo Hunter,1,3
26386,Routine Tech,0,2
26387,Routine Tech,0,2
26388,Routine Young Parents,0,0
26389,Routine Generalist,0,3
26390,Engaged Generalist,2,3
26392,Routine Tech,0,2
26393,Promo Hunter,1,3
26396,Routine Generalist,0,3
26397,Routine Young Parents,0,0
26398,Promo Hunter,1,3
26399,Promo Hunter,1,1
26400,Promo Hunter,1,1
26401,Routine Tech,0,2
26403,Routine Tech,0,2
26404,Promo Hunter,1,3
26405,Engaged Generalist,2,3
26407,Engaged Generalist,2,3
26408,Promo Hunter,1,3
26409,Routine Young Parents,0,0
26411,Routine Tech,0,2
26412,Engaged Generalist,2,3
26413,Engaged Generalist,2,3
26414,Engaged Generalist,2,3
26417,Engaged Generalist,2,3
26418,Promo Hunter,1,3
26419,Routine Generalist,0,3
26420,Engaged Generalist,2,3
26421,Routine Generalist,0,3
26422,Routine Young Parents,0,0
26423,Routine Tech,0,2
26424,Routine Generalist,0,3
26425,Routine Generalist,0,3
26426,Routine Generalist,0,3
26427,Routine Young Parents,0,0
26428,Engaged Generalist,2,3
26429,Engaged Generalist,2,3
26430,Routine Family Provisioner,0,1
26431,Routine Generalist,0,3
26433,Promo Hunter,1,3
26434,Routine Generalist,0,3
26435,Routine Tech,0,2
26436,Routine Generalist,0,3
26437,Promo Hunter,1,3
26438,Engaged Generalist,2,3
26439,Promo Hunter,1,3
26440,Promo Hunter,1,3
26441,Routine Young Parents,0,0
26442,Promo Hunter,1,3
26443,Routine Young Parents,0,0
26444,Routine Generalist,0,3
26446,Routine Generalist,0,3
26447,Promo Hunter,1,1
26448,Promo Hunter,1,3
26449,Engaged Generalist,2,3
26450,Engaged Generalist,2,3
26451,Routine Young Parents,0,0
26452,Routine Tech,0,2
26453,Routine Generalist,0,3
26454,Engaged Generalist,2,3
26455,Routine Young Parents,0,0
26456,Routine Generalist,0,3
26459,Engaged Generalist,2,3
26463,Routine Generalist,0,3
26465,Promo Hunter,1,3
26467,Routine Tech,0,2
26468,Routine Tech,0,2
26469,Routine Generalist,0,3
26470,Routine Tech,0,2
26471,Promo Hunter,1,1
26474,Promo Hunter,1,3
26475,Routine Young Parents,0,0
26476,Promo Hunter,1,3
26477,Routine Generalist,0,3
26478,Routine Young Parents,0,0
26479,Routine Young Parents,0,0
26481,Routine Young Parents,0,0
26482,Routine Generalist,0,3
26483,Engaged Generalist,2,3
26484,Routine Generalist,0,3
26485,Engaged Generalist,2,3
26488,Routine Tech,0,2
26489,Promo Hunter,1,3
26490,Routine Generalist,0,3
26491,Routine Tech,0,2
26492,Promo Hunter,1,3
26493,Routine Young Parents,0,0
26494,Routine Young Parents,0,0
26495,Routine Young Parents,0,0
26496,Routine Generalist,0,3
26497,Routine Young Parents,0,0
26498,Routine Young Parents,0,0
26500,Routine Tech,0,2
26501,Routine Tech,0,2
26502,Engaged Generalist,2,3
26504,Promo Hunter,1,3
26505,Engaged Generalist,2,3
26506,Routine Generalist,0,3
26507,Routine Generalist,0,3
26508,Engaged Generalist,2,3
26509,Routine Generalist,0,3
26510,Routine Generalist,0,3
26511,Routine Family Provisioner,0,1
26512,Routine Generalist,0,3
26513,Routine Generalist,0,3
26514,Promo Hunter,1,3
26515,Routine Young Parents,0,0
26516,Routine Young Parents,0,0
26517,Routine Tech,0,2
26519,Routine Generalist,0,3
26520,Routine Family Provisioner,0,1
26521,Routine Generalist,0,3
26523,Routine Generalist,0,3
26524,Engaged Family Provisioner,2,1
26525,Promo Hunter,1,3
26526,Routine Generalist,0,3
26527,Engaged Generalist,2,3
26528,Routine Young Parents,0,0
26529,Routine Generalist,0,3
26530,Routine Tech,0,2
26532,Routine Generalist,0,3
26533,Promo Hunter,1,3
26534,Routine Generalist,0,3
26535,Engaged Generalist,2,3
26536,Engaged Generalist,2,2
26537,Routine Tech,0,2
26538,Routine Generalist,0,3
26539,Routine Tech,0,2
26540,Promo Hunter,1,3
26541,Routine Generalist,0,3
26542,Engaged Generalist,2,3
26543,Engaged Generalist,2,3
26544,Promo Hunter,1,3
26546,Promo Hunter,1,3
26547,Routine Tech,0,2
26549,Routine Generalist,0,3
26550,Routine Young Parents,0,0
26551,Promo Hunter,1,3
26552,Engaged Generalist,2,3
26553,Promo Hunter,1,1
26554,Engaged Generalist,2,3
26555,Routine Young Parents,0,0
26556,Engaged Generalist,2,3
26557,Routine Young Parents,0,0
26558,Routine Generalist,0,3
26559,Promo Hunter,1,3
26560,Routine Generalist,0,3
26561,Routine Generalist,0,3
26562,Engaged Generalist,2,3
26563,Routine Tech,0,2
26564,Engaged Generalist,2,3
26565,Routine Young Parents,0,0
26566,Engaged Generalist,2,3
26567,Engaged Family Provisioner,2,1
26569,Routine Tech,0,2
26570,Routine Generalist,0,3
26571,Routine Generalist,0,3
26572,Routine Young Parents,0,0
26573,Promo Hunter,1,3
26576,Promo Hunter,1,3
26577,Engaged Generalist,2,3
26578,Engaged Generalist,2,3
26579,Routine Generalist,0,3
26580,Engaged Generalist,2,3
26581,Engaged Generalist,2,3
26582,Promo Hunter,1,1
26583,Routine Young Parents,0,0
26584,Promo Hunter,1,3
26585,Engaged Generalist,2,3
26586,Engaged Generalist,2,0
26588,Routine Young Parents,0,0
26589,Routine Tech,0,2
26590,Routine Tech,0,2
26591,Engaged Generalist,2,3
26592,Routine Generalist,0,3
26593,Promo Hunter,1,3
26594,Routine Generalist,0,3
26595,Routine Tech,0,2
26596,Routine Young Parents,0,0
26597,Promo Hunter,1,3
26598,Routine Generalist,0,3
26599,Routine Generalist,0,3
26600,Routine Generalist,0,3
26602,Routine Young Parents,0,0
26603,Engaged Generalist,2,3
26604,Routine Young Parents,0,0
26605,Routine Tech,0,2
26606,Routine Family Provisioner,0,1
26608,Promo Hunter,1,3
26609,Engaged Family Provisioner,2,1
26610,Routine Young Parents,0,0
26612,Engaged Generalist,2,3
26613,Engaged Generalist,2,3
26614,Engaged Generalist,2,3
26615,Routine Generalist,0,3
26616,Routine Generalist,0,3
26618,Routine Young Parents,0,0
26619,Routine Generalist,0,3
26620,Routine Tech,0,2
26622,Routine Tech,0,2
26623,Promo Hunter,1,3
26624,Engaged Generalist,2,3
26626,Routine Tech,0,2
26627,Routine Generalist,0,3
26628,Promo Hunter,1,3
26630,Promo Hunter,1,2
26631,Routine Generalist,0,3
26632,Routine Tech,0,2
26633,Routine Tech,0,2
26634,Engaged Generalist,2,3
26637,Promo Hunter,1,1
26638,Engaged Generalist,2,3
26639,Engaged Generalist,2,3
26640,Engaged Generalist,2,3
26641,Promo Hunter,1,3
26643,Routine Young Parents,0,0
26645,Routine Generalist,0,3
26646,Routine Generalist,0,3
26647,Routine Generalist,0,3
26648,Engaged Generalist,2,3
26649,Engaged Generalist,2,3
26650,Routine Generalist,0,3
26651,Promo Hunter,1,1
26655,Routine Generalist,0,3
26656,Routine Tech,0,2
26657,Routine Young Parents,0,0
26658,Routine Young Parents,0,0
26659,Engaged Generalist,2,3
26660,Routine Generalist,0,3
26661,Routine Young Parents,0,0
26662,Engaged Generalist,2,3
26663,Routine Generalist,0,3
26664,Engaged Generalist,2,3
26666,Engaged Generalist,2,3
26668,Routine Young Parents,0,0
26669,Routine Family Provisioner,0,1
26670,Routine Tech,0,2
26672,Routine Generalist,0,3
26673,Routine Young Parents,0,0
26675,Routine Tech,0,2
26676,Routine Generalist,0,3
26677,Promo Hunter,1,1
26678,Routine Generalist,0,3
26679,Routine Generalist,0,3
26680,Routine Young Parents,0,0
26681,Promo Hunter,1,3
26682,Routine Young Parents,0,0
26683,Promo Hunter,1,3
26684,Routine Generalist,0,3
26685,Promo Hunter,1,3
26686,Routine Young Parents,0,0
26687,Routine Young Parents,0,0
26689,Engaged Family Provisioner,2,1
26690,Promo Hunter,1,3
26691,Routine Young Parents,0,0
26692,Promo Hunter,1,3
26693,Routine Tech,0,2
26694,Routine Young Parents,0,0
26695,Engaged Generalist,2,0
26696,Routine Generalist,0,3
26697,Promo Hunter,1,3
26698,Routine Tech,0,2
26699,Routine Tech,0,2
26700,Routine Family Provisioner,0,1
26701,Engaged Generalist,2,3
26703,Routine Young Parents,0,0
26704,Promo Hunter,1,3
26706,Routine Young Parents,0,0
26707,Promo Hunter,1,3
26709,Promo Hunter,1,3
26710,Engaged Generalist,2,3
26711,Promo Hunter,1,3
26712,Promo Hunter,1,3
26713,Routine Generalist,0,3
26714,Routine Generalist,0,3
26716,Routine Tech,0,2
26717,Engaged Generalist,2,3
26718,Routine Generalist,0,3
26720,Routine Young Parents,0,0
26721,Routine Young Parents,0,0
26722,Engaged Family Provisioner,2,1
26723,Routine Generalist,0,3
26724,Routine Generalist,0,3
26725,Routine Young Parents,0,0
26726,Routine Family Provisioner,0,1
26727,Promo Hunter,1,3
26729,Routine Tech,0,2
26730,Routine Generalist,0,3
26731,Promo Hunter,1,2
26732,Engaged Generalist,2,3
26733,Routine Tech,0,2
26735,Engaged Generalist,2,3
26736,Routine Young Parents,0,0
26737,Engaged Generalist,2,0
26738,Routine Generalist,0,3
26739,Engaged Family Provisioner,2,1
26740,Engaged Generalist,2,3
26741,Routine Generalist,0,3
26742,Routine Tech,0,2
26743,Engaged Generalist,2,3
26744,Routine Young Parents,0,0
26745,Routine Family Provisioner,0,1
26746,Routine Generalist,0,3
26747,Routine Tech,0,2
26748,Routine Generalist,0,3
26749,Engaged Generalist,2,3
26751,Engaged Generalist,2,3
26753,Promo Hunter,1,3
26754,Routine Young Parents,0,0
26755,Routine Generalist,0,3
26756,Routine Generalist,0,3
26760,Engaged Generalist,2,3
26761,Engaged Family Provisioner,2,1
26762,Routine Tech,0,2
26763,Routine Generalist,0,3
26764,Engaged Generalist,2,3
26765,Engaged Generalist,2,3
26766,Engaged Generalist,2,3
26767,Engaged Generalist,2,3
26768,Routine Young Parents,0,0
26769,Promo Hunter,1,3
26771,Routine Family Provisioner,0,1
26772,Promo Hunter,1,1
26773,Engaged Generalist,2,3
26774,Routine Generalist,0,3
26775,Routine Generalist,0,3
26776,Promo Hunter,1,1
26778,Engaged Generalist,2,3
26779,Routine Generalist,0,3
26780,Routine Generalist,0,3
26781,Routine Tech,0,2
26782,Promo Hunter,1,3
26783,Promo Hunter,1,3
26785,Promo Hunter,1,3
26786,Routine Young Parents,0,0
26789,Engaged Generalist,2,3
26791,Routine Young Parents,0,0
26792,Routine Generalist,0,3
26793,Promo Hunter,1,3
26794,Routine Tech,0,2
26795,Engaged Generalist,2,3
26796,Engaged Generalist,2,3
26798,Engaged Generalist,2,2
26799,Engaged Generalist,2,3
26800,Routine Young Parents,0,0
26803,Promo Hunter,1,3
26804,Routine Young Parents,0,0
26806,Routine Tech,0,2
26808,Engaged Generalist,2,3
26809,Promo Hunter,1,3
26810,Promo Hunter,1,3
26811,Routine Tech,0,2
26812,Promo Hunter,1,1
26813,Engaged Generalist,2,3
26815,Routine Tech,0,2
26816,Routine Young Parents,0,0
26817,Routine Generalist,0,3
26818,Engaged Generalist,2,3
26819,Promo Hunter,1,3
26820,Routine Young Parents,0,0
26822,Routine Tech,0,2
26823,Engaged Generalist,2,3
26824,Promo Hunter,1,3
26825,Routine Generalist,0,3
26826,Routine Young Parents,0,0
26827,Routine Tech,0,2
26828,Promo Hunter,1,3
26829,Routine Young Parents,0,0
26830,Promo Hunter,1,0
26832,Routine Generalist,0,3
26834,Engaged Generalist,2,3
26835,Engaged Generalist,2,3
26837,Engaged Family Provisioner,2,1
26839,Routine Tech,0,2
26840,Routine Tech,0,2
26841,Promo Hunter,1,0
26843,Engaged Generalist,2,3
26845,Engaged Family Provisioner,2,1
26846,Promo Hunter,1,1
26847,Routine Tech,0,2
26849,Routine Tech,0,2
26850,Promo Hunter,1,3
26852,Engaged Generalist,2,3
26853,Routine Generalist,0,3
26855,Routine Generalist,0,3
26857,Routine Generalist,0,3
26858,Engaged Generalist,2,3
26861,Engaged Generalist,2,3
26862,Engaged Generalist,2,3
26864,Engaged Generalist,2,3
26866,Routine Generalist,0,3
26867,Engaged Generalist,2,3
26868,Routine Generalist,0,3
26869,Routine Family Provisioner,0,1
26870,Routine Generalist,0,3
26871,Routine Generalist,0,3
26872,Routine Generalist,0,3
26874,Routine Young Parents,0,0
26875,Promo Hunter,1,3
26876,Routine Tech,0,2
26878,Engaged Generalist,2,3
26879,Routine Young Parents,0,0
26880,Routine Young Parents,0,0
26881,Engaged Generalist,2,3
26882,Engaged Generalist,2,3
26883,Promo Hunter,1,3
26884,Routine Tech,0,2
26885,Routine Young Parents,0,0
26886,Routine Generalist,0,3
26889,Engaged Generalist,2,3
26890,Routine Young Parents,0,0
26891,Routine Young Parents,0,0
26893,Routine Generalist,0,3
26894,Engaged Generalist,2,3
26896,Routine Generalist,0,3
26897,Routine Generalist,0,3
26898,Routine Generalist,0,3
26899,Engaged Generalist,2,3
26900,Engaged Generalist,2,3
26901,Engaged Generalist,2,2
26902,Routine Family Provisioner,0,1
26903,Routine Young Parents,0,0
26904,Promo Hunter,1,3
26906,Routine Generalist,0,3
26907,Routine Generalist,0,3
26908,Engaged Generalist,2,3
26909,Engaged Generalist,2,3
26910,Engaged Generalist,2,3
26911,Promo Hunter,1,1
26913,Engaged Generalist,2,3
26914,Routine Generalist,0,3
26915,Promo Hunter,1,3
26916,Routine Generalist,0,3
26918,Engaged Generalist,2,3
26919,Routine Generalist,0,3
26921,Routine Young Parents,0,0
26922,Routine Generalist,0,3
26923,Promo Hunter,1,0
26924,Routine Tech,0,2
26926,Routine Family Provisioner,0,1
26928,Promo Hunter,1,3
26930,Promo Hunter,1,3
26931,Routine Generalist,0,3
26932,Routine Tech,0,2
26933,Engaged Generalist,2,3
26934,Engaged Generalist,2,3
26935,Routine Generalist,0,3
26936,Routine Family Provisioner,0,1
26937,Engaged Generalist,2,3
26938,Engaged Generalist,2,3
26939,Engaged Generalist,2,3
26940,Routine Young Parents,0,0
26941,Promo Hunter,1,0
26942,Engaged Generalist,2,3
26945,Routine Generalist,0,3
26946,Engaged Generalist,2,3
26948,Engaged Generalist,2,3
26949,Routine Generalist,0,3
26950,Routine Generalist,0,3
26952,Engaged Generalist,2,3
26953,Routine Young Parents,0,0
26954,Routine Young Parents,0,0
26955,Routine Generalist,0,3
26956,Engaged Generalist,2,3
26957,Routine Generalist,0,3
26958,Engaged Generalist,2,3
26960,Routine Tech,0,2
26961,Engaged Generalist,2,3
26964,Promo Hunter,1,3
26965,Engaged Generalist,2,3
26968,Routine Generalist,0,3
26969,Engaged Generalist,2,3
26970,Routine Generalist,0,3
26972,Routine Young Parents,0,0
26973,Routine Tech,0,2
26974,Routine Generalist,0,3
26976,Engaged Family Provisioner,2,1
26977,Engaged Generalist,2,3
26979,Routine Generalist,0,3
26980,Routine Generalist,0,3
26982,Routine Young Parents,0,0
26983,Engaged Generalist,2,3
26984,Routine Tech,0,2
26986,Promo Hunter,1,3
26987,Routine Tech,0,2
26988,Engaged Generalist,2,3
26990,Routine Tech,0,2
26991,Promo Hunter,1,3
26992,Promo Hunter,1,3
26993,Engaged Generalist,2,3
26994,Engaged Generalist,2,3
26995,Promo Hunter,1,3
26996,Routine Generalist,0,3
26997,Routine Young Parents,0,0
26998,Routine Young Parents,0,0
26999,Routine Tech,0,2
27000,Engaged Generalist,2,3
27001,Engaged Generalist,2,3
27003,Routine Tech,0,2
27004,Engaged Generalist,2,3
27005,Routine Tech,0,2
27006,Engaged Generalist,2,3
27007,Promo Hunter,1,3
27008,Promo Hunter,1,3
27009,Routine Tech,0,2
27010,Routine Young Parents,0,0
27011,Routine Generalist,0,3
27012,Engaged Generalist,2,3
27013,Routine Tech,0,2
27014,Routine Generalist,0,3
27015,Promo Hunter,1,3
27016,Engaged Generalist,2,3
27017,Routine Generalist,0,3
27018,Routine Generalist,0,3
27019,Promo Hunter,1,3
27020,Routine Tech,0,2
27021,Routine Young Parents,0,0
27022,Routine Tech,0,2
27023,Routine Tech,0,2
27024,Routine Tech,0,2
27026,Engaged Generalist,2,3
27027,Engaged Generalist,2,3
27028,Routine Generalist,0,3
27029,Routine Generalist,0,3
27030,Routine Young Parents,0,0
27031,Engaged Generalist,2,3
27032,Promo Hunter,1,3
27033,Promo Hunter,1,3
27034,Promo Hunter,1,1
27035,Routine Generalist,0,3
27036,Promo Hunter,1,3
27037,Routine Generalist,0,3
27038,Routine Young Parents,0,0
27039,Promo Hunter,1,3
27040,Routine Generalist,0,3
27041,Routine Generalist,0,3
27042,Routine Generalist,0,3
27044,Engaged Generalist,2,3
27045,Routine Family Provisioner,0,1
27046,Routine Tech,0,2
27047,Routine Young Parents,0,0
27048,Engaged Family Provisioner,2,1
27049,Promo Hunter,1,1
27050,Promo Hunter,1,3
27051,Routine Young Parents,0,0
27052,Engaged Generalist,2,3
27053,Engaged Generalist,2,3
27054,Engaged Generalist,2,3
27055,Routine Generalist,0,3
27056,Routine Tech,0,2
27057,Routine Generalist,0,3
27058,Routine Generalist,0,3
27059,Routine Generalist,0,3
27060,Promo Hunter,1,3
27062,Promo Hunter,1,1
27063,Routine Tech,0,2
27064,Engaged Generalist,2,2
27065,Routine Young Parents,0,0
27066,Engaged Generalist,2,3
27067,Promo Hunter,1,3
27068,Routine Young Parents,0,0
27069,Routine Generalist,0,3
27070,Promo Hunter,1,0
27071,Routine Tech,0,2
27072,Routine Young Parents,0,0
27073,Routine Young Parents,0,0
27076,Engaged Generalist,2,3
27077,Engaged Generalist,2,3
27078,Engaged Generalist,2,3
27079,Routine Generalist,0,3
27080,Promo Hunter,1,3
27081,Routine Generalist,0,3
27082,Promo Hunter,1,1
27083,Engaged Family Provisioner,2,1
27084,Routine Young Parents,0,0
27086,Engaged Generalist,2,3
27087,Routine Young Parents,0,0
27088,Routine Generalist,0,3
27089,Promo Hunter,1,3
27091,Routine Generalist,0,3
27092,Routine Generalist,0,3
27093,Routine Young Parents,0,0
27094,Routine Family Provisioner,0,1
27095,Engaged Generalist,2,3
27096,Routine Generalist,0,3
27097,Engaged Generalist,2,3
27098,Routine Generalist,0,3
27099,Routine Young Parents,0,0
27100,Engaged Generalist,2,3
27101,Engaged Generalist,2,3
27102,Routine Young Parents,0,0
27103,Engaged Generalist,2,3
27104,Routine Generalist,0,3
27106,Promo Hunter,1,1
27107,Engaged Generalist,2,3
27108,Routine Young Parents,0,0
27110,Routine Generalist,0,3
27111,Routine Tech,0,2
27112,Promo Hunter,1,3
27113,Promo Hunter,1,1
27114,Routine Generalist,0,3
27115,Routine Young Parents,0,0
27116,Routine Young Parents,0,0
27117,Routine Generalist,0,3
27119,Routine Tech,0,2
27120,Routine Generalist,0,3
27121,Routine Tech,0,2
27122,Engaged Family Provisioner,2,1
27123,Routine Young Parents,0,0
27124,Routine Generalist,0,3
27125,Routine Young Parents,0,0
27126,Promo Hunter,1,3
27128,Engaged Generalist,2,3
27129,Routine Tech,0,2
27130,Routine Tech,0,2
27133,Routine Generalist,0,3
27134,Routine Young Parents,0,0
27135,Promo Hunter,1,1
27136,Routine Young Parents,0,0
27137,Routine Generalist,0,3
27138,Routine Young Parents,0,0
27140,Engaged Generalist,2,3
27141,Engaged Generalist,2,3
27142,Promo Hunter,1,3
27143,Routine Young Parents,0,0
27144,Routine Generalist,0,3
27145,Promo Hunter,1,3
27146,Engaged Family Provisioner,2,1
27147,Promo Hunter,1,3
27148,Promo Hunter,1,3
27149,Routine Tech,0,2
27150,Engaged Generalist,2,3
27151,Promo Hunter,1,3
27152,Routine Young Parents,0,0
27153,Routine Generalist,0,3
27154,Routine Generalist,0,3
27155,Routine Generalist,0,3
27157,Routine Young Parents,0,0
27158,Engaged Generalist,2,3
27159,Routine Family Provisioner,0,1
27161,Routine Generalist,0,3
27163,Engaged Generalist,2,3
27164,Routine Generalist,0,3
27165,Engaged Generalist,2,3
27167,Engaged Generalist,2,3
27169,Routine Tech,0,2
27170,Promo Hunter,1,3
27171,Routine Young Parents,0,0
27172,Routine Generalist,0,3
27173,Promo Hunter,1,3
27174,Promo Hunter,1,1
27175,Routine Generalist,0,3
27176,Engaged Generalist,2,3
27177,Promo Hunter,1,3
27178,Engaged Generalist,2,3
27179,Engaged Generalist,2,3
27180,Routine Generalist,0,3
27181,Promo Hunter,1,3
27182,Routine Young Parents,0,0
27184,Routine Young Parents,0,0
27186,Routine Generalist,0,3
27187,Routine Generalist,0,3
27188,Routine Tech,0,2
27189,Promo Hunter,1,1
27190,Engaged Generalist,2,3
27191,Engaged Generalist,2,3
27192,Engaged Generalist,2,3
27193,Routine Family Provisioner,0,1
27194,Routine Generalist,0,3
27195,Routine Generalist,0,3
27196,Routine Young Parents,0,0
27199,Promo Hunter,1,1
27200,Promo Hunter,1,3
27202,Routine Generalist,0,3
27203,Engaged Generalist,2,3
27206,Routine Tech,0,2
27207,Routine Generalist,0,3
27209,Engaged Generalist,2,3
27210,Routine Tech,0,2
27211,Engaged Generalist,2,3
27212,Promo Hunter,1,3
27213,Engaged Generalist,2,3
27214,Engaged Generalist,2,3
27215,Routine Young Parents,0,0
27216,Engaged Generalist,2,3
27217,Routine Young Parents,0,0
27218,Routine Young Parents,0,0
27219,Engaged Generalist,2,3
27221,Routine Young Parents,0,0
27222,Routine Tech,0,2
27223,Promo Hunter,1,3
27224,Routine Generalist,0,3
27226,Promo Hunter,1,3
27228,Promo Hunter,1,1
27230,Promo Hunter,1,1
27231,Routine Tech,0,2
27232,Routine Young Parents,0,0
27234,Routine Tech,0,2
27236,Promo Hunter,1,3
27237,Routine Generalist,0,3
27239,Engaged Generalist,2,3
27240,Routine Generalist,0,3
27241,Routine Tech,0,2
27243,Engaged Generalist,2,3
27247,Routine Tech,0,2
27248,Engaged Generalist,2,3
27249,Promo Hunter,1,2
27251,Engaged Generalist,2,3
27252,Routine Young Parents,0,0
27253,Routine Young Parents,0,0
27254,Promo Hunter,1,3
27255,Routine Young Parents,0,0
27257,Routine Young Parents,0,0
27258,Routine Generalist,0,3
27259,Engaged Generalist,2,3
27260,Engaged Generalist,2,3
27261,Routine Young Parents,0,0
27262,Engaged Generalist,2,3
27263,Engaged Generalist,2,3
27264,Routine Generalist,0,3
27265,Routine Tech,0,2
27266,Promo Hunter,1,1
27267,Routine Tech,0,2
27268,Routine Young Parents,0,0
27269,Routine Tech,0,2
27270,Engaged Generalist,2,3
27271,Engaged Generalist,2,3
27272,Routine Generalist,0,3
27273,Routine Generalist,0,3
27274,Promo Hunter,1,3
27275,Routine Young Parents,0,0
27276,Routine Tech,0,2
27277,Routine Young Parents,0,0
27279,Engaged Generalist,2,3
27281,Promo Hunter,1,3
27282,Promo Hunter,1,3
27283,Promo Hunter,1,3
27285,Routine Family Provisioner,0,1
27287,Engaged Generalist,2,3
27289,Routine Generalist,0,3
27290,Routine Young Parents,0,0
27291,Routine Young Parents,0,0
27292,Routine Generalist,0,3
27293,Engaged Generalist,2,3
27294,Engaged Generalist,2,3
27295,Engaged Generalist,2,3
27296,Engaged Generalist,2,3
27297,Engaged Generalist,2,3
27299,Routine Young Parents,0,0
27301,Promo Hunter,1,3
27302,Routine Generalist,0,3
27303,Routine Young Parents,0,0
27305,Routine Generalist,0,3
27306,Routine Young Parents,0,0
27307,Routine Generalist,0,3
27308,Engaged Generalist,2,3
27309,Promo Hunter,1,3
27310,Routine Generalist,0,3
27311,Engaged Generalist,2,3
27312,Routine Young Parents,0,0
27313,Promo Hunter,1,3
27315,Routine Generalist,0,3
27316,Routine Generalist,0,3
27317,Engaged Generalist,2,3
27320,Engaged Generalist,2,3
27322,Routine Young Parents,0,0
27323,Routine Family Provisioner,0,1
27326,Promo Hunter,1,1
27327,Routine Young Parents,0,0
27328,Routine Generalist,0,3
27329,Engaged Generalist,2,3
27330,Routine Tech,0,2
27331,Engaged Generalist,2,3
27332,Routine Generalist,0,3
27333,Engaged Generalist,2,3
27334,Routine Generalist,0,3
27335,Routine Generalist,0,3
27336,Routine Tech,0,2
27337,Promo Hunter,1,3
27338,Promo Hunter,1,3
27339,Engaged Generalist,2,3
27340,Routine Young Parents,0,0
27341,Engaged Generalist,2,3
27342,Promo Hunter,1,3
27343,Routine Tech,0,2
27344,Routine Generalist,0,3
27345,Engaged Generalist,2,3
27347,Engaged Generalist,2,3
27348,Engaged Generalist,2,3
27349,Engaged Generalist,2,3
27351,Engaged Generalist,2,3
27353,Promo Hunter,1,3
27354,Promo Hunter,1,3
27355,Routine Generalist,0,3
27356,Routine Tech,0,2
27357,Engaged Generalist,2,3
27358,Engaged Generalist,2,3
27359,Promo Hunter,1,1
27363,Routine Generalist,0,3
27364,Engaged Generalist,2,3
27365,Promo Hunter,1,1
27366,Engaged Generalist,2,3
27367,Promo Hunter,1,1
27369,Promo Hunter,1,1
27370,Routine Family Provisioner,0,1
27371,Engaged Generalist,2,3
27372,Routine Generalist,0,3
27373,Routine Generalist,0,3
27374,Engaged Generalist,2,3
27375,Engaged Generalist,2,3
27376,Routine Generalist,0,3
27377,Promo Hunter,1,3
27379,Engaged Generalist,2,3
27380,Promo Hunter,1,3
27381,Routine Generalist,0,3
27382,Routine Tech,0,2
27383,Routine Young Parents,0,0
27384,Routine Young Parents,0,0
27385,Engaged Generalist,2,3
27386,Routine Generalist,0,3
27387,Promo Hunter,1,3
27388,Routine Young Parents,0,0
27389,Routine Generalist,0,3
27390,Routine Generalist,0,3
27391,Routine Tech,0,2
27392,Routine Generalist,0,3
27394,Routine Tech,0,2
27395,Routine Tech,0,2
27396,Routine Tech,0,2
27397,Engaged Generalist,2,3
27401,Engaged Generalist,2,3
27402,Routine Young Parents,0,0
27403,Promo Hunter,1,3
27404,Promo Hunter,1,3
27405,Routine Tech,0,2
27406,Promo Hunter,1,3
27407,Routine Generalist,0,3
27408,Promo Hunter,1,1
27410,Engaged Generalist,2,3
27411,Routine Generalist,0,3
27412,Routine Generalist,0,3
27413,Routine Generalist,0,3
27415,Promo Hunter,1,3
27416,Routine Generalist,0,3
27417,Engaged Generalist,2,3
27418,Engaged Generalist,2,3
27419,Routine Family Provisioner,0,1
27420,Routine Generalist,0,3
27421,Routine Family Provisioner,0,1
27422,Routine Generalist,0,3
27424,Routine Generalist,0,3
27425,Engaged Generalist,2,3
27426,Routine Generalist,0,3
27427,Routine Generalist,0,3
27428,Routine Young Parents,0,0
27429,Promo Hunter,1,3
27431,Routine Tech,0,2
27432,Routine Generalist,0,3
27434,Promo Hunter,1,3
27435,Routine Family Provisioner,0,1
27436,Routine Young Parents,0,0
27438,Routine Tech,0,2
27439,Routine Generalist,0,3
27440,Routine Generalist,0,3
27441,Routine Young Parents,0,0
27442,Routine Young Parents,0,0
27444,Routine Generalist,0,3
27445,Promo Hunter,1,3
27446,Engaged Generalist,2,3
27448,Routine Generalist,0,3
27449,Routine Tech,0,2
27450,Promo Hunter,1,1
27451,Routine Generalist,0,3
27452,Engaged Generalist,2,3
27453,Engaged Generalist,2,3
27454,Routine Generalist,0,3
27455,Routine Generalist,0,3
27456,Routine Generalist,0,3
27458,Routine Young Parents,0,0
27459,Routine Generalist,0,3
27461,Routine Generalist,0,3
27462,Routine Generalist,0,3
27463,Engaged Generalist,2,3
27465,Promo Hunter,1,3
27466,Promo Hunter,1,3
27467,Routine Young Parents,0,0
27468,Engaged Family Provisioner,2,1
27469,Routine Young Parents,0,0
27470,Engaged Generalist,2,3
27471,Engaged Generalist,2,3
27472,Routine Young Parents,0,0
27473,Routine Young Parents,0,0
27474,Routine Generalist,0,3
27475,Engaged Generalist,2,3
27476,Promo Hunter,1,3
27477,Engaged Generalist,2,3
27478,Engaged Generalist,2,3
27479,Routine Young Parents,0,0
27481,Routine Generalist,0,3
27482,Promo Hunter,1,1
27483,Routine Generalist,0,3
27484,Routine Tech,0,2
27485,Promo Hunter,1,0
27486,Routine Generalist,0,3
27487,Routine Young Parents,0,0
27488,Engaged Generalist,2,3
27489,Routine Generalist,0,3
27490,Routine Generalist,0,3
27491,Routine Young Parents,0,0
27493,Engaged Family Provisioner,2,1
27494,Engaged Generalist,2,3
27495,Routine Tech,0,2
27496,Routine Generalist,0,3
27497,Promo Hunter,1,3
27498,Engaged Generalist,2,3
27499,Routine Generalist,0,3
27500,Routine Generalist,0,3
27501,Routine Tech,0,2
27502,Promo Hunter,1,1
27505,Routine Young Parents,0,0
27506,Promo Hunter,1,3
27507,Routine Young Parents,0,0
27508,Routine Generalist,0,3
27513,Engaged Generalist,2,3
27514,Routine Generalist,0,3
27515,Promo Hunter,1,1
27516,Promo Hunter,1,3
27517,Routine Young Parents,0,0
27518,Promo Hunter,1,3
27519,Promo Hunter,1,3
27520,Routine Young Parents,0,0
27521,Promo Hunter,1,3
27522,Routine Tech,0,2
27523,Routine Young Parents,0,0
27525,Routine Tech,0,2
27526,Engaged Generalist,2,3
27527,Promo Hunter,1,3
27528,Promo Hunter,1,3
27529,Engaged Generalist,2,3
27530,Routine Family Provisioner,0,1
27531,Routine Generalist,0,3
27532,Promo Hunter,1,3
27533,Engaged Generalist,2,3
27535,Engaged Generalist,2,3
27536,Routine Generalist,0,3
27537,Routine Tech,0,2
27538,Routine Generalist,0,3
27539,Promo Hunter,1,3
27541,Promo Hunter,1,3
27542,Routine Generalist,0,3
27543,Promo Hunter,1,3
27544,Engaged Generalist,2,3
27545,Promo Hunter,1,3
27546,Routine Young Parents,0,0
27548,Engaged Generalist,2,0
27549,Promo Hunter,1,3
27550,Promo Hunter,1,3
27551,Engaged Generalist,2,3
27552,Routine Generalist,0,3
27553,Routine Generalist,0,3
27554,Engaged Generalist,2,3
27555,Routine Generalist,0,3
27557,Routine Generalist,0,3
27558,Routine Generalist,0,3
27559,Routine Tech,0,2
27560,Routine Tech,0,2
27561,Engaged Generalist,2,3
27562,Routine Young Parents,0,0
27563,Engaged Generalist,2,3
27564,Routine Young Parents,0,0
27565,Engaged Generalist,2,3
27566,Routine Generalist,0,3
27567,Promo Hunter,1,1
27568,Promo Hunter,1,3
27569,Routine Generalist,0,3
27570,Promo Hunter,1,1
27571,Engaged Generalist,2,3
27573,Engaged Generalist,2,3
27574,Routine Generalist,0,3
27575,Promo Hunter,1,3
27576,Engaged Family Provisioner,2,1
27577,Promo Hunter,1,3
27578,Routine Generalist,0,3
27579,Engaged Family Provisioner,2,1
27580,Routine Generalist,0,3
27582,Routine Generalist,0,3
27584,Engaged Generalist,2,3
27585,Promo Hunter,1,3
27587,Promo Hunter,1,3
27588,Promo Hunter,1,3
27589,Routine Tech,0,2
27590,Promo Hunter,1,3
27591,Routine Generalist,0,3
27592,Routine Generalist,0,3
27593,Engaged Generalist,2,3
27594,Promo Hunter,1,1
27595,Routine Generalist,0,3
27596,Promo Hunter,1,3
27598,Engaged Generalist,2,3
27599,Routine Generalist,0,3
27600,Engaged Generalist,2,3
27601,Routine Generalist,0,3
27602,Promo Hunter,1,3
27603,Engaged Generalist,2,3
27604,Routine Young Parents,0,0
27605,Routine Generalist,0,3
27606,Engaged Generalist,2,3
27607,Promo Hunter,1,1
27608,Promo Hunter,1,1
27609,Routine Young Parents,0,0
27610,Routine Tech,0,2
27613,Engaged Generalist,2,3
27614,Promo Hunter,1,3
27616,Routine Generalist,0,3
27617,Routine Generalist,0,3
27618,Routine Generalist,0,3
27619,Promo Hunter,1,3
27620,Engaged Generalist,2,3
27621,Engaged Generalist,2,3
27622,Engaged Generalist,2,3
27623,Routine Tech,0,2
27624,Routine Generalist,0,3
27626,Routine Young Parents,0,0
27628,Routine Tech,0,2
27629,Promo Hunter,1,3
27631,Engaged Generalist,2,3
27633,Promo Hunter,1,3
27636,Engaged Generalist,2,3
27637,Engaged Generalist,2,3
27638,Routine Generalist,0,3
27639,Routine Young Parents,0,0
27640,Engaged Generalist,2,3
27641,Routine Young Parents,0,0
27642,Routine Generalist,0,3
27643,Routine Generalist,0,3
27644,Routine Tech,0,2
27646,Routine Tech,0,2
27647,Engaged Generalist,2,3
27648,Routine Tech,0,2
27649,Promo Hunter,1,3
27650,Promo Hunter,1,2
27651,Routine Young Parents,0,0
27652,Engaged Generalist,2,3
27654,Routine Generalist,0,3
27655,Routine Tech,0,2
27656,Promo Hunter,1,3
27657,Promo Hunter,1,0
27658,Promo Hunter,1,3
27659,Engaged Generalist,2,3
27661,Engaged Generalist,2,3
27662,Routine Generalist,0,3
27663,Routine Tech,0,2
27664,Engaged Generalist,2,3
27666,Routine Generalist,0,3
27667,Promo Hunter,1,1
27668,Engaged Generalist,2,3
27670,Promo Hunter,1,3
27672,Routine Generalist,0,3
27674,Routine Young Parents,0,0
27675,Routine Generalist,0,3
27676,Promo Hunter,1,2
27678,Routine Young Parents,0,0
27679,Routine Generalist,0,3
27680,Routine Generalist,0,3
27681,Routine Generalist,0,3
27682,Routine Young Parents,0,0
27684,Routine Tech,0,2
27685,Engaged Generalist,2,3
27686,Routine Young Parents,0,0
27687,Promo Hunter,1,3
27688,Routine Generalist,0,3
27689,Engaged Generalist,2,3
27690,Engaged Generalist,2,2
27691,Engaged Generalist,2,3
27692,Engaged Generalist,2,3
27693,Engaged Generalist,2,3
27694,Engaged Generalist,2,3
27695,Promo Hunter,1,3
27697,Routine Tech,0,2
27698,Engaged Generalist,2,3
27699,Routine Generalist,0,3
27700,Routine Generalist,0,3
27701,Engaged Generalist,2,3
27702,Routine Young Parents,0,0
27703,Engaged Generalist,2,3
27704,Routine Generalist,0,3
27706,Routine Generalist,0,3
27707,Routine Generalist,0,3
27708,Engaged Generalist,2,3
27709,Routine Generalist,0,3
27710,Promo Hunter,1,3
27711,Engaged Generalist,2,3
27712,Promo Hunter,1,1
27713,Routine Generalist,0,3
27714,Routine Tech,0,2
27715,Routine Young Parents,0,0
27716,Routine Generalist,0,3
27717,Routine Generalist,0,3
27718,Routine Generalist,0,3
27719,Routine Generalist,0,3
27720,Routine Generalist,0,3
27722,Routine Young Parents,0,0
27724,Routine Tech,0,2
27725,Routine Tech,0,2
27726,Routine Generalist,0,3
27727,Promo Hunter,1,3
27728,Promo Hunter,1,1
27729,Routine Young Parents,0,0
27730,Routine Generalist,0,3
27731,Engaged Family Provisioner,2,1
27732,Engaged Generalist,2,3
27733,Routine Young Parents,0,0
27734,Routine Generalist,0,3
27736,Engaged Generalist,2,3
27737,Routine Young Parents,0,0
27738,Promo Hunter,1,3
27739,Engaged Family Provisioner,2,1
27740,Engaged Generalist,2,3
27741,Routine Generalist,0,3
27742,Engaged Generalist,2,3
27743,Promo Hunter,1,3
27744,Routine Family Provisioner,0,1
27745,Routine Generalist,0,3
27746,Routine Generalist,0,3
27747,Routine Generalist,0,3
27748,Routine Young Parents,0,0
27749,Routine Generalist,0,3
27750,Routine Tech,0,2
27752,Routine Tech,0,2
27755,Promo Hunter,1,3
27756,Routine Family Provisioner,0,1
27757,Engaged Generalist,2,3
27758,Routine Generalist,0,3
27759,Promo Hunter,1,3
27761,Routine Generalist,0,3
27763,Promo Hunter,1,0
27764,Engaged Generalist,2,3
27765,Routine Family Provisioner,0,1
27766,Routine Tech,0,2
27767,Routine Generalist,0,3
27769,Routine Young Parents,0,0
27771,Engaged Generalist,2,3
27772,Routine Generalist,0,3
27774,Engaged Generalist,2,3
27776,Engaged Generalist,2,3
27777,Routine Generalist,0,3
27779,Engaged Generalist,2,3
27780,Promo Hunter,1,3
27781,Routine Young Parents,0,0
27782,Promo Hunter,1,3
27783,Routine Young Parents,0,0
27784,Routine Generalist,0,3
27785,Routine Young Parents,0,0
27788,Routine Tech,0,2
27789,Engaged Generalist,2,3
27790,Routine Tech,0,2
27792,Promo Hunter,1,1
27793,Routine Young Parents,0,0
27794,Promo Hunter,1,3
27796,Promo Hunter,1,3
27797,Routine Generalist,0,3
27798,Routine Young Parents,0,0
27799,Routine Generalist,0,3
27800,Routine Tech,0,2
27801,Engaged Generalist,2,3
27802,Promo Hunter,1,3
27803,Routine Generalist,0,3
27804,Promo Hunter,1,3
27805,Promo Hunter,1,3
27807,Engaged Generalist,2,3
27808,Routine Generalist,0,3
27809,Routine Generalist,0,3
27811,Routine Generalist,0,3
27814,Promo Hunter,1,1
27815,Routine Tech,0,2
27816,Routine Generalist,0,3
27817,Promo Hunter,1,3
27818,Routine Young Parents,0,0
27819,Engaged Generalist,2,3
27821,Engaged Generalist,2,3
27822,Engaged Generalist,2,3
27823,Routine Tech,0,2
27824,Promo Hunter,1,3
27825,Promo Hunter,1,3
27826,Engaged Generalist,2,3
27828,Engaged Generalist,2,3
27830,Routine Generalist,0,3
27831,Promo Hunter,1,3
27832,Routine Generalist,0,3
27833,Routine Young Parents,0,0
27834,Routine Generalist,0,3
27835,Routine Tech,0,2
27837,Engaged Generalist,2,3
27839,Promo Hunter,1,3
27840,Promo Hunter,1,3
27841,Routine Generalist,0,3
27842,Routine Generalist,0,3
27844,Engaged Family Provisioner,2,1
27846,Routine Tech,0,2
27848,Routine Young Parents,0,0
27849,Routine Young Parents,0,0
27850,Promo Hunter,1,0
27851,Promo Hunter,1,1
27852,Routine Generalist,0,3
27853,Engaged Generalist,2,3
27855,Routine Generalist,0,3
27856,Promo Hunter,1,3
27857,Routine Young Parents,0,0
27858,Promo Hunter,1,3
27859,Routine Family Provisioner,0,1
27860,Routine Young Parents,0,0
27861,Engaged Generalist,2,3
27863,Engaged Generalist,2,3
27864,Routine Generalist,0,3
27867,Engaged Family Provisioner,2,1
27868,Engaged Generalist,2,3
27869,Engaged Generalist,2,3
27871,Routine Young Parents,0,0
27872,Routine Young Parents,0,0
27873,Routine Generalist,0,3
27875,Promo Hunter,1,3
27877,Routine Generalist,0,3
27878,Engaged Generalist,2,3
27879,Routine Young Parents,0,0
27880,Routine Tech,0,2
27881,Routine Young Parents,0,0
27882,Routine Generalist,0,3
27883,Routine Generalist,0,3
27884,Promo Hunter,1,3
27885,Promo Hunter,1,3
27887,Routine Young Parents,0,0
27889,Routine Generalist,0,3
27890,Engaged Generalist,2,3
27891,Routine Generalist,0,3
27892,Promo Hunter,1,3
27893,Promo Hunter,1,3
27894,Engaged Generalist,2,3
27895,Engaged Generalist,2,3
27898,Routine Tech,0,2
27899,Promo Hunter,1,3
27900,Promo Hunter,1,1
27901,Engaged Generalist,2,3
27904,Engaged Generalist,2,3
27905,Engaged Generalist,2,3
27906,Routine Generalist,0,3
27907,Routine Generalist,0,3
27908,Engaged Generalist,2,3
27910,Routine Young Parents,0,0
27911,Routine Generalist,0,3
27912,Promo Hunter,1,1
27913,Routine Young Parents,0,0
27914,Promo Hunter,1,3
27916,Engaged Generalist,2,3
27917,Engaged Family Provisioner,2,1
27918,Promo Hunter,1,3
27919,Engaged Generalist,2,3
27921,Routine Young Parents,0,0
27922,Promo Hunter,1,3
27923,Engaged Generalist,2,3
27924,Routine Family Provisioner,0,1
27925,Promo Hunter,1,3
27926,Engaged Generalist,2,3
27927,Engaged Generalist,2,3
27928,Promo Hunter,1,0
27931,Routine Tech,0,2
27932,Routine Generalist,0,3
27933,Engaged Generalist,2,3
27934,Engaged Generalist,2,3
27935,Routine Young Parents,0,0
27937,Promo Hunter,1,3
27938,Engaged Generalist,2,3
27939,Routine Generalist,0,3
27940,Engaged Generalist,2,3
27942,Engaged Generalist,2,3
27943,Routine Young Parents,0,0
27945,Routine Generalist,0,3
27946,Promo Hunter,1,3
27947,Promo Hunter,1,3
27948,Routine Generalist,0,3
27949,Engaged Generalist,2,3
27950,Engaged Generalist,2,3
27951,Routine Tech,0,2
27952,Engaged Generalist,2,3
27953,Routine Generalist,0,3
27954,Routine Young Parents,0,0
27955,Routine Generalist,0,3
27956,Promo Hunter,1,3
27959,Promo Hunter,1,3
27961,Engaged Generalist,2,3
27965,Promo Hunter,1,3
27966,Routine Generalist,0,3
27967,Routine Generalist,0,3
27969,Promo Hunter,1,1
27970,Routine Young Parents,0,0
27971,Routine Generalist,0,3
27974,Routine Generalist,0,3
27975,Engaged Generalist,2,3
27976,Routine Tech,0,2
27977,Promo Hunter,1,3
27979,Routine Generalist,0,3
27980,Routine Young Parents,0,0
27982,Promo Hunter,1,1
27983,Routine Generalist,0,3
27984,Engaged Generalist,2,3
27985,Routine Generalist,0,3
27986,Engaged Generalist,2,3
27987,Routine Young Parents,0,0
27988,Routine Young Parents,0,0
27989,Engaged Generalist,2,3
27990,Engaged Generalist,2,3
27992,Routine Generalist,0,3
27993,Routine Generalist,0,3
27994,Engaged Generalist,2,3
27996,Engaged Generalist,2,3
27997,Engaged Generalist,2,3
27998,Routine Generalist,0,3
28000,Routine Family Provisioner,0,1
28001,Routine Generalist,0,3
28002,Routine Young Parents,0,0
28005,Routine Young Parents,0,0
28006,Routine Generalist,0,3
28007,Routine Generalist,0,3
28008,Engaged Generalist,2,0
28009,Routine Generalist,0,3
28010,Routine Tech,0,2
28011,Promo Hunter,1,3
28012,Promo Hunter,1,3
28013,Promo Hunter,1,3
28014,Routine Tech,0,2
28018,Routine Generalist,0,3
28020,Routine Young Parents,0,0
28021,Routine Young Parents,0,0
28022,Routine Young Parents,0,0
28023,Routine Generalist,0,3
28024,Routine Generalist,0,3
28026,Promo Hunter,1,3
28028,Promo Hunter,1,3
28029,Engaged Generalist,2,3
28030,Routine Generalist,0,3
28031,Promo Hunter,1,3
28032,Engaged Generalist,2,3
28033,Routine Generalist,0,3
28034,Routine Generalist,0,3
28036,Routine Young Parents,0,0
28037,Promo Hunter,1,3
28038,Routine Tech,0,2
28039,Engaged Generalist,2,3
28040,Promo Hunter,1,0
28041,Engaged Generalist,2,3
28042,Routine Generalist,0,3
28044,Promo Hunter,1,3
28045,Routine Generalist,0,3
28046,Promo Hunter,1,1
28047,Promo Hunter,1,3
28049,Routine Generalist,0,3
28050,Routine Generalist,0,3
28052,Engaged Generalist,2,3
28053,Promo Hunter,1,3
28054,Promo Hunter,1,3
28055,Engaged Generalist,2,0
28056,Promo Hunter,1,3
28057,Routine Young Parents,0,0
28058,Engaged Generalist,2,3
28059,Routine Young Parents,0,0
28060,Engaged Generalist,2,3
28061,Engaged Generalist,2,3
28063,Routine Young Parents,0,0
28065,Promo Hunter,1,3
28066,Promo Hunter,1,3
28067,Engaged Family Provisioner,2,1
28068,Promo Hunter,1,3
28069,Routine Tech,0,2
28072,Routine Generalist,0,3
28073,Promo Hunter,1,3
28074,Routine Young Parents,0,0
28075,Routine Generalist,0,3
28076,Engaged Generalist,2,3
28078,Routine Generalist,0,3
28079,Engaged Generalist,2,3
28080,Routine Generalist,0,3
28081,Routine Tech,0,2
28082,Engaged Generalist,2,3
28083,Engaged Generalist,2,3
28085,Routine Young Parents,0,0
28087,Promo Hunter,1,0
28089,Routine Family Provisioner,0,1
28091,Routine Generalist,0,3
28092,Routine Young Parents,0,0
28093,Engaged Generalist,2,3
28094,Engaged Generalist,2,3
28095,Routine Generalist,0,3
28097,Routine Young Parents,0,0
28098,Routine Generalist,0,3
28100,Routine Generalist,0,3
28101,Routine Generalist,0,3
28102,Routine Family Provisioner,0,1
28103,Routine Generalist,0,3
28104,Routine Young Parents,0,0
28105,Routine Family Provisioner,0,1
28106,Engaged Generalist,2,2
28107,Routine Young Parents,0,0
28108,Routine Young Parents,0,0
28110,Routine Generalist,0,3
28111,Routine Generalist,0,3
28112,Routine Tech,0,2
28113,Promo Hunter,1,3
28114,Engaged Generalist,2,3
28116,Routine Generalist,0,3
28117,Engaged Generalist,2,3
28118,Engaged Generalist,2,3
28120,Routine Generalist,0,3
28121,Routine Generalist,0,3
28122,Routine Tech,0,2
28123,Promo Hunter,1,3
28124,Routine Tech,0,2
28125,Engaged Generalist,2,3
28126,Promo Hunter,1,3
28130,Engaged Generalist,2,3
28131,Routine Young Parents,0,0
28132,Routine Generalist,0,3
28133,Routine Generalist,0,3
28134,Routine Generalist,0,3
28135,Routine Generalist,0,3
28137,Routine Young Parents,0,0
28138,Routine Generalist,0,3
28140,Routine Family Provisioner,0,1
28141,Routine Tech,0,2
28142,Engaged Generalist,2,3
28143,Promo Hunter,1,3
28144,Routine Generalist,0,3
28146,Engaged Family Provisioner,2,1
28147,Engaged Generalist,2,3
28148,Routine Generalist,0,3
28149,Engaged Generalist,2,3
28150,Routine Generalist,0,3
28151,Engaged Generalist,2,3
28152,Engaged Generalist,2,3
28153,Routine Generalist,0,3
28154,Routine Generalist,0,3
28155,Routine Generalist,0,3
28157,Promo Hunter,1,0
28158,Engaged Generalist,2,3
28161,Routine Young Parents,0,0
28162,Engaged Generalist,2,3
28164,Routine Generalist,0,3
28165,Promo Hunter,1,3
28166,Promo Hunter,1,3
28167,Routine Generalist,0,3
28168,Engaged Generalist,2,3
28169,Engaged Generalist,2,3
28170,Routine Young Parents,0,0
28171,Promo Hunter,1,3
28172,Routine Tech,0,2
28173,Routine Young Parents,0,0
28174,Routine Young Parents,0,0
28175,Routine Tech,0,2
28176,Promo Hunter,1,3
28177,Engaged Generalist,2,3
28178,Routine Family Provisioner,0,1
28180,Routine Young Parents,0,0
28181,Promo Hunter,1,0
28182,Engaged Generalist,2,3
28183,Routine Generalist,0,3
28184,Promo Hunter,1,3
28185,Engaged Family Provisioner,2,1
28186,Engaged Generalist,2,3
28187,Routine Tech,0,2
28191,Engaged Generalist,2,3
28192,Promo Hunter,1,3
28193,Routine Young Parents,0,0
28194,Routine Young Parents,0,0
28195,Routine Generalist,0,3
28196,Routine Generalist,0,3
28198,Promo Hunter,1,3
28199,Routine Tech,0,2
28200,Routine Generalist,0,3
28201,Routine Tech,0,2
28202,Engaged Generalist,2,3
28203,Promo Hunter,1,3
28204,Promo Hunter,1,3
28205,Promo Hunter,1,3
28206,Engaged Generalist,2,3
28208,Routine Young Parents,0,0
28209,Routine Generalist,0,3
28210,Promo Hunter,1,1
28211,Engaged Family Provisioner,2,1
28212,Engaged Generalist,2,3
28213,Promo Hunter,1,3
28214,Routine Generalist,0,3
28215,Promo Hunter,1,3
28216,Routine Young Parents,0,0
28217,Routine Young Parents,0,0
28218,Routine Young Parents,0,0
28219,Routine Tech,0,2
28220,Routine Generalist,0,3
28221,Promo Hunter,1,1
28223,Engaged Generalist,2,3
28224,Engaged Generalist,2,3
28225,Promo Hunter,1,3
28226,Routine Young Parents,0,0
28227,Routine Generalist,0,3
28228,Routine Young Parents,0,0
28229,Routine Young Parents,0,0
28230,Promo Hunter,1,3
28231,Engaged Generalist,2,2
28232,Routine Young Parents,0,0
28233,Routine Generalist,0,3
28234,Promo Hunter,1,3
28235,Routine Young Parents,0,0
28236,Promo Hunter,1,3
28238,Routine Generalist,0,3
28239,Routine Tech,0,2
28240,Routine Young Parents,0,0
28241,Promo Hunter,1,3
28242,Routine Tech,0,2
28243,Engaged Generalist,2,3
28244,Routine Generalist,0,3
28245,Engaged Generalist,2,3
28246,Promo Hunter,1,3
28247,Engaged Generalist,2,3
28248,Engaged Generalist,2,3
28249,Routine Young Parents,0,0
28250,Promo Hunter,1,3
28252,Engaged Generalist,2,3
28253,Routine Young Parents,0,0
28254,Promo Hunter,1,3
28255,Routine Young Parents,0,0
28256,Routine Tech,0,2
28257,Routine Family Provisioner,0,1
28258,Routine Generalist,0,3
28259,Promo Hunter,1,3
28260,Routine Generalist,0,3
28261,Routine Generalist,0,3
28262,Routine Young Parents,0,0
28263,Routine Young Parents,0,0
28264,Routine Generalist,0,3
28265,Promo Hunter,1,3
28266,Engaged Family Provisioner,2,1
28267,Engaged Generalist,2,3
28269,Routine Generalist,0,3
28270,Routine Generalist,0,3
28271,Engaged Generalist,2,3
28272,Engaged Generalist,2,3
28273,Routine Generalist,0,3
28274,Routine Young Parents,0,0
28275,Routine Young Parents,0,0
28276,Engaged Generalist,2,3
28277,Routine Young Parents,0,0
28278,Engaged Generalist,2,3
28279,Engaged Generalist,2,3
28280,Routine Generalist,0,3
28282,Engaged Generalist,2,3
28283,Routine Tech,0,2
28284,Routine Generalist,0,3
28285,Engaged Generalist,2,3
28286,Engaged Generalist,2,3
28288,Routine Young Parents,0,0
28289,Promo Hunter,1,1
28290,Routine Young Parents,0,0
28293,Routine Generalist,0,3
28294,Engaged Generalist,2,3
28295,Routine Generalist,0,3
28296,Routine Generalist,0,3
28297,Promo Hunter,1,3
28298,Engaged Generalist,2,3
28299,Routine Generalist,0,3
28300,Engaged Generalist,2,3
28301,Promo Hunter,1,3
28302,Engaged Generalist,2,3
28303,Routine Young Parents,0,0
28304,Engaged Generalist,2,3
28305,Promo Hunter,1,3
28306,Routine Tech,0,2
28307,Engaged Generalist,2,3
28308,Routine Family Provisioner,0,1
28309,Promo Hunter,1,1
28310,Routine Generalist,0,3
28311,Routine Generalist,0,3
28312,Routine Generalist,0,3
28313,Routine Tech,0,2
28314,Routine Young Parents,0,0
28315,Routine Generalist,0,3
28316,Routine Generalist,0,3
28317,Routine Tech,0,2
28318,Routine Generalist,0,3
28321,Routine Generalist,0,3
28322,Promo Hunter,1,3
28323,Promo Hunter,1,3
28325,Engaged Generalist,2,3
28326,Engaged Generalist,2,3
28327,Engaged Family Provisioner,2,1
28328,Routine Generalist,0,3
28329,Routine Tech,0,2
28330,Routine Young Parents,0,0
28331,Routine Generalist,0,3
28332,Routine Generalist,0,3
28334,Promo Hunter,1,3
28335,Engaged Generalist,2,3
28337,Promo Hunter,1,3
28339,Routine Tech,0,2
28341,Routine Young Parents,0,0
28342,Routine Young Parents,0,0
28343,Promo Hunter,1,3
28344,Routine Generalist,0,3
28345,Routine Generalist,0,3
28346,Routine Generalist,0,3
28348,Routine Young Parents,0,0
28349,Engaged Generalist,2,3
28350,Engaged Generalist,2,3
28352,Routine Generalist,0,3
28353,Promo Hunter,1,3
28354,Routine Generalist,0,3
28355,Promo Hunter,1,3
28358,Engaged Generalist,2,3
28359,Routine Tech,0,2
28360,Routine Generalist,0,3
28362,Routine Tech,0,2
28363,Engaged Generalist,2,3
28364,Engaged Generalist,2,3
28365,Routine Tech,0,2
28366,Promo Hunter,1,3
28367,Routine Young Parents,0,0
28369,Routine Young Parents,0,0
28370,Engaged Generalist,2,3
28371,Engaged Generalist,2,3
28372,Engaged Generalist,2,2
28374,Engaged Generalist,2,2
28375,Routine Tech,0,2
28376,Engaged Generalist,2,3
28377,Routine Generalist,0,3
28379,Routine Tech,0,2
28380,Routine Generalist,0,3
28381,Routine Generalist,0,3
28382,Routine Young Parents,0,0
28383,Routine Generalist,0,3
28384,Promo Hunter,1,3
28385,Routine Young Parents,0,0
28387,Routine Generalist,0,3
28388,Routine Generalist,0,3
28389,Engaged Generalist,2,3
28391,Promo Hunter,1,1
28395,Routine Family Provisioner,0,1
28397,Routine Young Parents,0,0
28398,Routine Generalist,0,3
28399,Routine Generalist,0,3
28400,Routine Generalist,0,3
28402,Routine Young Parents,0,0
28403,Promo Hunter,1,3
28404,Routine Generalist,0,3
28405,Routine Generalist,0,3
28406,Routine Generalist,0,3
28407,Routine Young Parents,0,0
28409,Routine Generalist,0,3
28410,Promo Hunter,1,3
28411,Routine Family Provisioner,0,1
28412,Routine Tech,0,2
28413,Routine Tech,0,2
28414,Routine Generalist,0,3
28415,Routine Generalist,0,3
28417,Routine Young Parents,0,0
28418,Routine Tech,0,2
28419,Promo Hunter,1,3
28420,Engaged Generalist,2,3
28421,Engaged Generalist,2,3
28422,Engaged Generalist,2,3
28423,Promo Hunter,1,3
28424,Promo Hunter,1,3
28425,Engaged Generalist,2,3
28427,Engaged Generalist,2,3
28428,Routine Young Parents,0,0
28429,Routine Generalist,0,3
28430,Routine Tech,0,2
28431,Engaged Generalist,2,3
28433,Engaged Generalist,2,3
28434,Routine Generalist,0,3
28435,Routine Tech,0,2
28436,Promo Hunter,1,1
28437,Engaged Generalist,2,3
28439,Routine Young Parents,0,0
28440,Routine Generalist,0,3
28441,Routine Generalist,0,3
28442,Routine Tech,0,2
28444,Routine Generalist,0,3
28445,Routine Generalist,0,3
28446,Routine Generalist,0,3
28447,Promo Hunter,1,3
28448,Routine Generalist,0,3
28450,Routine Family Provisioner,0,1
28451,Routine Tech,0,2
28452,Promo Hunter,1,3
28453,Routine Tech,0,2
28454,Promo Hunter,1,3
28455,Routine Young Parents,0,0
28456,Routine Generalist,0,3
28459,Promo Hunter,1,3
28461,Engaged Family Provisioner,2,1
28462,Engaged Generalist,2,3
28463,Engaged Generalist,2,3
28464,Routine Generalist,0,3
28465,Routine Tech,0,2
28466,Promo Hunter,1,1
28468,Engaged Generalist,2,3
28469,Routine Generalist,0,3
28470,Routine Generalist,0,3
28471,Routine Family Provisioner,0,1
28472,Engaged Generalist,2,3
28473,Promo Hunter,1,1
28474,Promo Hunter,1,3
28476,Promo Hunter,1,3
28478,Engaged Generalist,2,3
28479,Routine Generalist,0,3
28481,Routine Generalist,0,3
28482,Routine Generalist,0,3
28483,Routine Young Parents,0,0
28485,Engaged Generalist,2,3
28486,Routine Tech,0,2
28487,Engaged Generalist,2,3
28489,Routine Tech,0,2
28491,Routine Generalist,0,3
28492,Promo Hunter,1,3
28493,Promo Hunter,1,3
28495,Promo Hunter,1,3
28496,Routine Tech,0,2
28497,Engaged Generalist,2,3
28498,Routine Young Parents,0,0
28499,Routine Young Parents,0,0
28501,Routine Generalist,0,3
28502,Promo Hunter,1,1
28504,Routine Generalist,0,3
28505,Routine Generalist,0,3
28506,Routine Generalist,0,3
28507,Promo Hunter,1,1
28508,Routine Tech,0,2
28509,Promo Hunter,1,3
28510,Routine Generalist,0,3
28511,Promo Hunter,1,1
28512,Engaged Generalist,2,3
28514,Engaged Generalist,2,3
28515,Engaged Generalist,2,3
28516,Promo Hunter,1,3
28517,Engaged Generalist,2,3
28518,Routine Generalist,0,3
28521,Routine Generalist,0,3
28522,Engaged Family Provisioner,2,1
28525,Promo Hunter,1,3
28526,Engaged Generalist,2,3
28527,Promo Hunter,1,3
28528,Engaged Generalist,2,3
28529,Promo Hunter,1,1
28530,Promo Hunter,1,3
28531,Promo Hunter,1,3
28532,Routine Generalist,0,3
28533,Promo Hunter,1,3
28535,Engaged Generalist,2,3
28536,Routine Tech,0,2
28537,Routine Generalist,0,3
28539,Engaged Generalist,2,3
28540,Engaged Generalist,2,3
28541,Routine Generalist,0,3
28542,Engaged Family Provisioner,2,1
28543,Promo Hunter,1,3
28544,Routine Family Provisioner,0,1
28545,Promo Hunter,1,3
28547,Routine Generalist,0,3
28548,Routine Generalist,0,3
28549,Promo Hunter,1,3
28550,Engaged Generalist,2,3
28551,Engaged Generalist,2,2
28552,Routine Young Parents,0,0
28553,Engaged Generalist,2,3
28555,Engaged Generalist,2,3
28556,Routine Young Parents,0,0
28557,Routine Generalist,0,3
28558,Promo Hunter,1,3
28559,Routine Tech,0,2
28560,Promo Hunter,1,3
28561,Routine Tech,0,2
28562,Promo Hunter,1,3
28563,Promo Hunter,1,3
28564,Routine Generalist,0,3
28565,Routine Young Parents,0,0
28566,Routine Generalist,0,3
28567,Engaged Family Provisioner,2,1
28569,Promo Hunter,1,2
28570,Engaged Family Provisioner,2,1
28572,Engaged Generalist,2,3
28573,Routine Generalist,0,3
28574,Routine Tech,0,2
28575,Routine Young Parents,0,0
28576,Routine Young Parents,0,0
28577,Routine Tech,0,2
28578,Routine Family Provisioner,0,1
28579,Routine Tech,0,2
28582,Engaged Generalist,2,3
28583,Routine Tech,0,2
28584,Engaged Generalist,2,3
28585,Routine Young Parents,0,0
28586,Promo Hunter,1,3
28587,Engaged Generalist,2,3
28588,Promo Hunter,1,1
28590,Engaged Generalist,2,3
28591,Routine Generalist,0,3
28592,Routine Family Provisioner,0,1
28593,Routine Tech,0,2
28594,Routine Tech,0,2
28595,Promo Hunter,1,1
28596,Routine Tech,0,2
28597,Routine Young Parents,0,0
28599,Routine Generalist,0,3
28600,Engaged Generalist,2,3
28601,Engaged Generalist,2,3
28602,Routine Young Parents,0,0
28603,Routine Tech,0,2
28604,Routine Young Parents,0,0
28605,Engaged Generalist,2,3
28607,Engaged Generalist,2,3
28608,Routine Generalist,0,3
28609,Engaged Generalist,2,3
28612,Promo Hunter,1,3
28613,Routine Young Parents,0,0
28614,Routine Generalist,0,3
28615,Engaged Generalist,2,3
28617,Routine Young Parents,0,0
28618,Engaged Generalist,2,3
28619,Engaged Generalist,2,3
28620,Routine Generalist,0,3
28621,Promo Hunter,1,1
28622,Engaged Generalist,2,3
28623,Routine Young Parents,0,0
28624,Routine Young Parents,0,0
28625,Engaged Generalist,2,3
28626,Promo Hunter,1,3
28628,Routine Generalist,0,3
28629,Routine Young Parents,0,0
28630,Routine Generalist,0,3
28631,Engaged Generalist,2,3
28632,Routine Generalist,0,3
28633,Routine Generalist,0,3
28634,Promo Hunter,1,3
28635,Engaged Generalist,2,3
28636,Routine Generalist,0,3
28637,Promo Hunter,1,3
28639,Routine Tech,0,2
28640,Routine Tech,0,2
28642,Routine Tech,0,2
28643,Engaged Generalist,2,3
28644,Promo Hunter,1,3
28645,Routine Generalist,0,3
28646,Routine Young Parents,0,0
28647,Engaged Generalist,2,3
28648,Routine Young Parents,0,0
28649,Promo Hunter,1,3
28650,Promo Hunter,1,3
28652,Engaged Generalist,2,3
28653,Engaged Generalist,2,3
28655,Routine Generalist,0,3
28656,Engaged Generalist,2,3
28658,Routine Generalist,0,3
28659,Engaged Generalist,2,3
28660,Routine Generalist,0,3
28661,Engaged Generalist,2,3
28662,Engaged Generalist,2,3
28663,Routine Generalist,0,3
28664,Engaged Generalist,2,3
28666,Routine Generalist,0,3
28667,Routine Generalist,0,3
28668,Routine Young Parents,0,0
28669,Routine Young Parents,0,0
28670,Promo Hunter,1,1
28671,Routine Tech,0,2
28672,Routine Generalist,0,3
28673,Routine Tech,0,2
28674,Routine Tech,0,2
28675,Routine Tech,0,2
28676,Routine Generalist,0,3
28678,Promo Hunter,1,3
28679,Promo Hunter,1,3
28680,Engaged Family Provisioner,2,1
28681,Routine Generalist,0,3
28682,Routine Tech,0,2
28684,Routine Tech,0,2
28685,Promo Hunter,1,1
28686,Engaged Family Provisioner,2,1
28688,Routine Generalist,0,3
28689,Routine Tech,0,2
28690,Routine Tech,0,2
28691,Routine Young Parents,0,0
28693,Engaged Generalist,2,3
28694,Routine Young Parents,0,0
28695,Promo Hunter,1,3
28696,Engaged Generalist,2,3
28697,Routine Young Parents,0,0
28698,Routine Tech,0,2
28699,Engaged Generalist,2,2
28700,Routine Generalist,0,3
28701,Promo Hunter,1,3
28702,Engaged Generalist,2,3
28703,Routine Generalist,0,3
28706,Routine Generalist,0,3
28707,Routine Young Parents,0,0
28708,Engaged Generalist,2,3
28709,Engaged Generalist,2,3
28710,Promo Hunter,1,3
28711,Promo Hunter,1,3
28712,Routine Young Parents,0,0
28713,Routine Young Parents,0,0
28714,Routine Young Parents,0,0
28717,Promo Hunter,1,1
28718,Promo Hunter,1,3
28720,Routine Tech,0,2
28721,Promo Hunter,1,3
28722,Routine Young Parents,0,0
28723,Engaged Family Provisioner,2,1
28724,Engaged Generalist,2,3
28725,Engaged Generalist,2,3
28727,Routine Family Provisioner,0,1
28728,Routine Young Parents,0,0
28729,Routine Young Parents,0,0
28730,Routine Generalist,0,3
28731,Engaged Generalist,2,3
28732,Engaged Generalist,2,3
28733,Routine Young Parents,0,0
28734,Promo Hunter,1,3
28735,Routine Young Parents,0,0
28736,Promo Hunter,1,3
28737,Routine Generalist,0,3
28738,Engaged Generalist,2,3
28739,Promo Hunter,1,3
28740,Routine Generalist,0,3
28742,Routine Generalist,0,3
28743,Routine Generalist,0,3
28744,Routine Young Parents,0,0
28746,Engaged Generalist,2,3
28747,Routine Young Parents,0,0
28748,Promo Hunter,1,3
28749,Promo Hunter,1,3
28750,Promo Hunter,1,1
28751,Engaged Generalist,2,3
28752,Engaged Generalist,2,3
28753,Engaged Generalist,2,3
28754,Routine Generalist,0,3
28755,Routine Young Parents,0,0
28757,Promo Hunter,1,3
28758,Routine Young Parents,0,0
28759,Promo Hunter,1,1
28760,Engaged Generalist,2,3
28761,Routine Generalist,0,3
28762,Routine Family Provisioner,0,1
28763,Routine Young Parents,0,0
28764,Routine Generalist,0,3
28765,Routine Generalist,0,3
28766,Routine Generalist,0,3
28767,Engaged Family Provisioner,2,1
28768,Promo Hunter,1,0
28769,Engaged Generalist,2,3
28771,Routine Generalist,0,3
28772,Engaged Generalist,2,3
28773,Routine Generalist,0,3
28775,Routine Generalist,0,3
28776,Routine Tech,0,2
28777,Promo Hunter,1,3
28778,Routine Tech,0,2
28779,Engaged Generalist,2,3
28780,Routine Family Provisioner,0,1
28781,Routine Young Parents,0,0
28782,Promo Hunter,1,3
28783,Engaged Generalist,2,3
28785,Engaged Family Provisioner,2,1
28786,Engaged Generalist,2,3
28787,Routine Tech,0,2
28788,Routine Young Parents,0,0
28789,Routine Family Provisioner,0,1
28790,Routine Family Provisioner,0,1
28791,Routine Tech,0,2
28793,Promo Hunter,1,3
28795,Engaged Generalist,2,3
28796,Routine Generalist,0,3
28798,Routine Generalist,0,3
28799,Routine Generalist,0,3
28802,Engaged Generalist,2,3
28804,Promo Hunter,1,3
28806,Promo Hunter,1,3
28807,Engaged Generalist,2,3
28809,Routine Generalist,0,3
28810,Routine Generalist,0,3
28811,Engaged Generalist,2,3
28814,Routine Generalist,0,3
28815,Routine Generalist,0,3
28816,Routine Generalist,0,3
28817,Routine Generalist,0,3
28818,Engaged Generalist,2,3
28819,Promo Hunter,1,1
28820,Routine Generalist,0,3
28822,Routine Tech,0,2
28823,Routine Tech,0,2
28824,Routine Generalist,0,3
28825,Promo Hunter,1,3
28826,Routine Young Parents,0,0
28827,Promo Hunter,1,3
28828,Routine Generalist,0,3
28829,Promo Hunter,1,3
28831,Routine Tech,0,2
28832,Engaged Family Provisioner,2,1
28833,Routine Young Parents,0,0
28834,Engaged Generalist,2,3
28836,Routine Young Parents,0,0
28837,Engaged Generalist,2,3
28839,Routine Generalist,0,3
28840,Promo Hunter,1,3
28841,Routine Generalist,0,3
28843,Promo Hunter,1,3
28844,Routine Generalist,0,3
28845,Routine Young Parents,0,0
28846,Routine Young Parents,0,0
28847,Promo Hunter,1,3
28848,Promo Hunter,1,3
28850,Engaged Generalist,2,3
28851,Routine Generalist,0,3
28853,Promo Hunter,1,3
28854,Routine Generalist,0,3
28856,Promo Hunter,1,3
28857,Routine Generalist,0,3
28859,Routine Young Parents,0,0
28860,Engaged Generalist,2,3
28863,Routine Generalist,0,3
28864,Routine Generalist,0,3
28866,Routine Generalist,0,3
28867,Engaged Generalist,2,3
28869,Engaged Generalist,2,3
28871,Routine Generalist,0,3
28872,Routine Family Provisioner,0,1
28873,Routine Family Provisioner,0,1
28874,Routine Tech,0,2
28875,Routine Generalist,0,3
28876,Routine Generalist,0,3
28877,Routine Tech,0,2
28878,Routine Tech,0,2
28879,Promo Hunter,1,3
28880,Routine Generalist,0,3
28881,Routine Tech,0,2
28882,Engaged Generalist,2,3
28883,Routine Generalist,0,3
28884,Routine Young Parents,0,0
28885,Routine Generalist,0,3
28886,Engaged Generalist,2,3
28887,Engaged Generalist,2,3
28888,Engaged Family Provisioner,2,1
28889,Promo Hunter,1,3
28890,Routine Young Parents,0,0
28891,Promo Hunter,1,3
28893,Routine Young Parents,0,0
28894,Engaged Generalist,2,3
28895,Promo Hunter,1,3
28897,Engaged Generalist,2,3
28899,Routine Generalist,0,3
28900,Promo Hunter,1,3
28901,Routine Tech,0,2
28903,Engaged Generalist,2,3
28904,Engaged Generalist,2,3
28906,Routine Tech,0,2
28908,Routine Young Parents,0,0
28909,Promo Hunter,1,3
28910,Routine Young Parents,0,0
28911,Routine Generalist,0,3
28913,Routine Generalist,0,3
28915,Engaged Generalist,2,3
28916,Routine Young Parents,0,0
28917,Routine Generalist,0,3
28918,Routine Generalist,0,3
28919,Routine Generalist,0,3
28921,Engaged Generalist,2,3
28922,Routine Young Parents,0,0
28923,Routine Generalist,0,3
28924,Routine Generalist,0,3
28926,Engaged Generalist,2,3
28927,Engaged Generalist,2,3
28928,Routine Family Provisioner,0,1
28929,Routine Generalist,0,3
28931,Routine Generalist,0,3
28932,Routine Young Parents,0,0
28933,Engaged Generalist,2,3
28934,Promo Hunter,1,3
28935,Routine Tech,0,2
28936,Routine Family Provisioner,0,1
28938,Promo Hunter,1,3
28939,Promo Hunter,1,1
28941,Engaged Generalist,2,3
28942,Engaged Generalist,2,3
28943,Engaged Generalist,2,3
28944,Routine Generalist,0,3
28947,Promo Hunter,1,2
28948,Engaged Family Provisioner,2,1
28949,Routine Tech,0,2
28950,Routine Young Parents,0,0
28953,Engaged Generalist,2,3
28954,Routine Tech,0,2
28955,Engaged Generalist,2,3
28956,Engaged Generalist,2,3
28958,Routine Young Parents,0,0
28959,Promo Hunter,1,3
28960,Routine Generalist,0,3
28962,Routine Generalist,0,3
28963,Promo Hunter,1,1
28965,Routine Generalist,0,3
28966,Routine Generalist,0,3
28967,Engaged Generalist,2,3
28968,Routine Generalist,0,3
28969,Engaged Generalist,2,3
28970,Routine Generalist,0,3
28971,Promo Hunter,1,3
28973,Routine Young Parents,0,0
28974,Routine Young Parents,0,0
28976,Routine Tech,0,2
28977,Routine Tech,0,2
28978,Promo Hunter,1,3
28979,Promo Hunter,1,1
28980,Routine Young Parents,0,0
28981,Routine Generalist,0,3
28982,Promo Hunter,1,3
28984,Routine Young Parents,0,0
28985,Routine Young Parents,0,0
28986,Promo Hunter,1,3
28987,Routine Young Parents,0,0
28989,Promo Hunter,1,3
28993,Routine Generalist,0,3
28995,Engaged Generalist,2,3
28996,Routine Generalist,0,3
28997,Routine Generalist,0,3
28998,Engaged Generalist,2,3
28999,Routine Tech,0,2
29000,Engaged Generalist,2,2
29001,Routine Young Parents,0,0
29002,Promo Hunter,1,1
29003,Engaged Generalist,2,3
29004,Engaged Generalist,2,3
29005,Promo Hunter,1,0
29006,Engaged Generalist,2,3
29007,Promo Hunter,1,2
29009,Engaged Generalist,2,3
29010,Engaged Family Provisioner,2,1
29011,Promo Hunter,1,3
29012,Routine Tech,0,2
29013,Engaged Generalist,2,0
29014,Engaged Generalist,2,3
29016,Promo Hunter,1,3
29018,Routine Family Provisioner,0,1
29019,Routine Generalist,0,3
29020,Routine Generalist,0,3
29021,Routine Generalist,0,3
29022,Routine Young Parents,0,0
29023,Routine Generalist,0,3
29024,Routine Generalist,0,3
29025,Routine Generalist,0,3
29026,Engaged Generalist,2,3
29027,Routine Generalist,0,3
29030,Routine Tech,0,2
29032,Engaged Generalist,2,3
29033,Routine Tech,0,2
29034,Engaged Generalist,2,3
29035,Promo Hunter,1,1
29036,Engaged Generalist,2,3
29037,Engaged Family Provisioner,2,1
29038,Routine Generalist,0,3
29039,Routine Tech,0,2
29040,Routine Young Parents,0,0
29041,Engaged Generalist,2,3
29042,Promo Hunter,1,3
29043,Routine Family Provisioner,0,1
29044,Routine Generalist,0,3
29046,Routine Generalist,0,3
29047,Promo Hunter,1,1
29048,Engaged Generalist,2,3
29050,Routine Young Parents,0,0
29051,Routine Generalist,0,3
29053,Promo Hunter,1,1
29054,Routine Young Parents,0,0
29055,Routine Family Provisioner,0,1
29057,Routine Tech,0,2
29058,Routine Tech,0,2
29059,Routine Young Parents,0,0
29060,Routine Generalist,0,3
29061,Engaged Generalist,2,3
29062,Promo Hunter,1,1
29063,Promo Hunter,1,0
29064,Engaged Generalist,2,3
29065,Engaged Generalist,2,3
29066,Routine Generalist,0,3
29068,Routine Generalist,0,3
29069,Engaged Generalist,2,3
29070,Engaged Generalist,2,3
29071,Routine Tech,0,2
29072,Promo Hunter,1,3
29073,Promo Hunter,1,3
29074,Promo Hunter,1,3
29075,Engaged Generalist,2,3
29076,Promo Hunter,1,3
29077,Routine Family Provisioner,0,1
29078,Routine Family Provisioner,0,1
29079,Engaged Generalist,2,3
29080,Promo Hunter,1,3
29081,Routine Tech,0,2
29082,Promo Hunter,1,3
29083,Engaged Generalist,2,3
29084,Promo Hunter,1,3
29085,Engaged Generalist,2,3
29086,Routine Generalist,0,3
29087,Routine Tech,0,2
29089,Routine Family Provisioner,0,1
29090,Engaged Generalist,2,3
29092,Routine Generalist,0,3
29094,Routine Family Provisioner,0,1
29095,Promo Hunter,1,3
29096,Routine Tech,0,2
29097,Routine Generalist,0,3
29099,Routine Tech,0,2
29100,Promo Hunter,1,2
29102,Engaged Generalist,2,3
29103,Routine Generalist,0,3
29104,Routine Generalist,0,3
29105,Routine Young Parents,0,0
29107,Engaged Generalist,2,3
29111,Promo Hunter,1,3
29112,Routine Generalist,0,3
29113,Routine Young Parents,0,0
29114,Promo Hunter,1,3
29116,Engaged Generalist,2,3
29117,Promo Hunter,1,3
29118,Engaged Generalist,2,3
29119,Routine Family Provisioner,0,1
29120,Routine Generalist,0,3
29121,Routine Young Parents,0,0
29122,Engaged Generalist,2,3
29123,Promo Hunter,1,3
29125,Engaged Generalist,2,3
29126,Engaged Generalist,2,3
29127,Routine Family Provisioner,0,1
29128,Routine Young Parents,0,0
29129,Routine Young Parents,0,0
29130,Engaged Generalist,2,0
29131,Routine Tech,0,2
29132,Engaged Generalist,2,3
29133,Engaged Generalist,2,3
29134,Routine Young Parents,0,0
29135,Engaged Generalist,2,3
29136,Promo Hunter,1,3
29137,Promo Hunter,1,3
29138,Engaged Generalist,2,3
29139,Routine Generalist,0,3
29141,Engaged Generalist,2,3
29142,Routine Generalist,0,3
29143,Routine Generalist,0,3
29144,Promo Hunter,1,3
29145,Engaged Generalist,2,3
29147,Routine Tech,0,2
29148,Routine Tech,0,2
29149,Promo Hunter,1,0
29150,Routine Generalist,0,3
29151,Routine Young Parents,0,0
29152,Routine Generalist,0,3
29153,Routine Generalist,0,3
29154,Routine Young Parents,0,0
29157,Routine Generalist,0,3
29159,Engaged Generalist,2,3
29160,Routine Young Parents,0,0
29161,Promo Hunter,1,1
29162,Engaged Generalist,2,3
29164,Engaged Generalist,2,3
29165,Routine Generalist,0,3
29166,Routine Young Parents,0,0
29167,Routine Generalist,0,3
29168,Routine Young Parents,0,0
29170,Promo Hunter,1,3
29171,Routine Young Parents,0,0
29173,Routine Generalist,0,3
29174,Engaged Generalist,2,3
29175,Routine Generalist,0,3
29176,Routine Generalist,0,3
29177,Routine Generalist,0,3
29178,Engaged Generalist,2,3
29179,Routine Generalist,0,3
29180,Promo Hunter,1,3
29181,Engaged Generalist,2,3
29184,Routine Generalist,0,3
29185,Routine Generalist,0,3
29186,Routine Young Parents,0,0
29187,Routine Generalist,0,3
29189,Engaged Generalist,2,3
29190,Routine Generalist,0,3
29191,Routine Generalist,0,3
29193,Routine Generalist,0,3
29194,Promo Hunter,1,3
29195,Routine Tech,0,2
29196,Promo Hunter,1,1
29197,Routine Young Parents,0,0
29198,Promo Hunter,1,1
29200,Routine Young Parents,0,0
29201,Promo Hunter,1,0
29203,Engaged Generalist,2,3
29204,Routine Generalist,0,3
29206,Promo Hunter,1,3
29207,Routine Generalist,0,3
29208,Promo Hunter,1,2
29209,Routine Young Parents,0,0
29210,Routine Young Parents,0,0
29211,Engaged Generalist,2,3
29212,Routine Generalist,0,3
29213,Promo Hunter,1,3
29214,Promo Hunter,1,3
29215,Engaged Generalist,2,3
29216,Promo Hunter,1,1
29219,Promo Hunter,1,3
29220,Routine Generalist,0,3
29221,Engaged Generalist,2,3
29223,Engaged Generalist,2,3
29224,Routine Young Parents,0,0
29225,Promo Hunter,1,3
29226,Promo Hunter,1,3
29228,Promo Hunter,1,3
29230,Engaged Generalist,2,3
29231,Engaged Generalist,2,3
29232,Routine Generalist,0,3
29234,Promo Hunter,1,3
29236,Promo Hunter,1,3
29238,Routine Generalist,0,3
29239,Promo Hunter,1,3
29240,Promo Hunter,1,3
29241,Engaged Generalist,2,3
29242,Routine Generalist,0,3
29243,Promo Hunter,1,1
29244,Routine Young Parents,0,0
29245,Routine Generalist,0,3
29246,Engaged Generalist,2,3
29247,Engaged Generalist,2,3
29248,Promo Hunter,1,1
29249,Routine Generalist,0,3
29250,Routine Young Parents,0,0
29251,Routine Tech,0,2
29252,Promo Hunter,1,0
29253,Routine Generalist,0,3
29254,Routine Tech,0,2
29255,Engaged Family Provisioner,2,1
29257,Routine Young Parents,0,0
29258,Routine Generalist,0,3
29261,Engaged Family Provisioner,2,1
29262,Routine Generalist,0,3
29263,Promo Hunter,1,3
29264,Engaged Generalist,2,3
29265,Promo Hunter,1,0
29266,Engaged Family Provisioner,2,1
29267,Routine Tech,0,2
29268,Routine Family Provisioner,0,1
29269,Routine Tech,0,2
29270,Engaged Generalist,2,3
29271,Routine Young Parents,0,0
29272,Promo Hunter,1,3
29273,Routine Generalist,0,3
29274,Engaged Generalist,2,3
29275,Routine Tech,0,2
29276,Engaged Family Provisioner,2,1
29277,Routine Young Parents,0,0
29278,Routine Generalist,0,3
29279,Engaged Generalist,2,3
29281,Engaged Generalist,2,3
29282,Routine Tech,0,2
29283,Promo Hunter,1,3
29284,Promo Hunter,1,3
29285,Promo Hunter,1,1
29286,Promo Hunter,1,1
29287,Engaged Generalist,2,3
29289,Routine Family Provisioner,0,1
29290,Routine Generalist,0,3
29291,Routine Generalist,0,3
29292,Routine Generalist,0,3
29294,Routine Tech,0,2
29296,Engaged Generalist,2,3
29297,Routine Generalist,0,3
29298,Promo Hunter,1,3
29299,Routine Young Parents,0,0
29300,Engaged Generalist,2,3
29301,Routine Generalist,0,3
29302,Engaged Generalist,2,3
29303,Engaged Generalist,2,3
29304,Routine Young Parents,0,0
29305,Routine Generalist,0,3
29307,Routine Generalist,0,3
29308,Routine Young Parents,0,0
29310,Promo Hunter,1,1
29311,Engaged Generalist,2,3
29312,Promo Hunter,1,1
29313,Engaged Generalist,2,3
29314,Routine Young Parents,0,0
29315,Engaged Generalist,2,3
29316,Promo Hunter,1,3
29317,Promo Hunter,1,3
29318,Engaged Generalist,2,3
29319,Engaged Generalist,2,3
29320,Promo Hunter,1,3
29321,Routine Tech,0,2
29323,Engaged Generalist,2,3
29324,Promo Hunter,1,3
29325,Routine Young Parents,0,0
29326,Routine Generalist,0,3
29327,Promo Hunter,1,1
29328,Engaged Generalist,2,3
29329,Engaged Generalist,2,3
29330,Routine Generalist,0,3
29331,Routine Generalist,0,3
29332,Routine Young Parents,0,0
29333,Engaged Generalist,2,3
29335,Routine Generalist,0,3
29338,Routine Generalist,0,3
29339,Routine Young Parents,0,0
29340,Routine Young Parents,0,0
29341,Promo Hunter,1,3
29342,Engaged Generalist,2,3
29343,Engaged Generalist,2,3
29344,Routine Generalist,0,3
29345,Promo Hunter,1,3
29346,Routine Generalist,0,3
29347,Engaged Generalist,2,3
29348,Engaged Generalist,2,3
29349,Promo Hunter,1,3
29350,Routine Young Parents,0,0
29351,Promo Hunter,1,3
29352,Promo Hunter,1,3
29353,Routine Generalist,0,3
29354,Promo Hunter,1,2
29355,Promo Hunter,1,3
29356,Routine Generalist,0,3
29359,Routine Generalist,0,3
29360,Engaged Generalist,2,3
29362,Engaged Generalist,2,3
29363,Routine Generalist,0,3
29364,Engaged Generalist,2,3
29365,Promo Hunter,1,1
29366,Routine Tech,0,2
29367,Engaged Family Provisioner,2,1
29368,Promo Hunter,1,3
29369,Routine Generalist,0,3
29370,Routine Tech,0,2
29371,Promo Hunter,1,1
29372,Promo Hunter,1,1
29373,Engaged Generalist,2,3
29374,Promo Hunter,1,3
29375,Promo Hunter,1,1
29376,Engaged Generalist,2,3
29377,Engaged Generalist,2,3
29378,Routine Family Provisioner,0,1
29379,Engaged Generalist,2,3
29380,Routine Young Parents,0,0
29381,Engaged Generalist,2,3
29382,Routine Young Parents,0,0
29383,Engaged Generalist,2,3
29384,Routine Generalist,0,3
29385,Engaged Generalist,2,3
29386,Routine Generalist,0,3
29387,Routine Young Parents,0,0
29388,Engaged Generalist,2,3
29389,Routine Young Parents,0,0
29390,Engaged Generalist,2,3
29391,Routine Generalist,0,3
29393,Routine Young Parents,0,0
29394,Promo Hunter,1,3
29395,Routine Generalist,0,3
29396,Engaged Generalist,2,3
29397,Routine Young Parents,0,0
29398,Promo Hunter,1,3
29399,Engaged Generalist,2,3
29400,Promo Hunter,1,1
29401,Routine Generalist,0,3
29402,Promo Hunter,1,1
29403,Engaged Generalist,2,3
29404,Engaged Generalist,2,3
29405,Routine Generalist,0,3
29406,Routine Generalist,0,3
29407,Routine Generalist,0,3
29409,Routine Generalist,0,3
29410,Routine Young Parents,0,0
29411,Promo Hunter,1,3
29412,Engaged Family Provisioner,2,1
29413,Promo Hunter,1,3
29415,Routine Generalist,0,3
29416,Routine Young Parents,0,0
29418,Promo Hunter,1,3
29419,Promo Hunter,1,3
29420,Engaged Generalist,2,3
29421,Routine Generalist,0,3
29422,Routine Generalist,0,3
29423,Routine Generalist,0,3
29425,Engaged Generalist,2,3
29427,Routine Generalist,0,3
29428,Promo Hunter,1,3
29429,Promo Hunter,1,3
29430,Promo Hunter,1,1
29431,Routine Tech,0,2
29432,Routine Family Provisioner,0,1
29434,Routine Young Parents,0,0
29435,Engaged Generalist,2,3
29436,Routine Tech,0,2
29437,Routine Young Parents,0,0
29438,Routine Young Parents,0,0
29441,Engaged Generalist,2,3
29442,Routine Tech,0,2
29443,Routine Generalist,0,3
29444,Routine Family Provisioner,0,1
29445,Engaged Generalist,2,3
29446,Routine Young Parents,0,0
29448,Routine Tech,0,2
29449,Engaged Generalist,2,3
29450,Routine Young Parents,0,0
29451,Promo Hunter,1,1
29452,Engaged Generalist,2,3
29453,Engaged Generalist,2,3
29454,Promo Hunter,1,3
29455,Promo Hunter,1,1
29456,Routine Generalist,0,3
29457,Routine Family Provisioner,0,1
29459,Promo Hunter,1,3
29461,Promo Hunter,1,1
29462,Promo Hunter,1,3
29463,Routine Young Parents,0,0
29464,Promo Hunter,1,3
29465,Routine Tech,0,2
29466,Routine Young Parents,0,0
29467,Promo Hunter,1,0
29468,Routine Tech,0,2
29469,Routine Tech,0,2
29471,Promo Hunter,1,3
29472,Engaged Generalist,2,3
29473,Engaged Generalist,2,3
29474,Routine Generalist,0,3
29476,Engaged Generalist,2,3
29477,Routine Generalist,0,3
29478,Routine Generalist,0,3
29479,Routine Young Parents,0,0
29480,Engaged Generalist,2,3
29481,Engaged Generalist,2,3
29482,Promo Hunter,1,3
29483,Engaged Generalist,2,3
29485,Engaged Generalist,2,3
29486,Routine Generalist,0,3
29487,Engaged Generalist,2,3
29488,Engaged Family Provisioner,2,1
29489,Routine Generalist,0,3
29491,Routine Generalist,0,3
29492,Routine Generalist,0,3
29493,Promo Hunter,1,3
29494,Routine Tech,0,2
29495,Routine Generalist,0,3
29496,Routine Generalist,0,3
29497,Routine Generalist,0,3
29498,Routine Generalist,0,3
29502,Engaged Generalist,2,0
29503,Promo Hunter,1,3
29504,Promo Hunter,1,2
29505,Engaged Generalist,2,3
29506,Engaged Generalist,2,3
29507,Routine Generalist,0,3
29508,Routine Young Parents,0,0
29510,Routine Tech,0,2
29511,Routine Young Parents,0,0
29512,Routine Generalist,0,3
29513,Engaged Generalist,2,3
29514,Routine Young Parents,0,0
29515,Routine Tech,0,2
29516,Promo Hunter,1,3
29517,Engaged Generalist,2,3
29520,Engaged Generalist,2,3
29521,Routine Young Parents,0,0
29522,Engaged Generalist,2,3
29523,Engaged Generalist,2,3
29524,Routine Generalist,0,3
29525,Engaged Generalist,2,3
29526,Routine Young Parents,0,0
29527,Routine Generalist,0,3
29529,Routine Young Parents,0,0
29532,Engaged Generalist,2,3
29533,Routine Young Parents,0,0
29534,Routine Tech,0,2
29535,Promo Hunter,1,3
29536,Routine Young Parents,0,0
29539,Routine Young Parents,0,0
29540,Routine Tech,0,2
29541,Engaged Generalist,2,3
29542,Routine Generalist,0,3
29543,Promo Hunter,1,3
29544,Routine Family Provisioner,0,1
29545,Routine Generalist,0,3
29546,Routine Young Parents,0,0
29547,Engaged Generalist,2,3
29548,Promo Hunter,1,3
29550,Routine Tech,0,2
29551,Engaged Generalist,2,2
29552,Promo Hunter,1,2
29553,Routine Young Parents,0,0
29554,Routine Generalist,0,3
29555,Routine Generalist,0,3
29557,Promo Hunter,1,3
29560,Promo Hunter,1,3
29561,Routine Generalist,0,3
29562,Routine Generalist,0,3
29564,Routine Tech,0,2
29565,Promo Hunter,1,1
29566,Routine Generalist,0,3
29567,Routine Generalist,0,3
29568,Routine Tech,0,2
29570,Routine Young Parents,0,0
29571,Promo Hunter,1,3
29572,Routine Tech,0,2
29573,Engaged Generalist,2,3
29574,Promo Hunter,1,3
29576,Routine Generalist,0,3
29577,Engaged Generalist,2,3
29578,Routine Generalist,0,3
29579,Routine Generalist,0,3
29580,Routine Generalist,0,3
29582,Routine Family Provisioner,0,1
29584,Routine Generalist,0,3
29585,Routine Generalist,0,3
29586,Routine Generalist,0,3
29587,Routine Generalist,0,3
29588,Routine Generalist,0,3
29589,Routine Young Parents,0,0
29590,Routine Generalist,0,3
29591,Engaged Generalist,2,3
29592,Promo Hunter,1,3
29593,Engaged Family Provisioner,2,1
29594,Routine Generalist,0,3
29595,Routine Tech,0,2
29596,Routine Generalist,0,3
29597,Engaged Generalist,2,3
29598,Engaged Generalist,2,3
29599,Engaged Generalist,2,3
29601,Engaged Generalist,2,3
29602,Routine Young Parents,0,0
29603,Promo Hunter,1,3
29605,Engaged Generalist,2,3
29606,Promo Hunter,1,3
29607,Routine Generalist,0,3
29608,Promo Hunter,1,3
29609,Routine Generalist,0,3
29610,Routine Generalist,0,3
29611,Routine Young Parents,0,0
29612,Promo Hunter,1,2
29613,Routine Generalist,0,3
29614,Routine Young Parents,0,0
29615,Routine Generalist,0,3
29617,Routine Generalist,0,3
29618,Promo Hunter,1,3
29619,Promo Hunter,1,3
29620,Engaged Family Provisioner,2,1
29621,Promo Hunter,1,1
29622,Routine Family Provisioner,0,1
29623,Engaged Generalist,2,3
29624,Routine Generalist,0,3
29626,Engaged Generalist,2,3
29627,Promo Hunter,1,1
29629,Routine Generalist,0,3
29630,Routine Generalist,0,3
29631,Engaged Generalist,2,3
29632,Promo Hunter,1,3
29633,Engaged Generalist,2,3
29635,Routine Generalist,0,3
29637,Promo Hunter,1,3
29639,Routine Generalist,0,3
29640,Promo Hunter,1,1
29641,Routine Generalist,0,3
29642,Engaged Generalist,2,3
29643,Routine Young Parents,0,0
29644,Routine Generalist,0,3
29646,Routine Young Parents,0,0
29648,Routine Generalist,0,3
29649,Routine Generalist,0,3
29652,Routine Tech,0,2
29653,Routine Tech,0,2
29655,Engaged Generalist,2,3
29656,Routine Generalist,0,3
29657,Routine Young Parents,0,0
29658,Routine Generalist,0,3
29660,Routine Young Parents,0,0
29661,Engaged Generalist,2,3
29662,Routine Young Parents,0,0
29663,Engaged Generalist,2,3
29664,Routine Generalist,0,3
29665,Promo Hunter,1,3
29666,Promo Hunter,1,3
29667,Engaged Generalist,2,3
29668,Engaged Generalist,2,3
29672,Promo Hunter,1,3
29673,Routine Generalist,0,3
29674,Routine Tech,0,2
29675,Routine Generalist,0,3
29676,Promo Hunter,1,3
29677,Routine Generalist,0,3
29678,Routine Tech,0,2
29680,Engaged Generalist,2,3
29681,Routine Young Parents,0,0
29683,Engaged Generalist,2,3
29684,Routine Young Parents,0,0
29686,Routine Generalist,0,3
29687,Routine Generalist,0,3
29688,Engaged Generalist,2,3
29689,Promo Hunter,1,3
29690,Promo Hunter,1,3
29691,Routine Young Parents,0,0
29693,Promo Hunter,1,1
29694,Promo Hunter,1,3
29695,Engaged Generalist,2,3
29696,Promo Hunter,1,3
29698,Engaged Generalist,2,3
29699,Routine Generalist,0,3
29700,Promo Hunter,1,3
29701,Routine Generalist,0,3
29702,Engaged Generalist,2,3
29703,Routine Generalist,0,3
29704,Engaged Generalist,2,3
29706,Engaged Generalist,2,3
29707,Routine Young Parents,0,0
29709,Engaged Generalist,2,3
29710,Routine Young Parents,0,0
29711,Engaged Generalist,2,3
29712,Engaged Generalist,2,3
29713,Promo Hunter,1,3
29715,Engaged Generalist,2,3
29716,Engaged Generalist,2,3
29717,Routine Tech,0,2
29719,Routine Generalist,0,3
29720,Promo Hunter,1,3
29723,Promo Hunter,1,2
29724,Routine Tech,0,2
29725,Routine Young Parents,0,0
29726,Promo Hunter,1,3
29728,Promo Hunter,1,1
29729,Routine Generalist,0,3
29730,Routine Young Parents,0,0
29731,Routine Young Parents,0,0
29732,Routine Generalist,0,3
29733,Routine Generalist,0,3
29734,Engaged Generalist,2,3
29735,Engaged Generalist,2,3
29737,Engaged Generalist,2,0
29738,Engaged Generalist,2,3
29740,Promo Hunter,1,3
29741,Routine Young Parents,0,0
29742,Routine Generalist,0,3
29744,Engaged Generalist,2,3
29746,Promo Hunter,1,3
29747,Engaged Generalist,2,0
29748,Promo Hunter,1,3
29749,Promo Hunter,1,3
29751,Engaged Generalist,2,3
29752,Routine Generalist,0,3
29753,Promo Hunter,1,0
29754,Promo Hunter,1,3
29755,Promo Hunter,1,3
29756,Engaged Generalist,2,3
29757,Promo Hunter,1,3
29760,Promo Hunter,1,2
29761,Routine Generalist,0,3
29762,Engaged Generalist,2,3
29763,Promo Hunter,1,3
29764,Routine Young Parents,0,0
29766,Promo Hunter,1,3
29767,Routine Tech,0,2
29768,Routine Generalist,0,3
29770,Routine Young Parents,0,0
29771,Routine Family Provisioner,0,1
29772,Promo Hunter,1,3
29773,Promo Hunter,1,0
29774,Engaged Generalist,2,3
29775,Engaged Generalist,2,3
29776,Routine Generalist,0,3
29777,Engaged Generalist,2,3
29779,Engaged Generalist,2,3
29780,Engaged Generalist,2,3
29782,Promo Hunter,1,3
29783,Engaged Generalist,2,3
29784,Routine Young Parents,0,0
29785,Routine Generalist,0,3
29786,Routine Young Parents,0,0
29787,Promo Hunter,1,2
29789,Routine Tech,0,2
29790,Engaged Generalist,2,3
29791,Engaged Generalist,2,3
29792,Engaged Generalist,2,3
29794,Routine Generalist,0,3
29795,Engaged Generalist,2,3
29796,Routine Young Parents,0,0
29797,Routine Generalist,0,3
29799,Engaged Family Provisioner,2,1
29801,Promo Hunter,1,3
29802,Engaged Generalist,2,3
29805,Routine Young Parents,0,0
29806,Promo Hunter,1,3
29807,Promo Hunter,1,3
29808,Promo Hunter,1,3
29809,Routine Generalist,0,3
29810,Routine Young Parents,0,0
29811,Engaged Generalist,2,3
29812,Engaged Generalist,2,3
29814,Routine Young Parents,0,0
29817,Routine Generalist,0,3
29818,Routine Generalist,0,3
29819,Routine Family Provisioner,0,1
29820,Promo Hunter,1,3
29822,Routine Young Parents,0,0
29823,Routine Generalist,0,3
29824,Routine Tech,0,2
29825,Routine Young Parents,0,0
29826,Promo Hunter,1,1
29827,Promo Hunter,1,3
29828,Engaged Generalist,2,3
29829,Promo Hunter,1,3
29830,Routine Tech,0,2
29831,Routine Generalist,0,3
29833,Promo Hunter,1,3
29834,Routine Young Parents,0,0
29835,Routine Young Parents,0,0
29836,Routine Generalist,0,3
29837,Engaged Generalist,2,3
29838,Engaged Generalist,2,3
29839,Routine Generalist,0,3
29840,Routine Generalist,0,3
29841,Routine Generalist,0,3
29842,Routine Young Parents,0,0
29843,Routine Generalist,0,3
29845,Routine Young Parents,0,0
29847,Engaged Generalist,2,3
29848,Routine Generalist,0,3
29849,Engaged Generalist,2,3
29850,Routine Young Parents,0,0
29851,Promo Hunter,1,1
29852,Routine Young Parents,0,0
29854,Promo Hunter,1,1
29855,Promo Hunter,1,3
29856,Routine Young Parents,0,0
29857,Engaged Generalist,2,3
29858,Engaged Generalist,2,3
29859,Promo Hunter,1,3
29860,Engaged Generalist,2,3
29865,Routine Generalist,0,3
29866,Engaged Generalist,2,3
29869,Engaged Generalist,2,3
29872,Routine Young Parents,0,0
29874,Routine Generalist,0,3
29875,Routine Young Parents,0,0
29876,Routine Tech,0,2
29877,Routine Generalist,0,3
29878,Engaged Generalist,2,3
29879,Engaged Generalist,2,3
29880,Promo Hunter,1,3
29881,Routine Young Parents,0,0
29882,Routine Generalist,0,3
29884,Routine Generalist,0,3
29886,Engaged Generalist,2,3
29887,Routine Generalist,0,3
29889,Engaged Generalist,2,3
29890,Engaged Generalist,2,3
29891,Engaged Generalist,2,3
29892,Routine Young Parents,0,0
29893,Engaged Generalist,2,3
29894,Routine Family Provisioner,0,1
29895,Engaged Generalist,2,3
29896,Routine Generalist,0,3
29897,Routine Generalist,0,3
29899,Routine Young Parents,0,0
29900,Promo Hunter,1,3
29901,Promo Hunter,1,3
29903,Routine Generalist,0,3
29904,Routine Generalist,0,3
29905,Routine Generalist,0,3
29908,Engaged Generalist,2,3
29909,Routine Tech,0,2
29910,Routine Young Parents,0,0
29911,Promo Hunter,1,3
29912,Routine Young Parents,0,0
29913,Routine Family Provisioner,0,1
29914,Engaged Generalist,2,3
29915,Engaged Generalist,2,3
29916,Engaged Generalist,2,3
29917,Routine Generalist,0,3
29918,Routine Tech,0,2
29919,Routine Young Parents,0,0
29920,Routine Generalist,0,3
29921,Promo Hunter,1,3
29922,Routine Generalist,0,3
29923,Promo Hunter,1,3
29924,Routine Generalist,0,3
29925,Promo Hunter,1,1
29928,Engaged Generalist,2,3
29929,Routine Generalist,0,3
29930,Routine Young Parents,0,0
29932,Engaged Generalist,2,3
29933,Routine Young Parents,0,0
29935,Promo Hunter,1,3
29936,Promo Hunter,1,3
29937,Routine Generalist,0,3
29938,Engaged Generalist,2,3
29940,Engaged Generalist,2,3
29942,Routine Generalist,0,3
29943,Engaged Generalist,2,3
29944,Engaged Generalist,2,0
29945,Routine Generalist,0,3
29946,Routine Tech,0,2
29947,Routine Generalist,0,3
29948,Routine Generalist,0,3
29949,Promo Hunter,1,3
29950,Routine Tech,0,2
29951,Routine Generalist,0,3
29952,Routine Generalist,0,3
29955,Routine Young Parents,0,0
29956,Promo Hunter,1,1
29957,Routine Young Parents,0,0
29958,Routine Generalist,0,3
29959,Engaged Generalist,2,3
29960,Promo Hunter,1,1
29961,Routine Generalist,0,3
29962,Engaged Generalist,2,3
29963,Engaged Generalist,2,3
29964,Promo Hunter,1,3
29965,Routine Generalist,0,3
29967,Engaged Generalist,2,3
29969,Routine Generalist,0,3
29970,Routine Family Provisioner,0,1
29971,Engaged Generalist,2,3
29972,Routine Generalist,0,3
29974,Engaged Generalist,2,3
29975,Routine Tech,0,2
29977,Promo Hunter,1,1
29978,Routine Young Parents,0,0
29979,Routine Generalist,0,3
29981,Engaged Generalist,2,3
29983,Promo Hunter,1,3
29984,Promo Hunter,1,1
29985,Routine Generalist,0,3
29986,Promo Hunter,1,3
29987,Engaged Generalist,2,3
29988,Routine Young Parents,0,0
29990,Engaged Generalist,2,3
29991,Engaged Generalist,2,3
29992,Promo Hunter,1,1
29994,Routine Young Parents,0,0
29995,Routine Tech,0,2
29996,Routine Young Parents,0,0
29997,Routine Generalist,0,3
29999,Engaged Generalist,2,3
30001,Routine Generalist,0,3
30004,Promo Hunter,1,3
30005,Promo Hunter,1,3
30006,Engaged Generalist,2,3
30007,Routine Generalist,0,3
30008,Routine Young Parents,0,0
30009,Promo Hunter,1,0
30010,Routine Generalist,0,3
30011,Routine Young Parents,0,0
30012,Routine Young Parents,0,0
30014,Engaged Generalist,2,3
30015,Routine Tech,0,2
30016,Routine Generalist,0,3
30017,Routine Family Provisioner,0,1
30018,Routine Generalist,0,3
30020,Routine Tech,0,2
30021,Promo Hunter,1,3
30022,Routine Generalist,0,3
30023,Routine Young Parents,0,0
30024,Engaged Generalist,2,3
30025,Routine Generalist,0,3
30027,Promo Hunter,1,3
30028,Engaged Generalist,2,3
30029,Routine Generalist,0,3
30031,Routine Young Parents,0,0
30032,Engaged Generalist,2,3
30033,Routine Generalist,0,3
30034,Engaged Generalist,2,3
30035,Routine Generalist,0,3
30036,Routine Tech,0,2
30037,Routine Generalist,0,3
30038,Promo Hunter,1,1
30039,Routine Generalist,0,3
30040,Promo Hunter,1,3
30041,Routine Young Parents,0,0
30042,Routine Young Parents,0,0
30043,Engaged Generalist,2,3
30044,Engaged Generalist,2,3
30045,Routine Generalist,0,3
30047,Engaged Generalist,2,3
30048,Routine Young Parents,0,0
30050,Engaged Generalist,2,3
30053,Promo Hunter,1,3
30054,Promo Hunter,1,3
30055,Routine Tech,0,2
30056,Routine Generalist,0,3
30057,Routine Generalist,0,3
30058,Routine Young Parents,0,0
30059,Engaged Generalist,2,3
30060,Routine Generalist,0,3
30062,Engaged Generalist,2,3
30063,Engaged Generalist,2,3
30064,Routine Generalist,0,3
30065,Promo Hunter,1,3
30066,Routine Young Parents,0,0
30067,Routine Family Provisioner,0,1
30068,Routine Generalist,0,3
30071,Promo Hunter,1,3
30072,Routine Tech,0,2
30073,Routine Generalist,0,3
30074,Routine Generalist,0,3
30075,Routine Generalist,0,3
30076,Routine Tech,0,2
30077,Promo Hunter,1,3
30079,Routine Young Parents,0,0
30080,Routine Young Parents,0,0
30081,Promo Hunter,1,3
30082,Routine Generalist,0,3
30083,Engaged Generalist,2,3
30084,Promo Hunter,1,3
30085,Routine Generalist,0,3
30086,Routine Tech,0,2
30087,Promo Hunter,1,3
30088,Routine Young Parents,0,0
30089,Routine Family Provisioner,0,1
30090,Routine Tech,0,2
30092,Engaged Generalist,2,2
30093,Routine Generalist,0,3
30095,Routine Generalist,0,3
30096,Routine Young Parents,0,0
30097,Promo Hunter,1,3
30098,Promo Hunter,1,3
30099,Routine Generalist,0,3
30101,Engaged Generalist,2,3
30102,Engaged Family Provisioner,2,1
30103,Engaged Generalist,2,3
30104,Routine Generalist,0,3
30107,Routine Generalist,0,3
30108,Engaged Generalist,2,3
30110,Routine Generalist,0,3
30112,Routine Tech,0,2
30113,Routine Generalist,0,3
30114,Routine Generalist,0,3
30115,Promo Hunter,1,3
30116,Engaged Generalist,2,3
30117,Promo Hunter,1,2
30118,Routine Family Provisioner,0,1
30119,Routine Generalist,0,3
30120,Routine Generalist,0,3
30122,Promo Hunter,1,3
30123,Routine Family Provisioner,0,1
30124,Engaged Generalist,2,3
30125,Routine Generalist,0,3
30126,Engaged Generalist,2,3
30127,Engaged Generalist,2,2
30128,Promo Hunter,1,1
30129,Engaged Generalist,2,3
30130,Routine Generalist,0,3
30131,Engaged Generalist,2,3
30133,Promo Hunter,1,3
30135,Engaged Generalist,2,3
30136,Routine Young Parents,0,0
30137,Engaged Generalist,2,3
30138,Promo Hunter,1,1
30139,Promo Hunter,1,3
30141,Routine Young Parents,0,0
30142,Routine Tech,0,2
30143,Promo Hunter,1,1
30145,Engaged Generalist,2,2
30146,Engaged Generalist,2,3
30147,Engaged Generalist,2,3
30148,Engaged Family Provisioner,2,1
30149,Routine Generalist,0,3
30150,Routine Family Provisioner,0,1
30151,Promo Hunter,1,1
30152,Engaged Generalist,2,3
30153,Routine Young Parents,0,0
30154,Engaged Generalist,2,3
30155,Engaged Generalist,2,3
30156,Engaged Generalist,2,3
30157,Routine Family Provisioner,0,1
30158,Routine Generalist,0,3
30159,Promo Hunter,1,3
30161,Engaged Family Provisioner,2,1
30164,Routine Generalist,0,3
30165,Routine Young Parents,0,0
30167,Promo Hunter,1,1
30168,Routine Generalist,0,3
30169,Promo Hunter,1,3
30170,Routine Young Parents,0,0
30171,Promo Hunter,1,3
30172,Routine Generalist,0,3
30173,Promo Hunter,1,3
30174,Engaged Family Provisioner,2,1
30175,Routine Generalist,0,3
30176,Routine Generalist,0,3
30177,Engaged Generalist,2,3
30178,Routine Generalist,0,3
30179,Routine Generalist,0,3
30180,Routine Generalist,0,3
30181,Engaged Generalist,2,3
30183,Engaged Generalist,2,3
30184,Promo Hunter,1,3
30185,Engaged Generalist,2,3
30186,Routine Generalist,0,3
30187,Promo Hunter,1,3
30188,Routine Tech,0,2
30189,Engaged Generalist,2,3
30190,Engaged Generalist,2,3
30191,Promo Hunter,1,3
30192,Routine Young Parents,0,0
30193,Engaged Generalist,2,3
30194,Routine Generalist,0,3
30195,Routine Young Parents,0,0
30196,Promo Hunter,1,3
30197,Routine Generalist,0,3
30198,Engaged Generalist,2,0
30199,Engaged Generalist,2,3
30203,Engaged Generalist,2,3
30204,Routine Young Parents,0,0
30205,Engaged Generalist,2,0
30206,Promo Hunter,1,2
30207,Routine Generalist,0,3
30208,Routine Generalist,0,3
30209,Routine Young Parents,0,0
30210,Engaged Generalist,2,2
30211,Engaged Generalist,2,3
30213,Engaged Generalist,2,3
30214,Routine Tech,0,2
30215,Engaged Generalist,2,3
30216,Engaged Generalist,2,3
30217,Engaged Generalist,2,3
30220,Engaged Generalist,2,3
30221,Engaged Generalist,2,3
30222,Routine Generalist,0,3
30223,Routine Young Parents,0,0
30224,Engaged Generalist,2,3
30225,Engaged Generalist,2,3
30226,Routine Generalist,0,3
30227,Engaged Generalist,2,3
30228,Routine Generalist,0,3
30229,Routine Young Parents,0,0
30230,Engaged Family Provisioner,2,1
30231,Engaged Generalist,2,3
30232,Routine Generalist,0,3
30233,Promo Hunter,1,3
30234,Promo Hunter,1,1
30235,Routine Generalist,0,3
30236,Promo Hunter,1,1
30237,Routine Generalist,0,3
30239,Promo Hunter,1,3
30240,Routine Generalist,0,3
30241,Engaged Generalist,2,3
30242,Routine Tech,0,2
30243,Routine Generalist,0,3
30244,Routine Tech,0,2
30245,Routine Family Provisioner,0,1
30246,Engaged Family Provisioner,2,1
30247,Routine Young Parents,0,0
30249,Routine Generalist,0,3
30250,Routine Tech,0,2
30251,Routine Tech,0,2
30252,Promo Hunter,1,1
30254,Routine Generalist,0,3
30256,Engaged Generalist,2,3
30259,Routine Generalist,0,3
30260,Engaged Generalist,2,3
30261,Promo Hunter,1,3
30262,Promo Hunter,1,3
30263,Engaged Generalist,2,3
30264,Promo Hunter,1,0
30266,Engaged Generalist,2,3
30267,Routine Generalist,0,3
30268,Engaged Generalist,2,3
30269,Promo Hunter,1,3
30270,Routine Tech,0,2
30272,Routine Tech,0,2
30273,Routine Young Parents,0,0
30275,Promo Hunter,1,3
30276,Promo Hunter,1,0
30277,Routine Young Parents,0,0
30278,Promo Hunter,1,1
30279,Engaged Generalist,2,3
30280,Routine Generalist,0,3
30281,Engaged Generalist,2,3
30282,Promo Hunter,1,3
30283,Routine Young Parents,0,0
30284,Routine Tech,0,2
30285,Engaged Generalist,2,3
30286,Routine Young Parents,0,0
30287,Routine Tech,0,2
30288,Promo Hunter,1,3
30289,Engaged Generalist,2,3
30290,Engaged Generalist,2,3
30291,Routine Generalist,0,3
30293,Engaged Generalist,2,3
30294,Engaged Family Provisioner,2,1
30296,Promo Hunter,1,3
30297,Routine Generalist,0,3
30298,Promo Hunter,1,3
30300,Routine Generalist,0,3
30301,Routine Young Parents,0,0
30302,Routine Young Parents,0,0
30304,Routine Generalist,0,3
30305,Engaged Family Provisioner,2,1
30306,Engaged Generalist,2,3
30307,Routine Young Parents,0,0
30308,Engaged Generalist,2,3
30310,Promo Hunter,1,3
30311,Routine Generalist,0,3
30312,Engaged Generalist,2,3
30313,Routine Young Parents,0,0
30315,Routine Generalist,0,3
30317,Routine Family Provisioner,0,1
30319,Promo Hunter,1,3
30320,Promo Hunter,1,2
30321,Promo Hunter,1,0
30322,Promo Hunter,1,3
30323,Routine Generalist,0,3
30324,Promo Hunter,1,3
30325,Routine Generalist,0,3
30326,Routine Young Parents,0,0
30327,Engaged Family Provisioner,2,1
30328,Routine Generalist,0,3
30329,Engaged Generalist,2,3
30330,Promo Hunter,1,3
30331,Engaged Generalist,2,3
30332,Routine Generalist,0,3
30334,Routine Tech,0,2
30335,Engaged Generalist,2,3
30336,Engaged Generalist,2,3
30337,Engaged Generalist,2,3
30338,Promo Hunter,1,3
30339,Promo Hunter,1,3
30340,Engaged Generalist,2,3
30341,Engaged Generalist,2,3
30342,Engaged Generalist,2,3
30343,Routine Tech,0,2
30344,Routine Tech,0,2
30346,Routine Generalist,0,3
30347,Engaged Family Provisioner,2,1
30348,Engaged Family Provisioner,2,1
30349,Promo Hunter,1,3
30350,Promo Hunter,1,3
30351,Promo Hunter,1,3
30354,Promo Hunter,1,3
30355,Routine Young Parents,0,0
30356,Engaged Generalist,2,0
30357,Routine Tech,0,2
30358,Routine Generalist,0,3
30359,Routine Tech,0,2
30360,Routine Young Parents,0,0
30361,Routine Young Parents,0,0
30362,Routine Generalist,0,3
30363,Routine Tech,0,2
30365,Routine Generalist,0,3
30366,Engaged Generalist,2,3
30368,Engaged Generalist,2,3
30369,Engaged Generalist,2,3
30370,Routine Young Parents,0,0
30371,Promo Hunter,1,3
30372,Routine Generalist,0,3
30373,Routine Generalist,0,3
30374,Engaged Generalist,2,3
30375,Engaged Generalist,2,3
30376,Routine Generalist,0,3
30377,Routine Young Parents,0,0
30378,Routine Young Parents,0,0
30379,Engaged Generalist,2,3
30382,Routine Generalist,0,3
30384,Routine Tech,0,2
30385,Routine Young Parents,0,0
30387,Promo Hunter,1,3
30388,Routine Generalist,0,3
30389,Engaged Generalist,2,3
30391,Promo Hunter,1,3
30392,Routine Generalist,0,3
30393,Engaged Generalist,2,3
30394,Engaged Generalist,2,3
30395,Routine Tech,0,2
30396,Promo Hunter,1,3
30397,Engaged Generalist,2,3
30399,Routine Generalist,0,3
30400,Routine Generalist,0,3
30401,Routine Family Provisioner,0,1
30403,Engaged Generalist,2,3
30404,Engaged Generalist,2,3
30405,Routine Generalist,0,3
30406,Engaged Generalist,2,0
30408,Routine Young Parents,0,0
30409,Routine Tech,0,2
30410,Routine Generalist,0,3
30412,Routine Young Parents,0,0
30413,Routine Young Parents,0,0
30414,Promo Hunter,1,1
30415,Engaged Generalist,2,3
30416,Promo Hunter,1,3
30417,Engaged Generalist,2,3
30418,Engaged Generalist,2,3
30419,Routine Generalist,0,3
30421,Engaged Generalist,2,3
30422,Promo Hunter,1,3
30423,Promo Hunter,1,3
30424,Engaged Generalist,2,3
30425,Engaged Generalist,2,3
30426,Routine Young Parents,0,0
30427,Routine Tech,0,2
30428,Routine Young Parents,0,0
30429,Promo Hunter,1,1
30430,Routine Generalist,0,3
30431,Engaged Generalist,2,3
30432,Engaged Generalist,2,3
30434,Promo Hunter,1,3
30435,Engaged Generalist,2,3
30436,Engaged Generalist,2,3
30437,Routine Tech,0,2
30439,Engaged Generalist,2,3
30440,Engaged Generalist,2,3
30442,Promo Hunter,1,3
30443,Routine Generalist,0,3
30444,Promo Hunter,1,3
30446,Promo Hunter,1,3
30447,Routine Generalist,0,3
30448,Routine Young Parents,0,0
30449,Routine Generalist,0,3
30450,Routine Family Provisioner,0,1
30451,Routine Young Parents,0,0
30452,Routine Young Parents,0,0
30453,Engaged Family Provisioner,2,1
30454,Promo Hunter,1,3
30455,Routine Young Parents,0,0
30456,Engaged Generalist,2,3
30458,Engaged Generalist,2,3
30459,Promo Hunter,1,3
30462,Engaged Generalist,2,3
30463,Routine Tech,0,2
30464,Engaged Generalist,2,3
30465,Routine Generalist,0,3
30467,Promo Hunter,1,3
30469,Promo Hunter,1,3
30470,Routine Young Parents,0,0
30472,Engaged Generalist,2,3
30474,Engaged Family Provisioner,2,1
30475,Routine Tech,0,2
30476,Routine Generalist,0,3
30477,Routine Generalist,0,3
30478,Engaged Generalist,2,3
30480,Routine Young Parents,0,0
30481,Engaged Generalist,2,3
30482,Engaged Generalist,2,3
30483,Routine Young Parents,0,0
30484,Routine Generalist,0,3
30486,Routine Tech,0,2
30488,Routine Young Parents,0,0
30489,Engaged Generalist,2,3
30490,Engaged Generalist,2,3
30491,Promo Hunter,1,1
30492,Engaged Generalist,2,3
30493,Routine Family Provisioner,0,1
30494,Promo Hunter,1,3
30495,Routine Generalist,0,3
30496,Routine Tech,0,2
30497,Routine Generalist,0,3
30498,Routine Generalist,0,3
30499,Engaged Generalist,2,3
30500,Routine Tech,0,2
30501,Routine Generalist,0,3
30503,Engaged Generalist,2,3
30504,Engaged Generalist,2,3
30505,Engaged Generalist,2,3
30506,Engaged Generalist,2,3
30507,Routine Young Parents,0,0
30508,Routine Young Parents,0,0
30509,Engaged Generalist,2,3
30511,Promo Hunter,1,3
30512,Routine Tech,0,2
30513,Engaged Generalist,2,3
30514,Routine Generalist,0,3
30515,Promo Hunter,1,3
30516,Promo Hunter,1,3
30517,Promo Hunter,1,3
30518,Promo Hunter,1,1
30519,Routine Generalist,0,3
30522,Promo Hunter,1,3
30523,Engaged Generalist,2,3
30524,Routine Tech,0,2
30525,Routine Young Parents,0,0
30527,Routine Generalist,0,3
30528,Promo Hunter,1,3
30529,Routine Generalist,0,3
30530,Routine Generalist,0,3
30531,Engaged Generalist,2,3
30532,Routine Generalist,0,3
30533,Routine Young Parents,0,0
30534,Routine Generalist,0,3
30535,Routine Generalist,0,3
30536,Routine Young Parents,0,0
30537,Routine Generalist,0,3
30538,Routine Family Provisioner,0,1
30539,Engaged Generalist,2,3
30540,Routine Generalist,0,3
30541,Routine Generalist,0,3
30542,Routine Young Parents,0,0
30544,Routine Generalist,0,3
30545,Routine Tech,0,2
30546,Engaged Family Provisioner,2,1
30547,Routine Tech,0,2
30548,Engaged Generalist,2,3
30552,Routine Young Parents,0,0
30553,Engaged Generalist,2,3
30554,Engaged Generalist,2,3
30555,Engaged Generalist,2,3
30556,Routine Tech,0,2
30557,Routine Young Parents,0,0
30558,Engaged Generalist,2,3
30560,Routine Generalist,0,3
30561,Engaged Generalist,2,3
30562,Routine Generalist,0,3
30565,Routine Generalist,0,3
30567,Routine Tech,0,2
30569,Routine Generalist,0,3
30570,Promo Hunter,1,3
30572,Routine Young Parents,0,0
30573,Engaged Generalist,2,3
30574,Routine Young Parents,0,0
30577,Routine Generalist,0,3
30578,Routine Young Parents,0,0
30579,Routine Tech,0,2
30580,Promo Hunter,1,1
30581,Engaged Generalist,2,3
30582,Routine Generalist,0,3
30583,Routine Young Parents,0,0
30584,Routine Family Provisioner,0,1
30585,Engaged Generalist,2,3
30586,Routine Tech,0,2
30587,Routine Generalist,0,3
30588,Engaged Generalist,2,3
30589,Routine Tech,0,2
30590,Engaged Generalist,2,3
30592,Routine Young Parents,0,0
30593,Promo Hunter,1,3
30594,Engaged Generalist,2,3
30596,Engaged Generalist,2,3
30597,Promo Hunter,1,3
30599,Routine Generalist,0,3
30600,Engaged Generalist,2,3
30601,Engaged Generalist,2,3
30602,Routine Generalist,0,3
30603,Routine Young Parents,0,0
30604,Routine Tech,0,2
30605,Routine Young Parents,0,0
30606,Routine Young Parents,0,0
30607,Routine Generalist,0,3
30608,Routine Generalist,0,3
30609,Routine Generalist,0,3
30610,Routine Generalist,0,3
30611,Routine Generalist,0,3
30612,Routine Family Provisioner,0,1
30613,Routine Generalist,0,3
30614,Engaged Family Provisioner,2,1
30615,Routine Generalist,0,3
30617,Promo Hunter,1,3
30618,Routine Tech,0,2
30619,Routine Young Parents,0,0
30620,Engaged Generalist,2,3
30621,Routine Young Parents,0,0
30623,Engaged Generalist,2,3
30624,Promo Hunter,1,3
30625,Routine Generalist,0,3
30626,Routine Young Parents,0,0
30627,Engaged Generalist,2,3
30628,Routine Generalist,0,3
30629,Routine Young Parents,0,0
30630,Engaged Generalist,2,3
30633,Promo Hunter,1,3
30634,Engaged Generalist,2,3
30635,Engaged Generalist,2,3
30637,Engaged Generalist,2,3
30638,Routine Generalist,0,3
30639,Routine Tech,0,2
30640,Routine Tech,0,2
30641,Routine Young Parents,0,0
30642,Routine Generalist,0,3
30643,Routine Young Parents,0,0
30644,Promo Hunter,1,3
30645,Promo Hunter,1,3
30646,Routine Family Provisioner,0,1
30647,Engaged Generalist,2,3
30648,Engaged Generalist,2,3
30651,Routine Young Parents,0,0
30652,Routine Tech,0,2
30653,Engaged Generalist,2,3
30654,Engaged Generalist,2,3
30655,Routine Young Parents,0,0
30656,Routine Generalist,0,3
30658,Engaged Generalist,2,3
30660,Engaged Generalist,2,3
30661,Routine Young Parents,0,0
30662,Routine Tech,0,2
30663,Promo Hunter,1,3
30664,Routine Young Parents,0,0
30665,Engaged Generalist,2,3
30666,Promo Hunter,1,3
30667,Routine Generalist,0,3
30669,Routine Family Provisioner,0,1
30670,Routine Young Parents,0,0
30671,Engaged Generalist,2,3
30672,Promo Hunter,1,1
30673,Routine Generalist,0,3
30674,Promo Hunter,1,3
30675,Routine Tech,0,2
30676,Routine Family Provisioner,0,1
30677,Routine Young Parents,0,0
30678,Routine Young Parents,0,0
30679,Promo Hunter,1,3
30680,Routine Generalist,0,3
30681,Promo Hunter,1,3
30682,Engaged Generalist,2,3
30685,Routine Tech,0,2
30687,Routine Generalist,0,3
30688,Routine Tech,0,2
30689,Engaged Generalist,2,3
30690,Promo Hunter,1,3
30692,Promo Hunter,1,3
30693,Routine Young Parents,0,0
30694,Engaged Generalist,2,3
30695,Engaged Generalist,2,3
30696,Promo Hunter,1,3
30697,Routine Generalist,0,3
30698,Engaged Generalist,2,3
30699,Promo Hunter,1,3
30700,Engaged Generalist,2,3
30701,Engaged Generalist,2,3
30702,Routine Young Parents,0,0
30703,Routine Family Provisioner,0,1
30705,Promo Hunter,1,3
30706,Routine Tech,0,2
30707,Routine Tech,0,2
30708,Promo Hunter,1,3
30709,Engaged Generalist,2,3
30710,Routine Generalist,0,3
30711,Routine Young Parents,0,0
30712,Promo Hunter,1,2
30713,Routine Tech,0,2
30714,Routine Young Parents,0,0
30715,Routine Tech,0,2
30716,Promo Hunter,1,3
30717,Routine Generalist,0,3
30718,Promo Hunter,1,3
30719,Routine Generalist,0,3
30720,Promo Hunter,1,3
30722,Routine Generalist,0,3
30723,Engaged Generalist,2,3
30724,Promo Hunter,1,3
30725,Routine Generalist,0,3
30726,Routine Generalist,0,3
30727,Routine Young Parents,0,0
30728,Promo Hunter,1,3
30730,Promo Hunter,1,3
30731,Engaged Generalist,2,3
30732,Routine Young Parents,0,0
30733,Promo Hunter,1,2
30734,Routine Generalist,0,3
30736,Engaged Generalist,2,3
30737,Routine Family Provisioner,0,1
30739,Promo Hunter,1,3
30740,Routine Generalist,0,3
30741,Engaged Family Provisioner,2,1
30742,Promo Hunter,1,3
30743,Promo Hunter,1,3
30744,Promo Hunter,1,3
30745,Promo Hunter,1,3
30747,Promo Hunter,1,3
30748,Routine Tech,0,2
30749,Routine Generalist,0,3
30751,Routine Young Parents,0,0
30753,Engaged Generalist,2,3
30754,Routine Tech,0,2
30755,Routine Tech,0,2
30756,Engaged Generalist,2,3
30757,Engaged Generalist,2,3
30758,Engaged Generalist,2,3
30760,Promo Hunter,1,3
30762,Routine Tech,0,2
30763,Engaged Generalist,2,3
30764,Routine Young Parents,0,0
30767,Promo Hunter,1,3
30770,Routine Young Parents,0,0
30771,Routine Young Parents,0,0
30772,Promo Hunter,1,3
30773,Promo Hunter,1,2
30774,Routine Generalist,0,3
30775,Promo Hunter,1,3
30776,Engaged Generalist,2,3
30777,Promo Hunter,1,3
30778,Engaged Generalist,2,3
30780,Promo Hunter,1,3
30781,Promo Hunter,1,3
30782,Engaged Generalist,2,3
30783,Routine Young Parents,0,0
30784,Routine Young Parents,0,0
30786,Promo Hunter,1,3
30787,Promo Hunter,1,3
30789,Routine Young Parents,0,0
30790,Routine Generalist,0,3
30791,Routine Tech,0,2
30792,Promo Hunter,1,3
30793,Routine Young Parents,0,0
30794,Promo Hunter,1,3
30795,Routine Family Provisioner,0,1
30796,Engaged Generalist,2,3
30797,Routine Young Parents,0,0
30798,Engaged Generalist,2,3
30799,Routine Generalist,0,3
30800,Engaged Generalist,2,3
30801,Promo Hunter,1,1
30802,Promo Hunter,1,3
30803,Promo Hunter,1,3
30804,Routine Generalist,0,3
30805,Promo Hunter,1,3
30809,Routine Family Provisioner,0,1
30810,Promo Hunter,1,3
30813,Engaged Generalist,2,3
30814,Routine Family Provisioner,0,1
30815,Engaged Generalist,2,3
30816,Routine Young Parents,0,0
30817,Promo Hunter,1,3
30818,Routine Young Parents,0,0
30820,Routine Young Parents,0,0
30821,Routine Generalist,0,3
30822,Routine Generalist,0,3
30823,Routine Generalist,0,3
30825,Routine Generalist,0,3
30827,Promo Hunter,1,3
30829,Promo Hunter,1,0
30830,Routine Generalist,0,3
30831,Engaged Generalist,2,3
30832,Routine Young Parents,0,0
30833,Routine Generalist,0,3
30834,Routine Young Parents,0,0
30835,Engaged Generalist,2,3
30836,Engaged Generalist,2,3
30837,Routine Young Parents,0,0
30838,Engaged Generalist,2,3
30839,Routine Young Parents,0,0
30840,Routine Generalist,0,3
30841,Engaged Generalist,2,3
30842,Engaged Generalist,2,2
30843,Engaged Generalist,2,3
30844,Routine Young Parents,0,0
30845,Routine Family Provisioner,0,1
30846,Routine Tech,0,2
30847,Routine Generalist,0,3
30848,Engaged Generalist,2,3
30849,Engaged Generalist,2,3
30850,Engaged Generalist,2,3
30852,Routine Generalist,0,3
30853,Routine Generalist,0,3
30854,Promo Hunter,1,3
30855,Routine Young Parents,0,0
30856,Routine Generalist,0,3
30858,Engaged Generalist,2,3
30859,Routine Generalist,0,3
30860,Promo Hunter,1,3
30861,Routine Generalist,0,3
30862,Routine Generalist,0,3
30864,Routine Tech,0,2
30865,Promo Hunter,1,3
30869,Routine Young Parents,0,0
30870,Promo Hunter,1,3
30872,Routine Young Parents,0,0
30873,Routine Tech,0,2
30874,Routine Family Provisioner,0,1
30875,Engaged Generalist,2,2
30877,Engaged Generalist,2,3
30878,Routine Generalist,0,3
30880,Routine Tech,0,2
30881,Routine Generalist,0,3
30882,Engaged Generalist,2,3
30884,Engaged Generalist,2,3
30885,Engaged Generalist,2,3
30886,Engaged Family Provisioner,2,1
30887,Routine Young Parents,0,0
30888,Routine Tech,0,2
30889,Routine Generalist,0,3
30890,Routine Generalist,0,3
30891,Routine Generalist,0,3
30892,Routine Generalist,0,3
30893,Promo Hunter,1,3
30895,Routine Tech,0,2
30896,Routine Young Parents,0,0
30897,Promo Hunter,1,3
30898,Engaged Generalist,2,3
30899,Promo Hunter,1,1
30900,Promo Hunter,1,3
30901,Routine Tech,0,2
30904,Promo Hunter,1,3
30905,Routine Tech,0,2
30906,Routine Tech,0,2
30907,Routine Young Parents,0,0
30908,Routine Generalist,0,3
30909,Promo Hunter,1,1
30910,Routine Family Provisioner,0,1
30911,Engaged Generalist,2,3
30912,Promo Hunter,1,3
30913,Promo Hunter,1,3
30914,Engaged Generalist,2,3
30915,Promo Hunter,1,3
30916,Routine Young Parents,0,0
30917,Routine Tech,0,2
30918,Routine Generalist,0,3
30919,Promo Hunter,1,3
30920,Routine Tech,0,2
30921,Promo Hunter,1,1
30922,Routine Generalist,0,3
30925,Engaged Family Provisioner,2,1
30926,Routine Generalist,0,3
30927,Routine Tech,0,2
30928,Routine Tech,0,2
30929,Engaged Generalist,2,3
30930,Promo Hunter,1,3
30931,Routine Tech,0,2
30932,Promo Hunter,1,3
30933,Promo Hunter,1,3
30935,Engaged Generalist,2,3
30937,Promo Hunter,1,3
30939,Routine Generalist,0,3
30940,Routine Generalist,0,3
30941,Promo Hunter,1,1
30942,Routine Tech,0,2
30943,Engaged Generalist,2,3
30944,Routine Generalist,0,3
30945,Routine Generalist,0,3
30947,Routine Generalist,0,3
30949,Promo Hunter,1,1
30950,Promo Hunter,1,3
30951,Routine Generalist,0,3
30952,Routine Generalist,0,3
30953,Engaged Generalist,2,3
30954,Engaged Generalist,2,3
30955,Promo Hunter,1,3
30956,Routine Generalist,0,3
30957,Routine Tech,0,2
30960,Routine Family Provisioner,0,1
30961,Promo Hunter,1,3
30962,Routine Young Parents,0,0
30963,Engaged Generalist,2,3
30964,Routine Family Provisioner,0,1
30966,Engaged Generalist,2,3
30967,Engaged Generalist,2,3
30968,Promo Hunter,1,3
30969,Routine Young Parents,0,0
30971,Engaged Generalist,2,3
30972,Routine Generalist,0,3
30973,Routine Generalist,0,3
30974,Promo Hunter,1,3
30975,Promo Hunter,1,3
30977,Routine Generalist,0,3
30979,Routine Tech,0,2
30980,Routine Generalist,0,3
30981,Routine Generalist,0,3
30982,Promo Hunter,1,3
30983,Promo Hunter,1,1
30984,Promo Hunter,1,3
30985,Routine Tech,0,2
30986,Engaged Generalist,2,3
30987,Engaged Generalist,2,3
30988,Promo Hunter,1,3
30989,Routine Generalist,0,3
30990,Engaged Generalist,2,3
30991,Routine Young Parents,0,0
30992,Engaged Generalist,2,3
30993,Promo Hunter,1,3
30994,Engaged Generalist,2,3
30996,Routine Generalist,0,3
30997,Routine Family Provisioner,0,1
31000,Promo Hunter,1,3
31001,Routine Young Parents,0,0
31002,Promo Hunter,1,3
31003,Engaged Generalist,2,3
31004,Routine Young Parents,0,0
31006,Routine Young Parents,0,0
31007,Routine Young Parents,0,0
31008,Promo Hunter,1,2
31009,Promo Hunter,1,3
31010,Promo Hunter,1,3
31012,Engaged Generalist,2,3
31014,Routine Tech,0,2
31015,Engaged Generalist,2,3
31016,Routine Generalist,0,3
31017,Promo Hunter,1,3
31018,Promo Hunter,1,3
31019,Routine Generalist,0,3
31020,Routine Family Provisioner,0,1
31021,Routine Young Parents,0,0
31022,Engaged Generalist,2,3
31023,Routine Tech,0,2
31026,Engaged Generalist,2,3
31027,Promo Hunter,1,3
31028,Routine Tech,0,2
31029,Routine Tech,0,2
31030,Routine Generalist,0,3
31031,Routine Generalist,0,3
31032,Promo Hunter,1,3
31033,Promo Hunter,1,3
31034,Routine Generalist,0,3
31035,Routine Tech,0,2
31036,Promo Hunter,1,3
31037,Promo Hunter,1,3
31038,Engaged Generalist,2,3
31039,Routine Young Parents,0,0
31040,Promo Hunter,1,3
31042,Promo Hunter,1,3
31044,Engaged Generalist,2,3
31047,Engaged Generalist,2,3
31048,Promo Hunter,1,3
31049,Engaged Generalist,2,3
31054,Engaged Generalist,2,3
31056,Engaged Generalist,2,3
31057,Routine Family Provisioner,0,1
31058,Routine Tech,0,2
31059,Routine Generalist,0,3
31060,Promo Hunter,1,3
31061,Routine Young Parents,0,0
31062,Promo Hunter,1,3
31063,Routine Generalist,0,3
31064,Routine Young Parents,0,0
31065,Routine Generalist,0,3
31066,Engaged Generalist,2,3
31067,Engaged Generalist,2,3
31068,Engaged Generalist,2,3
31069,Routine Generalist,0,3
31070,Engaged Generalist,2,3
31071,Routine Tech,0,2
31072,Routine Generalist,0,3
31073,Routine Family Provisioner,0,1
31074,Engaged Generalist,2,3
31075,Routine Young Parents,0,0
31077,Promo Hunter,1,3
31078,Routine Generalist,0,3
31079,Routine Tech,0,2
31080,Engaged Generalist,2,3
31081,Routine Generalist,0,3
31082,Promo Hunter,1,1
31083,Routine Family Provisioner,0,1
31084,Promo Hunter,1,3
31085,Routine Generalist,0,3
31086,Promo Hunter,1,3
31087,Promo Hunter,1,1
31088,Routine Family Provisioner,0,1
31089,Routine Generalist,0,3
31090,Routine Tech,0,2
31091,Routine Family Provisioner,0,1
31092,Engaged Generalist,2,3
31093,Routine Generalist,0,3
31096,Routine Generalist,0,3
31097,Routine Tech,0,2
31098,Engaged Generalist,2,3
31099,Routine Generalist,0,3
31100,Routine Young Parents,0,0
31101,Routine Generalist,0,3
31102,Routine Young Parents,0,0
31103,Routine Tech,0,2
31104,Routine Young Parents,0,0
31105,Engaged Generalist,2,3
31107,Routine Generalist,0,3
31108,Engaged Generalist,2,3
31109,Routine Young Parents,0,0
31110,Promo Hunter,1,3
31111,Routine Generalist,0,3
31112,Engaged Generalist,2,3
31113,Routine Generalist,0,3
31114,Routine Generalist,0,3
31115,Routine Generalist,0,3
31116,Routine Young Parents,0,0
31117,Engaged Generalist,2,3
31118,Routine Generalist,0,3
31119,Promo Hunter,1,3
31121,Engaged Generalist,2,3
31122,Engaged Family Provisioner,2,1
31123,Promo Hunter,1,3
31125,Routine Generalist,0,3
31126,Routine Generalist,0,3
31127,Routine Young Parents,0,0
31128,Routine Tech,0,2
31129,Routine Family Provisioner,0,1
31131,Engaged Generalist,2,3
31132,Promo Hunter,1,1
31133,Engaged Generalist,2,3
31136,Routine Young Parents,0,0
31137,Routine Generalist,0,3
31138,Routine Generalist,0,3
31139,Routine Young Parents,0,0
31140,Routine Young Parents,0,0
31141,Routine Generalist,0,3
31142,Engaged Generalist,2,3
31144,Routine Generalist,0,3
31145,Routine Generalist,0,3
31146,Routine Young Parents,0,0
31147,Routine Young Parents,0,0
31148,Engaged Generalist,2,3
31150,Promo Hunter,1,3
31151,Routine Generalist,0,3
31152,Engaged Generalist,2,3
31153,Promo Hunter,1,3
31154,Routine Young Parents,0,0
31155,Routine Generalist,0,3
31157,Routine Family Provisioner,0,1
31158,Engaged Generalist,2,3
31159,Routine Generalist,0,3
31160,Routine Young Parents,0,0
31161,Engaged Generalist,2,3
31162,Routine Generalist,0,3
31163,Routine Generalist,0,3
31164,Promo Hunter,1,3
31165,Engaged Generalist,2,3
31166,Promo Hunter,1,3
31167,Routine Generalist,0,3
31168,Promo Hunter,1,3
31169,Promo Hunter,1,3
31170,Routine Family Provisioner,0,1
31172,Promo Hunter,1,3
31173,Routine Family Provisioner,0,1
31174,Routine Tech,0,2
31175,Engaged Generalist,2,3
31176,Engaged Generalist,2,3
31177,Routine Young Parents,0,0
31178,Promo Hunter,1,3
31179,Promo Hunter,1,3
31180,Engaged Generalist,2,3
31181,Routine Young Parents,0,0
31183,Routine Young Parents,0,0
31184,Engaged Generalist,2,3
31185,Routine Young Parents,0,0
31186,Routine Tech,0,2
31188,Engaged Generalist,2,3
31189,Routine Generalist,0,3
31190,Routine Tech,0,2
31191,Promo Hunter,1,1
31193,Engaged Generalist,2,3
31195,Promo Hunter,1,3
31196,Engaged Generalist,2,3
31197,Promo Hunter,1,3
31198,Engaged Generalist,2,3
31199,Routine Generalist,0,3
31200,Routine Generalist,0,3
31201,Routine Tech,0,2
31202,Routine Generalist,0,3
31203,Engaged Family Provisioner,2,1
31204,Engaged Generalist,2,3
31205,Routine Young Parents,0,0
31206,Promo Hunter,1,3
31207,Promo Hunter,1,3
31208,Promo Hunter,1,1
31209,Promo Hunter,1,3
31210,Routine Young Parents,0,0
31211,Engaged Generalist,2,3
31212,Promo Hunter,1,3
31213,Routine Generalist,0,3
31214,Engaged Generalist,2,3
31215,Routine Tech,0,2
31216,Routine Young Parents,0,0
31217,Promo Hunter,1,3
31218,Routine Generalist,0,3
31219,Engaged Generalist,2,3
31220,Routine Young Parents,0,0
31222,Routine Young Parents,0,0
31223,Promo Hunter,1,3
31224,Routine Generalist,0,3
31225,Routine Young Parents,0,0
31226,Routine Generalist,0,3
31227,Engaged Generalist,2,3
31228,Routine Tech,0,2
31229,Engaged Generalist,2,3
31230,Routine Generalist,0,3
31231,Promo Hunter,1,1
31233,Routine Generalist,0,3
31235,Promo Hunter,1,3
31237,Engaged Generalist,2,3
31239,Promo Hunter,1,1
31240,Routine Family Provisioner,0,1
31241,Promo Hunter,1,3
31242,Engaged Generalist,2,3
31243,Engaged Generalist,2,3
31244,Routine Generalist,0,3
31245,Routine Generalist,0,3
31246,Routine Generalist,0,3
31247,Routine Young Parents,0,0
31248,Routine Tech,0,2
31249,Promo Hunter,1,1
31251,Engaged Family Provisioner,2,1
31253,Routine Generalist,0,3
31254,Promo Hunter,1,1
31255,Promo Hunter,1,3
31256,Routine Young Parents,0,0
31257,Routine Tech,0,2
31258,Promo Hunter,1,3
31260,Promo Hunter,1,3
31261,Routine Tech,0,2
31262,Routine Young Parents,0,0
31264,Promo Hunter,1,1
31265,Engaged Family Provisioner,2,1
31266,Routine Tech,0,2
31267,Routine Young Parents,0,0
31268,Promo Hunter,1,3
31269,Routine Young Parents,0,0
31270,Routine Young Parents,0,0
31271,Routine Generalist,0,3
31272,Routine Generalist,0,3
31273,Routine Young Parents,0,0
31274,Routine Young Parents,0,0
31275,Promo Hunter,1,3
31276,Routine Young Parents,0,0
31277,Routine Generalist,0,3
31278,Routine Young Parents,0,0
31279,Engaged Generalist,2,3
31280,Engaged Generalist,2,3
31281,Routine Generalist,0,3
31283,Promo Hunter,1,3
31284,Routine Generalist,0,3
31285,Routine Tech,0,2
31286,Engaged Generalist,2,3
31287,Engaged Generalist,2,3
31288,Promo Hunter,1,3
31290,Routine Generalist,0,3
31291,Routine Generalist,0,3
31292,Routine Tech,0,2
31294,Engaged Generalist,2,3
31295,Routine Generalist,0,3
31296,Routine Young Parents,0,0
31297,Engaged Generalist,2,3
31298,Engaged Generalist,2,3
31299,Promo Hunter,1,1
31300,Routine Generalist,0,3
31301,Routine Generalist,0,3
31303,Promo Hunter,1,0
31304,Routine Generalist,0,3
31305,Promo Hunter,1,3
31307,Promo Hunter,1,3
31309,Routine Generalist,0,3
31310,Routine Generalist,0,3
31312,Engaged Generalist,2,3
31313,Routine Generalist,0,3
31314,Promo Hunter,1,3
31317,Routine Generalist,0,3
31318,Routine Family Provisioner,0,1
31320,Promo Hunter,1,3
31321,Engaged Generalist,2,3
31322,Promo Hunter,1,3
31323,Engaged Generalist,2,3
31324,Routine Generalist,0,3
31325,Promo Hunter,1,3
31326,Promo Hunter,1,3
31327,Routine Generalist,0,3
31328,Engaged Family Provisioner,2,1
31329,Routine Family Provisioner,0,1
31330,Routine Generalist,0,3
31332,Promo Hunter,1,3
31333,Engaged Generalist,2,3
31334,Routine Generalist,0,3
31335,Routine Generalist,0,3
31336,Promo Hunter,1,3
31339,Routine Young Parents,0,0
31341,Engaged Generalist,2,3
31342,Routine Young Parents,0,0
31344,Engaged Generalist,2,3
31345,Routine Young Parents,0,0
31346,Promo Hunter,1,3
31347,Routine Tech,0,2
31348,Routine Young Parents,0,0
31349,Promo Hunter,1,3
31350,Routine Generalist,0,3
31352,Promo Hunter,1,1
31353,Engaged Generalist,2,3
31355,Promo Hunter,1,1
31356,Engaged Family Provisioner,2,1
31357,Routine Generalist,0,3
31359,Routine Family Provisioner,0,1
31360,Routine Generalist,0,3
31362,Routine Young Parents,0,0
31363,Routine Generalist,0,3
31364,Promo Hunter,1,3
31365,Routine Generalist,0,3
31367,Engaged Generalist,2,3
31368,Routine Young Parents,0,0
31369,Routine Generalist,0,3
31371,Engaged Generalist,2,3
31372,Promo Hunter,1,1
31374,Engaged Generalist,2,3
31375,Routine Tech,0,2
31377,Promo Hunter,1,3
31378,Engaged Generalist,2,3
31379,Routine Young Parents,0,0
31380,Promo Hunter,1,3
31381,Promo Hunter,1,3
31383,Routine Generalist,0,3
31384,Routine Generalist,0,3
31385,Routine Young Parents,0,0
31387,Promo Hunter,1,1
31388,Routine Tech,0,2
31390,Engaged Generalist,2,3
31391,Engaged Generalist,2,3
31393,Engaged Generalist,2,3
31394,Routine Generalist,0,3
31395,Routine Tech,0,2
31396,Engaged Generalist,2,3
31397,Promo Hunter,1,3
31398,Routine Young Parents,0,0
31399,Promo Hunter,1,3
31400,Promo Hunter,1,3
31401,Routine Tech,0,2
31402,Engaged Generalist,2,3
31403,Promo Hunter,1,3
31404,Routine Generalist,0,3
31405,Routine Generalist,0,3
31406,Routine Young Parents,0,0
31407,Engaged Generalist,2,3
31408,Routine Generalist,0,3
31409,Engaged Family Provisioner,2,1
31410,Engaged Generalist,2,3
31411,Routine Generalist,0,3
31412,Engaged Generalist,2,3
31413,Promo Hunter,1,3
31415,Routine Generalist,0,3
31416,Routine Generalist,0,3
31417,Engaged Generalist,2,3
31418,Promo Hunter,1,3
31419,Promo Hunter,1,1
31420,Routine Tech,0,2
31421,Routine Tech,0,2
31422,Engaged Generalist,2,3
31423,Routine Generalist,0,3
31424,Routine Generalist,0,3
31425,Routine Generalist,0,3
31426,Routine Generalist,0,3
31429,Routine Generalist,0,3
31431,Routine Generalist,0,3
31432,Engaged Generalist,2,3
31433,Routine Generalist,0,3
31435,Routine Generalist,0,3
31436,Routine Generalist,0,3
31438,Routine Tech,0,2
31439,Routine Generalist,0,3
31441,Engaged Family Provisioner,2,1
31442,Routine Young Parents,0,0
31443,Engaged Generalist,2,3
31444,Engaged Generalist,2,3
31445,Routine Young Parents,0,0
31446,Engaged Generalist,2,3
31448,Promo Hunter,1,3
31449,Engaged Generalist,2,3
31450,Routine Generalist,0,3
31451,Promo Hunter,1,3
31452,Engaged Generalist,2,2
31453,Routine Generalist,0,3
31454,Engaged Generalist,2,3
31455,Engaged Generalist,2,3
31457,Routine Young Parents,0,0
31458,Engaged Generalist,2,3
31459,Routine Tech,0,2
31460,Engaged Generalist,2,3
31461,Promo Hunter,1,3
31463,Routine Young Parents,0,0
31464,Routine Young Parents,0,0
31465,Routine Generalist,0,3
31466,Routine Young Parents,0,0
31467,Engaged Generalist,2,3
31468,Routine Generalist,0,3
31469,Engaged Generalist,2,3
31470,Engaged Generalist,2,3
31471,Promo Hunter,1,3
31472,Engaged Generalist,2,3
31473,Engaged Generalist,2,3
31474,Engaged Family Provisioner,2,1
31475,Routine Young Parents,0,0
31476,Routine Tech,0,2
31478,Routine Generalist,0,3
31479,Promo Hunter,1,3
31480,Promo Hunter,1,3
31481,Routine Generalist,0,3
31482,Routine Young Parents,0,0
31483,Promo Hunter,1,3
31485,Engaged Generalist,2,3
31486,Routine Young Parents,0,0
31487,Engaged Generalist,2,3
31488,Routine Young Parents,0,0
31489,Engaged Generalist,2,3
31490,Routine Young Parents,0,0
31491,Engaged Generalist,2,3
31492,Routine Tech,0,2
31493,Engaged Generalist,2,3
31494,Engaged Generalist,2,3
31495,Engaged Generalist,2,3
31496,Promo Hunter,1,3
31497,Routine Young Parents,0,0
31498,Engaged Generalist,2,3
31499,Routine Generalist,0,3
31502,Engaged Generalist,2,3
31503,Routine Tech,0,2
31504,Routine Young Parents,0,0
31506,Routine Young Parents,0,0
31507,Promo Hunter,1,1
31508,Routine Tech,0,2
31509,Routine Generalist,0,3
31510,Routine Generalist,0,3
31511,Promo Hunter,1,1
31512,Promo Hunter,1,3
31513,Engaged Generalist,2,3
31515,Promo Hunter,1,3
31516,Routine Generalist,0,3
31517,Promo Hunter,1,3
31519,Routine Generalist,0,3
31520,Routine Young Parents,0,0
31521,Routine Tech,0,2
31522,Routine Generalist,0,3
31523,Engaged Generalist,2,3
31524,Engaged Generalist,2,3
31525,Routine Generalist,0,3
31526,Routine Young Parents,0,0
31527,Routine Tech,0,2
31528,Routine Generalist,0,3
31530,Engaged Generalist,2,3
31531,Routine Tech,0,2
31532,Routine Generalist,0,3
31533,Routine Generalist,0,3
31535,Promo Hunter,1,1
31536,Routine Tech,0,2
31537,Engaged Family Provisioner,2,1
31538,Promo Hunter,1,1
31539,Routine Young Parents,0,0
31540,Routine Young Parents,0,0
31541,Engaged Generalist,2,3
31542,Routine Generalist,0,3
31543,Promo Hunter,1,3
31544,Routine Tech,0,2
31545,Promo Hunter,1,3
31547,Promo Hunter,1,3
31548,Routine Generalist,0,3
31549,Routine Generalist,0,3
31552,Routine Young Parents,0,0
31553,Routine Young Parents,0,0
31554,Routine Generalist,0,3
31555,Routine Young Parents,0,0
31556,Routine Young Parents,0,0
31557,Engaged Generalist,2,3
31558,Engaged Family Provisioner,2,1
31559,Routine Generalist,0,3
31560,Routine Young Parents,0,0
31561,Promo Hunter,1,3
31562,Routine Generalist,0,3
31563,Promo Hunter,1,3
31564,Engaged Generalist,2,3
31565,Routine Generalist,0,3
31566,Promo Hunter,1,3
31567,Promo Hunter,1,3
31568,Routine Young Parents,0,0
31569,Routine Generalist,0,3
31570,Routine Young Parents,0,0
31571,Engaged Generalist,2,3
31572,Promo Hunter,1,1
31573,Engaged Generalist,2,3
31574,Routine Generalist,0,3
31576,Engaged Generalist,2,3
31577,Promo Hunter,1,3
31579,Routine Generalist,0,3
31580,Routine Young Parents,0,0
31581,Routine Generalist,0,3
31582,Routine Generalist,0,3
31584,Promo Hunter,1,3
31587,Engaged Generalist,2,3
31588,Routine Tech,0,2
31589,Engaged Generalist,2,3
31590,Engaged Generalist,2,3
31592,Routine Generalist,0,3
31593,Promo Hunter,1,1
31594,Routine Young Parents,0,0
31595,Routine Generalist,0,3
31596,Promo Hunter,1,3
31597,Routine Generalist,0,3
31598,Promo Hunter,1,3
31600,Routine Young Parents,0,0
31601,Routine Young Parents,0,0
31603,Routine Generalist,0,3
31605,Promo Hunter,1,3
31606,Engaged Generalist,2,3
31607,Routine Family Provisioner,0,1
31608,Engaged Generalist,2,3
31610,Promo Hunter,1,3
31611,Engaged Generalist,2,3
31612,Routine Young Parents,0,0
31613,Promo Hunter,1,1
31614,Routine Generalist,0,3
31615,Routine Generalist,0,3
31616,Routine Tech,0,2
31617,Engaged Generalist,2,3
31618,Routine Generalist,0,3
31619,Routine Young Parents,0,0
31620,Routine Generalist,0,3
31621,Engaged Family Provisioner,2,1
31622,Routine Generalist,0,3
31623,Engaged Generalist,2,3
31624,Routine Young Parents,0,0
31625,Routine Generalist,0,3
31626,Routine Young Parents,0,0
31627,Routine Tech,0,2
31628,Engaged Generalist,2,3
31629,Routine Tech,0,2
31630,Engaged Generalist,2,3
31631,Routine Family Provisioner,0,1
31632,Promo Hunter,1,1
31634,Routine Young Parents,0,0
31635,Promo Hunter,1,3
31637,Engaged Generalist,2,3
31638,Promo Hunter,1,3
31639,Promo Hunter,1,1
31641,Promo Hunter,1,3
31642,Routine Generalist,0,3
31643,Promo Hunter,1,3
31644,Routine Young Parents,0,0
31645,Routine Young Parents,0,0
31646,Routine Generalist,0,3
31647,Routine Young Parents,0,0
31648,Engaged Generalist,2,3
31649,Promo Hunter,1,3
31650,Engaged Generalist,2,3
31651,Promo Hunter,1,1
31652,Routine Young Parents,0,0
31653,Routine Generalist,0,3
31654,Routine Generalist,0,3
31656,Promo Hunter,1,3
31657,Routine Tech,0,2
31658,Routine Generalist,0,3
31659,Engaged Generalist,2,3
31660,Routine Young Parents,0,0
31661,Engaged Generalist,2,3
31662,Routine Young Parents,0,0
31663,Routine Young Parents,0,0
31664,Routine Generalist,0,3
31665,Routine Young Parents,0,0
31666,Routine Young Parents,0,0
31667,Routine Generalist,0,3
31668,Routine Generalist,0,3
31670,Engaged Generalist,2,3
31671,Engaged Generalist,2,3
31672,Routine Tech,0,2
31673,Routine Tech,0,2
31674,Engaged Family Provisioner,2,1
31675,Promo Hunter,1,3
31676,Engaged Generalist,2,3
31677,Routine Generalist,0,3
31678,Routine Generalist,0,3
31679,Promo Hunter,1,3
31680,Routine Family Provisioner,0,1
31681,Promo Hunter,1,3
31682,Routine Young Parents,0,0
31683,Promo Hunter,1,3
31684,Routine Young Parents,0,0
31685,Routine Family Provisioner,0,1
31686,Promo Hunter,1,3
31687,Routine Young Parents,0,0
31688,Promo Hunter,1,3
31690,Routine Generalist,0,3
31691,Engaged Generalist,2,3
31692,Routine Generalist,0,3
31693,Engaged Generalist,2,3
31694,Promo Hunter,1,3
31695,Routine Generalist,0,3
31696,Routine Generalist,0,3
31697,Promo Hunter,1,3
31699,Routine Generalist,0,3
31700,Routine Young Parents,0,0
31701,Routine Young Parents,0,0
31702,Promo Hunter,1,3
31703,Routine Tech,0,2
31704,Routine Tech,0,2
31705,Promo Hunter,1,3
31706,Routine Young Parents,0,0
31707,Engaged Generalist,2,3
31708,Promo Hunter,1,3
31709,Routine Generalist,0,3
31710,Routine Generalist,0,3
31712,Routine Tech,0,2
31713,Promo Hunter,1,3
31714,Engaged Generalist,2,3
31715,Engaged Generalist,2,3
31716,Routine Generalist,0,3
31717,Routine Generalist,0,3
31718,Promo Hunter,1,3
31719,Engaged Generalist,2,3
31720,Engaged Generalist,2,3
31721,Engaged Generalist,2,3
31722,Routine Tech,0,2
31723,Routine Tech,0,2
31724,Routine Generalist,0,3
31726,Routine Generalist,0,3
31727,Routine Generalist,0,3
31729,Routine Young Parents,0,0
31730,Routine Generalist,0,3
31731,Promo Hunter,1,3
31732,Routine Generalist,0,3
31733,Engaged Generalist,2,3
31734,Engaged Generalist,2,3
31736,Routine Generalist,0,3
31737,Routine Young Parents,0,0
31738,Engaged Generalist,2,3
31739,Routine Tech,0,2
31741,Promo Hunter,1,3
31742,Routine Generalist,0,3
31743,Promo Hunter,1,3
31744,Engaged Generalist,2,3
31746,Engaged Generalist,2,3
31747,Routine Generalist,0,3
31748,Routine Generalist,0,3
31750,Engaged Generalist,2,3
31751,Routine Generalist,0,3
31752,Routine Young Parents,0,0
31754,Routine Young Parents,0,0
31755,Routine Generalist,0,3
31756,Engaged Generalist,2,2
31757,Promo Hunter,1,3
31758,Routine Tech,0,2
31759,Routine Young Parents,0,0
31760,Engaged Generalist,2,3
31761,Routine Young Parents,0,0
31762,Engaged Generalist,2,3
31763,Engaged Generalist,2,3
31765,Routine Tech,0,2
31766,Routine Generalist,0,3
31767,Routine Young Parents,0,0
31768,Engaged Generalist,2,3
31769,Routine Family Provisioner,0,1
31770,Routine Generalist,0,3
31771,Promo Hunter,1,3
31772,Engaged Generalist,2,3
31773,Promo Hunter,1,1
31774,Engaged Generalist,2,3
31775,Routine Generalist,0,3
31776,Engaged Generalist,2,3
31778,Engaged Generalist,2,3
31779,Routine Generalist,0,3
31780,Routine Generalist,0,3
31781,Routine Young Parents,0,0
31782,Promo Hunter,1,3
31783,Routine Generalist,0,3
31784,Routine Tech,0,2
31785,Engaged Generalist,2,3
31786,Engaged Generalist,2,3
31787,Routine Tech,0,2
31788,Promo Hunter,1,3
31789,Engaged Generalist,2,3
31790,Routine Tech,0,2
31793,Promo Hunter,1,3
31794,Promo Hunter,1,1
31797,Promo Hunter,1,3
31800,Engaged Generalist,2,3
31801,Engaged Family Provisioner,2,1
31802,Routine Tech,0,2
31803,Routine Generalist,0,3
31804,Routine Generalist,0,3
31807,Routine Generalist,0,3
31808,Routine Generalist,0,3
31809,Routine Generalist,0,3
31810,Engaged Generalist,2,3
31811,Promo Hunter,1,3
31812,Engaged Generalist,2,3
31813,Routine Generalist,0,3
31814,Routine Young Parents,0,0
31815,Engaged Generalist,2,3
31817,Routine Young Parents,0,0
31818,Promo Hunter,1,3
31819,Promo Hunter,1,3
31821,Promo Hunter,1,3
31822,Engaged Generalist,2,3
31823,Routine Generalist,0,3
31824,Routine Generalist,0,3
31826,Routine Generalist,0,3
31827,Routine Generalist,0,3
31828,Routine Young Parents,0,0
31829,Routine Generalist,0,3
31830,Routine Generalist,0,3
31831,Routine Young Parents,0,0
31832,Routine Generalist,0,3
31833,Routine Young Parents,0,0
31834,Engaged Generalist,2,3
31835,Routine Generalist,0,3
31836,Routine Young Parents,0,0
31838,Engaged Generalist,2,3
31839,Routine Generalist,0,3
31840,Promo Hunter,1,3
31841,Promo Hunter,1,3
31842,Routine Generalist,0,3
31843,Routine Generalist,0,3
31844,Routine Young Parents,0,0
31845,Promo Hunter,1,3
31846,Engaged Generalist,2,3
31847,Routine Young Parents,0,0
31848,Engaged Family Provisioner,2,1
31849,Routine Young Parents,0,0
31850,Engaged Generalist,2,3
31851,Routine Tech,0,2
31854,Routine Young Parents,0,0
31855,Routine Tech,0,2
31856,Routine Generalist,0,3
31859,Promo Hunter,1,1
31860,Routine Generalist,0,3
31861,Routine Young Parents,0,0
31862,Engaged Generalist,2,3
31863,Engaged Generalist,2,3
31864,Promo Hunter,1,3
31865,Routine Young Parents,0,0
31866,Routine Young Parents,0,0
31867,Routine Generalist,0,3
31868,Engaged Generalist,2,3
31870,Routine Generalist,0,3
31872,Routine Tech,0,2
31873,Promo Hunter,1,3
31874,Engaged Generalist,2,3
31875,Routine Young Parents,0,0
31876,Engaged Generalist,2,3
31877,Routine Tech,0,2
31878,Routine Generalist,0,3
31879,Routine Generalist,0,3
31880,Routine Young Parents,0,0
31881,Engaged Generalist,2,3
31882,Routine Generalist,0,3
31883,Routine Young Parents,0,0
31884,Routine Generalist,0,3
31886,Routine Generalist,0,3
31887,Engaged Family Provisioner,2,1
31888,Engaged Generalist,2,3
31889,Routine Generalist,0,3
31890,Routine Tech,0,2
31892,Engaged Generalist,2,3
31893,Engaged Generalist,2,3
31894,Engaged Generalist,2,3
31896,Routine Generalist,0,3
31897,Routine Generalist,0,3
31898,Engaged Generalist,2,3
31899,Routine Young Parents,0,0
31900,Routine Generalist,0,3
31901,Routine Young Parents,0,0
31902,Routine Generalist,0,3
31903,Routine Young Parents,0,0
31904,Engaged Generalist,2,3
31905,Promo Hunter,1,3
31907,Promo Hunter,1,3
31908,Routine Tech,0,2
31909,Routine Young Parents,0,0
31910,Routine Young Parents,0,0
31912,Engaged Generalist,2,3
31913,Engaged Generalist,2,3
31915,Routine Young Parents,0,0
31916,Engaged Generalist,2,3
31917,Routine Young Parents,0,0
31918,Routine Young Parents,0,0
31919,Routine Tech,0,2
31920,Routine Young Parents,0,0
31921,Routine Generalist,0,3
31923,Engaged Generalist,2,3
31924,Routine Family Provisioner,0,1
31925,Engaged Generalist,2,3
31928,Routine Young Parents,0,0
31929,Promo Hunter,1,3
31930,Routine Young Parents,0,0
31933,Routine Generalist,0,3
31934,Promo Hunter,1,3
31936,Promo Hunter,1,1
31937,Engaged Generalist,2,3
31938,Engaged Family Provisioner,2,1
31939,Engaged Generalist,2,3
31940,Routine Young Parents,0,0
31941,Routine Young Parents,0,0
31942,Engaged Generalist,2,3
31943,Engaged Generalist,2,3
31944,Engaged Generalist,2,3
31945,Engaged Generalist,2,3
31946,Engaged Generalist,2,3
31947,Routine Tech,0,2
31948,Routine Young Parents,0,0
31949,Promo Hunter,1,3
31951,Engaged Generalist,2,3
31952,Routine Tech,0,2
31953,Routine Generalist,0,3
31954,Promo Hunter,1,3
31956,Routine Generalist,0,3
31957,Engaged Generalist,2,3
31958,Routine Family Provisioner,0,1
31959,Routine Young Parents,0,0
31960,Promo Hunter,1,1
31961,Engaged Generalist,2,3
31962,Routine Generalist,0,3
31963,Routine Generalist,0,3
31964,Engaged Generalist,2,3
31965,Routine Generalist,0,3
31966,Routine Generalist,0,3
31969,Engaged Generalist,2,3
31970,Routine Tech,0,2
31971,Routine Generalist,0,3
31972,Routine Generalist,0,3
31974,Engaged Generalist,2,3
31975,Engaged Generalist,2,3
31979,Routine Tech,0,2
31980,Engaged Generalist,2,3
31981,Engaged Generalist,2,3
31985,Routine Young Parents,0,0
31986,Routine Family Provisioner,0,1
31988,Routine Tech,0,2
31990,Routine Young Parents,0,0
31991,Promo Hunter,1,3
31992,Routine Generalist,0,3
31993,Routine Young Parents,0,0
31994,Promo Hunter,1,0
31995,Routine Generalist,0,3
31996,Routine Young Parents,0,0
31997,Routine Young Parents,0,0
31999,Routine Generalist,0,3
32001,Promo Hunter,1,3
32002,Routine Young Parents,0,0
32004,Engaged Generalist,2,3
32005,Routine Tech,0,2
32007,Engaged Generalist,2,3
32009,Engaged Generalist,2,3
32011,Routine Generalist,0,3
32012,Routine Generalist,0,3
32013,Routine Generalist,0,3
32014,Engaged Generalist,2,3
32017,Routine Family Provisioner,0,1
32018,Routine Generalist,0,3
32021,Routine Young Parents,0,0
32022,Routine Tech,0,2
32023,Engaged Generalist,2,3
32025,Routine Tech,0,2
32026,Routine Young Parents,0,0
32027,Engaged Generalist,2,3
32030,Routine Generalist,0,3
32031,Routine Young Parents,0,0
32032,Routine Generalist,0,3
32033,Promo Hunter,1,3
32034,Routine Generalist,0,3
32035,Engaged Generalist,2,3
32036,Routine Young Parents,0,0
32037,Engaged Generalist,2,3
32038,Engaged Generalist,2,3
32039,Routine Young Parents,0,0
32040,Routine Generalist,0,3
32041,Routine Generalist,0,3
32042,Engaged Generalist,2,3
32043,Routine Young Parents,0,0
32044,Routine Young Parents,0,0
32045,Engaged Generalist,2,3
32047,Engaged Generalist,2,3
32049,Engaged Generalist,2,3
32051,Routine Family Provisioner,0,1
32052,Promo Hunter,1,3
32053,Engaged Generalist,2,3
32054,Routine Generalist,0,3
32056,Engaged Generalist,2,3
32058,Engaged Generalist,2,3
32060,Routine Generalist,0,3
32062,Routine Generalist,0,3
32063,Engaged Generalist,2,3
32064,Routine Young Parents,0,0
32065,Engaged Generalist,2,3
32066,Engaged Generalist,2,3
32067,Routine Young Parents,0,0
32069,Routine Generalist,0,3
32071,Routine Young Parents,0,0
32072,Promo Hunter,1,3
32073,Engaged Generalist,2,3
32075,Engaged Generalist,2,3
32077,Routine Young Parents,0,0
32078,Routine Tech,0,2
32079,Promo Hunter,1,3
32080,Engaged Generalist,2,3
32081,Engaged Generalist,2,3
32082,Routine Generalist,0,3
32083,Routine Generalist,0,3
32085,Routine Generalist,0,3
32086,Routine Tech,0,2
32088,Routine Generalist,0,3
32089,Routine Generalist,0,3
32090,Engaged Generalist,2,2
32091,Routine Generalist,0,3
32092,Routine Generalist,0,3
32093,Engaged Generalist,2,3
32094,Routine Generalist,0,3
32095,Promo Hunter,1,3
32096,Routine Young Parents,0,0
32097,Routine Generalist,0,3
32098,Promo Hunter,1,0
32099,Routine Generalist,0,3
32100,Promo Hunter,1,3
32101,Routine Generalist,0,3
32102,Engaged Generalist,2,3
32103,Promo Hunter,1,3
32104,Engaged Generalist,2,3
32106,Engaged Generalist,2,3
32107,Promo Hunter,1,3
32108,Engaged Generalist,2,3
32110,Engaged Generalist,2,3
32111,Routine Tech,0,2
32112,Engaged Family Provisioner,2,1
32113,Routine Young Parents,0,0
32114,Routine Generalist,0,3
32115,Engaged Generalist,2,3
32116,Engaged Generalist,2,3
32117,Routine Young Parents,0,0
32118,Routine Family Provisioner,0,1
32119,Routine Generalist,0,3
32121,Promo Hunter,1,1
32124,Routine Young Parents,0,0
32125,Promo Hunter,1,1
32126,Routine Generalist,0,3
32128,Routine Generalist,0,3
32129,Engaged Generalist,2,3
32130,Routine Young Parents,0,0
32131,Routine Generalist,0,3
32132,Engaged Generalist,2,3
32133,Engaged Generalist,2,3
32136,Routine Family Provisioner,0,1
32137,Engaged Generalist,2,3
32138,Routine Tech,0,2
32139,Routine Generalist,0,3
32140,Routine Generalist,0,3
32141,Promo Hunter,1,0
32142,Engaged Generalist,2,3
32144,Routine Generalist,0,3
32145,Engaged Generalist,2,3
32146,Promo Hunter,1,3
32147,Engaged Generalist,2,3
32148,Routine Tech,0,2
32149,Engaged Generalist,2,3
32150,Promo Hunter,1,3
32151,Routine Tech,0,2
32152,Engaged Generalist,2,3
32153,Routine Generalist,0,3
32154,Routine Generalist,0,3
32155,Routine Generalist,0,3
32157,Engaged Generalist,2,3
32160,Routine Generalist,0,3
32161,Routine Generalist,0,3
32162,Engaged Generalist,2,3
32163,Promo Hunter,1,3
32164,Promo Hunter,1,3
32165,Promo Hunter,1,1
32166,Routine Young Parents,0,0
32168,Engaged Generalist,2,3
32169,Routine Generalist,0,3
32170,Routine Young Parents,0,0
32171,Engaged Generalist,2,3
32172,Routine Family Provisioner,0,1
32173,Routine Tech,0,2
32174,Engaged Generalist,2,3
32175,Promo Hunter,1,3
32176,Routine Generalist,0,3
32177,Routine Young Parents,0,0
32178,Promo Hunter,1,2
32179,Engaged Generalist,2,3
32180,Routine Generalist,0,3
32181,Routine Generalist,0,3
32182,Routine Tech,0,2
32183,Routine Generalist,0,3
32185,Routine Tech,0,2
32187,Routine Generalist,0,3
32188,Engaged Generalist,2,3
32189,Promo Hunter,1,2
32190,Promo Hunter,1,1
32192,Routine Generalist,0,3
32193,Promo Hunter,1,3
32194,Routine Tech,0,2
32195,Promo Hunter,1,3
32196,Routine Generalist,0,3
32199,Routine Generalist,0,3
32200,Routine Tech,0,2
32201,Promo Hunter,1,3
32202,Promo Hunter,1,0
32203,Routine Family Provisioner,0,1
32204,Routine Tech,0,2
32205,Routine Generalist,0,3
32206,Promo Hunter,1,3
32207,Routine Young Parents,0,0
32208,Engaged Generalist,2,3
32209,Engaged Generalist,2,0
32210,Routine Young Parents,0,0
32211,Routine Generalist,0,3
32212,Engaged Generalist,2,3
32213,Promo Hunter,1,3
32214,Routine Generalist,0,3
32215,Promo Hunter,1,2
32216,Routine Generalist,0,3
32217,Routine Young Parents,0,0
32218,Promo Hunter,1,2
32219,Routine Generalist,0,3
32221,Routine Young Parents,0,0
32222,Engaged Generalist,2,3
32223,Routine Generalist,0,3
32224,Routine Young Parents,0,0
32226,Routine Young Parents,0,0
32229,Routine Generalist,0,3
32230,Routine Generalist,0,3
32231,Promo Hunter,1,3
32232,Engaged Generalist,2,3
32233,Routine Young Parents,0,0
32234,Routine Generalist,0,3
32235,Routine Generalist,0,3
32237,Routine Generalist,0,3
32238,Engaged Generalist,2,3
32239,Routine Tech,0,2
32240,Engaged Generalist,2,3
32241,Engaged Generalist,2,3
32243,Routine Family Provisioner,0,1
32244,Routine Young Parents,0,0
32245,Engaged Generalist,2,3
32246,Routine Generalist,0,3
32247,Promo Hunter,1,3
32248,Engaged Generalist,2,3
32250,Routine Generalist,0,3
32251,Engaged Generalist,2,3
32252,Routine Generalist,0,3
32255,Promo Hunter,1,3
32256,Routine Tech,0,2
32257,Routine Generalist,0,3
32258,Routine Generalist,0,3
32259,Routine Tech,0,2
32260,Routine Generalist,0,3
32261,Promo Hunter,1,1
32262,Engaged Generalist,2,3
32263,Routine Tech,0,2
32264,Engaged Generalist,2,3
32265,Engaged Generalist,2,3
32266,Routine Generalist,0,3
32267,Promo Hunter,1,3
32268,Promo Hunter,1,3
32269,Promo Hunter,1,3
32270,Promo Hunter,1,3
32271,Routine Tech,0,2
32272,Engaged Generalist,2,3
32273,Routine Generalist,0,3
32274,Promo Hunter,1,3
32275,Engaged Generalist,2,3
32276,Engaged Generalist,2,3
32277,Routine Generalist,0,3
32278,Engaged Generalist,2,3
32279,Engaged Generalist,2,3
32280,Engaged Family Provisioner,2,1
32281,Promo Hunter,1,3
32282,Engaged Generalist,2,3
32283,Routine Tech,0,2
32284,Engaged Generalist,2,3
32285,Routine Generalist,0,3
32286,Routine Generalist,0,3
32287,Routine Generalist,0,3
32288,Routine Young Parents,0,0
32289,Promo Hunter,1,3
32291,Promo Hunter,1,0
32292,Routine Generalist,0,3
32293,Promo Hunter,1,3
32294,Promo Hunter,1,3
32295,Routine Generalist,0,3
32297,Routine Young Parents,0,0
32298,Engaged Generalist,2,3
32299,Routine Generalist,0,3
32300,Routine Generalist,0,3
32301,Promo Hunter,1,3
32302,Routine Generalist,0,3
32303,Routine Generalist,0,3
32306,Engaged Generalist,2,3
32308,Engaged Generalist,2,3
32309,Engaged Generalist,2,3
32310,Routine Young Parents,0,0
32311,Promo Hunter,1,3
32312,Engaged Generalist,2,3
32316,Promo Hunter,1,0
32317,Routine Generalist,0,3
32318,Routine Young Parents,0,0
32320,Engaged Generalist,2,3
32321,Promo Hunter,1,3
32322,Routine Generalist,0,3
32323,Routine Young Parents,0,0
32324,Engaged Generalist,2,3
32325,Engaged Generalist,2,3
32326,Routine Generalist,0,3
32327,Engaged Generalist,2,3
32328,Engaged Generalist,2,3
32329,Routine Generalist,0,3
32332,Promo Hunter,1,3
32333,Engaged Generalist,2,3
32334,Routine Generalist,0,3
32335,Promo Hunter,1,3
32337,Routine Tech,0,2
32338,Promo Hunter,1,3
32339,Routine Tech,0,2
32341,Routine Young Parents,0,0
32342,Routine Young Parents,0,0
32343,Engaged Family Provisioner,2,1
32344,Promo Hunter,1,3
32345,Routine Tech,0,2
32346,Routine Generalist,0,3
32348,Routine Young Parents,0,0
32349,Routine Generalist,0,3
32350,Engaged Generalist,2,3
32351,Routine Generalist,0,3
32352,Routine Generalist,0,3
32353,Engaged Generalist,2,3
32354,Promo Hunter,1,3
32355,Promo Hunter,1,3
32356,Routine Young Parents,0,0
32357,Engaged Generalist,2,3
32358,Engaged Family Provisioner,2,1
32359,Routine Tech,0,2
32360,Engaged Generalist,2,3
32361,Engaged Generalist,2,3
32362,Routine Generalist,0,3
32363,Routine Generalist,0,3
32365,Routine Young Parents,0,0
32366,Engaged Generalist,2,3
32367,Promo Hunter,1,3
32369,Routine Generalist,0,3
32370,Routine Generalist,0,3
32371,Routine Young Parents,0,0
32372,Routine Generalist,0,3
32374,Engaged Generalist,2,3
32375,Routine Young Parents,0,0
32376,Engaged Generalist,2,3
32377,Routine Generalist,0,3
32378,Routine Young Parents,0,0
32379,Routine Generalist,0,3
32380,Engaged Generalist,2,3
32381,Routine Generalist,0,3
32382,Routine Young Parents,0,0
32383,Engaged Generalist,2,3
32384,Routine Tech,0,2
32387,Promo Hunter,1,3
32388,Promo Hunter,1,3
32390,Routine Family Provisioner,0,1
32391,Routine Tech,0,2
32392,Routine Young Parents,0,0
32393,Routine Generalist,0,3
32394,Promo Hunter,1,3
32396,Routine Family Provisioner,0,1
32398,Routine Generalist,0,3
32399,Routine Family Provisioner,0,1
32400,Routine Young Parents,0,0
32401,Routine Generalist,0,3
32402,Routine Young Parents,0,0
32405,Engaged Generalist,2,3
32407,Routine Young Parents,0,0
32408,Routine Family Provisioner,0,1
32409,Engaged Generalist,2,3
32411,Routine Generalist,0,3
32412,Routine Tech,0,2
32415,Promo Hunter,1,3
32416,Routine Generalist,0,3
32417,Promo Hunter,1,1
32419,Routine Generalist,0,3
32420,Routine Tech,0,2
32421,Routine Generalist,0,3
32422,Routine Generalist,0,3
32423,Promo Hunter,1,3
32424,Routine Young Parents,0,0
32425,Engaged Generalist,2,3
32426,Promo Hunter,1,3
32427,Routine Tech,0,2
32428,Engaged Generalist,2,3
32429,Routine Family Provisioner,0,1
32430,Routine Generalist,0,3
32431,Routine Generalist,0,3
32432,Engaged Generalist,2,3
32433,Routine Generalist,0,3
32434,Routine Family Provisioner,0,1
32435,Engaged Generalist,2,3
32436,Engaged Generalist,2,3
32437,Routine Generalist,0,3
32438,Routine Generalist,0,3
32439,Promo Hunter,1,1
32440,Engaged Generalist,2,3
32442,Engaged Generalist,2,3
32443,Routine Generalist,0,3
32446,Routine Tech,0,2
32447,Engaged Generalist,2,3
32448,Promo Hunter,1,2
32451,Routine Family Provisioner,0,1
32452,Routine Generalist,0,3
32453,Promo Hunter,1,3
32455,Routine Generalist,0,3
32456,Engaged Generalist,2,3
32458,Routine Tech,0,2
32460,Routine Young Parents,0,0
32462,Engaged Generalist,2,3
32463,Routine Tech,0,2
32464,Engaged Generalist,2,3
32465,Routine Tech,0,2
32466,Promo Hunter,1,3
32467,Routine Generalist,0,3
32468,Engaged Generalist,2,3
32469,Engaged Generalist,2,3
32470,Routine Young Parents,0,0
32471,Promo Hunter,1,3
32472,Engaged Generalist,2,3
32473,Routine Young Parents,0,0
32474,Routine Tech,0,2
32475,Routine Young Parents,0,0
32476,Routine Family Provisioner,0,1
32479,Engaged Generalist,2,3
32480,Engaged Generalist,2,3
32481,Engaged Family Provisioner,2,1
32482,Promo Hunter,1,3
32483,Engaged Generalist,2,0
32484,Engaged Generalist,2,3
32485,Routine Generalist,0,3
32486,Routine Tech,0,2
32487,Engaged Generalist,2,3
32488,Routine Generalist,0,3
32489,Engaged Generalist,2,3
32490,Routine Generalist,0,3
32491,Engaged Generalist,2,3
32492,Routine Young Parents,0,0
32493,Routine Generalist,0,3
32494,Engaged Generalist,2,2
32495,Routine Young Parents,0,0
32497,Promo Hunter,1,3
32498,Routine Generalist,0,3
32499,Engaged Generalist,2,3
32500,Engaged Generalist,2,3
32501,Promo Hunter,1,3
32502,Routine Generalist,0,3
32503,Routine Generalist,0,3
32504,Engaged Generalist,2,3
32506,Promo Hunter,1,3
32507,Engaged Generalist,2,3
32508,Promo Hunter,1,3
32511,Routine Tech,0,2
32512,Routine Family Provisioner,0,1
32514,Engaged Generalist,2,3
32515,Engaged Generalist,2,3
32516,Routine Generalist,0,3
32517,Engaged Generalist,2,3
32518,Engaged Generalist,2,3
32521,Engaged Generalist,2,3
32522,Routine Generalist,0,3
32524,Routine Generalist,0,3
32525,Routine Generalist,0,3
32526,Engaged Generalist,2,3
32527,Promo Hunter,1,3
32529,Routine Young Parents,0,0
32530,Routine Family Provisioner,0,1
32531,Promo Hunter,1,3
32532,Promo Hunter,1,3
32533,Engaged Generalist,2,3
32534,Engaged Generalist,2,3
32535,Promo Hunter,1,3
32536,Routine Young Parents,0,0
32537,Engaged Generalist,2,3
32538,Routine Generalist,0,3
32539,Routine Young Parents,0,0
32540,Routine Generalist,0,3
32542,Routine Generalist,0,3
32543,Promo Hunter,1,3
32544,Promo Hunter,1,1
32545,Promo Hunter,1,3
32546,Routine Tech,0,2
32548,Routine Generalist,0,3
32549,Routine Generalist,0,3
32550,Routine Generalist,0,3
32551,Routine Young Parents,0,0
32552,Engaged Generalist,2,3
32553,Engaged Generalist,2,3
32555,Promo Hunter,1,3
32556,Routine Tech,0,2
32558,Promo Hunter,1,3
32559,Engaged Generalist,2,3
32560,Engaged Generalist,2,3
32561,Promo Hunter,1,3
32562,Routine Tech,0,2
32563,Promo Hunter,1,3
32565,Promo Hunter,1,3
32566,Promo Hunter,1,3
32567,Routine Generalist,0,3
32568,Routine Generalist,0,3
32569,Routine Young Parents,0,0
32570,Engaged Generalist,2,3
32571,Promo Hunter,1,3
32572,Routine Tech,0,2
32573,Engaged Generalist,2,3
32574,Routine Generalist,0,3
32575,Promo Hunter,1,3
32576,Engaged Family Provisioner,2,1
32577,Engaged Generalist,2,3
32578,Routine Generalist,0,3
32579,Routine Young Parents,0,0
32580,Promo Hunter,1,3
32581,Routine Generalist,0,3
32582,Routine Young Parents,0,0
32583,Routine Family Provisioner,0,1
32584,Routine Generalist,0,3
32586,Routine Young Parents,0,0
32587,Routine Generalist,0,3
32588,Routine Generalist,0,3
32589,Promo Hunter,1,0
32590,Promo Hunter,1,3
32591,Promo Hunter,1,3
32592,Promo Hunter,1,1
32594,Routine Young Parents,0,0
32595,Routine Generalist,0,3
32597,Engaged Generalist,2,3
32598,Promo Hunter,1,1
32599,Routine Generalist,0,3
32600,Routine Generalist,0,3
32601,Routine Tech,0,2
32602,Routine Generalist,0,3
32603,Routine Generalist,0,3
32604,Routine Tech,0,2
32606,Promo Hunter,1,3
32607,Routine Generalist,0,3
32609,Routine Generalist,0,3
32610,Engaged Generalist,2,3
32611,Routine Generalist,0,3
32612,Routine Family Provisioner,0,1
32613,Promo Hunter,1,1
32614,Promo Hunter,1,3
32615,Routine Young Parents,0,0
32616,Routine Tech,0,2
32617,Routine Generalist,0,3
32618,Routine Family Provisioner,0,1
32619,Engaged Generalist,2,3
32621,Routine Tech,0,2
32622,Promo Hunter,1,3
32623,Promo Hunter,1,3
32624,Routine Young Parents,0,0
32625,Routine Young Parents,0,0
32626,Engaged Generalist,2,3
32628,Routine Generalist,0,3
32629,Engaged Generalist,2,3
32630,Routine Tech,0,2
32631,Routine Young Parents,0,0
32632,Routine Tech,0,2
32633,Routine Generalist,0,3
32634,Routine Tech,0,2
32635,Routine Generalist,0,3
32636,Promo Hunter,1,3
32637,Engaged Generalist,2,3
32638,Promo Hunter,1,3
32639,Routine Young Parents,0,0
32641,Routine Generalist,0,3
32642,Routine Young Parents,0,0
32643,Routine Young Parents,0,0
32644,Routine Tech,0,2
32645,Routine Generalist,0,3
32646,Routine Tech,0,2
32647,Engaged Generalist,2,3
32650,Routine Generalist,0,3
32651,Routine Generalist,0,3
32652,Routine Generalist,0,3
32653,Routine Tech,0,2
32656,Routine Generalist,0,3
32657,Routine Generalist,0,3
32658,Routine Generalist,0,3
32661,Promo Hunter,1,3
32662,Routine Generalist,0,3
32663,Routine Generalist,0,3
32665,Routine Tech,0,2
32667,Routine Tech,0,2
32668,Engaged Generalist,2,3
32669,Routine Young Parents,0,0
32671,Routine Young Parents,0,0
32672,Routine Tech,0,2
32674,Engaged Generalist,2,3
32675,Promo Hunter,1,3
32676,Engaged Generalist,2,3
32677,Engaged Family Provisioner,2,1
32679,Routine Generalist,0,3
32680,Engaged Generalist,2,3
32682,Routine Generalist,0,3
32683,Routine Tech,0,2
32684,Routine Generalist,0,3
32685,Promo Hunter,1,3
32686,Routine Young Parents,0,0
32687,Engaged Generalist,2,3
32688,Routine Young Parents,0,0
32692,Routine Young Parents,0,0
32693,Promo Hunter,1,3
32694,Engaged Generalist,2,3
32695,Engaged Generalist,2,3
32696,Engaged Generalist,2,3
32697,Engaged Generalist,2,3
32698,Routine Family Provisioner,0,1
32699,Promo Hunter,1,3
32700,Routine Generalist,0,3
32702,Routine Generalist,0,3
32703,Engaged Generalist,2,3
32704,Routine Young Parents,0,0
32705,Promo Hunter,1,3
32706,Engaged Generalist,2,3
32707,Promo Hunter,1,3
32708,Routine Generalist,0,3
32709,Engaged Generalist,2,3
32710,Promo Hunter,1,3
32711,Routine Generalist,0,3
32712,Promo Hunter,1,3
32713,Engaged Generalist,2,3
32714,Engaged Generalist,2,3
32716,Routine Generalist,0,3
32717,Engaged Generalist,2,3
32718,Engaged Generalist,2,3
32720,Engaged Generalist,2,3
32721,Engaged Generalist,2,3
32722,Engaged Generalist,2,3
32723,Engaged Family Provisioner,2,1
32724,Engaged Generalist,2,3
32726,Promo Hunter,1,1
32727,Routine Young Parents,0,0
32728,Promo Hunter,1,3
32729,Engaged Generalist,2,3
32730,Engaged Generalist,2,3
32731,Promo Hunter,1,3
32732,Engaged Generalist,2,3
32733,Engaged Generalist,2,0
32734,Engaged Generalist,2,3
32735,Routine Young Parents,0,0
32736,Routine Tech,0,2
32737,Engaged Generalist,2,3
32738,Routine Generalist,0,3
32739,Routine Young Parents,0,0
32740,Promo Hunter,1,3
32741,Promo Hunter,1,3
32742,Engaged Generalist,2,3
32743,Engaged Generalist,2,3
32744,Routine Generalist,0,3
32745,Promo Hunter,1,3
32746,Routine Generalist,0,3
32748,Engaged Generalist,2,3
32749,Routine Generalist,0,3
32750,Routine Young Parents,0,0
32751,Promo Hunter,1,3
32752,Routine Young Parents,0,0
32754,Routine Young Parents,0,0
32755,Routine Generalist,0,3
32758,Routine Generalist,0,3
32760,Routine Family Provisioner,0,1
32761,Engaged Generalist,2,3
32763,Routine Tech,0,2
32764,Engaged Generalist,2,3
32765,Routine Tech,0,2
32766,Promo Hunter,1,3
32768,Routine Generalist,0,3
32769,Engaged Generalist,2,3
32770,Routine Generalist,0,3
32771,Engaged Generalist,2,3
32772,Promo Hunter,1,3
32773,Routine Generalist,0,3
32775,Routine Generalist,0,3
32776,Promo Hunter,1,3
32777,Promo Hunter,1,3
32779,Routine Generalist,0,3
32780,Routine Tech,0,2
32783,Engaged Generalist,2,3
32784,Engaged Generalist,2,3
32785,Engaged Generalist,2,3
32786,Engaged Generalist,2,3
32787,Routine Young Parents,0,0
32788,Promo Hunter,1,3
32789,Engaged Generalist,2,3
32790,Engaged Generalist,2,3
32791,Routine Young Parents,0,0
32794,Engaged Generalist,2,3
32795,Routine Young Parents,0,0
32796,Routine Young Parents,0,0
32797,Promo Hunter,1,1
32799,Routine Young Parents,0,0
32800,Promo Hunter,1,3
32802,Promo Hunter,1,1
32804,Promo Hunter,1,1
32805,Engaged Generalist,2,3
32806,Routine Young Parents,0,0
32807,Engaged Generalist,2,3
32810,Routine Generalist,0,3
32811,Promo Hunter,1,0
32812,Routine Tech,0,2
32814,Routine Tech,0,2
32815,Engaged Generalist,2,3
32816,Engaged Generalist,2,3
32817,Routine Young Parents,0,0
32818,Promo Hunter,1,3
32819,Engaged Generalist,2,2
32820,Engaged Generalist,2,3
32821,Routine Tech,0,2
32822,Routine Generalist,0,3
32823,Routine Generalist,0,3
32825,Promo Hunter,1,1
32826,Promo Hunter,1,3
32828,Promo Hunter,1,3
32829,Routine Generalist,0,3
32830,Engaged Generalist,2,3
32831,Routine Generalist,0,3
32832,Promo Hunter,1,3
32833,Promo Hunter,1,3
32834,Promo Hunter,1,3
32835,Routine Generalist,0,3
32836,Routine Generalist,0,3
32837,Routine Generalist,0,3
32838,Routine Young Parents,0,0
32839,Routine Young Parents,0,0
32840,Promo Hunter,1,3
32841,Promo Hunter,1,3
32842,Promo Hunter,1,1
32843,Engaged Generalist,2,3
32844,Promo Hunter,1,1
32845,Routine Generalist,0,3
32846,Routine Young Parents,0,0
32847,Promo Hunter,1,3
32848,Promo Hunter,1,3
32849,Engaged Generalist,2,3
32850,Engaged Generalist,2,3
32851,Engaged Generalist,2,0
32852,Routine Young Parents,0,0
32853,Routine Tech,0,2
32854,Engaged Generalist,2,3
32855,Routine Tech,0,2
32856,Promo Hunter,1,3
32858,Engaged Generalist,2,3
32859,Promo Hunter,1,3
32860,Promo Hunter,1,3
32861,Routine Young Parents,0,0
32862,Routine Generalist,0,3
32863,Routine Generalist,0,3
32865,Routine Generalist,0,3
32867,Promo Hunter,1,3
32868,Routine Generalist,0,3
32869,Routine Tech,0,2
32870,Routine Generalist,0,3
32871,Engaged Generalist,2,3
32872,Routine Tech,0,2
32873,Routine Young Parents,0,0
32874,Routine Young Parents,0,0
32875,Engaged Generalist,2,3
32876,Routine Young Parents,0,0
32877,Routine Young Parents,0,0
32878,Routine Generalist,0,3
32879,Engaged Generalist,2,3
32881,Engaged Generalist,2,3
32882,Promo Hunter,1,3
32883,Routine Family Provisioner,0,1
32884,Engaged Generalist,2,3
32885,Engaged Generalist,2,3
32886,Promo Hunter,1,3
32887,Engaged Generalist,2,3
32889,Promo Hunter,1,3
32890,Engaged Family Provisioner,2,1
32891,Routine Generalist,0,3
32892,Engaged Generalist,2,3
32893,Routine Tech,0,2
32894,Routine Young Parents,0,0
32895,Routine Young Parents,0,0
32896,Routine Young Parents,0,0
32897,Routine Young Parents,0,0
32898,Routine Generalist,0,3
32899,Routine Generalist,0,3
32900,Routine Tech,0,2
32901,Routine Generalist,0,3
32902,Routine Generalist,0,3
32904,Routine Tech,0,2
32905,Routine Generalist,0,3
32906,Engaged Generalist,2,3
32908,Routine Young Parents,0,0
32909,Engaged Generalist,2,3
32910,Routine Tech,0,2
32911,Routine Family Provisioner,0,1
32912,Engaged Generalist,2,3
32913,Promo Hunter,1,3
32914,Routine Tech,0,2
32915,Routine Family Provisioner,0,1
32916,Routine Generalist,0,3
32917,Routine Generalist,0,3
32919,Engaged Generalist,2,3
32921,Routine Generalist,0,3
32922,Engaged Generalist,2,3
32923,Routine Young Parents,0,0
32924,Engaged Generalist,2,3
32925,Engaged Generalist,2,3
32926,Routine Tech,0,2
32927,Routine Tech,0,2
32928,Engaged Family Provisioner,2,1
32931,Engaged Generalist,2,3
32932,Routine Young Parents,0,0
32933,Routine Generalist,0,3
32935,Routine Generalist,0,3
32940,Promo Hunter,1,3
32941,Routine Young Parents,0,0
32942,Promo Hunter,1,3
32943,Promo Hunter,1,3
32944,Engaged Family Provisioner,2,1
32945,Promo Hunter,1,3
32946,Promo Hunter,1,3
32948,Engaged Generalist,2,3
32949,Routine Generalist,0,3
32950,Routine Young Parents,0,0
32951,Routine Generalist,0,3
32952,Routine Generalist,0,3
32953,Routine Generalist,0,3
32954,Routine Tech,0,2
32955,Routine Generalist,0,3
32956,Routine Young Parents,0,0
32957,Routine Generalist,0,3
32958,Engaged Generalist,2,3
32959,Routine Tech,0,2
32962,Routine Generalist,0,3
32963,Routine Young Parents,0,0
32964,Routine Young Parents,0,0
32965,Routine Young Parents,0,0
32966,Engaged Generalist,2,3
32967,Routine Generalist,0,3
32968,Routine Generalist,0,3
32970,Engaged Generalist,2,3
32972,Routine Generalist,0,3
32973,Engaged Generalist,2,3
32974,Engaged Generalist,2,3
32975,Engaged Generalist,2,3
32976,Routine Generalist,0,3
32978,Engaged Generalist,2,3
32979,Routine Young Parents,0,0
32981,Routine Young Parents,0,0
32982,Routine Generalist,0,3
32983,Engaged Generalist,2,3
32984,Engaged Generalist,2,3
32985,Routine Generalist,0,3
32986,Engaged Generalist,2,3
32989,Promo Hunter,1,3
32990,Engaged Generalist,2,3
32991,Routine Family Provisioner,0,1
32992,Routine Generalist,0,3
32993,Promo Hunter,1,3
32994,Promo Hunter,1,3
32996,Routine Generalist,0,3
32999,Promo Hunter,1,3
33000,Promo Hunter,1,2
33001,Routine Generalist,0,3
33002,Engaged Generalist,2,3
33003,Engaged Generalist,2,3
33006,Engaged Generalist,2,2
33008,Promo Hunter,1,3
33009,Promo Hunter,1,3
33010,Engaged Generalist,2,3
33011,Engaged Generalist,2,3
33012,Routine Generalist,0,3
33013,Promo Hunter,1,3
33015,Promo Hunter,1,1
33016,Routine Generalist,0,3
33017,Routine Generalist,0,3
33018,Routine Generalist,0,3
33020,Routine Tech,0,2
33022,Routine Family Provisioner,0,1
33023,Routine Generalist,0,3
33025,Routine Tech,0,2
33028,Routine Generalist,0,3
33029,Promo Hunter,1,3
33030,Routine Generalist,0,3
33033,Routine Generalist,0,3
33035,Promo Hunter,1,3
33036,Engaged Generalist,2,3
33037,Routine Generalist,0,3
33038,Routine Generalist,0,3
33039,Routine Generalist,0,3
33041,Routine Family Provisioner,0,1
33043,Routine Young Parents,0,0
33044,Routine Tech,0,2
33045,Routine Generalist,0,3
33046,Engaged Generalist,2,3
33047,Engaged Generalist,2,3
33048,Routine Generalist,0,3
33049,Routine Young Parents,0,0
33050,Routine Young Parents,0,0
33052,Routine Tech,0,2
33054,Promo Hunter,1,1
33055,Promo Hunter,1,3
33056,Engaged Generalist,2,3
33057,Promo Hunter,1,1
33058,Engaged Generalist,2,3
33059,Engaged Generalist,2,3
33060,Promo Hunter,1,3
33061,Routine Tech,0,2
33062,Routine Generalist,0,3
33063,Promo Hunter,1,1
33064,Routine Young Parents,0,0
33065,Routine Young Parents,0,0
33067,Routine Tech,0,2
33068,Routine Generalist,0,3
33069,Promo Hunter,1,3
33071,Engaged Generalist,2,3
33073,Engaged Generalist,2,3
33074,Promo Hunter,1,3
33075,Routine Generalist,0,3
33076,Promo Hunter,1,3
33080,Engaged Generalist,2,3
33081,Engaged Generalist,2,3
33082,Promo Hunter,1,3
33085,Routine Young Parents,0,0
33086,Promo Hunter,1,3
33087,Engaged Generalist,2,3
33088,Promo Hunter,1,3
33089,Engaged Generalist,2,3
33090,Routine Young Parents,0,0
33092,Engaged Generalist,2,3
33095,Promo Hunter,1,3
33097,Routine Generalist,0,3
33098,Routine Young Parents,0,0
33099,Engaged Generalist,2,3
33100,Engaged Generalist,2,3
33101,Promo Hunter,1,3
33102,Routine Young Parents,0,0
33103,Routine Generalist,0,3
33104,Engaged Generalist,2,3
33105,Promo Hunter,1,3
33106,Routine Young Parents,0,0
33108,Engaged Generalist,2,3
33109,Routine Generalist,0,3
33110,Engaged Generalist,2,3
33111,Promo Hunter,1,3
33112,Engaged Generalist,2,3
33113,Engaged Generalist,2,3
33115,Promo Hunter,1,1
33116,Routine Generalist,0,3
33117,Routine Generalist,0,3
33119,Routine Generalist,0,3
33122,Routine Tech,0,2
33123,Routine Young Parents,0,0
33124,Routine Tech,0,2
33125,Promo Hunter,1,3
33127,Routine Young Parents,0,0
33128,Routine Tech,0,2
33129,Engaged Generalist,2,3
33131,Routine Young Parents,0,0
33132,Engaged Generalist,2,3
33133,Routine Generalist,0,3
33134,Promo Hunter,1,1
33136,Engaged Family Provisioner,2,1
33137,Engaged Generalist,2,3
33139,Routine Tech,0,2
33140,Engaged Generalist,2,3
33141,Routine Generalist,0,3
33142,Routine Generalist,0,3
33143,Routine Young Parents,0,0
33144,Routine Tech,0,2
33145,Engaged Family Provisioner,2,1
33146,Engaged Generalist,2,3
33148,Routine Generalist,0,3
33149,Routine Young Parents,0,0
33150,Routine Family Provisioner,0,1
33152,Routine Generalist,0,3
33153,Engaged Generalist,2,3
33154,Engaged Generalist,2,3
33155,Engaged Generalist,2,3
33156,Promo Hunter,1,3
33158,Promo Hunter,1,3
33159,Engaged Generalist,2,3
33160,Routine Tech,0,2
33162,Routine Generalist,0,3
33163,Promo Hunter,1,3
33164,Engaged Generalist,2,3
33165,Routine Generalist,0,3
33167,Routine Generalist,0,3
33168,Promo Hunter,1,3
33169,Promo Hunter,1,0
33170,Routine Tech,0,2
33171,Promo Hunter,1,3
33172,Engaged Generalist,2,3
33174,Engaged Generalist,2,3
33175,Engaged Generalist,2,3
33176,Engaged Generalist,2,3
33177,Routine Generalist,0,3
33179,Routine Tech,0,2
33181,Engaged Generalist,2,3
33182,Promo Hunter,1,3
33184,Promo Hunter,1,3
33185,Engaged Generalist,2,3
33186,Promo Hunter,1,3
33187,Routine Generalist,0,3
33188,Engaged Generalist,2,3
33189,Routine Generalist,0,3
33192,Promo Hunter,1,3
33195,Routine Tech,0,2
33196,Routine Young Parents,0,0
33198,Routine Tech,0,2
33199,Engaged Generalist,2,3
33200,Promo Hunter,1,1
33201,Engaged Generalist,2,3
33203,Promo Hunter,1,3
33204,Promo Hunter,1,3
33205,Routine Generalist,0,3
33206,Engaged Generalist,2,3
33207,Routine Generalist,0,3
33209,Routine Generalist,0,3
33210,Routine Tech,0,2
33211,Promo Hunter,1,3
33212,Engaged Generalist,2,3
33213,Engaged Generalist,2,3
33214,Routine Generalist,0,3
33215,Routine Young Parents,0,0
33216,Routine Young Parents,0,0
33217,Routine Generalist,0,3
33218,Routine Tech,0,2
33219,Routine Young Parents,0,0
33220,Promo Hunter,1,0
33221,Routine Young Parents,0,0
33222,Routine Tech,0,2
33223,Promo Hunter,1,1
33224,Engaged Generalist,2,3
33225,Routine Generalist,0,3
33226,Engaged Generalist,2,3
33227,Engaged Family Provisioner,2,1
33228,Routine Generalist,0,3
33229,Promo Hunter,1,0
33230,Routine Family Provisioner,0,1
33231,Routine Generalist,0,3
33232,Promo Hunter,1,3
33233,Engaged Generalist,2,3
33234,Promo Hunter,1,3
33235,Routine Generalist,0,3
33238,Promo Hunter,1,3
33239,Routine Generalist,0,3
33240,Routine Young Parents,0,0
33241,Promo Hunter,1,3
33242,Routine Generalist,0,3
33243,Routine Generalist,0,3
33245,Routine Generalist,0,3
33246,Promo Hunter,1,1
33247,Engaged Generalist,2,0
33248,Engaged Generalist,2,3
33249,Engaged Generalist,2,3
33251,Routine Family Provisioner,0,1
33252,Routine Tech,0,2
33253,Routine Young Parents,0,0
33254,Engaged Generalist,2,3
33255,Promo Hunter,1,3
33256,Routine Young Parents,0,0
33257,Routine Family Provisioner,0,1
33258,Routine Generalist,0,3
33260,Routine Generalist,0,3
33261,Routine Generalist,0,3
33263,Engaged Family Provisioner,2,1
33264,Engaged Generalist,2,3
33265,Routine Family Provisioner,0,1
33266,Routine Generalist,0,3
33267,Routine Young Parents,0,0
33270,Routine Generalist,0,3
33271,Engaged Generalist,2,3
33272,Routine Generalist,0,3
33273,Promo Hunter,1,3
33274,Engaged Generalist,2,3
33275,Routine Generalist,0,3
33276,Routine Generalist,0,3
33277,Routine Generalist,0,3
33279,Routine Generalist,0,3
33280,Promo Hunter,1,2
33281,Promo Hunter,1,3
33282,Routine Young Parents,0,0
33283,Engaged Generalist,2,3
33284,Routine Tech,0,2
33285,Promo Hunter,1,3
33286,Engaged Generalist,2,3
33287,Engaged Generalist,2,3
33288,Promo Hunter,1,2
33289,Routine Generalist,0,3
33291,Routine Generalist,0,3
33292,Routine Generalist,0,3
33294,Routine Young Parents,0,0
33296,Engaged Generalist,2,2
33297,Routine Generalist,0,3
33301,Routine Tech,0,2
33302,Promo Hunter,1,3
33303,Routine Tech,0,2
33304,Engaged Generalist,2,3
33305,Engaged Generalist,2,3
33306,Promo Hunter,1,3
33308,Routine Young Parents,0,0
33309,Routine Generalist,0,3
33311,Engaged Generalist,2,3
33312,Engaged Generalist,2,3
33313,Routine Generalist,0,3
33314,Promo Hunter,1,1
33315,Engaged Generalist,2,3
33316,Engaged Generalist,2,3
33317,Engaged Generalist,2,3
33318,Routine Tech,0,2
33319,Routine Young Parents,0,0
33320,Routine Generalist,0,3
33321,Promo Hunter,1,3
33323,Promo Hunter,1,3
33324,Promo Hunter,1,3
33325,Engaged Generalist,2,3
33327,Routine Generalist,0,3
33329,Engaged Generalist,2,3
33330,Routine Generalist,0,3
33331,Engaged Generalist,2,3
33332,Routine Generalist,0,3
33333,Routine Generalist,0,3
33334,Promo Hunter,1,1
33335,Engaged Generalist,2,3
33336,Routine Young Parents,0,0
33338,Engaged Generalist,2,3
33339,Routine Generalist,0,3
33340,Promo Hunter,1,3
33342,Engaged Generalist,2,3
33343,Promo Hunter,1,3
33344,Routine Generalist,0,3
33345,Routine Generalist,0,3
33346,Routine Family Provisioner,0,1
33348,Routine Tech,0,2
33349,Promo Hunter,1,3
33350,Promo Hunter,1,3
33352,Promo Hunter,1,3
33353,Promo Hunter,1,3
33355,Promo Hunter,1,3
33357,Engaged Generalist,2,3
33358,Routine Tech,0,2
33359,Routine Generalist,0,3
33360,Routine Tech,0,2
33361,Routine Generalist,0,3
33362,Promo Hunter,1,3
33363,Promo Hunter,1,3
33364,Routine Generalist,0,3
33365,Engaged Generalist,2,3
33366,Promo Hunter,1,3
33367,Promo Hunter,1,3
33369,Engaged Generalist,2,3
33370,Routine Young Parents,0,0
33371,Engaged Generalist,2,3
33372,Routine Tech,0,2
33373,Routine Generalist,0,3
33375,Routine Young Parents,0,0
33376,Promo Hunter,1,0
33377,Routine Generalist,0,3
33378,Routine Family Provisioner,0,1
33379,Routine Young Parents,0,0
33380,Routine Generalist,0,3
33382,Promo Hunter,1,3
33383,Routine Young Parents,0,0
33384,Engaged Generalist,2,3
33386,Engaged Generalist,2,3
33387,Promo Hunter,1,3
33388,Routine Tech,0,2
33391,Routine Generalist,0,3
33393,Engaged Generalist,2,3
33394,Routine Generalist,0,3
33397,Routine Generalist,0,3
33398,Promo Hunter,1,3
33400,Promo Hunter,1,0
33401,Routine Tech,0,2
33403,Promo Hunter,1,3
33404,Engaged Generalist,2,3
33406,Routine Family Provisioner,0,1
33407,Promo Hunter,1,1
33408,Promo Hunter,1,3
33410,Engaged Generalist,2,3
33411,Engaged Generalist,2,3
33412,Routine Young Parents,0,0
33413,Routine Young Parents,0,0
33414,Engaged Generalist,2,2
33415,Engaged Generalist,2,3
33416,Engaged Generalist,2,3
33417,Promo Hunter,1,3
33418,Promo Hunter,1,0
33419,Routine Young Parents,0,0
33420,Promo Hunter,1,3
33421,Routine Generalist,0,3
33422,Routine Tech,0,2
33423,Promo Hunter,1,3
33424,Routine Generalist,0,3
33425,Engaged Generalist,2,3
33426,Engaged Generalist,2,3
33427,Engaged Generalist,2,3
33428,Promo Hunter,1,1
33429,Promo Hunter,1,3
33430,Routine Young Parents,0,0
33431,Routine Generalist,0,3
33432,Promo Hunter,1,3
33433,Engaged Generalist,2,3
33435,Promo Hunter,1,3
33436,Engaged Generalist,2,3
33437,Routine Generalist,0,3
33438,Promo Hunter,1,3
33439,Engaged Generalist,2,3
33440,Routine Generalist,0,3
33441,Routine Generalist,0,3
33443,Routine Young Parents,0,0
33445,Engaged Generalist,2,3
33446,Routine Generalist,0,3
33447,Engaged Generalist,2,3
33448,Routine Family Provisioner,0,1
33449,Routine Generalist,0,3
33451,Routine Generalist,0,3
33452,Promo Hunter,1,3
33453,Routine Young Parents,0,0
33454,Engaged Generalist,2,3
33455,Promo Hunter,1,3
33456,Promo Hunter,1,3
33457,Promo Hunter,1,3
33458,Routine Young Parents,0,0
33459,Promo Hunter,1,3
33460,Routine Family Provisioner,0,1
33461,Routine Generalist,0,3
33463,Routine Young Parents,0,0
33464,Routine Generalist,0,3
33465,Promo Hunter,1,3
33466,Routine Generalist,0,3
33467,Engaged Generalist,2,3
33468,Routine Generalist,0,3
33469,Promo Hunter,1,3
33470,Routine Family Provisioner,0,1
33471,Engaged Generalist,2,3
33472,Routine Generalist,0,3
33474,Engaged Generalist,2,3
33475,Engaged Generalist,2,3
33476,Routine Young Parents,0,0
33477,Engaged Generalist,2,0
33478,Promo Hunter,1,1
33479,Routine Generalist,0,3
33480,Engaged Generalist,2,3
33481,Routine Generalist,0,3
33483,Routine Young Parents,0,0
33484,Engaged Generalist,2,3
33486,Routine Young Parents,0,0
33487,Routine Young Parents,0,0
33489,Routine Tech,0,2
33490,Engaged Generalist,2,3
33494,Engaged Generalist,2,3
33495,Routine Tech,0,2
33496,Engaged Generalist,2,3
33497,Promo Hunter,1,1
33498,Engaged Generalist,2,0
33499,Engaged Generalist,2,3
33502,Promo Hunter,1,3
33503,Routine Generalist,0,3
33505,Routine Young Parents,0,0
33506,Routine Tech,0,2
33507,Routine Generalist,0,3
33510,Engaged Generalist,2,3
33511,Engaged Family Provisioner,2,1
33512,Promo Hunter,1,3
33513,Routine Generalist,0,3
33514,Routine Young Parents,0,0
33515,Routine Young Parents,0,0
33516,Routine Young Parents,0,0
33517,Promo Hunter,1,3
33519,Routine Young Parents,0,0
33520,Routine Generalist,0,3
33521,Engaged Generalist,2,3
33522,Routine Family Provisioner,0,1
33523,Engaged Family Provisioner,2,1
33524,Routine Generalist,0,3
33525,Routine Tech,0,2
33526,Engaged Generalist,2,3
33527,Routine Generalist,0,3
33528,Routine Generalist,0,3
33529,Promo Hunter,1,3
33530,Promo Hunter,1,3
33531,Promo Hunter,1,3
33532,Routine Generalist,0,3
33533,Promo Hunter,1,3
33535,Routine Tech,0,2
33536,Engaged Family Provisioner,2,1
33538,Engaged Generalist,2,3
33539,Routine Young Parents,0,0
33540,Promo Hunter,1,3
33541,Engaged Generalist,2,3
33542,Routine Generalist,0,3
33543,Routine Tech,0,2
33544,Engaged Generalist,2,3
33546,Engaged Generalist,2,3
33547,Routine Young Parents,0,0
33548,Routine Generalist,0,3
33549,Promo Hunter,1,1
33550,Engaged Generalist,2,3
33551,Engaged Generalist,2,3
33552,Engaged Generalist,2,3
33554,Routine Young Parents,0,0
33555,Routine Young Parents,0,0
33556,Promo Hunter,1,3
33559,Engaged Family Provisioner,2,1
33560,Routine Young Parents,0,0
33561,Routine Young Parents,0,0
33562,Routine Young Parents,0,0
33563,Routine Tech,0,2
33564,Engaged Generalist,2,3
33565,Promo Hunter,1,2
33566,Routine Tech,0,2
33567,Promo Hunter,1,3
33570,Promo Hunter,1,1
33571,Engaged Generalist,2,3
33572,Engaged Generalist,2,3
33573,Routine Young Parents,0,0
33574,Promo Hunter,1,3
33575,Routine Generalist,0,3
33577,Routine Generalist,0,3
33578,Routine Generalist,0,3
33579,Routine Generalist,0,3
33580,Promo Hunter,1,3
33581,Routine Tech,0,2
33582,Routine Generalist,0,3
33583,Routine Young Parents,0,0
33584,Promo Hunter,1,3
33585,Promo Hunter,1,1
33586,Engaged Generalist,2,3
33587,Routine Tech,0,2
33588,Promo Hunter,1,3
33589,Routine Generalist,0,3
33590,Routine Generalist,0,3
33591,Promo Hunter,1,3
33592,Promo Hunter,1,3
33593,Engaged Generalist,2,3
33594,Engaged Generalist,2,3
33595,Engaged Generalist,2,3
33596,Routine Generalist,0,3
33597,Engaged Generalist,2,3
33598,Promo Hunter,1,3
33599,Promo Hunter,1,3
33600,Engaged Generalist,2,3
33601,Routine Young Parents,0,0
33602,Engaged Generalist,2,3
33603,Routine Generalist,0,3
33604,Promo Hunter,1,1
33605,Promo Hunter,1,3
33606,Routine Generalist,0,3
33607,Routine Generalist,0,3
33608,Engaged Generalist,2,3
33609,Routine Generalist,0,3
33610,Engaged Generalist,2,3
33611,Engaged Generalist,2,3
33612,Engaged Generalist,2,3
33613,Engaged Family Provisioner,2,1
33614,Routine Tech,0,2
33615,Engaged Generalist,2,3
33616,Engaged Generalist,2,3
33618,Routine Tech,0,2
33619,Engaged Generalist,2,3
33620,Routine Generalist,0,3
33624,Routine Generalist,0,3
33626,Promo Hunter,1,3
33627,Routine Generalist,0,3
33628,Engaged Generalist,2,3
33629,Routine Young Parents,0,0
33630,Routine Tech,0,2
33631,Engaged Generalist,2,3
33632,Engaged Generalist,2,3
33633,Routine Tech,0,2
33635,Promo Hunter,1,3
33636,Routine Young Parents,0,0
33637,Promo Hunter,1,3
33638,Routine Generalist,0,3
33639,Routine Generalist,0,3
33640,Routine Generalist,0,3
33641,Engaged Generalist,2,3
33642,Routine Family Provisioner,0,1
33643,Routine Generalist,0,3
33644,Routine Generalist,0,3
33645,Promo Hunter,1,1
33646,Engaged Generalist,2,3
33647,Routine Young Parents,0,0
33648,Routine Young Parents,0,0
33649,Routine Generalist,0,3
33650,Routine Generalist,0,3
33651,Engaged Generalist,2,3
33652,Promo Hunter,1,3
33654,Routine Tech,0,2
33655,Engaged Generalist,2,3
33656,Engaged Generalist,2,3
33657,Promo Hunter,1,3
33658,Routine Young Parents,0,0
33659,Routine Generalist,0,3
33660,Routine Young Parents,0,0
33661,Routine Young Parents,0,0
33662,Engaged Generalist,2,3
33663,Promo Hunter,1,1
33664,Engaged Generalist,2,3
33665,Routine Young Parents,0,0
33666,Routine Generalist,0,3
33667,Routine Generalist,0,3
33668,Promo Hunter,1,1
33669,Routine Tech,0,2
33671,Routine Generalist,0,3
33672,Engaged Generalist,2,0
33673,Engaged Generalist,2,3
33674,Routine Young Parents,0,0
33676,Routine Generalist,0,3
33677,Routine Family Provisioner,0,1
33678,Promo Hunter,1,3
33679,Promo Hunter,1,3
33680,Engaged Generalist,2,0
33681,Routine Tech,0,2
33683,Promo Hunter,1,3
33684,Promo Hunter,1,3
33685,Promo Hunter,1,3
33686,Routine Generalist,0,3
33688,Routine Young Parents,0,0
33689,Routine Generalist,0,3
33690,Engaged Generalist,2,3
33691,Routine Generalist,0,3
33692,Engaged Generalist,2,3
33693,Routine Tech,0,2
33694,Promo Hunter,1,0
33695,Routine Young Parents,0,0
33696,Engaged Generalist,2,3
33697,Engaged Generalist,2,3
33698,Routine Tech,0,2
33699,Routine Family Provisioner,0,1
33700,Routine Generalist,0,3
33701,Promo Hunter,1,3
33702,Engaged Generalist,2,3
33703,Routine Generalist,0,3
33704,Routine Young Parents,0,0
33705,Routine Young Parents,0,0
33706,Routine Generalist,0,3
33707,Routine Tech,0,2
33709,Promo Hunter,1,3
33710,Routine Generalist,0,3
33711,Engaged Family Provisioner,2,1
33713,Engaged Family Provisioner,2,1
33714,Routine Generalist,0,3
33715,Routine Generalist,0,3
33716,Routine Generalist,0,3
33717,Engaged Generalist,2,3
33718,Routine Tech,0,2
33719,Promo Hunter,1,3
33720,Routine Generalist,0,3
33721,Routine Family Provisioner,0,1
33722,Routine Generalist,0,3
33723,Engaged Generalist,2,3
33724,Promo Hunter,1,3
33725,Routine Generalist,0,3
33726,Routine Young Parents,0,0
33727,Promo Hunter,1,1
33729,Routine Generalist,0,3
33730,Promo Hunter,1,3
33731,Routine Generalist,0,3
33732,Engaged Generalist,2,3
33733,Engaged Generalist,2,3
33734,Routine Generalist,0,3
33735,Routine Generalist,0,3
33736,Routine Generalist,0,3
33737,Routine Generalist,0,3
33739,Routine Generalist,0,3
33740,Engaged Generalist,2,3
33744,Routine Generalist,0,3
33745,Engaged Generalist,2,3
33746,Engaged Generalist,2,3
33747,Routine Generalist,0,3
33749,Engaged Generalist,2,3
33750,Routine Family Provisioner,0,1
33751,Engaged Generalist,2,3
33752,Engaged Generalist,2,3
33753,Engaged Generalist,2,3
33754,Promo Hunter,1,3
33756,Routine Generalist,0,3
33757,Promo Hunter,1,3
33758,Routine Generalist,0,3
33759,Routine Young Parents,0,0
33760,Routine Tech,0,2
33761,Engaged Family Provisioner,2,1
33762,Engaged Family Provisioner,2,1
33763,Routine Generalist,0,3
33764,Routine Generalist,0,3
33765,Routine Young Parents,0,0
33766,Routine Generalist,0,3
33767,Routine Young Parents,0,0
33768,Promo Hunter,1,3
33769,Routine Young Parents,0,0
33770,Routine Young Parents,0,0
33772,Routine Generalist,0,3
33773,Engaged Generalist,2,3
33774,Routine Young Parents,0,0
33775,Engaged Generalist,2,3
33776,Routine Generalist,0,3
33777,Routine Young Parents,0,0
33778,Routine Generalist,0,3
33779,Routine Generalist,0,3
33780,Engaged Generalist,2,3
33781,Promo Hunter,1,3
33782,Routine Generalist,0,3
33783,Promo Hunter,1,3
33785,Promo Hunter,1,3
33786,Routine Tech,0,2
33787,Routine Generalist,0,3
33788,Routine Generalist,0,3
33790,Routine Generalist,0,3
33791,Engaged Generalist,2,3
33792,Routine Young Parents,0,0
33793,Promo Hunter,1,3
33794,Engaged Generalist,2,3
33795,Engaged Generalist,2,3
33796,Engaged Generalist,2,3
33797,Routine Young Parents,0,0
33798,Promo Hunter,1,1
33800,Routine Young Parents,0,0
33802,Routine Generalist,0,3
33804,Routine Family Provisioner,0,1
33805,Routine Tech,0,2
33807,Promo Hunter,1,3
33808,Engaged Generalist,2,3
33809,Routine Generalist,0,3
33810,Promo Hunter,1,0
33811,Engaged Generalist,2,3
33812,Routine Generalist,0,3
33813,Routine Generalist,0,3
33814,Routine Generalist,0,3
33815,Routine Tech,0,2
33816,Routine Generalist,0,3
33817,Routine Tech,0,2
33818,Routine Generalist,0,3
33819,Promo Hunter,1,3
33820,Routine Generalist,0,3
33821,Routine Generalist,0,3
33822,Routine Generalist,0,3
33823,Routine Generalist,0,3
33826,Promo Hunter,1,3
33827,Engaged Generalist,2,3
33828,Promo Hunter,1,3
33829,Routine Young Parents,0,0
33830,Promo Hunter,1,1
33831,Promo Hunter,1,3
33832,Promo Hunter,1,3
33833,Engaged Generalist,2,3
33834,Routine Generalist,0,3
33835,Routine Young Parents,0,0
33836,Routine Generalist,0,3
33837,Routine Tech,0,2
33838,Engaged Generalist,2,3
33839,Routine Generalist,0,3
33840,Promo Hunter,1,3
33841,Engaged Generalist,2,3
33843,Promo Hunter,1,3
33844,Routine Family Provisioner,0,1
33845,Routine Young Parents,0,0
33847,Routine Generalist,0,3
33848,Promo Hunter,1,3
33849,Routine Young Parents,0,0
33850,Promo Hunter,1,3
33852,Routine Family Provisioner,0,1
33853,Routine Generalist,0,3
33854,Promo Hunter,1,3
33855,Promo Hunter,1,3
33856,Engaged Family Provisioner,2,1
33858,Routine Young Parents,0,0
33859,Routine Generalist,0,3
33860,Promo Hunter,1,3
33861,Routine Generalist,0,3
33862,Routine Generalist,0,3
33863,Promo Hunter,1,3
33865,Promo Hunter,1,3
33866,Routine Generalist,0,3
33867,Engaged Generalist,2,3
33868,Promo Hunter,1,3
33869,Engaged Family Provisioner,2,1
33870,Routine Generalist,0,3
33871,Promo Hunter,1,3
33872,Promo Hunter,1,3
33873,Routine Generalist,0,3
33874,Routine Generalist,0,3
33875,Promo Hunter,1,3
33876,Routine Generalist,0,3
33877,Routine Young Parents,0,0
33879,Engaged Generalist,2,3
33880,Promo Hunter,1,3
33881,Routine Young Parents,0,0
33882,Routine Young Parents,0,0
33883,Promo Hunter,1,3
33884,Routine Tech,0,2
33886,Engaged Generalist,2,3
33887,Engaged Generalist,2,3
33888,Promo Hunter,1,1
33889,Routine Generalist,0,3
33890,Routine Young Parents,0,0
33891,Routine Young Parents,0,0
33892,Routine Generalist,0,3
33893,Promo Hunter,1,3
33894,Routine Generalist,0,3
33896,Promo Hunter,1,1
33897,Routine Tech,0,2
33899,Engaged Generalist,2,3
33900,Engaged Generalist,2,3
33901,Routine Generalist,0,3
33903,Routine Generalist,0,3
33905,Routine Tech,0,2
33907,Engaged Generalist,2,3
33908,Promo Hunter,1,3
33910,Routine Young Parents,0,0
33911,Promo Hunter,1,3
33912,Routine Young Parents,0,0
33913,Routine Generalist,0,3
33915,Routine Tech,0,2
33916,Engaged Generalist,2,3
33918,Routine Generalist,0,3
33921,Routine Generalist,0,3
33922,Promo Hunter,1,3
33923,Engaged Generalist,2,3
33924,Promo Hunter,1,3
33926,Routine Generalist,0,3
33927,Engaged Generalist,2,3
33928,Routine Generalist,0,3
33930,Routine Generalist,0,3
33931,Routine Tech,0,2
33932,Routine Young Parents,0,0
33933,Promo Hunter,1,3
33935,Routine Generalist,0,3
33936,Promo Hunter,1,3
33937,Engaged Generalist,2,3
33938,Routine Young Parents,0,0
33939,Promo Hunter,1,3
33940,Promo Hunter,1,3
33941,Routine Generalist,0,3
33942,Routine Generalist,0,3
33943,Promo Hunter,1,3
33944,Promo Hunter,1,3
33945,Engaged Generalist,2,3
33947,Routine Young Parents,0,0
33948,Routine Generalist,0,3
33951,Engaged Generalist,2,3
33952,Promo Hunter,1,3
33953,Engaged Generalist,2,3
33954,Routine Tech,0,2
33957,Routine Generalist,0,3
33958,Engaged Generalist,2,3
33959,Promo Hunter,1,3
33960,Engaged Generalist,2,3
33962,Routine Young Parents,0,0
33964,Routine Tech,0,2
33965,Routine Young Parents,0,0
33966,Engaged Generalist,2,2
33967,Routine Tech,0,2
33968,Promo Hunter,1,3
33969,Routine Young Parents,0,0
33970,Promo Hunter,1,3
33971,Routine Tech,0,2
33972,Routine Young Parents,0,0
33974,Routine Generalist,0,3
33975,Routine Young Parents,0,0
33976,Routine Young Parents,0,0
33977,Routine Young Parents,0,0
33978,Routine Generalist,0,3
33979,Routine Family Provisioner,0,1
33980,Engaged Generalist,2,3
33981,Promo Hunter,1,3
33985,Routine Generalist,0,3
33986,Routine Generalist,0,3
33987,Routine Tech,0,2
33988,Routine Family Provisioner,0,1
33989,Promo Hunter,1,3
33990,Routine Generalist,0,3
33992,Routine Generalist,0,3
33993,Promo Hunter,1,1
33994,Routine Generalist,0,3
33997,Promo Hunter,1,3
33998,Routine Young Parents,0,0
33999,Promo Hunter,1,3
34000,Engaged Family Provisioner,2,1
34002,Routine Generalist,0,3
34003,Engaged Generalist,2,3
34004,Routine Generalist,0,3
34005,Routine Tech,0,2
34006,Promo Hunter,1,3
34008,Routine Family Provisioner,0,1
34009,Promo Hunter,1,3
34012,Promo Hunter,1,3
34013,Promo Hunter,1,3
34014,Routine Generalist,0,3
34015,Routine Young Parents,0,0
34016,Routine Generalist,0,3
34017,Routine Young Parents,0,0
34018,Routine Generalist,0,3
34019,Routine Tech,0,2
34020,Engaged Generalist,2,3
34022,Routine Generalist,0,3
34023,Promo Hunter,1,1
34025,Routine Generalist,0,3
34027,Routine Generalist,0,3
34028,Promo Hunter,1,3
34029,Promo Hunter,1,3
34030,Engaged Generalist,2,3
34031,Routine Young Parents,0,0
34033,Routine Young Parents,0,0
34035,Routine Generalist,0,3
34037,Routine Young Parents,0,0
34038,Promo Hunter,1,3
34039,Engaged Generalist,2,3
34040,Routine Young Parents,0,0
34041,Engaged Generalist,2,0
34042,Routine Generalist,0,3
34043,Promo Hunter,1,3
34044,Routine Generalist,0,3
34045,Routine Generalist,0,3
34046,Engaged Generalist,2,3
34047,Routine Tech,0,2
34050,Engaged Generalist,2,3
34052,Routine Generalist,0,3
34054,Routine Tech,0,2
34056,Routine Tech,0,2
34057,Routine Generalist,0,3
34059,Engaged Generalist,2,3
34060,Routine Tech,0,2
34061,Routine Young Parents,0,0
34063,Routine Tech,0,2
34064,Routine Family Provisioner,0,1
34065,Routine Young Parents,0,0
34066,Routine Young Parents,0,0
34067,Routine Generalist,0,3
34068,Engaged Generalist,2,3
34069,Engaged Generalist,2,3
34071,Routine Tech,0,2
34072,Engaged Generalist,2,3
34073,Routine Generalist,0,3
34074,Promo Hunter,1,3
34075,Engaged Generalist,2,3
34076,Routine Tech,0,2
34077,Engaged Family Provisioner,2,1
34078,Routine Young Parents,0,0
34079,Routine Young Parents,0,0
34080,Routine Generalist,0,3
34082,Routine Generalist,0,3
34083,Routine Tech,0,2
34084,Engaged Family Provisioner,2,1
34085,Promo Hunter,1,3
34086,Routine Generalist,0,3
34087,Engaged Generalist,2,3
34089,Engaged Generalist,2,3
34091,Engaged Generalist,2,3
34092,Routine Young Parents,0,0
34093,Routine Young Parents,0,0
34094,Promo Hunter,1,3
34096,Engaged Generalist,2,3
34098,Routine Tech,0,2
34099,Engaged Generalist,2,3
34100,Promo Hunter,1,3
34101,Routine Family Provisioner,0,1
34103,Promo Hunter,1,3
34107,Promo Hunter,1,3
34108,Routine Generalist,0,3
34109,Engaged Generalist,2,3
34112,Engaged Generalist,2,3
34113,Routine Generalist,0,3
34115,Routine Generalist,0,3
34116,Promo Hunter,1,3
34119,Routine Generalist,0,3
34120,Promo Hunter,1,3
34122,Promo Hunter,1,3
34124,Engaged Generalist,2,3
34125,Routine Generalist,0,3
34126,Routine Young Parents,0,0
34128,Engaged Generalist,2,3
34129,Routine Tech,0,2
34130,Routine Generalist,0,3
34131,Routine Young Parents,0,0
34132,Routine Tech,0,2
34133,Routine Young Parents,0,0
34134,Promo Hunter,1,3
34135,Engaged Family Provisioner,2,1
34136,Promo Hunter,1,1
34137,Routine Family Provisioner,0,1
34138,Routine Generalist,0,3
34141,Engaged Generalist,2,3
34142,Promo Hunter,1,1
34145,Routine Generalist,0,3
34146,Promo Hunter,1,3
34147,Routine Young Parents,0,0
34148,Routine Tech,0,2
34150,Engaged Generalist,2,3
34151,Routine Generalist,0,3
34152,Routine Tech,0,2
34153,Promo Hunter,1,3
34154,Promo Hunter,1,3
34155,Engaged Generalist,2,3
34156,Promo Hunter,1,1
34158,Routine Generalist,0,3
34159,Promo Hunter,1,1
34160,Engaged Generalist,2,3
34162,Routine Young Parents,0,0
34163,Routine Generalist,0,3
34164,Engaged Generalist,2,3
34165,Routine Generalist,0,3
34166,Routine Young Parents,0,0
34167,Engaged Family Provisioner,2,1
34169,Engaged Generalist,2,3
34170,Promo Hunter,1,3
34171,Promo Hunter,1,3
34172,Routine Young Parents,0,0
34174,Routine Family Provisioner,0,1
34176,Engaged Generalist,2,3
34177,Routine Young Parents,0,0
34178,Engaged Generalist,2,3
34179,Engaged Generalist,2,3
34180,Routine Generalist,0,3
34182,Routine Generalist,0,3
34183,Engaged Generalist,2,3
34184,Engaged Generalist,2,3
34185,Promo Hunter,1,3
34186,Engaged Generalist,2,3
34187,Engaged Generalist,2,3
34188,Routine Generalist,0,3
34189,Routine Generalist,0,3
34190,Engaged Generalist,2,3
34192,Routine Generalist,0,3
34195,Engaged Generalist,2,3
34196,Routine Generalist,0,3
34197,Engaged Generalist,2,3
34199,Engaged Generalist,2,3
34201,Engaged Generalist,2,3
34202,Promo Hunter,1,3
34203,Promo Hunter,1,3
34204,Promo Hunter,1,3
34205,Engaged Generalist,2,3
34206,Routine Generalist,0,3
34208,Routine Generalist,0,3
34209,Routine Family Provisioner,0,1
34210,Routine Young Parents,0,0
34211,Routine Family Provisioner,0,1
34212,Routine Generalist,0,3
34213,Engaged Generalist,2,3
34214,Routine Young Parents,0,0
34215,Routine Young Parents,0,0
34216,Engaged Generalist,2,3
34217,Routine Young Parents,0,0
34218,Routine Young Parents,0,0
34219,Promo Hunter,1,3
34220,Routine Tech,0,2
34221,Routine Young Parents,0,0
34222,Routine Young Parents,0,0
34223,Promo Hunter,1,3
34224,Routine Generalist,0,3
34225,Routine Generalist,0,3
34226,Routine Family Provisioner,0,1
34227,Routine Family Provisioner,0,1
34228,Engaged Generalist,2,3
34230,Engaged Generalist,2,3
34231,Engaged Generalist,2,3
34233,Routine Tech,0,2
34234,Routine Generalist,0,3
34235,Promo Hunter,1,3
34236,Routine Tech,0,2
34237,Routine Generalist,0,3
34238,Routine Family Provisioner,0,1
34239,Promo Hunter,1,3
34240,Routine Generalist,0,3
34241,Promo Hunter,1,3
34243,Engaged Generalist,2,3
34246,Engaged Generalist,2,3
34247,Routine Generalist,0,3
34248,Routine Tech,0,2
34249,Routine Generalist,0,3
34250,Routine Young Parents,0,0
34251,Routine Family Provisioner,0,1
34252,Routine Generalist,0,3
34253,Engaged Generalist,2,3
34254,Routine Young Parents,0,0
34256,Engaged Generalist,2,3
34257,Engaged Family Provisioner,2,1
34258,Routine Family Provisioner,0,1
34259,Routine Tech,0,2
34260,Routine Young Parents,0,0
34262,Routine Generalist,0,3
34265,Engaged Generalist,2,3
34266,Routine Generalist,0,3
34267,Routine Tech,0,2
34268,Routine Generalist,0,3
34269,Engaged Generalist,2,3
34270,Engaged Generalist,2,3
34271,Engaged Generalist,2,3
34272,Routine Generalist,0,3
34273,Routine Family Provisioner,0,1
34274,Promo Hunter,1,3
34277,Engaged Generalist,2,3
34278,Engaged Generalist,2,3
34279,Engaged Generalist,2,3
34280,Promo Hunter,1,3
34281,Routine Generalist,0,3
34283,Promo Hunter,1,3
34286,Engaged Family Provisioner,2,1
34287,Routine Generalist,0,3
34290,Routine Tech,0,2
34291,Promo Hunter,1,1
34293,Engaged Generalist,2,3
34295,Promo Hunter,1,3
34296,Routine Family Provisioner,0,1
34297,Promo Hunter,1,3
34298,Routine Generalist,0,3
34300,Routine Tech,0,2
34301,Routine Generalist,0,3
34303,Routine Young Parents,0,0
34304,Routine Young Parents,0,0
34305,Routine Generalist,0,3
34306,Routine Generalist,0,3
34308,Routine Generalist,0,3
34309,Routine Tech,0,2
34310,Routine Tech,0,2
34312,Engaged Generalist,2,3
34313,Routine Generalist,0,3
34314,Engaged Generalist,2,3
34315,Engaged Generalist,2,3
34317,Routine Young Parents,0,0
34318,Engaged Generalist,2,3
34319,Routine Generalist,0,3
34320,Routine Family Provisioner,0,1
34322,Promo Hunter,1,3
34323,Engaged Generalist,2,3
34324,Engaged Generalist,2,3
34325,Engaged Generalist,2,3
34326,Routine Tech,0,2
34327,Routine Young Parents,0,0
34328,Routine Generalist,0,3
34329,Routine Tech,0,2
34330,Routine Tech,0,2
34331,Promo Hunter,1,1
34332,Routine Generalist,0,3
34334,Routine Generalist,0,3
34335,Routine Young Parents,0,0
34336,Promo Hunter,1,3
34337,Promo Hunter,1,3
34338,Engaged Generalist,2,3
34339,Engaged Generalist,2,3
34341,Engaged Generalist,2,3
34342,Routine Generalist,0,3
34343,Routine Generalist,0,3
34344,Routine Young Parents,0,0
34345,Promo Hunter,1,3
34346,Promo Hunter,1,1
34347,Promo Hunter,1,1
34348,Engaged Family Provisioner,2,1
34349,Engaged Generalist,2,3
34350,Routine Generalist,0,3
34351,Promo Hunter,1,3
34352,Promo Hunter,1,3
34353,Engaged Family Provisioner,2,1
34354,Routine Generalist,0,3
34356,Promo Hunter,1,3
34357,Promo Hunter,1,3
34358,Engaged Generalist,2,3
34359,Routine Generalist,0,3
34360,Routine Tech,0,2
34361,Engaged Generalist,2,3
34363,Engaged Generalist,2,3
34364,Promo Hunter,1,3
34365,Routine Tech,0,2
34366,Engaged Generalist,2,3
34367,Routine Generalist,0,3
34368,Routine Young Parents,0,0
34369,Routine Generalist,0,3
34370,Routine Young Parents,0,0
34371,Promo Hunter,1,3
34372,Routine Tech,0,2
34374,Engaged Generalist,2,0
34375,Promo Hunter,1,3
34376,Promo Hunter,1,3
34377,Routine Young Parents,0,0
34378,Routine Generalist,0,3
34379,Promo Hunter,1,3
34381,Routine Generalist,0,3
34383,Engaged Generalist,2,3
34384,Promo Hunter,1,3
34385,Routine Generalist,0,3
34386,Routine Tech,0,2
34389,Routine Generalist,0,3
34391,Routine Young Parents,0,0
34392,Routine Generalist,0,3
34393,Routine Young Parents,0,0
34394,Routine Family Provisioner,0,1
34395,Routine Young Parents,0,0
34396,Routine Generalist,0,3
34397,Engaged Generalist,2,3
34398,Promo Hunter,1,3
34399,Promo Hunter,1,3
34400,Engaged Generalist,2,3
34401,Engaged Generalist,2,3
34405,Routine Young Parents,0,0
34406,Routine Generalist,0,3
34408,Routine Tech,0,2
34409,Routine Tech,0,2
34410,Routine Tech,0,2
34411,Routine Family Provisioner,0,1
34413,Engaged Generalist,2,3
34414,Promo Hunter,1,1
34415,Promo Hunter,1,3
34416,Routine Generalist,0,3
34419,Routine Generalist,0,3
34420,Promo Hunter,1,3
34422,Routine Family Provisioner,0,1
34423,Routine Generalist,0,3
34425,Routine Generalist,0,3
34426,Promo Hunter,1,3
34427,Engaged Generalist,2,3
34428,Promo Hunter,1,1
34429,Engaged Generalist,2,3
34431,Routine Generalist,0,3
34432,Promo Hunter,1,3
34433,Routine Family Provisioner,0,1
34434,Routine Generalist,0,3
34435,Engaged Generalist,2,3
34436,Promo Hunter,1,1
34437,Promo Hunter,1,3
34438,Promo Hunter,1,3
34439,Engaged Generalist,2,3
34441,Routine Young Parents,0,0
34442,Promo Hunter,1,3
34443,Routine Generalist,0,3
34444,Promo Hunter,1,3
34445,Promo Hunter,1,3
34446,Engaged Generalist,2,3
34447,Engaged Generalist,2,3
34448,Routine Generalist,0,3
34450,Routine Generalist,0,3
34451,Routine Tech,0,2
34452,Promo Hunter,1,1
34453,Promo Hunter,1,3
34454,Engaged Generalist,2,3
34455,Routine Generalist,0,3
34456,Promo Hunter,1,3
34457,Promo Hunter,1,3
34458,Routine Young Parents,0,0
34459,Routine Family Provisioner,0,1
34461,Routine Young Parents,0,0
34462,Routine Generalist,0,3
34463,Engaged Generalist,2,3
34464,Routine Generalist,0,3
34465,Routine Tech,0,2
34466,Engaged Generalist,2,3
34467,Promo Hunter,1,1
34469,Engaged Generalist,2,3
34470,Engaged Generalist,2,3
34471,Routine Generalist,0,3
34472,Routine Generalist,0,3
34473,Promo Hunter,1,3
34474,Routine Young Parents,0,0
34475,Routine Tech,0,2
34477,Engaged Generalist,2,3
34479,Promo Hunter,1,3
34480,Routine Generalist,0,3
34481,Routine Young Parents,0,0
34482,Promo Hunter,1,3
34483,Routine Generalist,0,3
34485,Routine Young Parents,0,0
34486,Promo Hunter,1,3
34487,Engaged Generalist,2,3
34488,Engaged Generalist,2,3
34490,Promo Hunter,1,3
34492,Routine Young Parents,0,0
34493,Routine Young Parents,0,0
34494,Routine Tech,0,2
34495,Routine Tech,0,2
34496,Promo Hunter,1,3
34497,Promo Hunter,1,3
34498,Routine Tech,0,2
34499,Engaged Generalist,2,3
34500,Routine Young Parents,0,0
34501,Engaged Family Provisioner,2,1
34502,Routine Generalist,0,3
34503,Routine Generalist,0,3
34504,Promo Hunter,1,1
34505,Engaged Generalist,2,3
34506,Promo Hunter,1,3
34508,Promo Hunter,1,3
34509,Routine Young Parents,0,0
34511,Promo Hunter,1,1
34513,Engaged Generalist,2,3
34514,Engaged Generalist,2,3
34515,Routine Young Parents,0,0
34516,Routine Generalist,0,3
34517,Promo Hunter,1,3
34518,Routine Young Parents,0,0
34519,Engaged Generalist,2,3
34520,Routine Family Provisioner,0,1
34521,Promo Hunter,1,1
34522,Routine Generalist,0,3
34524,Engaged Generalist,2,3
34525,Engaged Generalist,2,3
34526,Engaged Generalist,2,3
34527,Engaged Generalist,2,3
34528,Engaged Generalist,2,3
34529,Promo Hunter,1,3
34531,Promo Hunter,1,3
34532,Engaged Family Provisioner,2,1
34534,Routine Young Parents,0,0
34535,Routine Young Parents,0,0
34537,Engaged Generalist,2,3
34539,Routine Tech,0,2
34540,Routine Young Parents,0,0
34541,Routine Generalist,0,3
34542,Promo Hunter,1,3
34543,Promo Hunter,1,3
34544,Engaged Generalist,2,3
34546,Promo Hunter,1,3
34547,Promo Hunter,1,3
34549,Engaged Generalist,2,3
34550,Promo Hunter,1,3
34551,Routine Generalist,0,3
34552,Engaged Generalist,2,3
34554,Routine Generalist,0,3
34556,Routine Generalist,0,3
34557,Engaged Generalist,2,3
34558,Engaged Generalist,2,3
34560,Routine Family Provisioner,0,1
34561,Routine Generalist,0,3
34562,Routine Family Provisioner,0,1
34563,Routine Young Parents,0,0
34564,Routine Generalist,0,3
34565,Promo Hunter,1,3
34566,Engaged Family Provisioner,2,1
34567,Promo Hunter,1,0
34568,Engaged Generalist,2,3
34569,Promo Hunter,1,3
34570,Engaged Generalist,2,3
34571,Promo Hunter,1,2
34573,Engaged Generalist,2,3
34575,Routine Young Parents,0,0
34576,Engaged Generalist,2,3
34578,Routine Tech,0,2
34579,Promo Hunter,1,3
34580,Engaged Generalist,2,3
34581,Engaged Family Provisioner,2,1
34582,Routine Generalist,0,3
34583,Engaged Generalist,2,3
34584,Promo Hunter,1,3
34585,Routine Generalist,0,3
34586,Engaged Generalist,2,3
34587,Routine Young Parents,0,0
34588,Engaged Generalist,2,3
34589,Routine Young Parents,0,0
34590,Engaged Generalist,2,3
34592,Routine Generalist,0,3
34594,Engaged Generalist,2,3
34595,Routine Tech,0,2
34597,Engaged Generalist,2,3
34598,Promo Hunter,1,3
34600,Routine Generalist,0,3
34601,Routine Generalist,0,3
34602,Promo Hunter,1,1
34603,Routine Young Parents,0,0
34604,Engaged Generalist,2,3
34605,Routine Generalist,0,3
34606,Engaged Generalist,2,3
34607,Routine Generalist,0,3
34608,Routine Young Parents,0,0
34609,Routine Generalist,0,3
34610,Promo Hunter,1,3
34612,Engaged Generalist,2,3
34613,Routine Tech,0,2
34614,Routine Tech,0,2
34615,Engaged Generalist,2,3
34616,Routine Generalist,0,3
34617,Engaged Generalist,2,3
34618,Promo Hunter,1,2
34619,Routine Generalist,0,3
34620,Routine Generalist,0,3
34621,Routine Generalist,0,3
34622,Engaged Generalist,2,3
34624,Routine Generalist,0,3
34625,Routine Tech,0,2
34626,Routine Young Parents,0,0
34627,Routine Young Parents,0,0
34628,Routine Generalist,0,3
34629,Routine Tech,0,2
34630,Routine Young Parents,0,0
34631,Routine Young Parents,0,0
34632,Routine Generalist,0,3
34634,Routine Generalist,0,3
34635,Routine Generalist,0,3
34636,Engaged Generalist,2,3
34638,Routine Tech,0,2
34639,Promo Hunter,1,3
34640,Routine Generalist,0,3
34641,Promo Hunter,1,3
34642,Engaged Generalist,2,3
34643,Routine Young Parents,0,0
34644,Routine Young Parents,0,0
34645,Promo Hunter,1,3
34646,Routine Generalist,0,3
34647,Routine Tech,0,2
34649,Routine Generalist,0,3
34650,Routine Tech,0,2
34652,Routine Young Parents,0,0
34653,Promo Hunter,1,3
34654,Promo Hunter,1,3
34655,Promo Hunter,1,3
34656,Routine Generalist,0,3
34657,Routine Generalist,0,3
34659,Promo Hunter,1,3
34661,Engaged Generalist,2,3
34662,Engaged Generalist,2,3
34666,Routine Generalist,0,3
34667,Promo Hunter,1,3
34668,Routine Generalist,0,3
34669,Routine Generalist,0,3
34670,Engaged Generalist,2,3
34671,Routine Young Parents,0,0
34672,Promo Hunter,1,3
34674,Routine Young Parents,0,0
34676,Promo Hunter,1,3
34677,Routine Tech,0,2
34679,Routine Tech,0,2
34680,Routine Young Parents,0,0
34682,Routine Young Parents,0,0
34683,Engaged Generalist,2,3
34684,Routine Generalist,0,3
34685,Routine Generalist,0,3
34686,Routine Family Provisioner,0,1
34687,Promo Hunter,1,3
34688,Promo Hunter,1,3
34689,Routine Tech,0,2
34690,Engaged Generalist,2,3
34691,Engaged Generalist,2,3
34692,Routine Family Provisioner,0,1
34693,Routine Family Provisioner,0,1
34694,Promo Hunter,1,1
34696,Routine Family Provisioner,0,1
34697,Routine Generalist,0,3
34698,Routine Generalist,0,3
34699,Engaged Family Provisioner,2,1
34700,Promo Hunter,1,3
34701,Routine Young Parents,0,0
34702,Routine Generalist,0,3
34703,Engaged Generalist,2,3
34704,Routine Family Provisioner,0,1
34705,Promo Hunter,1,3
34706,Engaged Generalist,2,0
34707,Routine Generalist,0,3
34708,Routine Tech,0,2
34709,Routine Generalist,0,3
34711,Routine Young Parents,0,0
34712,Routine Generalist,0,3
34713,Routine Generalist,0,3
34714,Promo Hunter,1,3
34715,Routine Generalist,0,3
34716,Routine Family Provisioner,0,1
34718,Promo Hunter,1,0
34719,Engaged Generalist,2,3
34720,Engaged Generalist,2,3
34721,Routine Generalist,0,3
34722,Promo Hunter,1,3
34723,Engaged Generalist,2,3
34724,Routine Tech,0,2
34725,Promo Hunter,1,3
34728,Routine Generalist,0,3
34730,Routine Young Parents,0,0
34731,Routine Generalist,0,3
34733,Engaged Generalist,2,3
34734,Engaged Generalist,2,3
34735,Routine Tech,0,2
34736,Promo Hunter,1,3
34737,Promo Hunter,1,1
34738,Promo Hunter,1,3
34739,Engaged Family Provisioner,2,1
34740,Routine Young Parents,0,0
34741,Routine Young Parents,0,0
34743,Routine Generalist,0,3
34744,Routine Generalist,0,3
34745,Routine Generalist,0,3
34747,Routine Generalist,0,3
34748,Routine Generalist,0,3
34749,Routine Generalist,0,3
34750,Routine Tech,0,2
34751,Promo Hunter,1,3
34753,Engaged Generalist,2,3
34754,Promo Hunter,1,3
34755,Routine Generalist,0,3
34756,Promo Hunter,1,3
34757,Promo Hunter,1,3
34758,Engaged Generalist,2,3
34759,Routine Generalist,0,3
34761,Engaged Family Provisioner,2,1
34762,Engaged Generalist,2,3
34763,Engaged Family Provisioner,2,1
34764,Promo Hunter,1,3
34765,Promo Hunter,1,3
34766,Engaged Generalist,2,3
34767,Routine Young Parents,0,0
34768,Engaged Family Provisioner,2,1
34770,Promo Hunter,1,3
34772,Routine Young Parents,0,0
34773,Routine Generalist,0,3
34774,Routine Generalist,0,3
34776,Routine Generalist,0,3
34777,Engaged Generalist,2,3
34778,Engaged Generalist,2,3
34779,Promo Hunter,1,3
34780,Engaged Generalist,2,3
34781,Engaged Generalist,2,3
34782,Routine Generalist,0,3
34783,Promo Hunter,1,3
34784,Promo Hunter,1,3
34785,Engaged Generalist,2,3
34787,Engaged Generalist,2,3
34788,Promo Hunter,1,3
34789,Routine Tech,0,2
34790,Engaged Family Provisioner,2,1
34791,Promo Hunter,1,3
34793,Engaged Generalist,2,3
34794,Routine Young Parents,0,0
34795,Engaged Generalist,2,3
34796,Routine Tech,0,2
34797,Routine Young Parents,0,0
34798,Routine Tech,0,2
34799,Engaged Generalist,2,3
34800,Routine Generalist,0,3
34801,Promo Hunter,1,3
34802,Routine Generalist,0,3
34803,Routine Tech,0,2
34804,Routine Tech,0,2
34805,Engaged Generalist,2,3
34806,Engaged Generalist,2,3
34807,Engaged Generalist,2,3
34808,Routine Generalist,0,3
34809,Promo Hunter,1,3
34810,Engaged Family Provisioner,2,1
34811,Engaged Generalist,2,3
34812,Engaged Generalist,2,3
34814,Engaged Generalist,2,3
34815,Engaged Generalist,2,3
34816,Engaged Generalist,2,3
34817,Engaged Generalist,2,3
34818,Routine Young Parents,0,0
34819,Routine Tech,0,2
34820,Engaged Generalist,2,3
34821,Routine Young Parents,0,0
34822,Promo Hunter,1,1
34823,Routine Generalist,0,3
34824,Routine Generalist,0,3
34825,Promo Hunter,1,3
34826,Engaged Generalist,2,3
34827,Engaged Generalist,2,3
34830,Routine Young Parents,0,0
34831,Routine Family Provisioner,0,1
34833,Routine Generalist,0,3
34834,Promo Hunter,1,3
34835,Engaged Generalist,2,3
34836,Routine Young Parents,0,0
34837,Promo Hunter,1,1
34838,Routine Young Parents,0,0
34839,Routine Generalist,0,3
34840,Promo Hunter,1,3
34841,Routine Generalist,0,3
34843,Promo Hunter,1,3
34844,Promo Hunter,1,3
34845,Engaged Generalist,2,3
34846,Engaged Generalist,2,2
34847,Engaged Generalist,2,3
34848,Engaged Generalist,2,3
34849,Routine Generalist,0,3
34850,Engaged Generalist,2,3
34851,Routine Young Parents,0,0
34852,Routine Young Parents,0,0
34853,Promo Hunter,1,3
34854,Routine Family Provisioner,0,1
34855,Routine Generalist,0,3
34857,Promo Hunter,1,1
34858,Routine Young Parents,0,0
34859,Routine Generalist,0,3
34860,Engaged Generalist,2,3
34861,Routine Generalist,0,3
34862,Promo Hunter,1,3
34863,Promo Hunter,1,3
34864,Routine Young Parents,0,0
34866,Promo Hunter,1,3
34867,Routine Tech,0,2
34869,Engaged Generalist,2,3
34870,Routine Family Provisioner,0,1
34871,Engaged Generalist,2,3
34872,Routine Family Provisioner,0,1
34873,Routine Young Parents,0,0
34874,Routine Tech,0,2
34875,Engaged Generalist,2,3
34876,Engaged Generalist,2,3
34877,Promo Hunter,1,2
34878,Routine Generalist,0,3
34879,Routine Generalist,0,3
34880,Engaged Generalist,2,3
34881,Routine Young Parents,0,0
34882,Routine Generalist,0,3
34883,Routine Generalist,0,3
34884,Promo Hunter,1,3
34885,Promo Hunter,1,3
34886,Promo Hunter,1,3
34887,Engaged Generalist,2,3
34888,Promo Hunter,1,3
34889,Routine Young Parents,0,0
34890,Promo Hunter,1,3
34891,Routine Young Parents,0,0
34892,Routine Generalist,0,3
34893,Routine Generalist,0,3
34894,Engaged Generalist,2,3
34895,Promo Hunter,1,3
34897,Routine Young Parents,0,0
34898,Routine Tech,0,2
34899,Engaged Family Provisioner,2,1
34900,Promo Hunter,1,3
34902,Routine Tech,0,2
34903,Routine Generalist,0,3
34904,Engaged Generalist,2,3
34905,Routine Generalist,0,3
34906,Routine Tech,0,2
34908,Promo Hunter,1,3
34909,Routine Generalist,0,3
34910,Engaged Generalist,2,3
34912,Engaged Generalist,2,3
34913,Routine Young Parents,0,0
34914,Promo Hunter,1,3
34915,Routine Young Parents,0,0
34916,Engaged Generalist,2,3
34917,Promo Hunter,1,3
34918,Engaged Generalist,2,3
34919,Engaged Family Provisioner,2,1
34920,Promo Hunter,1,3
34921,Promo Hunter,1,3
34923,Promo Hunter,1,3
34924,Routine Generalist,0,3
34925,Engaged Generalist,2,3
34926,Routine Generalist,0,3
34927,Routine Generalist,0,3
34928,Promo Hunter,1,3
34929,Engaged Generalist,2,3
34930,Routine Generalist,0,3
34931,Engaged Generalist,2,3
34932,Routine Young Parents,0,0
34933,Promo Hunter,1,3
34935,Engaged Generalist,2,3
34936,Routine Generalist,0,3
34937,Routine Generalist,0,3
34939,Routine Young Parents,0,0
34941,Engaged Generalist,2,3
34942,Routine Tech,0,2
34943,Engaged Generalist,2,3
34944,Engaged Generalist,2,3
34945,Routine Generalist,0,3
34946,Engaged Family Provisioner,2,1
34947,Promo Hunter,1,3
34949,Routine Generalist,0,3
34950,Engaged Generalist,2,3
34951,Engaged Generalist,2,3
34952,Promo Hunter,1,3
34953,Routine Tech,0,2
34954,Engaged Generalist,2,3
34955,Promo Hunter,1,1
34956,Engaged Generalist,2,3
34957,Routine Tech,0,2
34958,Routine Young Parents,0,0
34959,Engaged Generalist,2,3
34960,Engaged Generalist,2,3
34961,Routine Young Parents,0,0
34962,Routine Generalist,0,3
34963,Engaged Generalist,2,2
34964,Promo Hunter,1,3
34965,Routine Young Parents,0,0
34966,Engaged Generalist,2,3
34967,Routine Tech,0,2
34968,Routine Generalist,0,3
34969,Routine Generalist,0,3
34970,Routine Generalist,0,3
34971,Engaged Family Provisioner,2,1
34972,Routine Generalist,0,3
34973,Routine Generalist,0,3
34974,Routine Young Parents,0,0
34975,Routine Young Parents,0,0
34977,Promo Hunter,1,3
34978,Engaged Generalist,2,3
34979,Promo Hunter,1,3
34980,Routine Generalist,0,3
34981,Routine Generalist,0,3
34982,Promo Hunter,1,3
34983,Routine Generalist,0,3
34985,Routine Young Parents,0,0
34986,Engaged Generalist,2,3
34987,Routine Generalist,0,3
34988,Routine Generalist,0,3
34989,Routine Tech,0,2
34990,Routine Generalist,0,3
34991,Routine Family Provisioner,0,1
34992,Routine Generalist,0,3
34993,Promo Hunter,1,3
34994,Promo Hunter,1,3
34995,Routine Tech,0,2
34996,Routine Generalist,0,3
34998,Engaged Generalist,2,3
34999,Routine Young Parents,0,0
35000,Engaged Generalist,2,3
35001,Promo Hunter,1,0
35002,Engaged Generalist,2,3
35003,Engaged Generalist,2,3
35004,Engaged Generalist,2,3
35005,Routine Young Parents,0,0
35006,Engaged Generalist,2,3
35007,Routine Young Parents,0,0
35008,Engaged Generalist,2,3
35009,Routine Generalist,0,3
35010,Engaged Generalist,2,3
35011,Routine Generalist,0,3
35012,Routine Generalist,0,3
35013,Engaged Generalist,2,3
35014,Routine Generalist,0,3
35015,Promo Hunter,1,3
35016,Routine Tech,0,2
35017,Routine Generalist,0,3
35018,Routine Family Provisioner,0,1
35019,Engaged Generalist,2,3
35020,Promo Hunter,1,1
35021,Engaged Generalist,2,3
35022,Routine Generalist,0,3
35023,Engaged Generalist,2,3
35024,Routine Generalist,0,3
35025,Routine Young Parents,0,0
35026,Routine Generalist,0,3
35027,Routine Young Parents,0,0
35028,Promo Hunter,1,3
35029,Engaged Generalist,2,3
35030,Routine Generalist,0,3
35033,Promo Hunter,1,3
35034,Promo Hunter,1,3
35035,Routine Tech,0,2
35037,Routine Generalist,0,3
35038,Routine Generalist,0,3
35039,Routine Young Parents,0,0
35040,Engaged Generalist,2,3
35041,Promo Hunter,1,3
35042,Routine Young Parents,0,0
35043,Routine Tech,0,2
35044,Engaged Family Provisioner,2,1
35045,Engaged Generalist,2,3
35046,Engaged Generalist,2,3
35047,Engaged Generalist,2,3
35048,Engaged Generalist,2,3
35049,Promo Hunter,1,3
35050,Routine Generalist,0,3
35051,Routine Generalist,0,3
35053,Engaged Generalist,2,3
35055,Promo Hunter,1,3
35057,Engaged Generalist,2,3
35059,Routine Young Parents,0,0
35060,Engaged Generalist,2,3
35061,Routine Generalist,0,3
35062,Promo Hunter,1,3
35063,Promo Hunter,1,1
35064,Routine Generalist,0,3
35065,Routine Generalist,0,3
35066,Routine Young Parents,0,0
35067,Promo Hunter,1,3
35068,Routine Tech,0,2
35069,Routine Generalist,0,3
35070,Routine Tech,0,2
35072,Routine Generalist,0,3
35073,Routine Tech,0,2
35074,Routine Generalist,0,3
35075,Routine Tech,0,2
35076,Routine Tech,0,2
35077,Routine Young Parents,0,0
35078,Engaged Generalist,2,3
35079,Routine Young Parents,0,0
35081,Routine Young Parents,0,0
35082,Promo Hunter,1,3
35083,Promo Hunter,1,3
35084,Routine Generalist,0,3
35086,Routine Generalist,0,3
35087,Promo Hunter,1,3
35088,Promo Hunter,1,3
35089,Engaged Generalist,2,3
35090,Engaged Generalist,2,3
35091,Routine Tech,0,2
35092,Engaged Generalist,2,3
35093,Promo Hunter,1,3
35094,Engaged Generalist,2,3
35095,Engaged Generalist,2,3
35096,Promo Hunter,1,1
35097,Routine Young Parents,0,0
35098,Routine Tech,0,2
35099,Promo Hunter,1,3
35100,Promo Hunter,1,3
35101,Promo Hunter,1,3
35103,Routine Family Provisioner,0,1
35105,Routine Generalist,0,3
35106,Routine Generalist,0,3
35107,Routine Family Provisioner,0,1
35108,Routine Tech,0,2
35109,Engaged Generalist,2,3
35111,Routine Young Parents,0,0
35112,Routine Tech,0,2
35113,Engaged Generalist,2,3
35114,Engaged Generalist,2,3
35115,Engaged Generalist,2,0
35116,Routine Generalist,0,3
35117,Routine Young Parents,0,0
35118,Promo Hunter,1,1
35119,Engaged Generalist,2,3
35121,Routine Young Parents,0,0
35122,Promo Hunter,1,1
35123,Routine Generalist,0,3
35124,Routine Generalist,0,3
35126,Promo Hunter,1,3
35127,Promo Hunter,1,3
35128,Engaged Generalist,2,3
35129,Promo Hunter,1,3
35131,Routine Tech,0,2
35132,Routine Young Parents,0,0
35133,Engaged Generalist,2,3
35134,Routine Young Parents,0,0
35135,Routine Generalist,0,3
35137,Promo Hunter,1,3
35138,Promo Hunter,1,3
35140,Routine Tech,0,2
35141,Promo Hunter,1,3
35142,Promo Hunter,1,3
35143,Engaged Generalist,2,3
35144,Engaged Generalist,2,3
35145,Routine Tech,0,2
35146,Engaged Generalist,2,3
35147,Routine Generalist,0,3
35148,Routine Family Provisioner,0,1
35150,Routine Tech,0,2
35151,Routine Young Parents,0,0
35152,Promo Hunter,1,3
35153,Engaged Generalist,2,3
35154,Engaged Generalist,2,3
35155,Routine Tech,0,2
35156,Routine Young Parents,0,0
35157,Routine Young Parents,0,0
35158,Routine Generalist,0,3
35159,Routine Generalist,0,3
35162,Engaged Generalist,2,3
35163,Routine Generalist,0,3
35164,Promo Hunter,1,3
35165,Engaged Generalist,2,3
35167,Routine Tech,0,2
35168,Engaged Generalist,2,3
35170,Engaged Generalist,2,3
35172,Engaged Generalist,2,3
35173,Routine Generalist,0,3
35174,Engaged Generalist,2,3
35175,Routine Generalist,0,3
35177,Routine Generalist,0,3
35178,Routine Tech,0,2
35180,Routine Tech,0,2
35181,Routine Tech,0,2
35182,Routine Tech,0,2
35183,Engaged Generalist,2,3
35184,Routine Generalist,0,3
35186,Routine Generalist,0,3
35189,Engaged Generalist,2,3
35191,Promo Hunter,1,3
35192,Routine Generalist,0,3
35193,Promo Hunter,1,3
35194,Routine Young Parents,0,0
35195,Engaged Generalist,2,3
35196,Promo Hunter,1,3
35197,Routine Tech,0,2
35198,Promo Hunter,1,3
35199,Engaged Generalist,2,3
35200,Promo Hunter,1,3
35202,Routine Generalist,0,3
35204,Engaged Generalist,2,3
35205,Engaged Generalist,2,3
35206,Promo Hunter,1,3
35208,Promo Hunter,1,3
35209,Routine Generalist,0,3
35210,Promo Hunter,1,3
35211,Promo Hunter,1,3
35212,Engaged Generalist,2,3
35213,Routine Generalist,0,3
35214,Promo Hunter,1,3
35216,Routine Family Provisioner,0,1
35217,Engaged Generalist,2,3
35219,Engaged Generalist,2,3
35220,Routine Tech,0,2
35222,Routine Generalist,0,3
35223,Routine Generalist,0,3
35224,Routine Generalist,0,3
35226,Routine Generalist,0,3
35227,Routine Tech,0,2
35228,Promo Hunter,1,3
35229,Promo Hunter,1,3
35230,Routine Young Parents,0,0
35231,Routine Tech,0,2
35232,Engaged Generalist,2,3
35234,Promo Hunter,1,3
35235,Routine Tech,0,2
35236,Routine Young Parents,0,0
35237,Routine Young Parents,0,0
35239,Engaged Generalist,2,3
35240,Promo Hunter,1,3
35241,Routine Tech,0,2
35242,Engaged Generalist,2,3
35243,Routine Young Parents,0,0
35244,Engaged Generalist,2,3
35245,Engaged Generalist,2,3
35246,Routine Tech,0,2
35247,Routine Young Parents,0,0
35248,Engaged Generalist,2,3
35249,Promo Hunter,1,1
35250,Promo Hunter,1,3
35251,Routine Young Parents,0,0
35252,Routine Family Provisioner,0,1
35253,Routine Young Parents,0,0
35254,Routine Tech,0,2
35255,Routine Generalist,0,3
35256,Routine Generalist,0,3
35257,Routine Tech,0,2
35260,Routine Young Parents,0,0
35262,Routine Young Parents,0,0
35263,Routine Generalist,0,3
35264,Routine Young Parents,0,0
35265,Routine Young Parents,0,0
35266,Promo Hunter,1,3
35268,Routine Young Parents,0,0
35270,Routine Generalist,0,3
35271,Routine Tech,0,2
35272,Routine Tech,0,2
35275,Routine Generalist,0,3
35276,Routine Tech,0,2
35279,Engaged Generalist,2,3
35281,Promo Hunter,1,3
35282,Routine Tech,0,2
35283,Promo Hunter,1,1
35285,Routine Tech,0,2
35287,Routine Young Parents,0,0
35288,Engaged Generalist,2,3
35289,Engaged Generalist,2,3
35290,Engaged Family Provisioner,2,1
35291,Routine Generalist,0,3
35292,Routine Young Parents,0,0
35293,Routine Tech,0,2
35294,Promo Hunter,1,3
35295,Routine Family Provisioner,0,1
35296,Engaged Generalist,2,3
35297,Engaged Generalist,2,3
35298,Routine Tech,0,2
35299,Routine Tech,0,2
35300,Routine Young Parents,0,0
35302,Routine Young Parents,0,0
35303,Routine Generalist,0,3
35304,Routine Young Parents,0,0
35306,Routine Generalist,0,3
35307,Engaged Generalist,2,3
35308,Engaged Generalist,2,3
35309,Engaged Generalist,2,3
35310,Promo Hunter,1,3
35311,Routine Tech,0,2
35312,Promo Hunter,1,3
35313,Routine Generalist,0,3
35314,Engaged Generalist,2,3
35315,Engaged Generalist,2,3
35316,Routine Generalist,0,3
35317,Engaged Generalist,2,3
35318,Routine Generalist,0,3
35319,Routine Tech,0,2
35321,Routine Young Parents,0,0
35323,Routine Young Parents,0,0
35324,Engaged Generalist,2,3
35325,Routine Tech,0,2
35326,Routine Young Parents,0,0
35327,Routine Generalist,0,3
35328,Engaged Family Provisioner,2,1
35329,Engaged Generalist,2,3
35330,Promo Hunter,1,1
35331,Routine Generalist,0,3
35333,Promo Hunter,1,3
35334,Promo Hunter,1,3
35335,Promo Hunter,1,3
35336,Routine Tech,0,2
35337,Routine Generalist,0,3
35338,Routine Generalist,0,3
35339,Routine Young Parents,0,0
35340,Promo Hunter,1,3
35341,Promo Hunter,1,1
35342,Routine Young Parents,0,0
35343,Engaged Generalist,2,3
35344,Routine Young Parents,0,0
35346,Engaged Generalist,2,3
35347,Engaged Generalist,2,3
35350,Routine Generalist,0,3
35351,Engaged Generalist,2,3
35353,Routine Young Parents,0,0
35354,Engaged Generalist,2,3
35356,Routine Young Parents,0,0
35358,Routine Tech,0,2
35361,Routine Generalist,0,3
35363,Routine Generalist,0,3
35364,Routine Generalist,0,3
35365,Routine Young Parents,0,0
35367,Engaged Generalist,2,3
35368,Routine Tech,0,2
35369,Routine Tech,0,2
35370,Routine Young Parents,0,0
35371,Routine Generalist,0,3
35372,Engaged Generalist,2,3
35373,Routine Young Parents,0,0
35374,Engaged Family Provisioner,2,1
35375,Promo Hunter,1,3
35376,Routine Family Provisioner,0,1
35377,Engaged Generalist,2,3
35378,Engaged Generalist,2,3
35379,Promo Hunter,1,3
35380,Engaged Generalist,2,3
35381,Routine Generalist,0,3
35383,Engaged Generalist,2,3
35384,Routine Young Parents,0,0
35385,Routine Young Parents,0,0
35386,Routine Young Parents,0,0
35387,Routine Tech,0,2
35389,Routine Generalist,0,3
35390,Engaged Generalist,2,3
35391,Routine Generalist,0,3
35393,Promo Hunter,1,1
35395,Engaged Generalist,2,2
35396,Promo Hunter,1,3
35397,Routine Generalist,0,3
35399,Routine Generalist,0,3
35400,Promo Hunter,1,3
35401,Engaged Generalist,2,3
35402,Engaged Generalist,2,3
35404,Routine Young Parents,0,0
35405,Promo Hunter,1,3
35406,Engaged Generalist,2,3
35407,Routine Generalist,0,3
35409,Routine Generalist,0,3
35410,Promo Hunter,1,3
35412,Routine Family Provisioner,0,1
35413,Promo Hunter,1,3
35414,Promo Hunter,1,3
35415,Engaged Generalist,2,3
35416,Routine Generalist,0,3
35417,Routine Young Parents,0,0
35418,Routine Tech,0,2
35419,Engaged Generalist,2,3
35420,Routine Young Parents,0,0
35421,Engaged Generalist,2,3
35423,Routine Generalist,0,3
35424,Routine Family Provisioner,0,1
35425,Engaged Generalist,2,3
35426,Routine Young Parents,0,0
35427,Routine Generalist,0,3
35428,Routine Family Provisioner,0,1
35429,Routine Young Parents,0,0
35430,Routine Generalist,0,3
35431,Routine Tech,0,2
35432,Engaged Generalist,2,3
35433,Promo Hunter,1,3
35434,Routine Family Provisioner,0,1
35436,Promo Hunter,1,3
35437,Promo Hunter,1,3
35438,Promo Hunter,1,1
35439,Promo Hunter,1,3
35440,Engaged Generalist,2,3
35441,Engaged Generalist,2,3
35442,Routine Generalist,0,3
35444,Engaged Generalist,2,3
35445,Engaged Generalist,2,3
35446,Routine Tech,0,2
35447,Routine Young Parents,0,0
35448,Engaged Generalist,2,3
35450,Routine Young Parents,0,0
35451,Engaged Generalist,2,3
35452,Engaged Generalist,2,3
35453,Routine Tech,0,2
35454,Engaged Generalist,2,3
35455,Routine Generalist,0,3
35456,Routine Generalist,0,3
35457,Promo Hunter,1,3
35458,Routine Generalist,0,3
35459,Engaged Generalist,2,3
35460,Promo Hunter,1,3
35461,Routine Generalist,0,3
35462,Promo Hunter,1,3
35463,Routine Young Parents,0,0
35464,Engaged Generalist,2,3
35465,Engaged Generalist,2,3
35466,Routine Tech,0,2
35467,Engaged Generalist,2,3
35468,Engaged Generalist,2,3
35469,Routine Young Parents,0,0
35470,Engaged Generalist,2,3
35471,Promo Hunter,1,1
35473,Promo Hunter,1,3
35475,Routine Young Parents,0,0
35477,Routine Young Parents,0,0
35478,Routine Tech,0,2
35479,Engaged Generalist,2,3
35480,Routine Young Parents,0,0
35481,Routine Generalist,0,3
35483,Routine Generalist,0,3
35484,Promo Hunter,1,3
35485,Routine Generalist,0,3
35486,Engaged Generalist,2,3
35487,Routine Family Provisioner,0,1
35488,Routine Young Parents,0,0
35489,Promo Hunter,1,3
35490,Engaged Generalist,2,3
35491,Promo Hunter,1,3
35492,Engaged Generalist,2,3
35493,Promo Hunter,1,3
35495,Routine Young Parents,0,0
35497,Routine Family Provisioner,0,1
35499,Routine Young Parents,0,0
35500,Routine Young Parents,0,0
35501,Promo Hunter,1,3
35502,Promo Hunter,1,1
35503,Promo Hunter,1,3
35505,Engaged Generalist,2,3
35506,Routine Family Provisioner,0,1
35508,Routine Generalist,0,3
35509,Engaged Generalist,2,3
35510,Engaged Generalist,2,3
35511,Engaged Generalist,2,3
35512,Engaged Generalist,2,3
35513,Promo Hunter,1,3
35515,Engaged Generalist,2,3
35516,Routine Young Parents,0,0
35517,Routine Young Parents,0,0
35519,Engaged Generalist,2,3
35520,Promo Hunter,1,3
35521,Routine Generalist,0,3
35523,Routine Young Parents,0,0
35525,Routine Generalist,0,3
35526,Promo Hunter,1,3
35527,Engaged Generalist,2,3
35528,Promo Hunter,1,1
35529,Routine Generalist,0,3
35530,Engaged Generalist,2,3
35531,Routine Young Parents,0,0
35532,Routine Generalist,0,3
35533,Routine Young Parents,0,0
35535,Promo Hunter,1,3
35536,Routine Generalist,0,3
35537,Promo Hunter,1,3
35538,Engaged Family Provisioner,2,1
35539,Routine Family Provisioner,0,1
35540,Engaged Generalist,2,3
35541,Engaged Generalist,2,3
35542,Engaged Generalist,2,0
35543,Routine Young Parents,0,0
35544,Promo Hunter,1,3
35545,Routine Young Parents,0,0
35548,Routine Family Provisioner,0,1
35549,Routine Generalist,0,3
35551,Engaged Generalist,2,3
35552,Engaged Generalist,2,3
35553,Routine Generalist,0,3
35554,Routine Young Parents,0,0
35556,Promo Hunter,1,3
35557,Engaged Family Provisioner,2,1
35558,Routine Young Parents,0,0
35559,Promo Hunter,1,3
35560,Routine Young Parents,0,0
35561,Promo Hunter,1,1
35562,Routine Generalist,0,3
35563,Routine Family Provisioner,0,1
35564,Routine Generalist,0,3
35566,Promo Hunter,1,3
35567,Routine Generalist,0,3
35568,Promo Hunter,1,3
35569,Routine Generalist,0,3
35570,Routine Young Parents,0,0
35571,Routine Generalist,0,3
35572,Engaged Generalist,2,3
35574,Promo Hunter,1,3
35575,Routine Young Parents,0,0
35576,Routine Generalist,0,3
35579,Routine Generalist,0,3
35580,Routine Generalist,0,3
35581,Promo Hunter,1,1
35582,Routine Tech,0,2
35583,Engaged Generalist,2,3
35584,Engaged Generalist,2,3
35586,Routine Generalist,0,3
35589,Routine Young Parents,0,0
35590,Promo Hunter,1,3
35591,Routine Family Provisioner,0,1
35592,Promo Hunter,1,1
35593,Routine Family Provisioner,0,1
35594,Promo Hunter,1,3
35595,Routine Generalist,0,3
35596,Routine Family Provisioner,0,1
35599,Routine Tech,0,2
35600,Routine Generalist,0,3
35602,Routine Generalist,0,3
35603,Routine Generalist,0,3
35604,Routine Generalist,0,3
35605,Engaged Generalist,2,3
35606,Engaged Generalist,2,3
35607,Routine Generalist,0,3
35608,Routine Generalist,0,3
35609,Routine Generalist,0,3
35610,Promo Hunter,1,3
35611,Engaged Generalist,2,3
35612,Routine Tech,0,2
35614,Routine Tech,0,2
35617,Promo Hunter,1,3
35618,Routine Generalist,0,3
35619,Engaged Generalist,2,3
35620,Routine Generalist,0,3
35621,Routine Generalist,0,3
35623,Routine Generalist,0,3
35624,Routine Tech,0,2
35625,Routine Generalist,0,3
35626,Routine Generalist,0,3
35627,Routine Young Parents,0,0
35629,Routine Young Parents,0,0
35632,Routine Tech,0,2
35633,Engaged Family Provisioner,2,1
35634,Promo Hunter,1,3
35635,Promo Hunter,1,3
35636,Routine Generalist,0,3
35637,Routine Young Parents,0,0
35638,Promo Hunter,1,3
35639,Engaged Generalist,2,3
35640,Promo Hunter,1,3
35641,Engaged Generalist,2,2
35642,Promo Hunter,1,1
35644,Routine Generalist,0,3
35645,Engaged Generalist,2,3
35647,Engaged Generalist,2,3
35648,Engaged Generalist,2,3
35649,Routine Generalist,0,3
35650,Engaged Generalist,2,3
35654,Routine Tech,0,2
35656,Engaged Family Provisioner,2,1
35657,Routine Young Parents,0,0
35658,Routine Young Parents,0,0
35659,Promo Hunter,1,3
35661,Promo Hunter,1,3
35662,Routine Generalist,0,3
35663,Engaged Family Provisioner,2,1
35666,Engaged Generalist,2,3
35667,Engaged Generalist,2,3
35668,Routine Tech,0,2
35669,Routine Generalist,0,3
35670,Engaged Generalist,2,3
35671,Promo Hunter,1,3
35672,Engaged Generalist,2,3
35673,Routine Tech,0,2
35674,Engaged Generalist,2,3
35675,Routine Generalist,0,3
35676,Promo Hunter,1,3
35678,Engaged Generalist,2,3
35679,Routine Generalist,0,3
35680,Engaged Generalist,2,3
35682,Routine Family Provisioner,0,1
35684,Routine Generalist,0,3
35685,Routine Young Parents,0,0
35686,Engaged Generalist,2,3
35688,Engaged Generalist,2,3
35689,Engaged Generalist,2,3
35690,Routine Young Parents,0,0
35691,Routine Tech,0,2
35692,Routine Young Parents,0,0
35693,Promo Hunter,1,3
35694,Routine Young Parents,0,0
35696,Engaged Generalist,2,3
35697,Promo Hunter,1,3
35698,Engaged Generalist,2,3
35699,Routine Generalist,0,3
35700,Routine Young Parents,0,0
35701,Promo Hunter,1,1
35702,Promo Hunter,1,1
35703,Promo Hunter,1,1
35704,Engaged Generalist,2,3
35705,Engaged Generalist,2,3
35707,Engaged Generalist,2,3
35709,Engaged Generalist,2,3
35710,Routine Young Parents,0,0
35711,Promo Hunter,1,3
35712,Engaged Generalist,2,3
35713,Engaged Generalist,2,3
35714,Promo Hunter,1,3
35715,Promo Hunter,1,3
35718,Engaged Generalist,2,3
35721,Engaged Generalist,2,3
35722,Engaged Generalist,2,3
35723,Routine Young Parents,0,0
35724,Promo Hunter,1,2
35725,Routine Young Parents,0,0
35726,Routine Young Parents,0,0
35727,Routine Young Parents,0,0
35728,Engaged Generalist,2,3
35729,Routine Tech,0,2
35730,Routine Generalist,0,3
35731,Routine Generalist,0,3
35732,Routine Tech,0,2
35734,Engaged Generalist,2,3
35735,Engaged Family Provisioner,2,1
35736,Routine Young Parents,0,0
35737,Promo Hunter,1,3
35738,Engaged Generalist,2,3
35740,Engaged Generalist,2,3
35741,Routine Generalist,0,3
35742,Routine Family Provisioner,0,1
35743,Routine Generalist,0,3
35745,Engaged Generalist,2,3
35747,Promo Hunter,1,3
35748,Routine Generalist,0,3
35749,Routine Family Provisioner,0,1
35750,Engaged Generalist,2,3
35751,Routine Tech,0,2
35752,Promo Hunter,1,3
35753,Routine Generalist,0,3
35754,Routine Generalist,0,3
35755,Engaged Generalist,2,3
35756,Routine Young Parents,0,0
35757,Routine Tech,0,2
35758,Routine Generalist,0,3
35760,Engaged Generalist,2,3
35761,Engaged Family Provisioner,2,1
35762,Routine Young Parents,0,0
35764,Promo Hunter,1,1
35765,Engaged Generalist,2,3
35766,Routine Generalist,0,3
35767,Routine Generalist,0,3
35768,Promo Hunter,1,3
35769,Routine Generalist,0,3
35770,Routine Tech,0,2
35772,Engaged Generalist,2,3
35773,Routine Generalist,0,3
35774,Engaged Generalist,2,3
35775,Routine Young Parents,0,0
35776,Engaged Generalist,2,3
35777,Routine Generalist,0,3
35778,Routine Young Parents,0,0
35779,Routine Generalist,0,3
35780,Routine Tech,0,2
35781,Promo Hunter,1,3
35782,Routine Generalist,0,3
35786,Promo Hunter,1,3
35789,Engaged Generalist,2,3
35790,Routine Young Parents,0,0
35791,Routine Generalist,0,3
35793,Engaged Generalist,2,3
35794,Routine Family Provisioner,0,1
35795,Routine Young Parents,0,0
35796,Routine Tech,0,2
35797,Routine Young Parents,0,0
35798,Routine Generalist,0,3
35799,Engaged Generalist,2,3
35800,Engaged Generalist,2,3
35801,Routine Family Provisioner,0,1
35802,Routine Generalist,0,3
35803,Routine Tech,0,2
35804,Routine Young Parents,0,0
35805,Routine Generalist,0,3
35806,Routine Young Parents,0,0
35807,Routine Young Parents,0,0
35808,Routine Generalist,0,3
35809,Routine Tech,0,2
35810,Routine Family Provisioner,0,1
35813,Routine Tech,0,2
35814,Routine Generalist,0,3
35815,Promo Hunter,1,1
35816,Engaged Generalist,2,3
35817,Routine Family Provisioner,0,1
35818,Routine Tech,0,2
35819,Routine Generalist,0,3
35820,Engaged Generalist,2,3
35821,Routine Generalist,0,3
35822,Promo Hunter,1,3
35823,Routine Young Parents,0,0
35824,Routine Generalist,0,3
35826,Promo Hunter,1,3
35827,Engaged Generalist,2,3
35828,Routine Young Parents,0,0
35829,Promo Hunter,1,3
35831,Routine Family Provisioner,0,1
35832,Engaged Generalist,2,3
35833,Promo Hunter,1,3
35835,Routine Generalist,0,3
35837,Routine Young Parents,0,0
35838,Engaged Generalist,2,3
35839,Engaged Generalist,2,3
35840,Routine Young Parents,0,0
35841,Routine Generalist,0,3
35842,Promo Hunter,1,3
35843,Promo Hunter,1,3
35844,Engaged Generalist,2,3
35845,Promo Hunter,1,3
35846,Routine Generalist,0,3
35848,Routine Young Parents,0,0
35850,Routine Generalist,0,3
35851,Routine Generalist,0,3
35853,Routine Generalist,0,3
35854,Routine Tech,0,2
35855,Routine Young Parents,0,0
35857,Engaged Generalist,2,3
35858,Engaged Generalist,2,0
35859,Engaged Generalist,2,3
35860,Promo Hunter,1,3
35861,Engaged Generalist,2,3
35862,Engaged Generalist,2,3
35863,Promo Hunter,1,1
35864,Routine Young Parents,0,0
35865,Routine Generalist,0,3
35866,Routine Generalist,0,3
35867,Engaged Family Provisioner,2,1
35868,Promo Hunter,1,3
35869,Routine Tech,0,2
35870,Promo Hunter,1,3
35871,Promo Hunter,1,1
35872,Engaged Generalist,2,3
35873,Routine Young Parents,0,0
35874,Engaged Generalist,2,3
35875,Engaged Family Provisioner,2,1
35876,Engaged Family Provisioner,2,1
35877,Routine Tech,0,2
35880,Promo Hunter,1,3
35881,Routine Young Parents,0,0
35882,Promo Hunter,1,3
35883,Routine Young Parents,0,0
35884,Routine Young Parents,0,0
35885,Routine Young Parents,0,0
35886,Engaged Generalist,2,3
35887,Routine Young Parents,0,0
35888,Engaged Generalist,2,3
35889,Routine Young Parents,0,0
35891,Routine Generalist,0,3
35893,Routine Generalist,0,3
35894,Routine Tech,0,2
35895,Promo Hunter,1,3
35897,Engaged Generalist,2,3
35898,Engaged Generalist,2,3
35899,Routine Generalist,0,3
35900,Routine Generalist,0,3
35901,Routine Generalist,0,3
35902,Routine Generalist,0,3
35903,Promo Hunter,1,3
35904,Promo Hunter,1,3
35907,Routine Generalist,0,3
35908,Engaged Generalist,2,3
35909,Engaged Generalist,2,3
35911,Routine Young Parents,0,0
35912,Routine Young Parents,0,0
35914,Engaged Generalist,2,3
35915,Routine Generalist,0,3
35916,Promo Hunter,1,3
35917,Routine Generalist,0,3
35918,Routine Young Parents,0,0
35919,Engaged Generalist,2,3
35920,Engaged Generalist,2,3
35921,Routine Generalist,0,3
35922,Routine Young Parents,0,0
35923,Engaged Generalist,2,3
35924,Engaged Generalist,2,3
35925,Routine Generalist,0,3
35927,Routine Generalist,0,3
35928,Engaged Generalist,2,3
35929,Engaged Generalist,2,3
35930,Promo Hunter,1,1
35931,Promo Hunter,1,3
35932,Routine Tech,0,2
35933,Engaged Generalist,2,3
35934,Engaged Generalist,2,3
35935,Routine Young Parents,0,0
35936,Engaged Generalist,2,3
35937,Engaged Generalist,2,3
35938,Routine Generalist,0,3
35939,Routine Generalist,0,3
35940,Promo Hunter,1,3
35944,Routine Generalist,0,3
35946,Promo Hunter,1,3
35950,Promo Hunter,1,3
35951,Routine Young Parents,0,0
35952,Routine Generalist,0,3
35954,Routine Young Parents,0,0
35955,Engaged Generalist,2,3
35956,Promo Hunter,1,1
35958,Engaged Generalist,2,3
35959,Routine Young Parents,0,0
35960,Promo Hunter,1,3
35961,Routine Young Parents,0,0
35962,Promo Hunter,1,1
35963,Engaged Generalist,2,3
35964,Promo Hunter,1,3
35965,Promo Hunter,1,3
35966,Promo Hunter,1,3
35967,Engaged Generalist,2,3
35968,Routine Generalist,0,3
35969,Routine Young Parents,0,0
35972,Routine Generalist,0,3
35973,Routine Tech,0,2
35975,Routine Young Parents,0,0
35976,Routine Generalist,0,3
35977,Promo Hunter,1,3
35978,Routine Generalist,0,3
35979,Routine Tech,0,2
35980,Routine Tech,0,2
35981,Routine Tech,0,2
35983,Routine Generalist,0,3
35984,Engaged Generalist,2,3
35987,Engaged Generalist,2,3
35988,Promo Hunter,1,1
35989,Promo Hunter,1,3
35990,Routine Generalist,0,3
35991,Engaged Generalist,2,3
35992,Promo Hunter,1,3
35993,Routine Generalist,0,3
35994,Routine Tech,0,2
35996,Routine Generalist,0,3
35997,Promo Hunter,1,1
35999,Engaged Generalist,2,3
36000,Routine Generalist,0,3
36001,Routine Generalist,0,3
36002,Engaged Generalist,2,3
36004,Routine Generalist,0,3
36005,Engaged Generalist,2,3
36006,Routine Young Parents,0,0
36008,Routine Tech,0,2
36009,Promo Hunter,1,3
36010,Engaged Generalist,2,3
36011,Routine Young Parents,0,0
36013,Engaged Generalist,2,3
36014,Promo Hunter,1,3
36015,Routine Generalist,0,3
36016,Engaged Generalist,2,3
36017,Engaged Family Provisioner,2,1
36018,Engaged Generalist,2,3
36019,Routine Young Parents,0,0
36020,Promo Hunter,1,1
36021,Routine Young Parents,0,0
36022,Promo Hunter,1,3
36023,Engaged Generalist,2,3
36024,Routine Tech,0,2
36025,Routine Young Parents,0,0
36026,Routine Generalist,0,3
36028,Routine Generalist,0,3
36030,Promo Hunter,1,3
36031,Routine Young Parents,0,0
36032,Promo Hunter,1,1
36034,Engaged Generalist,2,3
36035,Routine Generalist,0,3
36036,Routine Generalist,0,3
36038,Routine Young Parents,0,0
36039,Routine Tech,0,2
36040,Promo Hunter,1,3
36041,Routine Tech,0,2
36042,Promo Hunter,1,3
36043,Routine Young Parents,0,0
36044,Routine Tech,0,2
36046,Routine Family Provisioner,0,1
36047,Promo Hunter,1,3
36048,Engaged Generalist,2,3
36049,Routine Generalist,0,3
36050,Promo Hunter,1,3
36051,Promo Hunter,1,2
36052,Routine Generalist,0,3
36053,Engaged Generalist,2,3
36054,Engaged Generalist,2,3
36055,Engaged Generalist,2,3
36056,Routine Family Provisioner,0,1
36057,Engaged Generalist,2,3
36058,Routine Generalist,0,3
36060,Engaged Generalist,2,3
36061,Routine Generalist,0,3
36062,Engaged Generalist,2,3
36064,Routine Young Parents,0,0
36065,Promo Hunter,1,3
36066,Engaged Generalist,2,3
36067,Engaged Generalist,2,3
36068,Promo Hunter,1,3
36069,Promo Hunter,1,3
36070,Routine Generalist,0,3
36071,Engaged Generalist,2,3
36072,Routine Generalist,0,3
36073,Routine Generalist,0,3
36074,Engaged Generalist,2,2
36076,Routine Young Parents,0,0
36077,Routine Generalist,0,3
36079,Routine Generalist,0,3
36080,Routine Young Parents,0,0
36081,Routine Generalist,0,3
36083,Engaged Generalist,2,3
36084,Promo Hunter,1,3
36085,Routine Young Parents,0,0
36086,Promo Hunter,1,3
36088,Engaged Generalist,2,3
36090,Routine Generalist,0,3
36091,Routine Generalist,0,3
36092,Engaged Generalist,2,3
36093,Engaged Generalist,2,3
36094,Routine Tech,0,2
36096,Promo Hunter,1,3
36097,Routine Tech,0,2
36098,Routine Generalist,0,3
36099,Promo Hunter,1,1
36100,Routine Young Parents,0,0
36101,Engaged Generalist,2,3
36102,Routine Generalist,0,3
36103,Routine Generalist,0,3
36104,Engaged Generalist,2,3
36105,Routine Young Parents,0,0
36106,Promo Hunter,1,3
36108,Routine Generalist,0,3
36110,Promo Hunter,1,0
36111,Promo Hunter,1,3
36113,Engaged Generalist,2,3
36114,Promo Hunter,1,3
36115,Promo Hunter,1,3
36116,Promo Hunter,1,3
36117,Routine Tech,0,2
36118,Routine Generalist,0,3
36119,Routine Generalist,0,3
36120,Routine Young Parents,0,0
36122,Engaged Generalist,2,3
36123,Routine Generalist,0,3
36125,Promo Hunter,1,1
36126,Engaged Generalist,2,3
36127,Routine Generalist,0,3
36129,Routine Young Parents,0,0
36130,Engaged Generalist,2,3
36131,Routine Young Parents,0,0
36132,Engaged Generalist,2,3
36134,Routine Generalist,0,3
36135,Engaged Generalist,2,3
36136,Routine Generalist,0,3
36137,Promo Hunter,1,3
36139,Engaged Family Provisioner,2,1
36140,Routine Tech,0,2
36141,Promo Hunter,1,3
36143,Promo Hunter,1,3
36145,Engaged Generalist,2,3
36147,Promo Hunter,1,3
36148,Routine Young Parents,0,0
36149,Promo Hunter,1,3
36150,Engaged Generalist,2,3
36151,Promo Hunter,1,3
36152,Promo Hunter,1,3
36153,Routine Tech,0,2
36155,Routine Young Parents,0,0
36156,Promo Hunter,1,3
36157,Routine Tech,0,2
36158,Engaged Generalist,2,3
36159,Engaged Generalist,2,3
36160,Promo Hunter,1,3
36161,Routine Generalist,0,3
36162,Routine Tech,0,2
36163,Routine Family Provisioner,0,1
36164,Engaged Generalist,2,3
36165,Engaged Family Provisioner,2,1
36166,Routine Generalist,0,3
36168,Engaged Generalist,2,3
36169,Routine Generalist,0,3
36171,Routine Young Parents,0,0
36173,Routine Young Parents,0,0
36174,Promo Hunter,1,3
36175,Routine Generalist,0,3
36176,Engaged Generalist,2,3
36178,Promo Hunter,1,3
36180,Routine Generalist,0,3
36182,Routine Generalist,0,3
36183,Engaged Generalist,2,3
36184,Routine Generalist,0,3
36185,Promo Hunter,1,1
36186,Routine Generalist,0,3
36190,Engaged Generalist,2,3
36192,Routine Generalist,0,3
36193,Routine Generalist,0,3
36194,Routine Young Parents,0,0
36195,Engaged Generalist,2,3
36196,Promo Hunter,1,3
36197,Engaged Generalist,2,3
36199,Routine Tech,0,2
36200,Routine Generalist,0,3
36201,Routine Tech,0,2
36202,Routine Tech,0,2
36204,Engaged Generalist,2,3
36205,Engaged Generalist,2,3
36206,Routine Generalist,0,3
36207,Promo Hunter,1,3
36208,Promo Hunter,1,3
36210,Routine Generalist,0,3
36211,Promo Hunter,1,3
36212,Promo Hunter,1,3
36213,Routine Generalist,0,3
36214,Routine Generalist,0,3
36215,Promo Hunter,1,3
36216,Routine Generalist,0,3
36217,Routine Generalist,0,3
36218,Routine Young Parents,0,0
36219,Routine Generalist,0,3
36221,Engaged Generalist,2,3
36222,Promo Hunter,1,1
36224,Routine Tech,0,2
36225,Promo Hunter,1,3
36226,Engaged Generalist,2,3
36227,Promo Hunter,1,3
36229,Routine Generalist,0,3
36231,Routine Generalist,0,3
36232,Routine Young Parents,0,0
36233,Engaged Family Provisioner,2,1
36234,Routine Generalist,0,3
36235,Routine Young Parents,0,0
36236,Promo Hunter,1,1
36237,Routine Generalist,0,3
36238,Routine Generalist,0,3
36239,Promo Hunter,1,3
36241,Promo Hunter,1,3
36242,Routine Generalist,0,3
36243,Promo Hunter,1,1
36244,Routine Generalist,0,3
36245,Engaged Family Provisioner,2,1
36246,Routine Tech,0,2
36247,Engaged Generalist,2,3
36249,Routine Tech,0,2
36250,Routine Generalist,0,3
36252,Routine Generalist,0,3
36253,Routine Generalist,0,3
36254,Routine Tech,0,2
36255,Routine Generalist,0,3
36257,Engaged Generalist,2,3
36258,Promo Hunter,1,3
36259,Promo Hunter,1,3
36261,Promo Hunter,1,3
36263,Promo Hunter,1,3
36265,Routine Generalist,0,3
36266,Routine Tech,0,2
36267,Routine Generalist,0,3
36270,Routine Tech,0,2
36271,Engaged Generalist,2,3
36272,Routine Young Parents,0,0
36273,Promo Hunter,1,3
36274,Promo Hunter,1,3
36275,Engaged Generalist,2,3
36276,Routine Family Provisioner,0,1
36277,Engaged Generalist,2,3
36278,Routine Family Provisioner,0,1
36282,Routine Generalist,0,3
36283,Routine Generalist,0,3
36284,Routine Generalist,0,3
36285,Engaged Generalist,2,3
36287,Routine Young Parents,0,0
36288,Routine Generalist,0,3
36289,Routine Generalist,0,3
36290,Routine Young Parents,0,0
36291,Routine Generalist,0,3
36292,Routine Young Parents,0,0
36296,Routine Tech,0,2
36297,Routine Tech,0,2
36298,Routine Young Parents,0,0
36299,Engaged Generalist,2,3
36302,Routine Generalist,0,3
36303,Engaged Generalist,2,3
36304,Engaged Generalist,2,3
36305,Promo Hunter,1,1
36307,Engaged Generalist,2,3
36309,Routine Generalist,0,3
36310,Routine Tech,0,2
36311,Routine Young Parents,0,0
36313,Routine Tech,0,2
36314,Routine Family Provisioner,0,1
36315,Promo Hunter,1,2
36316,Engaged Generalist,2,3
36317,Engaged Generalist,2,3
36318,Promo Hunter,1,3
36319,Engaged Generalist,2,3
36320,Routine Tech,0,2
36322,Engaged Generalist,2,3
36323,Routine Generalist,0,3
36324,Engaged Generalist,2,3
36325,Routine Generalist,0,3
36326,Promo Hunter,1,1
36327,Promo Hunter,1,3
36328,Routine Generalist,0,3
36329,Engaged Generalist,2,3
36331,Routine Tech,0,2
36332,Routine Generalist,0,3
36333,Promo Hunter,1,1
36334,Promo Hunter,1,3
36335,Engaged Generalist,2,3
36336,Routine Young Parents,0,0
36337,Routine Tech,0,2
36338,Routine Generalist,0,3
36339,Promo Hunter,1,3
36340,Routine Generalist,0,3
36341,Promo Hunter,1,3
36342,Engaged Generalist,2,3
36343,Promo Hunter,1,3
36344,Engaged Generalist,2,3
36345,Promo Hunter,1,3
36346,Engaged Generalist,2,3
36347,Routine Generalist,0,3
36348,Routine Generalist,0,3
36349,Engaged Generalist,2,3
36350,Routine Generalist,0,3
36353,Routine Tech,0,2
36355,Routine Generalist,0,3
36356,Routine Generalist,0,3
36357,Engaged Generalist,2,3
36358,Routine Young Parents,0,0
36360,Routine Generalist,0,3
36362,Routine Generalist,0,3
36363,Engaged Generalist,2,3
36364,Promo Hunter,1,3
36365,Routine Generalist,0,3
36366,Promo Hunter,1,3
36367,Routine Young Parents,0,0
36368,Engaged Generalist,2,3
36369,Promo Hunter,1,3
36370,Promo Hunter,1,3
36371,Engaged Generalist,2,3
36372,Routine Young Parents,0,0
36374,Promo Hunter,1,3
36375,Routine Generalist,0,3
36377,Promo Hunter,1,1
36378,Routine Family Provisioner,0,1
36379,Routine Generalist,0,3
36380,Routine Generalist,0,3
36381,Routine Young Parents,0,0
36382,Routine Young Parents,0,0
36383,Promo Hunter,1,3
36384,Promo Hunter,1,1
36385,Routine Young Parents,0,0
36386,Routine Generalist,0,3
36387,Routine Family Provisioner,0,1
36388,Routine Young Parents,0,0
36389,Engaged Generalist,2,3
36390,Routine Generalist,0,3
36391,Routine Generalist,0,3
36392,Promo Hunter,1,3
36395,Routine Generalist,0,3
36396,Engaged Generalist,2,3
36397,Routine Generalist,0,3
36398,Routine Young Parents,0,0
36399,Engaged Generalist,2,3
36400,Engaged Generalist,2,3
36401,Engaged Generalist,2,3
36402,Routine Generalist,0,3
36403,Routine Young Parents,0,0
36404,Routine Tech,0,2
36405,Routine Family Provisioner,0,1
36407,Routine Young Parents,0,0
36408,Routine Tech,0,2
36409,Engaged Generalist,2,3
36410,Engaged Generalist,2,3
36411,Routine Generalist,0,3
36414,Routine Generalist,0,3
36415,Promo Hunter,1,2
36416,Promo Hunter,1,1
36417,Routine Tech,0,2
36419,Routine Tech,0,2
36420,Engaged Generalist,2,3
36421,Routine Family Provisioner,0,1
36422,Routine Generalist,0,3
36423,Routine Family Provisioner,0,1
36424,Engaged Generalist,2,3
36425,Routine Tech,0,2
36427,Routine Young Parents,0,0
36428,Routine Young Parents,0,0
36431,Promo Hunter,1,1
36432,Routine Generalist,0,3
36433,Engaged Generalist,2,2
36434,Promo Hunter,1,3
36435,Engaged Generalist,2,3
36437,Engaged Generalist,2,3
36438,Routine Tech,0,2
36439,Routine Generalist,0,3
36441,Routine Generalist,0,3
36442,Routine Generalist,0,3
36443,Engaged Generalist,2,3
36444,Engaged Generalist,2,3
36445,Promo Hunter,1,3
36446,Engaged Generalist,2,3
36447,Promo Hunter,1,3
36448,Engaged Generalist,2,3
36449,Routine Young Parents,0,0
36450,Routine Family Provisioner,0,1
36452,Engaged Generalist,2,3
36454,Engaged Generalist,2,3
36455,Routine Young Parents,0,0
36456,Routine Family Provisioner,0,1
36457,Routine Young Parents,0,0
36458,Engaged Generalist,2,3
36459,Routine Generalist,0,3
36460,Promo Hunter,1,3
36461,Routine Family Provisioner,0,1
36462,Routine Generalist,0,3
36463,Routine Young Parents,0,0
36464,Routine Tech,0,2
36465,Promo Hunter,1,3
36466,Routine Family Provisioner,0,1
36467,Routine Tech,0,2
36468,Promo Hunter,1,3
36469,Promo Hunter,1,3
36470,Engaged Generalist,2,3
36472,Routine Tech,0,2
36473,Promo Hunter,1,1
36474,Engaged Generalist,2,3
36475,Routine Young Parents,0,0
36476,Routine Generalist,0,3
36478,Routine Generalist,0,3
36480,Routine Tech,0,2
36481,Routine Tech,0,2
36482,Routine Young Parents,0,0
36483,Engaged Generalist,2,3
36484,Promo Hunter,1,3
36485,Engaged Generalist,2,2
36486,Engaged Generalist,2,3
36487,Routine Generalist,0,3
36489,Engaged Generalist,2,3
36491,Routine Young Parents,0,0
36492,Promo Hunter,1,2
36493,Promo Hunter,1,3
36494,Promo Hunter,1,3
36495,Promo Hunter,1,2
36496,Routine Young Parents,0,0
36498,Routine Generalist,0,3
36499,Promo Hunter,1,3
36500,Routine Young Parents,0,0
36501,Routine Young Parents,0,0
36502,Routine Generalist,0,3
36503,Routine Family Provisioner,0,1
36504,Routine Generalist,0,3
36505,Promo Hunter,1,3
36507,Routine Tech,0,2
36508,Engaged Generalist,2,3
36511,Promo Hunter,1,3
36512,Routine Generalist,0,3
36513,Engaged Generalist,2,0
36514,Routine Young Parents,0,0
36515,Routine Young Parents,0,0
36516,Promo Hunter,1,3
36517,Routine Generalist,0,3
36518,Promo Hunter,1,3
36519,Routine Generalist,0,3
36520,Engaged Generalist,2,3
36521,Engaged Generalist,2,3
36522,Routine Young Parents,0,0
36524,Routine Young Parents,0,0
36525,Promo Hunter,1,3
36526,Promo Hunter,1,3
36527,Promo Hunter,1,3
36528,Engaged Generalist,2,3
36529,Routine Tech,0,2
36530,Routine Tech,0,2
36531,Routine Young Parents,0,0
36532,Routine Generalist,0,3
36533,Routine Generalist,0,3
36535,Promo Hunter,1,3
36536,Engaged Generalist,2,3
36537,Engaged Generalist,2,3
36538,Engaged Generalist,2,3
36539,Routine Generalist,0,3
36540,Routine Young Parents,0,0
36542,Routine Generalist,0,3
36543,Routine Generalist,0,3
36544,Routine Generalist,0,3
36545,Routine Generalist,0,3
36546,Routine Young Parents,0,0
36548,Promo Hunter,1,3
36550,Promo Hunter,1,3
36551,Promo Hunter,1,3
36552,Promo Hunter,1,3
36553,Routine Young Parents,0,0
36555,Routine Generalist,0,3
36557,Routine Family Provisioner,0,1
36558,Engaged Generalist,2,3
36559,Engaged Generalist,2,3
36560,Routine Young Parents,0,0
36561,Routine Family Provisioner,0,1
36562,Routine Generalist,0,3
36563,Routine Generalist,0,3
36564,Promo Hunter,1,3
36565,Routine Generalist,0,3
36567,Routine Tech,0,2
36568,Routine Young Parents,0,0
36569,Engaged Generalist,2,0
36570,Routine Generalist,0,3
36572,Routine Young Parents,0,0
36574,Engaged Generalist,2,3
36575,Promo Hunter,1,3
36576,Routine Generalist,0,3
36580,Routine Generalist,0,3
36581,Engaged Generalist,2,3
36582,Promo Hunter,1,3
36583,Routine Generalist,0,3
36584,Routine Tech,0,2
36585,Promo Hunter,1,3
36586,Engaged Generalist,2,3
36587,Routine Generalist,0,3
36588,Promo Hunter,1,1
36589,Engaged Generalist,2,3
36590,Routine Young Parents,0,0
36591,Routine Tech,0,2
36592,Engaged Generalist,2,3
36593,Promo Hunter,1,3
36596,Routine Generalist,0,3
36597,Routine Generalist,0,3
36598,Routine Generalist,0,3
36599,Routine Family Provisioner,0,1
36600,Routine Generalist,0,3
36601,Engaged Generalist,2,2
36603,Routine Young Parents,0,0
36604,Engaged Generalist,2,3
36605,Engaged Generalist,2,3
36608,Engaged Generalist,2,3
36609,Routine Young Parents,0,0
36610,Promo Hunter,1,3
36612,Promo Hunter,1,3
36613,Routine Generalist,0,3
36614,Promo Hunter,1,3
36615,Engaged Generalist,2,3
36616,Routine Generalist,0,3
36617,Routine Young Parents,0,0
36618,Routine Tech,0,2
36619,Promo Hunter,1,3
36621,Engaged Generalist,2,3
36622,Promo Hunter,1,3
36623,Promo Hunter,1,3
36624,Routine Tech,0,2
36625,Routine Generalist,0,3
36626,Routine Family Provisioner,0,1
36628,Promo Hunter,1,3
36629,Routine Young Parents,0,0
36630,Routine Generalist,0,3
36631,Promo Hunter,1,1
36632,Routine Generalist,0,3
36633,Promo Hunter,1,3
36635,Promo Hunter,1,3
36636,Routine Generalist,0,3
36637,Routine Generalist,0,3
36638,Promo Hunter,1,3
36640,Promo Hunter,1,2
36641,Routine Young Parents,0,0
36642,Engaged Generalist,2,3
36644,Promo Hunter,1,2
36646,Engaged Generalist,2,3
36647,Routine Young Parents,0,0
36648,Routine Young Parents,0,0
36649,Routine Tech,0,2
36650,Routine Family Provisioner,0,1
36651,Routine Young Parents,0,0
36652,Routine Tech,0,2
36653,Routine Young Parents,0,0
36654,Routine Tech,0,2
36656,Promo Hunter,1,3
36657,Promo Hunter,1,3
36658,Routine Generalist,0,3
36659,Engaged Generalist,2,3
36664,Routine Generalist,0,3
36665,Routine Generalist,0,3
36667,Routine Young Parents,0,0
36668,Engaged Generalist,2,3
36669,Routine Family Provisioner,0,1
36671,Promo Hunter,1,3
36672,Promo Hunter,1,3
36673,Promo Hunter,1,3
36675,Routine Young Parents,0,0
36676,Routine Generalist,0,3
36677,Promo Hunter,1,3
36679,Promo Hunter,1,1
36680,Promo Hunter,1,1
36681,Routine Family Provisioner,0,1
36682,Promo Hunter,1,3
36683,Routine Generalist,0,3
36684,Routine Generalist,0,3
36685,Routine Tech,0,2
36686,Promo Hunter,1,3
36688,Promo Hunter,1,1
36689,Engaged Generalist,2,3
36690,Routine Generalist,0,3
36691,Routine Generalist,0,3
36692,Routine Young Parents,0,0
36693,Routine Tech,0,2
36694,Promo Hunter,1,3
36695,Engaged Generalist,2,3
36696,Routine Generalist,0,3
36697,Routine Generalist,0,3
36700,Engaged Generalist,2,3
36703,Engaged Generalist,2,3
36704,Engaged Generalist,2,3
36705,Promo Hunter,1,2
36706,Routine Tech,0,2
36707,Routine Generalist,0,3
36709,Engaged Generalist,2,3
36710,Engaged Generalist,2,3
36711,Engaged Generalist,2,3
36712,Promo Hunter,1,0
36713,Routine Tech,0,2
36714,Routine Tech,0,2
36715,Engaged Generalist,2,2
36716,Routine Generalist,0,3
36717,Routine Young Parents,0,0
36718,Routine Young Parents,0,0
36719,Routine Young Parents,0,0
36721,Routine Young Parents,0,0
36722,Routine Tech,0,2
36723,Routine Generalist,0,3
36724,Routine Generalist,0,3
36725,Routine Tech,0,2
36727,Routine Generalist,0,3
36728,Routine Generalist,0,3
36729,Routine Young Parents,0,0
36730,Promo Hunter,1,3
36731,Routine Generalist,0,3
36732,Engaged Generalist,2,3
36734,Routine Young Parents,0,0
36735,Routine Young Parents,0,0
36736,Routine Generalist,0,3
36737,Routine Young Parents,0,0
36738,Routine Family Provisioner,0,1
36739,Promo Hunter,1,1
36740,Routine Generalist,0,3
36742,Engaged Family Provisioner,2,1
36744,Routine Tech,0,2
36745,Engaged Generalist,2,3
36747,Routine Generalist,0,3
36748,Engaged Generalist,2,3
36749,Engaged Generalist,2,3
36750,Routine Generalist,0,3
36752,Promo Hunter,1,3
36753,Routine Generalist,0,3
36754,Promo Hunter,1,3
36755,Routine Young Parents,0,0
36756,Routine Young Parents,0,0
36757,Routine Young Parents,0,0
36759,Engaged Generalist,2,3
36760,Promo Hunter,1,3
36761,Promo Hunter,1,3
36762,Promo Hunter,1,3
36763,Routine Young Parents,0,0
36764,Routine Young Parents,0,0
36765,Routine Generalist,0,3
36766,Promo Hunter,1,1
36767,Routine Generalist,0,3
36768,Routine Tech,0,2
36769,Routine Young Parents,0,0
36770,Engaged Generalist,2,3
36771,Routine Generalist,0,3
36772,Engaged Generalist,2,3
36773,Promo Hunter,1,3
36774,Routine Young Parents,0,0
36775,Routine Generalist,0,3
36776,Routine Family Provisioner,0,1
36777,Routine Generalist,0,3
36778,Engaged Generalist,2,3
36780,Routine Generalist,0,3
36781,Routine Family Provisioner,0,1
36782,Routine Generalist,0,3
36783,Routine Tech,0,2
36784,Engaged Generalist,2,3
36785,Routine Young Parents,0,0
36786,Engaged Generalist,2,3
36787,Routine Generalist,0,3
36788,Routine Generalist,0,3
36789,Routine Tech,0,2
36790,Engaged Generalist,2,3
36791,Engaged Generalist,2,3
36793,Routine Young Parents,0,0
36795,Routine Family Provisioner,0,1
36797,Engaged Generalist,2,3
36799,Routine Tech,0,2
36800,Promo Hunter,1,3
36801,Routine Generalist,0,3
36803,Promo Hunter,1,3
36804,Routine Generalist,0,3
36805,Engaged Generalist,2,3
36806,Routine Generalist,0,3
36807,Routine Young Parents,0,0
36808,Engaged Generalist,2,3
36810,Routine Generalist,0,3
36811,Routine Generalist,0,3
36812,Routine Young Parents,0,0
36813,Engaged Generalist,2,3
36815,Engaged Generalist,2,3
36816,Routine Generalist,0,3
36817,Engaged Generalist,2,3
36818,Promo Hunter,1,1
36819,Routine Generalist,0,3
36820,Promo Hunter,1,3
36821,Promo Hunter,1,3
36823,Promo Hunter,1,3
36825,Engaged Generalist,2,3
36826,Promo Hunter,1,3
36827,Routine Generalist,0,3
36828,Routine Generalist,0,3
36830,Routine Generalist,0,3
36831,Promo Hunter,1,3
36833,Promo Hunter,1,3
36834,Engaged Generalist,2,3
36835,Routine Young Parents,0,0
36836,Routine Generalist,0,3
36838,Promo Hunter,1,3
36839,Routine Generalist,0,3
36840,Promo Hunter,1,3
36844,Promo Hunter,1,3
36845,Routine Tech,0,2
36846,Routine Young Parents,0,0
36848,Routine Family Provisioner,0,1
36849,Routine Young Parents,0,0
36850,Engaged Family Provisioner,2,1
36851,Routine Generalist,0,3
36853,Promo Hunter,1,3
36856,Promo Hunter,1,3
36857,Routine Family Provisioner,0,1
36858,Routine Generalist,0,3
36859,Routine Young Parents,0,0
36860,Routine Family Provisioner,0,1
36861,Routine Generalist,0,3
36862,Routine Generalist,0,3
36863,Routine Generalist,0,3
36864,Engaged Family Provisioner,2,1
36865,Routine Young Parents,0,0
36866,Routine Tech,0,2
36867,Promo Hunter,1,3
36868,Promo Hunter,1,3
36869,Routine Young Parents,0,0
36870,Promo Hunter,1,3
36871,Routine Generalist,0,3
36872,Routine Family Provisioner,0,1
36873,Engaged Generalist,2,3
36874,Promo Hunter,1,3
36875,Engaged Generalist,2,3
36876,Promo Hunter,1,3
36877,Routine Generalist,0,3
36878,Engaged Generalist,2,3
36881,Engaged Generalist,2,3
36882,Engaged Generalist,2,3
36884,Routine Generalist,0,3
36885,Promo Hunter,1,3
36886,Routine Family Provisioner,0,1
36887,Promo Hunter,1,3
36888,Engaged Family Provisioner,2,1
36890,Engaged Generalist,2,3
36891,Routine Generalist,0,3
36892,Routine Young Parents,0,0
36893,Routine Young Parents,0,0
36894,Routine Generalist,0,3
36895,Routine Young Parents,0,0
36897,Engaged Generalist,2,3
36899,Promo Hunter,1,1
36900,Routine Generalist,0,3
36901,Engaged Generalist,2,3
36902,Routine Young Parents,0,0
36903,Routine Generalist,0,3
36904,Routine Generalist,0,3
36905,Routine Young Parents,0,0
36906,Promo Hunter,1,3
36907,Routine Generalist,0,3
36909,Routine Tech,0,2
36910,Routine Generalist,0,3
36912,Routine Young Parents,0,0
36914,Promo Hunter,1,1
36915,Engaged Generalist,2,3
36916,Engaged Generalist,2,3
36917,Engaged Generalist,2,2
36921,Promo Hunter,1,3
36922,Routine Generalist,0,3
36923,Engaged Generalist,2,3
36924,Routine Young Parents,0,0
36925,Engaged Generalist,2,3
36926,Routine Young Parents,0,0
36927,Routine Generalist,0,3
36928,Routine Generalist,0,3
36929,Routine Young Parents,0,0
36931,Routine Generalist,0,3
36932,Engaged Generalist,2,3
36933,Engaged Generalist,2,3
36934,Routine Family Provisioner,0,1
36935,Engaged Generalist,2,3
36936,Routine Generalist,0,3
36937,Promo Hunter,1,3
36938,Engaged Generalist,2,3
36939,Routine Tech,0,2
36940,Promo Hunter,1,3
36941,Routine Young Parents,0,0
36942,Promo Hunter,1,3
36944,Routine Young Parents,0,0
36945,Routine Generalist,0,3
36947,Routine Generalist,0,3
36948,Engaged Generalist,2,3
36949,Engaged Generalist,2,3
36950,Routine Young Parents,0,0
36951,Engaged Generalist,2,3
36952,Routine Generalist,0,3
36953,Routine Generalist,0,3
36954,Routine Generalist,0,3
36957,Promo Hunter,1,3
36959,Promo Hunter,1,1
36960,Routine Tech,0,2
36961,Engaged Generalist,2,3
36962,Routine Generalist,0,3
36965,Routine Generalist,0,3
36966,Routine Young Parents,0,0
36967,Engaged Generalist,2,3
36968,Routine Young Parents,0,0
36972,Engaged Generalist,2,3
36973,Engaged Generalist,2,3
36974,Engaged Generalist,2,3
36975,Engaged Family Provisioner,2,1
36976,Routine Tech,0,2
36977,Engaged Generalist,2,3
36978,Routine Generalist,0,3
36979,Promo Hunter,1,3
36980,Routine Generalist,0,3
36981,Routine Generalist,0,3
36982,Routine Generalist,0,3
36983,Routine Generalist,0,3
36984,Routine Family Provisioner,0,1
36985,Promo Hunter,1,1
36986,Engaged Generalist,2,3
36987,Routine Young Parents,0,0
36988,Engaged Generalist,2,3
36989,Promo Hunter,1,3
36990,Promo Hunter,1,1
36991,Routine Generalist,0,3
36992,Routine Young Parents,0,0
36993,Routine Tech,0,2
36994,Promo Hunter,1,1
36996,Engaged Generalist,2,3
36997,Routine Generalist,0,3
36998,Engaged Generalist,2,3
37001,Routine Young Parents,0,0
37002,Routine Young Parents,0,0
37003,Engaged Generalist,2,3
37004,Routine Generalist,0,3
37005,Routine Generalist,0,3
37006,Engaged Generalist,2,2
37007,Routine Generalist,0,3
37008,Engaged Generalist,2,3
37009,Promo Hunter,1,3
37010,Routine Generalist,0,3
37011,Engaged Generalist,2,3
37012,Engaged Generalist,2,0
37013,Engaged Generalist,2,3
37014,Engaged Generalist,2,3
37015,Promo Hunter,1,3
37017,Routine Generalist,0,3
37019,Engaged Generalist,2,3
37020,Promo Hunter,1,3
37021,Engaged Family Provisioner,2,1
37022,Engaged Generalist,2,3
37023,Routine Generalist,0,3
37024,Routine Tech,0,2
37025,Routine Young Parents,0,0
37026,Promo Hunter,1,3
37027,Routine Tech,0,2
37029,Engaged Generalist,2,3
37032,Engaged Generalist,2,3
37034,Routine Tech,0,2
37035,Routine Young Parents,0,0
37036,Engaged Generalist,2,3
37037,Engaged Generalist,2,3
37038,Routine Generalist,0,3
37039,Engaged Generalist,2,3
37040,Promo Hunter,1,3
37041,Promo Hunter,1,3
37042,Promo Hunter,1,3
37043,Engaged Generalist,2,3
37045,Routine Young Parents,0,0
37046,Routine Generalist,0,3
37047,Routine Tech,0,2
37048,Routine Generalist,0,3
37050,Promo Hunter,1,3
37051,Promo Hunter,1,3
37052,Routine Generalist,0,3
37053,Routine Generalist,0,3
37054,Engaged Generalist,2,3
37055,Routine Tech,0,2
37056,Promo Hunter,1,3
37057,Routine Generalist,0,3
37058,Promo Hunter,1,1
37060,Routine Generalist,0,3
37061,Routine Generalist,0,3
37063,Promo Hunter,1,1
37064,Routine Generalist,0,3
37066,Routine Tech,0,2
37068,Routine Young Parents,0,0
37069,Engaged Generalist,2,3
37070,Promo Hunter,1,3
37071,Routine Generalist,0,3
37072,Routine Family Provisioner,0,1
37073,Engaged Generalist,2,2
37074,Routine Young Parents,0,0
37077,Routine Generalist,0,3
37079,Promo Hunter,1,3
37080,Engaged Generalist,2,3
37081,Routine Generalist,0,3
37084,Routine Generalist,0,3
37085,Engaged Generalist,2,3
37086,Promo Hunter,1,3
37087,Engaged Generalist,2,3
37088,Engaged Generalist,2,3
37089,Promo Hunter,1,3
37090,Engaged Generalist,2,3
37092,Routine Family Provisioner,0,1
37093,Engaged Family Provisioner,2,1
37094,Engaged Generalist,2,3
37095,Routine Young Parents,0,0
37096,Promo Hunter,1,3
37097,Promo Hunter,1,3
37098,Promo Hunter,1,3
37099,Routine Tech,0,2
37100,Routine Generalist,0,3
37101,Engaged Generalist,2,3
37102,Routine Generalist,0,3
37103,Routine Generalist,0,3
37104,Routine Family Provisioner,0,1
37105,Routine Generalist,0,3
37106,Routine Generalist,0,3
37107,Engaged Generalist,2,3
37108,Promo Hunter,1,3
37109,Engaged Generalist,2,3
37110,Engaged Generalist,2,3
37111,Routine Young Parents,0,0
37112,Routine Tech,0,2
37113,Routine Young Parents,0,0
37114,Promo Hunter,1,3
37116,Engaged Generalist,2,3
37117,Promo Hunter,1,3
37118,Routine Tech,0,2
37119,Routine Generalist,0,3
37120,Routine Generalist,0,3
37121,Routine Generalist,0,3
37122,Routine Young Parents,0,0
37123,Engaged Generalist,2,3
37124,Routine Generalist,0,3
37125,Promo Hunter,1,1
37127,Promo Hunter,1,1
37128,Routine Generalist,0,3
37130,Routine Generalist,0,3
37131,Promo Hunter,1,3
37132,Engaged Generalist,2,3
37133,Routine Tech,0,2
37134,Engaged Generalist,2,3
37136,Engaged Family Provisioner,2,1
37137,Promo Hunter,1,1
37138,Promo Hunter,1,3
37139,Engaged Generalist,2,3
37140,Engaged Generalist,2,3
37144,Routine Tech,0,2
37145,Routine Generalist,0,3
37146,Routine Young Parents,0,0
37147,Routine Generalist,0,3
37149,Routine Generalist,0,3
37150,Routine Young Parents,0,0
37151,Engaged Generalist,2,3
37152,Routine Generalist,0,3
37153,Promo Hunter,1,3
37154,Routine Tech,0,2
37156,Routine Generalist,0,3
37157,Promo Hunter,1,1
37158,Routine Generalist,0,3
37159,Engaged Generalist,2,3
37160,Engaged Generalist,2,3
37161,Promo Hunter,1,3
37162,Routine Tech,0,2
37163,Promo Hunter,1,0
37164,Routine Generalist,0,3
37165,Promo Hunter,1,3
37166,Promo Hunter,1,3
37167,Routine Tech,0,2
37168,Routine Young Parents,0,0
37169,Promo Hunter,1,2
37170,Routine Young Parents,0,0
37171,Routine Family Provisioner,0,1
37172,Routine Generalist,0,3
37173,Routine Generalist,0,3
37174,Engaged Generalist,2,3
37175,Routine Tech,0,2
37176,Routine Generalist,0,3
37177,Engaged Generalist,2,3
37178,Routine Young Parents,0,0
37179,Promo Hunter,1,3
37180,Routine Tech,0,2
37181,Routine Generalist,0,3
37182,Promo Hunter,1,3
37183,Routine Family Provisioner,0,1
37184,Routine Generalist,0,3
37185,Routine Generalist,0,3
37186,Routine Young Parents,0,0
37188,Promo Hunter,1,3
37189,Routine Tech,0,2
37191,Routine Young Parents,0,0
37192,Promo Hunter,1,3
37194,Engaged Generalist,2,3
37195,Routine Generalist,0,3
37196,Routine Tech,0,2
37197,Routine Generalist,0,3
37198,Promo Hunter,1,0
37199,Routine Generalist,0,3
37200,Engaged Generalist,2,3
37203,Routine Generalist,0,3
37204,Engaged Generalist,2,3
37205,Routine Tech,0,2
37206,Engaged Generalist,2,3
37207,Routine Generalist,0,3
37208,Promo Hunter,1,3
37209,Engaged Generalist,2,3
37210,Engaged Generalist,2,3
37211,Engaged Generalist,2,3
37212,Routine Young Parents,0,0
37214,Engaged Generalist,2,3
37215,Routine Generalist,0,3
37216,Routine Generalist,0,3
37217,Engaged Generalist,2,3
37218,Routine Generalist,0,3
37219,Routine Young Parents,0,0
37220,Routine Family Provisioner,0,1
37221,Routine Generalist,0,3
37222,Routine Young Parents,0,0
37223,Routine Young Parents,0,0
37225,Engaged Generalist,2,3
37227,Promo Hunter,1,1
37228,Routine Young Parents,0,0
37230,Routine Family Provisioner,0,1
37231,Routine Tech,0,2
37232,Routine Generalist,0,3
37234,Engaged Generalist,2,3
37236,Routine Generalist,0,3
37237,Engaged Generalist,2,3
37238,Engaged Generalist,2,3
37240,Engaged Generalist,2,3
37241,Promo Hunter,1,0
37242,Engaged Generalist,2,3
37243,Engaged Generalist,2,3
37244,Promo Hunter,1,1
37246,Engaged Generalist,2,0
37248,Routine Young Parents,0,0
37249,Promo Hunter,1,3
37251,Routine Young Parents,0,0
37252,Routine Tech,0,2
37253,Promo Hunter,1,3
37254,Promo Hunter,1,3
37256,Routine Generalist,0,3
37258,Routine Generalist,0,3
37259,Promo Hunter,1,3
37260,Routine Tech,0,2
37262,Engaged Generalist,2,3
37265,Engaged Generalist,2,3
37266,Routine Generalist,0,3
37267,Routine Generalist,0,3
37268,Routine Young Parents,0,0
37269,Engaged Generalist,2,3
37270,Promo Hunter,1,3
37271,Promo Hunter,1,3
37272,Routine Family Provisioner,0,1
37273,Promo Hunter,1,3
37274,Routine Young Parents,0,0
37276,Routine Generalist,0,3
37277,Promo Hunter,1,3
37278,Promo Hunter,1,3
37282,Routine Young Parents,0,0
37283,Routine Tech,0,2
37286,Engaged Generalist,2,3
37287,Routine Young Parents,0,0
37288,Engaged Generalist,2,3
37289,Promo Hunter,1,3
37290,Promo Hunter,1,3
37292,Promo Hunter,1,3
37294,Engaged Generalist,2,3
37295,Routine Generalist,0,3
37296,Routine Tech,0,2
37297,Routine Generalist,0,3
37298,Engaged Generalist,2,3
37299,Routine Young Parents,0,0
37300,Promo Hunter,1,3
37301,Engaged Generalist,2,3
37303,Routine Young Parents,0,0
37304,Routine Tech,0,2
37305,Routine Generalist,0,3
37306,Engaged Generalist,2,3
37307,Routine Family Provisioner,0,1
37308,Routine Tech,0,2
37309,Routine Tech,0,2
37310,Engaged Generalist,2,3
37311,Engaged Generalist,2,3
37312,Engaged Family Provisioner,2,1
37313,Engaged Generalist,2,3
37314,Promo Hunter,1,3
37315,Routine Young Parents,0,0
37316,Routine Tech,0,2
37317,Engaged Generalist,2,2
37318,Routine Generalist,0,3
37319,Engaged Generalist,2,3
37320,Routine Young Parents,0,0
37321,Promo Hunter,1,3
37323,Promo Hunter,1,3
37324,Promo Hunter,1,3
37325,Engaged Generalist,2,3
37326,Routine Tech,0,2
37328,Promo Hunter,1,3
37329,Engaged Generalist,2,3
37330,Routine Tech,0,2
37331,Promo Hunter,1,3
37332,Promo Hunter,1,1
37333,Promo Hunter,1,3
37334,Promo Hunter,1,3
37335,Engaged Generalist,2,3
37336,Engaged Family Provisioner,2,1
37337,Routine Generalist,0,3
37338,Promo Hunter,1,2
37339,Routine Young Parents,0,0
37341,Routine Generalist,0,3
37343,Routine Generalist,0,3
37344,Routine Tech,0,2
37345,Routine Family Provisioner,0,1
37346,Engaged Generalist,2,3
37347,Engaged Family Provisioner,2,1
37348,Routine Generalist,0,3
37350,Engaged Generalist,2,3
37351,Routine Young Parents,0,0
37352,Engaged Generalist,2,3
37353,Routine Generalist,0,3
37354,Routine Generalist,0,3
37355,Routine Young Parents,0,0
37356,Engaged Generalist,2,3
37357,Engaged Generalist,2,3
37358,Routine Generalist,0,3
37359,Engaged Generalist,2,3
37360,Routine Generalist,0,3
37361,Promo Hunter,1,3
37362,Routine Tech,0,2
37364,Engaged Generalist,2,3
37365,Routine Generalist,0,3
37366,Engaged Generalist,2,3
37367,Routine Young Parents,0,0
37368,Routine Generalist,0,3
37369,Routine Generalist,0,3
37370,Routine Generalist,0,3
37371,Routine Young Parents,0,0
37372,Routine Family Provisioner,0,1
37373,Promo Hunter,1,3
37374,Routine Young Parents,0,0
37375,Routine Generalist,0,3
37379,Routine Generalist,0,3
37380,Routine Generalist,0,3
37381,Routine Generalist,0,3
37382,Promo Hunter,1,3
37383,Routine Generalist,0,3
37384,Promo Hunter,1,3
37385,Routine Generalist,0,3
37388,Routine Young Parents,0,0
37389,Routine Family Provisioner,0,1
37390,Routine Young Parents,0,0
37391,Engaged Generalist,2,3
37392,Promo Hunter,1,3
37393,Promo Hunter,1,3
37394,Routine Young Parents,0,0
37395,Routine Tech,0,2
37396,Routine Young Parents,0,0
37397,Engaged Generalist,2,3
37398,Routine Generalist,0,3
37400,Routine Generalist,0,3
37401,Routine Generalist,0,3
37402,Routine Generalist,0,3
37403,Routine Young Parents,0,0
37405,Promo Hunter,1,3
37407,Engaged Family Provisioner,2,1
37408,Promo Hunter,1,3
37409,Routine Tech,0,2
37411,Routine Young Parents,0,0
37412,Engaged Generalist,2,3
37414,Promo Hunter,1,3
37415,Promo Hunter,1,3
37416,Promo Hunter,1,3
37417,Engaged Generalist,2,3
37419,Routine Tech,0,2
37421,Promo Hunter,1,3
37422,Routine Generalist,0,3
37423,Promo Hunter,1,3
37424,Routine Generalist,0,3
37425,Routine Young Parents,0,0
37426,Routine Tech,0,2
37428,Promo Hunter,1,3
37429,Routine Generalist,0,3
37430,Engaged Generalist,2,0
37431,Engaged Generalist,2,3
37432,Routine Generalist,0,3
37433,Promo Hunter,1,3
37434,Routine Young Parents,0,0
37435,Routine Generalist,0,3
37436,Promo Hunter,1,3
37437,Routine Young Parents,0,0
37438,Engaged Family Provisioner,2,1
37439,Engaged Generalist,2,3
37440,Promo Hunter,1,3
37441,Routine Tech,0,2
37442,Routine Generalist,0,3
37444,Routine Generalist,0,3
37445,Routine Tech,0,2
37447,Routine Tech,0,2
37448,Routine Young Parents,0,0
37450,Routine Young Parents,0,0
37451,Routine Generalist,0,3
37452,Routine Generalist,0,3
37453,Routine Generalist,0,3
37454,Routine Young Parents,0,0
37455,Promo Hunter,1,3
37457,Promo Hunter,1,3
37458,Routine Generalist,0,3
37459,Routine Young Parents,0,0
37460,Routine Family Provisioner,0,1
37461,Routine Generalist,0,3
37462,Engaged Generalist,2,3
37463,Promo Hunter,1,3
37464,Routine Young Parents,0,0
37465,Routine Generalist,0,3
37466,Routine Young Parents,0,0
37467,Engaged Generalist,2,3
37468,Promo Hunter,1,1
37469,Routine Tech,0,2
37470,Routine Generalist,0,3
37471,Routine Generalist,0,3
37473,Routine Tech,0,2
37474,Routine Tech,0,2
37476,Routine Generalist,0,3
37477,Routine Generalist,0,3
37478,Routine Generalist,0,3
37479,Routine Tech,0,2
37480,Promo Hunter,1,3
37481,Routine Generalist,0,3
37483,Routine Generalist,0,3
37484,Engaged Generalist,2,3
37486,Routine Family Provisioner,0,1
37487,Routine Young Parents,0,0
37488,Routine Generalist,0,3
37489,Routine Generalist,0,3
37490,Promo Hunter,1,3
37491,Promo Hunter,1,3
37493,Routine Generalist,0,3
37494,Routine Generalist,0,3
37497,Routine Generalist,0,3
37498,Routine Generalist,0,3
37500,Routine Generalist,0,3
37501,Engaged Generalist,2,3
37502,Promo Hunter,1,3
37503,Engaged Generalist,2,3
37504,Promo Hunter,1,3
37506,Promo Hunter,1,3
37507,Engaged Generalist,2,3
37508,Engaged Generalist,2,3
37509,Engaged Generalist,2,3
37510,Routine Young Parents,0,0
37511,Routine Young Parents,0,0
37514,Engaged Generalist,2,3
37515,Routine Generalist,0,3
37516,Promo Hunter,1,1
37517,Engaged Generalist,2,3
37518,Engaged Generalist,2,3
37520,Promo Hunter,1,3
37521,Routine Generalist,0,3
37523,Routine Young Parents,0,0
37524,Promo Hunter,1,3
37525,Routine Generalist,0,3
37526,Routine Young Parents,0,0
37527,Engaged Generalist,2,3
37528,Routine Young Parents,0,0
37529,Engaged Generalist,2,3
37531,Promo Hunter,1,3
37535,Routine Tech,0,2
37536,Routine Tech,0,2
37537,Promo Hunter,1,3
37540,Routine Tech,0,2
37541,Engaged Generalist,2,3
37542,Routine Generalist,0,3
37545,Routine Tech,0,2
37546,Engaged Family Provisioner,2,1
37548,Routine Generalist,0,3
37550,Routine Generalist,0,3
37551,Routine Generalist,0,3
37553,Routine Young Parents,0,0
37554,Promo Hunter,1,3
37555,Promo Hunter,1,3
37556,Promo Hunter,1,3
37557,Engaged Generalist,2,3
37558,Engaged Generalist,2,3
37559,Routine Tech,0,2
37560,Routine Young Parents,0,0
37561,Routine Generalist,0,3
37562,Engaged Generalist,2,3
37563,Engaged Generalist,2,3
37564,Routine Generalist,0,3
37565,Engaged Generalist,2,3
37566,Routine Generalist,0,3
37567,Engaged Generalist,2,3
37569,Promo Hunter,1,1
37570,Promo Hunter,1,3
37571,Promo Hunter,1,2
37572,Engaged Generalist,2,3
37573,Routine Young Parents,0,0
37574,Engaged Generalist,2,3
37575,Engaged Generalist,2,3
37576,Routine Tech,0,2
37577,Routine Young Parents,0,0
37578,Routine Generalist,0,3
37579,Engaged Generalist,2,3
37580,Routine Generalist,0,3
37581,Engaged Generalist,2,3
37582,Promo Hunter,1,1
37583,Routine Young Parents,0,0
37584,Routine Tech,0,2
37585,Promo Hunter,1,3
37586,Routine Generalist,0,3
37587,Routine Family Provisioner,0,1
37588,Engaged Generalist,2,3
37589,Routine Young Parents,0,0
37590,Promo Hunter,1,3
37591,Routine Young Parents,0,0
37592,Routine Family Provisioner,0,1
37593,Routine Generalist,0,3
37595,Promo Hunter,1,3
37596,Engaged Generalist,2,3
37597,Routine Tech,0,2
37598,Engaged Generalist,2,3
37599,Promo Hunter,1,3
37600,Routine Generalist,0,3
37601,Routine Generalist,0,3
37602,Promo Hunter,1,3
37603,Promo Hunter,1,1
37605,Routine Tech,0,2
37606,Engaged Generalist,2,3
37607,Routine Tech,0,2
37608,Promo Hunter,1,3
37610,Engaged Generalist,2,3
37612,Routine Generalist,0,3
37613,Routine Tech,0,2
37614,Engaged Generalist,2,3
37615,Routine Generalist,0,3
37617,Routine Young Parents,0,0
37621,Routine Tech,0,2
37622,Routine Generalist,0,3
37623,Engaged Generalist,2,3
37624,Engaged Generalist,2,3
37625,Routine Young Parents,0,0
37626,Routine Young Parents,0,0
37629,Routine Young Parents,0,0
37630,Routine Tech,0,2
37631,Promo Hunter,1,3
37633,Routine Generalist,0,3
37634,Routine Young Parents,0,0
37635,Routine Young Parents,0,0
37637,Routine Generalist,0,3
37638,Promo Hunter,1,3
37639,Engaged Generalist,2,3
37640,Routine Tech,0,2
37641,Routine Generalist,0,3
37642,Routine Tech,0,2
37643,Engaged Generalist,2,3
37645,Promo Hunter,1,3
37647,Routine Young Parents,0,0
37648,Routine Tech,0,2
37649,Routine Young Parents,0,0
37650,Routine Young Parents,0,0
37651,Routine Generalist,0,3
37652,Engaged Generalist,2,3
37653,Routine Generalist,0,3
37654,Routine Generalist,0,3
37656,Routine Generalist,0,3
37657,Routine Generalist,0,3
37658,Routine Young Parents,0,0
37659,Promo Hunter,1,1
37660,Promo Hunter,1,3
37661,Routine Generalist,0,3
37662,Engaged Generalist,2,3
37663,Routine Generalist,0,3
37665,Routine Generalist,0,3
37666,Routine Generalist,0,3
37667,Promo Hunter,1,1
37669,Promo Hunter,1,3
37670,Promo Hunter,1,2
37671,Routine Generalist,0,3
37672,Routine Generalist,0,3
37673,Routine Young Parents,0,0
37675,Engaged Generalist,2,3
37676,Engaged Generalist,2,3
37677,Promo Hunter,1,1
37679,Engaged Generalist,2,3
37682,Routine Tech,0,2
37683,Engaged Generalist,2,3
37684,Routine Generalist,0,3
37685,Routine Generalist,0,3
37686,Promo Hunter,1,3
37687,Routine Generalist,0,3
37689,Routine Generalist,0,3
37690,Routine Generalist,0,3
37691,Routine Generalist,0,3
37693,Engaged Generalist,2,3
37694,Promo Hunter,1,3
37695,Routine Generalist,0,3
37696,Routine Young Parents,0,0
37698,Engaged Generalist,2,3
37699,Routine Generalist,0,3
37700,Engaged Generalist,2,3
37701,Promo Hunter,1,3
37702,Routine Generalist,0,3
37703,Routine Young Parents,0,0
37704,Engaged Generalist,2,3
37706,Promo Hunter,1,3
37707,Routine Generalist,0,3
37708,Promo Hunter,1,3
37710,Promo Hunter,1,3
37711,Promo Hunter,1,3
37712,Routine Generalist,0,3
37713,Promo Hunter,1,1
37714,Routine Young Parents,0,0
37715,Routine Young Parents,0,0
37716,Routine Generalist,0,3
37717,Routine Tech,0,2
37718,Routine Generalist,0,3
37720,Engaged Generalist,2,3
37721,Routine Generalist,0,3
37723,Routine Generalist,0,3
37724,Routine Generalist,0,3
37725,Promo Hunter,1,2
37726,Routine Generalist,0,3
37727,Engaged Generalist,2,3
37729,Engaged Generalist,2,3
37732,Promo Hunter,1,1
37733,Promo Hunter,1,3
37735,Engaged Generalist,2,3
37736,Engaged Generalist,2,3
37738,Routine Young Parents,0,0
37739,Engaged Generalist,2,3
37740,Routine Young Parents,0,0
37741,Promo Hunter,1,3
37742,Promo Hunter,1,3
37743,Routine Tech,0,2
37745,Routine Generalist,0,3
37747,Routine Young Parents,0,0
37749,Engaged Generalist,2,3
37750,Routine Family Provisioner,0,1
37751,Routine Tech,0,2
37752,Routine Tech,0,2
37754,Routine Young Parents,0,0
37756,Routine Generalist,0,3
37757,Routine Generalist,0,3
37758,Routine Young Parents,0,0
37760,Routine Tech,0,2
37761,Routine Generalist,0,3
37762,Routine Tech,0,2
37764,Routine Young Parents,0,0
37765,Promo Hunter,1,3
37768,Promo Hunter,1,3
37769,Routine Young Parents,0,0
37770,Promo Hunter,1,1
37771,Promo Hunter,1,1
37772,Routine Generalist,0,3
37773,Promo Hunter,1,2
37774,Routine Generalist,0,3
37775,Engaged Generalist,2,3
37776,Routine Generalist,0,3
37777,Routine Generalist,0,3
37779,Routine Generalist,0,3
37780,Routine Young Parents,0,0
37781,Engaged Generalist,2,3
37782,Promo Hunter,1,1
37783,Promo Hunter,1,3
37784,Engaged Generalist,2,3
37785,Promo Hunter,1,3
37786,Engaged Generalist,2,0
37787,Routine Generalist,0,3
37788,Routine Generalist,0,3
37790,Engaged Generalist,2,3
37791,Promo Hunter,1,3
37792,Engaged Family Provisioner,2,1
37793,Routine Generalist,0,3
37795,Promo Hunter,1,3
37796,Promo Hunter,1,3
37797,Routine Generalist,0,3
37798,Engaged Generalist,2,3
37799,Routine Tech,0,2
37802,Routine Young Parents,0,0
37803,Routine Tech,0,2
37806,Promo Hunter,1,3
37807,Routine Young Parents,0,0
37808,Engaged Generalist,2,3
37809,Routine Generalist,0,3
37810,Promo Hunter,1,3
37811,Promo Hunter,1,2
37812,Promo Hunter,1,3
37813,Engaged Generalist,2,3
37816,Routine Young Parents,0,0
37817,Routine Young Parents,0,0
37818,Engaged Family Provisioner,2,1
37819,Routine Young Parents,0,0
37821,Routine Generalist,0,3
37822,Promo Hunter,1,3
37823,Routine Family Provisioner,0,1
37824,Promo Hunter,1,3
37826,Routine Family Provisioner,0,1
37827,Routine Generalist,0,3
37828,Routine Young Parents,0,0
37830,Routine Generalist,0,3
37831,Routine Family Provisioner,0,1
37832,Routine Young Parents,0,0
37833,Routine Generalist,0,3
37834,Promo Hunter,1,3
37835,Engaged Generalist,2,3
37836,Routine Generalist,0,3
37838,Engaged Generalist,2,3
37839,Routine Tech,0,2
37840,Routine Generalist,0,3
37841,Engaged Generalist,2,3
37842,Promo Hunter,1,3
37843,Routine Young Parents,0,0
37844,Routine Young Parents,0,0
37845,Engaged Generalist,2,3
37846,Promo Hunter,1,1
37848,Routine Young Parents,0,0
37849,Engaged Generalist,2,3
37850,Engaged Generalist,2,3
37851,Routine Generalist,0,3
37852,Routine Tech,0,2
37853,Engaged Generalist,2,3
37854,Promo Hunter,1,3
37855,Routine Young Parents,0,0
37856,Routine Generalist,0,3
37857,Promo Hunter,1,3
37858,Routine Young Parents,0,0
37859,Routine Young Parents,0,0
37860,Routine Young Parents,0,0
37861,Routine Family Provisioner,0,1
37862,Routine Tech,0,2
37863,Routine Generalist,0,3
37864,Promo Hunter,1,3
37865,Routine Tech,0,2
37867,Promo Hunter,1,1
37868,Routine Generalist,0,3
37869,Engaged Generalist,2,3
37870,Promo Hunter,1,3
37871,Routine Young Parents,0,0
37872,Promo Hunter,1,3
37873,Engaged Generalist,2,3
37874,Engaged Generalist,2,3
37876,Engaged Generalist,2,3
37877,Engaged Generalist,2,3
37878,Engaged Generalist,2,3
37879,Routine Generalist,0,3
37880,Promo Hunter,1,3
37881,Routine Young Parents,0,0
37882,Routine Generalist,0,3
37884,Engaged Generalist,2,3
37885,Routine Generalist,0,3
37886,Promo Hunter,1,3
37887,Routine Generalist,0,3
37888,Routine Generalist,0,3
37889,Engaged Generalist,2,3
37890,Routine Tech,0,2
37891,Routine Generalist,0,3
37893,Engaged Generalist,2,3
37895,Routine Generalist,0,3
37897,Routine Generalist,0,3
37898,Engaged Generalist,2,3
37899,Routine Generalist,0,3
37900,Routine Family Provisioner,0,1
37901,Promo Hunter,1,1
37902,Routine Tech,0,2
37903,Routine Generalist,0,3
37904,Engaged Generalist,2,3
37905,Routine Generalist,0,3
37906,Promo Hunter,1,3
37907,Engaged Generalist,2,3
37908,Routine Young Parents,0,0
37909,Routine Young Parents,0,0
37911,Engaged Generalist,2,3
37912,Routine Young Parents,0,0
37913,Promo Hunter,1,3
37915,Routine Generalist,0,3
37916,Promo Hunter,1,3
37917,Promo Hunter,1,3
37918,Routine Generalist,0,3
37919,Routine Young Parents,0,0
37920,Routine Generalist,0,3
37921,Routine Young Parents,0,0
37922,Engaged Generalist,2,3
37923,Engaged Generalist,2,3
37924,Promo Hunter,1,3
37925,Routine Young Parents,0,0
37926,Engaged Generalist,2,3
37928,Promo Hunter,1,1
37929,Promo Hunter,1,3
37930,Promo Hunter,1,3
37931,Routine Generalist,0,3
37932,Engaged Generalist,2,3
37934,Engaged Generalist,2,3
37935,Engaged Generalist,2,3
37936,Engaged Generalist,2,3
37937,Promo Hunter,1,3
37938,Routine Young Parents,0,0
37940,Routine Young Parents,0,0
37941,Routine Young Parents,0,0
37942,Promo Hunter,1,0
37943,Routine Generalist,0,3
37944,Engaged Generalist,2,3
37945,Routine Young Parents,0,0
37946,Promo Hunter,1,3
37947,Engaged Generalist,2,3
37948,Engaged Generalist,2,0
37950,Promo Hunter,1,3
37952,Routine Generalist,0,3
37953,Engaged Generalist,2,3
37954,Routine Young Parents,0,0
37955,Routine Generalist,0,3
37956,Engaged Generalist,2,3
37957,Routine Generalist,0,3
37958,Promo Hunter,1,3
37959,Promo Hunter,1,1
37961,Engaged Generalist,2,3
37962,Routine Generalist,0,3
37963,Routine Young Parents,0,0
37964,Routine Generalist,0,3
37965,Routine Young Parents,0,0
37966,Routine Tech,0,2
37967,Routine Young Parents,0,0
37969,Routine Family Provisioner,0,1
37970,Routine Young Parents,0,0
37972,Engaged Generalist,2,3
37973,Engaged Generalist,2,3
37974,Routine Young Parents,0,0
37975,Routine Generalist,0,3
37976,Promo Hunter,1,3
37977,Engaged Generalist,2,3
37978,Promo Hunter,1,3
37979,Engaged Generalist,2,3
37980,Promo Hunter,1,3
37981,Routine Generalist,0,3
37983,Routine Generalist,0,3
37984,Routine Generalist,0,3
37985,Routine Young Parents,0,0
37986,Routine Tech,0,2
37987,Engaged Generalist,2,3
37989,Routine Generalist,0,3
37990,Promo Hunter,1,3
37991,Routine Young Parents,0,0
37992,Routine Generalist,0,3
37993,Engaged Family Provisioner,2,1
37995,Promo Hunter,1,3
37996,Routine Family Provisioner,0,1
37997,Routine Young Parents,0,0
37998,Promo Hunter,1,3
37999,Routine Generalist,0,3
38001,Engaged Generalist,2,3
38002,Engaged Generalist,2,3
38003,Promo Hunter,1,1
38004,Routine Generalist,0,3
38005,Promo Hunter,1,3
38006,Routine Family Provisioner,0,1
38007,Routine Tech,0,2
38008,Routine Generalist,0,3
38009,Promo Hunter,1,1
38012,Promo Hunter,1,3
38013,Routine Young Parents,0,0
38014,Routine Generalist,0,3
38016,Routine Tech,0,2
38017,Promo Hunter,1,3
38018,Routine Tech,0,2
38019,Promo Hunter,1,3
38020,Routine Tech,0,2
38021,Routine Generalist,0,3
38022,Engaged Generalist,2,3
38023,Routine Family Provisioner,0,1
38024,Routine Tech,0,2
38025,Engaged Generalist,2,3
38026,Routine Tech,0,2
38027,Routine Young Parents,0,0
38028,Engaged Generalist,2,3
38029,Routine Tech,0,2
38031,Promo Hunter,1,3
38032,Promo Hunter,1,3
38033,Routine Generalist,0,3
38034,Routine Tech,0,2
38035,Routine Generalist,0,3
38036,Engaged Generalist,2,3
38037,Promo Hunter,1,1
38038,Engaged Generalist,2,3
38040,Routine Generalist,0,3
38041,Engaged Generalist,2,3
38042,Engaged Generalist,2,3
38043,Routine Generalist,0,3
38044,Engaged Generalist,2,3
38046,Engaged Generalist,2,3
38048,Routine Generalist,0,3
38049,Routine Generalist,0,3
38050,Routine Young Parents,0,0
38051,Routine Young Parents,0,0
38052,Routine Young Parents,0,0
38053,Promo Hunter,1,3
38055,Routine Young Parents,0,0
38056,Routine Young Parents,0,0
38057,Routine Tech,0,2
38058,Engaged Generalist,2,3
38059,Routine Generalist,0,3
38060,Routine Young Parents,0,0
38061,Routine Generalist,0,3
38062,Routine Generalist,0,3
38065,Routine Tech,0,2
38066,Engaged Generalist,2,3
38067,Routine Generalist,0,3
38068,Promo Hunter,1,3
38070,Routine Generalist,0,3
38071,Engaged Generalist,2,3
38073,Promo Hunter,1,3
38074,Routine Young Parents,0,0
38076,Engaged Generalist,2,3
38077,Engaged Generalist,2,3
38078,Promo Hunter,1,3
38079,Routine Young Parents,0,0
38080,Promo Hunter,1,3
38081,Routine Tech,0,2
38082,Engaged Generalist,2,3
38083,Engaged Generalist,2,3
38085,Engaged Generalist,2,3
38086,Promo Hunter,1,3
38087,Routine Generalist,0,3
38088,Engaged Generalist,2,3
38089,Promo Hunter,1,1
38090,Routine Young Parents,0,0
38091,Routine Generalist,0,3
38092,Routine Young Parents,0,0
38093,Routine Family Provisioner,0,1
38095,Promo Hunter,1,3
38096,Routine Generalist,0,3
38097,Routine Tech,0,2
38098,Promo Hunter,1,1
38099,Engaged Generalist,2,3
38100,Routine Generalist,0,3
38101,Routine Tech,0,2
38102,Engaged Family Provisioner,2,1
38104,Routine Generalist,0,3
38105,Engaged Generalist,2,3
38106,Promo Hunter,1,3
38108,Routine Tech,0,2
38109,Promo Hunter,1,3
38110,Promo Hunter,1,3
38111,Promo Hunter,1,3
38112,Routine Tech,0,2
38113,Routine Generalist,0,3
38114,Engaged Generalist,2,3
38115,Promo Hunter,1,3
38116,Routine Generalist,0,3
38117,Engaged Generalist,2,3
38118,Routine Generalist,0,3
38119,Promo Hunter,1,1
38121,Engaged Generalist,2,3
38122,Routine Generalist,0,3
38124,Routine Young Parents,0,0
38125,Promo Hunter,1,3
38126,Engaged Generalist,2,3
38127,Promo Hunter,1,2
38128,Routine Young Parents,0,0
38129,Routine Tech,0,2
38130,Routine Young Parents,0,0
38131,Routine Generalist,0,3
38132,Engaged Generalist,2,3
38133,Engaged Generalist,2,3
38134,Routine Young Parents,0,0
38135,Promo Hunter,1,3
38136,Routine Young Parents,0,0
38137,Engaged Generalist,2,3
38138,Engaged Generalist,2,3
38141,Routine Generalist,0,3
38142,Routine Young Parents,0,0
38143,Engaged Generalist,2,3
38144,Promo Hunter,1,3
38145,Routine Young Parents,0,0
38146,Engaged Generalist,2,3
38148,Engaged Generalist,2,3
38149,Routine Tech,0,2
38150,Routine Young Parents,0,0
38151,Engaged Generalist,2,3
38152,Routine Generalist,0,3
38153,Promo Hunter,1,3
38154,Engaged Generalist,2,3
38155,Engaged Generalist,2,3
38156,Engaged Generalist,2,3
38157,Routine Generalist,0,3
38158,Engaged Generalist,2,3
38160,Promo Hunter,1,3
38161,Routine Young Parents,0,0
38162,Routine Young Parents,0,0
38163,Promo Hunter,1,3
38164,Routine Young Parents,0,0
38165,Routine Generalist,0,3
38166,Promo Hunter,1,3
38167,Promo Hunter,1,3
38168,Promo Hunter,1,1
38169,Engaged Generalist,2,3
38170,Routine Tech,0,2
38171,Promo Hunter,1,3
38173,Routine Tech,0,2
38174,Promo Hunter,1,3
38176,Promo Hunter,1,3
38177,Routine Young Parents,0,0
38179,Routine Generalist,0,3
38180,Routine Generalist,0,3
38181,Engaged Generalist,2,3
38182,Routine Generalist,0,3
38183,Routine Young Parents,0,0
38184,Promo Hunter,1,3
38185,Routine Tech,0,2
38187,Promo Hunter,1,1
38188,Promo Hunter,1,3
38189,Promo Hunter,1,2
38190,Engaged Generalist,2,3
38191,Promo Hunter,1,3
38192,Promo Hunter,1,3
38193,Engaged Generalist,2,3
38195,Routine Generalist,0,3
38196,Routine Generalist,0,3
38197,Engaged Generalist,2,3
38198,Engaged Generalist,2,3
38199,Routine Young Parents,0,0
38200,Routine Generalist,0,3
38201,Routine Tech,0,2
38203,Routine Generalist,0,3
38204,Promo Hunter,1,0
38205,Routine Tech,0,2
38206,Routine Generalist,0,3
38207,Routine Generalist,0,3
38208,Routine Young Parents,0,0
38209,Routine Tech,0,2
38210,Routine Young Parents,0,0
38211,Routine Family Provisioner,0,1
38212,Promo Hunter,1,1
38213,Routine Generalist,0,3
38215,Engaged Generalist,2,3
38216,Routine Tech,0,2
38217,Routine Tech,0,2
38218,Promo Hunter,1,3
38219,Routine Young Parents,0,0
38221,Engaged Generalist,2,3
38222,Routine Young Parents,0,0
38223,Routine Young Parents,0,0
38224,Engaged Generalist,2,3
38225,Promo Hunter,1,3
38227,Engaged Generalist,2,3
38228,Promo Hunter,1,3
38230,Engaged Generalist,2,3
38231,Engaged Family Provisioner,2,1
38232,Promo Hunter,1,3
38233,Routine Generalist,0,3
38234,Engaged Generalist,2,3
38235,Engaged Generalist,2,3
38236,Engaged Generalist,2,3
38237,Promo Hunter,1,1
38238,Engaged Generalist,2,3
38239,Routine Generalist,0,3
38241,Routine Young Parents,0,0
38242,Routine Young Parents,0,0
38243,Routine Young Parents,0,0
38244,Routine Generalist,0,3
38245,Routine Generalist,0,3
38246,Routine Young Parents,0,0
38248,Promo Hunter,1,3
38250,Engaged Family Provisioner,2,1
38251,Routine Family Provisioner,0,1
38252,Engaged Generalist,2,3
38255,Routine Tech,0,2
38256,Promo Hunter,1,1
38257,Engaged Generalist,2,3
38258,Engaged Generalist,2,3
38259,Routine Family Provisioner,0,1
38260,Promo Hunter,1,3
38261,Promo Hunter,1,1
38262,Promo Hunter,1,3
38263,Routine Generalist,0,3
38267,Routine Generalist,0,3
38268,Engaged Family Provisioner,2,1
38269,Engaged Generalist,2,3
38270,Routine Generalist,0,3
38271,Routine Generalist,0,3
38273,Promo Hunter,1,3
38274,Promo Hunter,1,3
38275,Routine Generalist,0,3
38276,Promo Hunter,1,3
38277,Routine Generalist,0,3
38278,Promo Hunter,1,3
38280,Engaged Generalist,2,3
38281,Promo Hunter,1,3
38282,Routine Generalist,0,3
38284,Promo Hunter,1,3
38285,Routine Tech,0,2
38286,Routine Generalist,0,3
38288,Promo Hunter,1,3
38290,Routine Generalist,0,3
38294,Promo Hunter,1,3
38295,Promo Hunter,1,3
38297,Promo Hunter,1,3
38300,Routine Tech,0,2
38301,Routine Generalist,0,3
38302,Routine Generalist,0,3
38303,Engaged Generalist,2,3
38304,Promo Hunter,1,3
38305,Routine Young Parents,0,0
38306,Promo Hunter,1,1
38307,Routine Generalist,0,3
38308,Routine Generalist,0,3
38309,Engaged Generalist,2,3
38310,Promo Hunter,1,3
38311,Routine Generalist,0,3
38312,Routine Young Parents,0,0
38313,Routine Young Parents,0,0
38314,Engaged Generalist,2,2
38315,Promo Hunter,1,3
38316,Engaged Generalist,2,3
38317,Engaged Generalist,2,3
38318,Routine Generalist,0,3
38319,Engaged Generalist,2,3
38320,Routine Tech,0,2
38321,Routine Generalist,0,3
38322,Routine Generalist,0,3
38323,Engaged Generalist,2,2
38324,Routine Generalist,0,3
38325,Engaged Generalist,2,3
38328,Routine Young Parents,0,0
38329,Promo Hunter,1,3
38330,Routine Young Parents,0,0
38331,Routine Generalist,0,3
38332,Promo Hunter,1,1
38333,Routine Family Provisioner,0,1
38334,Routine Generalist,0,3
38335,Routine Generalist,0,3
38336,Routine Young Parents,0,0
38337,Promo Hunter,1,1
38338,Engaged Generalist,2,3
38339,Engaged Generalist,2,3
38340,Routine Generalist,0,3
38342,Engaged Generalist,2,3
38343,Routine Tech,0,2
38344,Routine Tech,0,2
38345,Engaged Generalist,2,3
38346,Engaged Generalist,2,3
38348,Routine Generalist,0,3
38349,Routine Young Parents,0,0
38350,Routine Young Parents,0,0
38351,Routine Tech,0,2
38352,Promo Hunter,1,1
38353,Promo Hunter,1,3
38354,Routine Young Parents,0,0
38355,Engaged Family Provisioner,2,1
38356,Engaged Generalist,2,3
38357,Promo Hunter,1,3
38358,Engaged Generalist,2,3
38359,Routine Young Parents,0,0
38360,Promo Hunter,1,3
38361,Routine Generalist,0,3
38362,Routine Generalist,0,3
38363,Routine Generalist,0,3
38364,Promo Hunter,1,3
38365,Engaged Generalist,2,3
38366,Promo Hunter,1,3
38367,Routine Generalist,0,3
38368,Routine Tech,0,2
38369,Promo Hunter,1,3
38370,Promo Hunter,1,3
38371,Routine Generalist,0,3
38372,Routine Generalist,0,3
38373,Routine Generalist,0,3
38374,Routine Young Parents,0,0
38376,Routine Generalist,0,3
38377,Routine Tech,0,2
38378,Promo Hunter,1,3
38379,Routine Tech,0,2
38380,Promo Hunter,1,1
38381,Engaged Generalist,2,3
38382,Routine Generalist,0,3
38384,Engaged Family Provisioner,2,1
38385,Routine Tech,0,2
38386,Promo Hunter,1,3
38388,Routine Generalist,0,3
38389,Promo Hunter,1,2
38390,Routine Generalist,0,3
38392,Promo Hunter,1,0
38393,Engaged Generalist,2,3
38394,Routine Generalist,0,3
38395,Routine Tech,0,2
38397,Routine Generalist,0,3
38398,Promo Hunter,1,3
38399,Routine Young Parents,0,0
38400,Routine Generalist,0,3
38401,Engaged Generalist,2,3
38402,Promo Hunter,1,3
38404,Routine Tech,0,2
38405,Promo Hunter,1,1
38406,Routine Generalist,0,3
38407,Routine Young Parents,0,0
38408,Routine Generalist,0,3
38409,Routine Tech,0,2
38411,Routine Tech,0,2
38414,Routine Young Parents,0,0
38415,Engaged Generalist,2,3
38416,Promo Hunter,1,3
38417,Routine Generalist,0,3
38418,Engaged Generalist,2,0
38419,Routine Tech,0,2
38420,Promo Hunter,1,3
38421,Routine Young Parents,0,0
38422,Routine Tech,0,2
38423,Promo Hunter,1,3
38424,Routine Young Parents,0,0
38425,Routine Young Parents,0,0
38426,Routine Young Parents,0,0
38427,Routine Young Parents,0,0
38429,Routine Young Parents,0,0
38430,Engaged Generalist,2,3
38431,Routine Family Provisioner,0,1
38433,Engaged Generalist,2,3
38434,Routine Generalist,0,3
38435,Routine Generalist,0,3
38436,Promo Hunter,1,3
38438,Engaged Generalist,2,3
38440,Routine Young Parents,0,0
38441,Routine Generalist,0,3
38442,Routine Family Provisioner,0,1
38444,Promo Hunter,1,3
38445,Routine Tech,0,2
38447,Promo Hunter,1,3
38448,Routine Young Parents,0,0
38449,Routine Generalist,0,3
38450,Routine Young Parents,0,0
38453,Routine Generalist,0,3
38454,Promo Hunter,1,3
38457,Engaged Generalist,2,3
38459,Routine Tech,0,2
38460,Routine Young Parents,0,0
38461,Routine Generalist,0,3
38462,Promo Hunter,1,3
38463,Routine Young Parents,0,0
38464,Routine Family Provisioner,0,1
38465,Routine Family Provisioner,0,1
38466,Engaged Generalist,2,3
38467,Routine Young Parents,0,0
38468,Routine Young Parents,0,0
38470,Routine Generalist,0,3
38471,Promo Hunter,1,3
38473,Routine Generalist,0,3
38474,Promo Hunter,1,3
38476,Engaged Generalist,2,3
38477,Engaged Family Provisioner,2,1
38478,Engaged Family Provisioner,2,1
38480,Engaged Generalist,2,3
38481,Routine Generalist,0,3
38482,Routine Generalist,0,3
38484,Routine Tech,0,2
38486,Promo Hunter,1,0
38487,Engaged Generalist,2,3
38488,Promo Hunter,1,3
38489,Routine Generalist,0,3
38490,Engaged Generalist,2,3
38492,Engaged Generalist,2,0
38493,Routine Young Parents,0,0
38494,Routine Young Parents,0,0
38495,Engaged Generalist,2,3
38497,Routine Young Parents,0,0
38498,Routine Tech,0,2
38499,Promo Hunter,1,3
38501,Routine Young Parents,0,0
38502,Promo Hunter,1,3
38503,Engaged Generalist,2,3
38504,Routine Generalist,0,3
38505,Promo Hunter,1,1
38506,Promo Hunter,1,1
38507,Routine Generalist,0,3
38508,Routine Generalist,0,3
38510,Routine Young Parents,0,0
38511,Promo Hunter,1,3
38512,Promo Hunter,1,2
38513,Promo Hunter,1,1
38514,Promo Hunter,1,1
38516,Routine Generalist,0,3
38517,Engaged Generalist,2,3
38518,Routine Generalist,0,3
38519,Promo Hunter,1,3
38520,Engaged Family Provisioner,2,1
38521,Engaged Generalist,2,3
38522,Routine Generalist,0,3
38523,Promo Hunter,1,3
38524,Engaged Generalist,2,3
38525,Promo Hunter,1,1
38526,Routine Young Parents,0,0
38528,Routine Generalist,0,3
38529,Routine Generalist,0,3
38530,Routine Family Provisioner,0,1
38531,Routine Young Parents,0,0
38532,Promo Hunter,1,3
38533,Engaged Generalist,2,3
38535,Routine Tech,0,2
38536,Promo Hunter,1,3
38537,Routine Young Parents,0,0
38538,Promo Hunter,1,3
38540,Engaged Generalist,2,3
38541,Routine Generalist,0,3
38542,Promo Hunter,1,3
38543,Promo Hunter,1,3
38544,Promo Hunter,1,3
38545,Routine Generalist,0,3
38548,Routine Young Parents,0,0
38550,Routine Generalist,0,3
38551,Engaged Generalist,2,3
38552,Engaged Generalist,2,3
38553,Promo Hunter,1,3
38554,Engaged Generalist,2,3
38555,Promo Hunter,1,3
38556,Promo Hunter,1,3
38557,Routine Generalist,0,3
38558,Routine Generalist,0,3
38559,Engaged Generalist,2,3
38560,Engaged Generalist,2,3
38561,Promo Hunter,1,3
38562,Engaged Generalist,2,3
38563,Routine Tech,0,2
38564,Promo Hunter,1,0
38565,Engaged Generalist,2,3
38566,Routine Generalist,0,3
38568,Routine Generalist,0,3
38569,Promo Hunter,1,3
38570,Engaged Generalist,2,3
38571,Promo Hunter,1,3
38573,Routine Generalist,0,3
38574,Routine Family Provisioner,0,1
38575,Engaged Generalist,2,2
38576,Engaged Generalist,2,3
38577,Routine Young Parents,0,0
38578,Routine Generalist,0,3
38580,Routine Young Parents,0,0
38581,Engaged Generalist,2,3
38582,Engaged Generalist,2,3
38583,Routine Generalist,0,3
38584,Routine Young Parents,0,0
38585,Engaged Generalist,2,3
38586,Engaged Generalist,2,3
38587,Routine Young Parents,0,0
38588,Routine Young Parents,0,0
38589,Routine Tech,0,2
38590,Engaged Generalist,2,3
38591,Engaged Generalist,2,3
38592,Engaged Generalist,2,3
38593,Engaged Generalist,2,3
38594,Promo Hunter,1,3
38595,Promo Hunter,1,3
38596,Engaged Generalist,2,3
38597,Routine Family Provisioner,0,1
38598,Engaged Generalist,2,3
38600,Routine Generalist,0,3
38601,Routine Tech,0,2
38602,Routine Tech,0,2
38603,Routine Family Provisioner,0,1
38606,Routine Tech,0,2
38608,Routine Young Parents,0,0
38609,Routine Young Parents,0,0
38610,Routine Tech,0,2
38611,Promo Hunter,1,3
38612,Routine Generalist,0,3
38613,Routine Family Provisioner,0,1
38614,Engaged Generalist,2,3
38615,Routine Young Parents,0,0
38616,Routine Generalist,0,3
38617,Routine Young Parents,0,0
38618,Engaged Generalist,2,3
38619,Routine Tech,0,2
38620,Engaged Generalist,2,3
38622,Routine Tech,0,2
38624,Routine Young Parents,0,0
38625,Routine Generalist,0,3
38626,Engaged Generalist,2,3
38627,Promo Hunter,1,3
38628,Engaged Generalist,2,3
38629,Engaged Generalist,2,3
38630,Promo Hunter,1,3
38631,Engaged Generalist,2,3
38632,Routine Tech,0,2
38633,Promo Hunter,1,1
38634,Promo Hunter,1,3
38635,Routine Young Parents,0,0
38636,Routine Generalist,0,3
38637,Routine Generalist,0,3
38638,Routine Generalist,0,3
38639,Engaged Generalist,2,3
38640,Promo Hunter,1,3
38642,Engaged Generalist,2,3
38643,Routine Young Parents,0,0
38644,Routine Family Provisioner,0,1
38645,Routine Tech,0,2
38646,Engaged Family Provisioner,2,1
38648,Routine Young Parents,0,0
38649,Routine Tech,0,2
38650,Routine Young Parents,0,0
38652,Engaged Generalist,2,0
38653,Routine Tech,0,2
38654,Routine Young Parents,0,0
38655,Routine Tech,0,2
38656,Routine Tech,0,2
38658,Promo Hunter,1,3
38659,Promo Hunter,1,3
38661,Promo Hunter,1,3
38662,Engaged Generalist,2,3
38663,Promo Hunter,1,3
38664,Promo Hunter,1,3
38665,Routine Generalist,0,3
38666,Promo Hunter,1,1
38669,Routine Tech,0,2
38670,Engaged Generalist,2,3
38671,Promo Hunter,1,2
38673,Engaged Generalist,2,3
38674,Promo Hunter,1,1
38675,Routine Tech,0,2
38677,Promo Hunter,1,3
38678,Engaged Generalist,2,3
38680,Promo Hunter,1,3
38681,Routine Young Parents,0,0
38682,Engaged Generalist,2,3
38683,Routine Tech,0,2
38684,Promo Hunter,1,0
38685,Promo Hunter,1,3
38686,Promo Hunter,1,3
38687,Routine Generalist,0,3
38688,Engaged Generalist,2,3
38689,Routine Generalist,0,3
38691,Routine Tech,0,2
38692,Routine Generalist,0,3
38693,Routine Generalist,0,3
38694,Engaged Generalist,2,3
38695,Routine Young Parents,0,0
38696,Engaged Generalist,2,3
38697,Routine Generalist,0,3
38698,Routine Tech,0,2
38699,Routine Young Parents,0,0
38700,Routine Tech,0,2
38701,Routine Tech,0,2
38702,Routine Young Parents,0,0
38703,Promo Hunter,1,3
38704,Engaged Family Provisioner,2,1
38705,Routine Generalist,0,3
38706,Engaged Generalist,2,3
38707,Routine Young Parents,0,0
38708,Routine Tech,0,2
38709,Routine Generalist,0,3
38710,Promo Hunter,1,3
38713,Engaged Generalist,2,3
38714,Engaged Generalist,2,3
38715,Routine Generalist,0,3
38716,Promo Hunter,1,3
38717,Promo Hunter,1,3
38718,Routine Young Parents,0,0
38719,Engaged Generalist,2,3
38721,Promo Hunter,1,3
38722,Routine Young Parents,0,0
38725,Promo Hunter,1,3
38726,Routine Young Parents,0,0
38727,Routine Generalist,0,3
38728,Routine Young Parents,0,0
38729,Routine Tech,0,2
38730,Engaged Generalist,2,3
38731,Routine Young Parents,0,0
38733,Engaged Generalist,2,3
38734,Routine Generalist,0,3
38737,Promo Hunter,1,1
38738,Promo Hunter,1,3
38739,Routine Young Parents,0,0
38741,Routine Generalist,0,3
38742,Routine Young Parents,0,0
38743,Engaged Generalist,2,3
38744,Engaged Generalist,2,3
38745,Routine Generalist,0,3
38746,Routine Tech,0,2
38747,Engaged Generalist,2,3
38748,Engaged Generalist,2,3
38749,Routine Young Parents,0,0
38750,Engaged Generalist,2,3
38751,Routine Tech,0,2
38752,Routine Generalist,0,3
38753,Routine Tech,0,2
38754,Routine Generalist,0,3
38755,Routine Tech,0,2
38756,Engaged Generalist,2,3
38757,Promo Hunter,1,1
38758,Engaged Generalist,2,3
38759,Routine Generalist,0,3
38761,Routine Young Parents,0,0
38762,Engaged Generalist,2,3
38763,Routine Young Parents,0,0
38764,Routine Generalist,0,3
38765,Promo Hunter,1,3
38766,Routine Young Parents,0,0
38768,Routine Young Parents,0,0
38769,Routine Generalist,0,3
38771,Routine Generalist,0,3
38772,Routine Young Parents,0,0
38774,Routine Generalist,0,3
38775,Routine Young Parents,0,0
38777,Routine Generalist,0,3
38778,Engaged Family Provisioner,2,1
38779,Routine Young Parents,0,0
38780,Routine Tech,0,2
38781,Engaged Generalist,2,3
38782,Routine Young Parents,0,0
38784,Routine Generalist,0,3
38786,Engaged Generalist,2,3
38787,Routine Tech,0,2
38788,Engaged Generalist,2,3
38789,Engaged Generalist,2,3
38791,Routine Young Parents,0,0
38793,Engaged Generalist,2,3
38794,Routine Generalist,0,3
38796,Promo Hunter,1,3
38797,Routine Young Parents,0,0
38798,Routine Generalist,0,3
38799,Engaged Generalist,2,3
38801,Engaged Generalist,2,3
38802,Routine Young Parents,0,0
38803,Promo Hunter,1,3
38804,Routine Tech,0,2
38806,Promo Hunter,1,3
38807,Engaged Family Provisioner,2,1
38808,Engaged Generalist,2,3
38811,Routine Generalist,0,3
38813,Routine Young Parents,0,0
38814,Promo Hunter,1,3
38815,Engaged Generalist,2,3
38818,Promo Hunter,1,3
38819,Engaged Generalist,2,3
38820,Promo Hunter,1,3
38821,Routine Generalist,0,3
38822,Routine Family Provisioner,0,1
38823,Routine Generalist,0,3
38824,Engaged Generalist,2,3
38825,Routine Generalist,0,3
38826,Promo Hunter,1,3
38827,Routine Young Parents,0,0
38828,Routine Generalist,0,3
38829,Promo Hunter,1,3
38830,Engaged Generalist,2,3
38831,Engaged Generalist,2,3
38833,Routine Tech,0,2
38835,Routine Generalist,0,3
38836,Engaged Generalist,2,3
38837,Promo Hunter,1,3
38839,Promo Hunter,1,3
38840,Routine Generalist,0,3
38841,Promo Hunter,1,0
38842,Engaged Generalist,2,3
38843,Promo Hunter,1,3
38844,Engaged Generalist,2,3
38845,Routine Generalist,0,3
38846,Engaged Generalist,2,3
38848,Routine Generalist,0,3
38849,Promo Hunter,1,3
38851,Engaged Generalist,2,3
38852,Routine Generalist,0,3
38853,Routine Young Parents,0,0
38854,Engaged Generalist,2,3
38855,Routine Generalist,0,3
38856,Engaged Generalist,2,3
38857,Routine Generalist,0,3
38858,Engaged Generalist,2,3
38860,Engaged Generalist,2,3
38861,Engaged Generalist,2,3
38863,Routine Generalist,0,3
38864,Routine Generalist,0,3
38867,Routine Generalist,0,3
38869,Engaged Generalist,2,3
38870,Routine Generalist,0,3
38871,Promo Hunter,1,3
38872,Engaged Generalist,2,3
38873,Routine Generalist,0,3
38874,Routine Generalist,0,3
38875,Routine Generalist,0,3
38876,Promo Hunter,1,3
38877,Engaged Generalist,2,3
38878,Engaged Generalist,2,3
38879,Engaged Family Provisioner,2,1
38880,Routine Generalist,0,3
38881,Engaged Generalist,2,3
38882,Routine Young Parents,0,0
38883,Routine Generalist,0,3
38884,Routine Tech,0,2
38885,Promo Hunter,1,1
38887,Engaged Generalist,2,3
38888,Routine Generalist,0,3
38889,Routine Generalist,0,3
38890,Routine Generalist,0,3
38891,Engaged Generalist,2,3
38892,Engaged Generalist,2,3
38893,Promo Hunter,1,1
38896,Routine Tech,0,2
38897,Promo Hunter,1,3
38898,Promo Hunter,1,3
38899,Promo Hunter,1,1
38900,Promo Hunter,1,3
38901,Routine Family Provisioner,0,1
38902,Routine Generalist,0,3
38903,Engaged Generalist,2,3
38904,Promo Hunter,1,3
38905,Engaged Generalist,2,3
38907,Routine Generalist,0,3
38910,Routine Generalist,0,3
38911,Engaged Generalist,2,3
38912,Promo Hunter,1,3
38913,Promo Hunter,1,1
38914,Routine Young Parents,0,0
38915,Routine Young Parents,0,0
38916,Engaged Generalist,2,3
38917,Routine Young Parents,0,0
38918,Routine Young Parents,0,0
38919,Routine Generalist,0,3
38920,Routine Generalist,0,3
38921,Routine Young Parents,0,0
38923,Routine Tech,0,2
38924,Routine Generalist,0,3
38926,Promo Hunter,1,3
38927,Engaged Generalist,2,3
38928,Engaged Generalist,2,3
38929,Promo Hunter,1,3
38930,Routine Generalist,0,3
38931,Engaged Family Provisioner,2,1
38933,Routine Tech,0,2
38934,Routine Young Parents,0,0
38935,Engaged Generalist,2,3
38936,Routine Young Parents,0,0
38937,Routine Young Parents,0,0
38938,Routine Generalist,0,3
38939,Routine Generalist,0,3
38940,Routine Generalist,0,3
38941,Engaged Generalist,2,3
38942,Engaged Generalist,2,3
38943,Engaged Family Provisioner,2,1
38944,Routine Family Provisioner,0,1
38946,Engaged Generalist,2,3
38947,Promo Hunter,1,3
38949,Routine Generalist,0,3
38950,Routine Tech,0,2
38951,Routine Generalist,0,3
38952,Routine Generalist,0,3
38954,Routine Generalist,0,3
38955,Routine Generalist,0,3
38956,Routine Generalist,0,3
38958,Engaged Generalist,2,3
38959,Routine Generalist,0,3
38960,Routine Generalist,0,3
38961,Promo Hunter,1,3
38962,Routine Generalist,0,3
38963,Routine Young Parents,0,0
38964,Engaged Generalist,2,3
38965,Routine Generalist,0,3
38967,Promo Hunter,1,3
38968,Routine Young Parents,0,0
38969,Routine Generalist,0,3
38970,Engaged Generalist,2,3
38971,Promo Hunter,1,3
38972,Routine Generalist,0,3
38974,Routine Generalist,0,3
38975,Routine Generalist,0,3
38976,Engaged Generalist,2,2
38977,Promo Hunter,1,3
38978,Routine Generalist,0,3
38979,Routine Tech,0,2
38980,Engaged Generalist,2,3
38981,Routine Generalist,0,3
38982,Routine Young Parents,0,0
38983,Routine Generalist,0,3
38984,Promo Hunter,1,3
38985,Engaged Generalist,2,3
38987,Promo Hunter,1,3
38988,Engaged Generalist,2,3
38989,Promo Hunter,1,3
38990,Routine Generalist,0,3
38993,Engaged Generalist,2,3
38995,Engaged Generalist,2,3
38996,Promo Hunter,1,3
38997,Engaged Generalist,2,3
38999,Engaged Generalist,2,3
39000,Promo Hunter,1,3
39001,Promo Hunter,1,0
39002,Routine Family Provisioner,0,1
39004,Promo Hunter,1,3
39005,Routine Young Parents,0,0
39006,Routine Tech,0,2
39007,Engaged Generalist,2,3
39008,Routine Young Parents,0,0
39009,Engaged Generalist,2,3
39010,Engaged Generalist,2,3
39011,Routine Young Parents,0,0
39012,Engaged Generalist,2,3
39013,Routine Young Parents,0,0
39014,Routine Young Parents,0,0
39015,Promo Hunter,1,3
39016,Promo Hunter,1,3
39017,Routine Generalist,0,3
39018,Routine Generalist,0,3
39019,Promo Hunter,1,3
39020,Routine Young Parents,0,0
39021,Routine Generalist,0,3
39022,Routine Generalist,0,3
39023,Routine Young Parents,0,0
39025,Routine Generalist,0,3
39026,Routine Young Parents,0,0
39027,Promo Hunter,1,3
39028,Routine Generalist,0,3
39030,Routine Tech,0,2
39031,Routine Young Parents,0,0
39032,Routine Generalist,0,3
39033,Routine Generalist,0,3
39034,Routine Tech,0,2
39035,Engaged Generalist,2,3
39036,Routine Generalist,0,3
39037,Routine Generalist,0,3
39038,Promo Hunter,1,3
39039,Routine Generalist,0,3
39040,Promo Hunter,1,3
39041,Engaged Generalist,2,3
39042,Routine Generalist,0,3
39043,Routine Generalist,0,3
39044,Routine Generalist,0,3
39045,Engaged Generalist,2,3
39047,Engaged Generalist,2,3
39048,Promo Hunter,1,3
39049,Routine Family Provisioner,0,1
39050,Promo Hunter,1,3
39052,Routine Young Parents,0,0
39053,Engaged Generalist,2,3
39054,Routine Young Parents,0,0
39055,Promo Hunter,1,1
39056,Promo Hunter,1,0
39058,Engaged Generalist,2,3
39059,Routine Generalist,0,3
39060,Engaged Generalist,2,3
39061,Routine Young Parents,0,0
39062,Engaged Generalist,2,3
39063,Promo Hunter,1,3
39065,Routine Young Parents,0,0
39067,Routine Family Provisioner,0,1
39068,Promo Hunter,1,1
39069,Routine Young Parents,0,0
39071,Routine Family Provisioner,0,1
39072,Routine Young Parents,0,0
39074,Routine Generalist,0,3
39075,Routine Tech,0,2
39076,Routine Young Parents,0,0
39077,Routine Generalist,0,3
39078,Routine Generalist,0,3
39079,Routine Generalist,0,3
39080,Routine Generalist,0,3
39081,Routine Generalist,0,3
39082,Routine Generalist,0,3
39083,Routine Generalist,0,3
39084,Routine Generalist,0,3
39085,Routine Young Parents,0,0
39086,Routine Generalist,0,3
39087,Promo Hunter,1,3
39088,Engaged Generalist,2,3
39089,Routine Young Parents,0,0
39091,Routine Tech,0,2
39092,Routine Tech,0,2
39094,Routine Tech,0,2
39095,Engaged Generalist,2,3
39096,Engaged Generalist,2,3
39097,Routine Generalist,0,3
39099,Promo Hunter,1,1
39100,Routine Generalist,0,3
39101,Routine Generalist,0,3
39102,Routine Generalist,0,3
39103,Engaged Generalist,2,3
39104,Promo Hunter,1,3
39105,Routine Tech,0,2
39106,Promo Hunter,1,1
39107,Engaged Generalist,2,3
39108,Promo Hunter,1,3
39109,Promo Hunter,1,3
39110,Engaged Generalist,2,3
39111,Promo Hunter,1,3
39112,Routine Tech,0,2
39113,Engaged Generalist,2,0
39114,Engaged Generalist,2,3
39115,Engaged Generalist,2,3
39116,Routine Young Parents,0,0
39117,Routine Family Provisioner,0,1
39119,Routine Generalist,0,3
39120,Routine Generalist,0,3
39122,Routine Tech,0,2
39123,Routine Family Provisioner,0,1
39125,Routine Tech,0,2
39126,Engaged Generalist,2,3
39128,Routine Generalist,0,3
39129,Engaged Generalist,2,3
39130,Promo Hunter,1,3
39131,Routine Young Parents,0,0
39132,Promo Hunter,1,3
39133,Routine Generalist,0,3
39134,Engaged Generalist,2,3
39135,Routine Generalist,0,3
39136,Routine Young Parents,0,0
39138,Routine Generalist,0,3
39139,Routine Generalist,0,3
39140,Engaged Generalist,2,3
39141,Routine Tech,0,2
39142,Promo Hunter,1,1
39144,Routine Young Parents,0,0
39145,Routine Young Parents,0,0
39146,Routine Young Parents,0,0
39147,Routine Generalist,0,3
39149,Routine Generalist,0,3
39150,Routine Generalist,0,3
39151,Promo Hunter,1,3
39152,Routine Young Parents,0,0
39153,Routine Generalist,0,3
39154,Engaged Generalist,2,3
39155,Routine Generalist,0,3
39156,Promo Hunter,1,3
39157,Routine Young Parents,0,0
39158,Engaged Generalist,2,3
39159,Routine Generalist,0,3
39161,Promo Hunter,1,3
39162,Routine Generalist,0,3
39163,Promo Hunter,1,3
39164,Engaged Generalist,2,3
39165,Promo Hunter,1,1
39166,Engaged Generalist,2,3
39168,Routine Tech,0,2
39170,Engaged Generalist,2,3
39173,Routine Generalist,0,3
39174,Routine Generalist,0,3
39175,Routine Family Provisioner,0,1
39176,Promo Hunter,1,2
39177,Routine Tech,0,2
39178,Engaged Generalist,2,3
39180,Routine Young Parents,0,0
39181,Engaged Generalist,2,3
39184,Promo Hunter,1,3
39185,Routine Generalist,0,3
39186,Routine Tech,0,2
39187,Engaged Generalist,2,3
39188,Promo Hunter,1,1
39190,Engaged Generalist,2,3
39191,Promo Hunter,1,3
39192,Promo Hunter,1,3
39193,Promo Hunter,1,3
39194,Engaged Generalist,2,3
39195,Routine Young Parents,0,0
39196,Routine Generalist,0,3
39197,Routine Tech,0,2
39198,Engaged Generalist,2,3
39199,Routine Young Parents,0,0
39200,Engaged Generalist,2,3
39201,Routine Young Parents,0,0
39202,Promo Hunter,1,3
39203,Engaged Generalist,2,3
39204,Engaged Generalist,2,3
39205,Promo Hunter,1,3
39206,Promo Hunter,1,3
39207,Routine Generalist,0,3
39208,Engaged Generalist,2,3
39209,Routine Tech,0,2
39210,Routine Young Parents,0,0
39211,Promo Hunter,1,3
39212,Engaged Generalist,2,3
39213,Routine Tech,0,2
39214,Routine Generalist,0,3
39215,Engaged Generalist,2,3
39216,Routine Young Parents,0,0
39218,Routine Generalist,0,3
39219,Routine Generalist,0,3
39220,Routine Generalist,0,3
39221,Engaged Generalist,2,3
39222,Promo Hunter,1,3
39223,Routine Generalist,0,3
39224,Routine Young Parents,0,0
39226,Promo Hunter,1,1
39227,Routine Young Parents,0,0
39229,Engaged Generalist,2,3
39230,Engaged Generalist,2,3
39231,Routine Generalist,0,3
39232,Routine Generalist,0,3
39234,Routine Generalist,0,3
39236,Routine Young Parents,0,0
39238,Routine Generalist,0,3
39239,Routine Generalist,0,3
39241,Promo Hunter,1,3
39242,Promo Hunter,1,3
39243,Routine Tech,0,2
39244,Routine Tech,0,2
39245,Routine Generalist,0,3
39246,Routine Generalist,0,3
39247,Routine Young Parents,0,0
39249,Promo Hunter,1,1
39251,Routine Generalist,0,3
39252,Routine Young Parents,0,0
39255,Promo Hunter,1,1
39257,Promo Hunter,1,3
39258,Engaged Generalist,2,3
39259,Promo Hunter,1,3
39260,Routine Young Parents,0,0
39261,Routine Young Parents,0,0
39262,Routine Young Parents,0,0
39264,Routine Young Parents,0,0
39265,Routine Young Parents,0,0
39266,Promo Hunter,1,3
39267,Routine Generalist,0,3
39268,Promo Hunter,1,3
39269,Promo Hunter,1,3
39271,Promo Hunter,1,3
39274,Routine Young Parents,0,0
39275,Promo Hunter,1,3
39276,Routine Young Parents,0,0
39277,Engaged Generalist,2,3
39278,Routine Young Parents,0,0
39279,Routine Tech,0,2
39280,Promo Hunter,1,3
39281,Promo Hunter,1,3
39282,Routine Generalist,0,3
39283,Routine Family Provisioner,0,1
39285,Routine Generalist,0,3
39286,Routine Tech,0,2
39287,Engaged Generalist,2,3
39288,Routine Generalist,0,3
39289,Routine Generalist,0,3
39290,Engaged Generalist,2,2
39291,Engaged Generalist,2,3
39292,Routine Young Parents,0,0
39295,Promo Hunter,1,3
39296,Routine Young Parents,0,0
39297,Engaged Generalist,2,3
39298,Routine Young Parents,0,0
39299,Engaged Generalist,2,3
39301,Engaged Generalist,2,3
39302,Routine Generalist,0,3
39304,Promo Hunter,1,3
39305,Routine Generalist,0,3
39306,Promo Hunter,1,3
39307,Routine Young Parents,0,0
39308,Engaged Generalist,2,3
39309,Engaged Family Provisioner,2,1
39310,Engaged Generalist,2,3
39311,Routine Tech,0,2
39312,Promo Hunter,1,3
39313,Routine Generalist,0,3
39314,Routine Generalist,0,3
39315,Routine Generalist,0,3
39317,Engaged Generalist,2,3
39318,Routine Tech,0,2
39320,Routine Tech,0,2
39321,Routine Tech,0,2
39322,Routine Generalist,0,3
39323,Routine Generalist,0,3
39324,Routine Young Parents,0,0
39325,Engaged Generalist,2,3
39326,Engaged Generalist,2,3
39327,Routine Young Parents,0,0
39328,Promo Hunter,1,3
39329,Engaged Generalist,2,3
39330,Engaged Generalist,2,3
39332,Promo Hunter,1,3
39333,Routine Generalist,0,3
39334,Engaged Generalist,2,3
39335,Engaged Generalist,2,3
39336,Routine Generalist,0,3
39337,Routine Tech,0,2
39338,Routine Tech,0,2
39339,Routine Tech,0,2
39340,Routine Family Provisioner,0,1
39343,Promo Hunter,1,0
39344,Promo Hunter,1,3
39345,Promo Hunter,1,3
39346,Engaged Generalist,2,3
39347,Routine Young Parents,0,0
39348,Routine Generalist,0,3
39349,Promo Hunter,1,3
39350,Routine Young Parents,0,0
39351,Promo Hunter,1,0
39352,Engaged Family Provisioner,2,1
39353,Routine Young Parents,0,0
39354,Routine Generalist,0,3
39355,Routine Young Parents,0,0
39356,Promo Hunter,1,1
39357,Routine Generalist,0,3
39358,Engaged Generalist,2,3
39359,Routine Generalist,0,3
39360,Promo Hunter,1,3
39361,Engaged Generalist,2,3
39363,Engaged Generalist,2,3
39364,Routine Family Provisioner,0,1
39365,Routine Tech,0,2
39366,Routine Generalist,0,3
39368,Engaged Family Provisioner,2,1
39369,Routine Tech,0,2
39370,Routine Tech,0,2
39371,Routine Young Parents,0,0
39372,Routine Young Parents,0,0
39373,Routine Young Parents,0,0
39374,Engaged Generalist,2,3
39375,Routine Tech,0,2
39378,Routine Generalist,0,3
39379,Promo Hunter,1,3
39381,Routine Generalist,0,3
39382,Promo Hunter,1,3
39383,Engaged Generalist,2,3
39384,Routine Young Parents,0,0
39385,Routine Young Parents,0,0
39386,Engaged Generalist,2,3
39387,Promo Hunter,1,1
39388,Engaged Generalist,2,3
39390,Engaged Generalist,2,3
39391,Promo Hunter,1,3
39392,Routine Tech,0,2
39394,Routine Young Parents,0,0
39395,Engaged Generalist,2,3
39396,Routine Family Provisioner,0,1
39397,Routine Young Parents,0,0
39398,Promo Hunter,1,1
39400,Routine Family Provisioner,0,1
39401,Routine Generalist,0,3
39402,Engaged Generalist,2,3
39404,Routine Generalist,0,3
39405,Engaged Generalist,2,3
39406,Promo Hunter,1,3
39407,Engaged Generalist,2,3
39408,Promo Hunter,1,3
39409,Promo Hunter,1,3
39412,Engaged Generalist,2,3
39413,Routine Young Parents,0,0
39414,Routine Tech,0,2
39415,Routine Generalist,0,3
39416,Routine Tech,0,2
39417,Promo Hunter,1,3
39418,Engaged Generalist,2,3
39419,Engaged Generalist,2,3
39420,Routine Generalist,0,3
39423,Promo Hunter,1,3
39424,Routine Tech,0,2
39425,Engaged Generalist,2,3
39426,Routine Young Parents,0,0
39427,Engaged Generalist,2,3
39428,Routine Generalist,0,3
39429,Routine Young Parents,0,0
39430,Engaged Family Provisioner,2,1
39431,Promo Hunter,1,3
39433,Routine Young Parents,0,0
39435,Promo Hunter,1,3
39436,Engaged Generalist,2,3
39437,Routine Generalist,0,3
39439,Routine Young Parents,0,0
39440,Routine Generalist,0,3
39442,Engaged Generalist,2,3
39443,Engaged Generalist,2,3
39445,Engaged Generalist,2,3
39447,Engaged Generalist,2,3
39448,Promo Hunter,1,1
39449,Routine Generalist,0,3
39450,Routine Tech,0,2
39451,Engaged Generalist,2,3
39452,Routine Tech,0,2
39453,Promo Hunter,1,3
39454,Routine Young Parents,0,0
39456,Promo Hunter,1,3
39458,Routine Tech,0,2
39459,Routine Generalist,0,3
39460,Promo Hunter,1,3
39461,Engaged Generalist,2,3
39462,Engaged Generalist,2,3
39463,Engaged Generalist,2,3
39464,Routine Young Parents,0,0
39465,Promo Hunter,1,3
39466,Routine Young Parents,0,0
39468,Routine Generalist,0,3
39470,Engaged Generalist,2,3
39472,Engaged Generalist,2,3
39473,Engaged Generalist,2,3
39474,Engaged Generalist,2,3
39475,Routine Generalist,0,3
39476,Routine Generalist,0,3
39477,Engaged Generalist,2,3
39478,Engaged Generalist,2,3
39479,Engaged Generalist,2,3
39480,Promo Hunter,1,3
39481,Routine Generalist,0,3
39482,Engaged Generalist,2,3
39484,Promo Hunter,1,3
39485,Routine Family Provisioner,0,1
39486,Engaged Generalist,2,3
39487,Routine Generalist,0,3
39488,Promo Hunter,1,3
39489,Engaged Generalist,2,3
39490,Routine Generalist,0,3
39491,Engaged Generalist,2,3
39492,Engaged Generalist,2,3
39493,Routine Young Parents,0,0
39494,Routine Generalist,0,3
39497,Engaged Family Provisioner,2,1
39498,Routine Generalist,0,3
39499,Routine Generalist,0,3
39500,Routine Generalist,0,3
39501,Routine Tech,0,2
39502,Promo Hunter,1,3
39503,Routine Young Parents,0,0
39504,Routine Tech,0,2
39505,Engaged Generalist,2,3
39506,Routine Young Parents,0,0
39507,Engaged Generalist,2,3
39511,Promo Hunter,1,3
39512,Routine Tech,0,2
39513,Routine Young Parents,0,0
39514,Routine Generalist,0,3
39515,Routine Generalist,0,3
39516,Routine Young Parents,0,0
39517,Engaged Generalist,2,3
39518,Promo Hunter,1,3
39519,Engaged Generalist,2,3
39520,Routine Family Provisioner,0,1
39521,Routine Generalist,0,3
39523,Routine Tech,0,2
39524,Routine Generalist,0,3
39525,Promo Hunter,1,3
39526,Promo Hunter,1,3
39527,Promo Hunter,1,3
39528,Routine Generalist,0,3
39529,Promo Hunter,1,3
39531,Engaged Generalist,2,3
39532,Routine Young Parents,0,0
39533,Engaged Generalist,2,3
39534,Routine Tech,0,2
39535,Promo Hunter,1,3
39536,Engaged Generalist,2,3
39537,Promo Hunter,1,3
39538,Engaged Generalist,2,3
39539,Routine Generalist,0,3
39542,Promo Hunter,1,1
39543,Routine Young Parents,0,0
39544,Promo Hunter,1,3
39545,Promo Hunter,1,3
39546,Engaged Generalist,2,3
39548,Promo Hunter,1,3
39549,Promo Hunter,1,3
39550,Routine Young Parents,0,0
39551,Promo Hunter,1,1
39552,Promo Hunter,1,3
39553,Routine Generalist,0,3
39554,Routine Tech,0,2
39555,Routine Generalist,0,3
39559,Engaged Generalist,2,3
39560,Promo Hunter,1,3
39561,Routine Generalist,0,3
39562,Routine Young Parents,0,0
39563,Engaged Generalist,2,3
39565,Routine Generalist,0,3
39567,Routine Tech,0,2
39568,Routine Young Parents,0,0
39569,Engaged Generalist,2,3
39570,Routine Generalist,0,3
39571,Routine Generalist,0,3
39572,Routine Generalist,0,3
39573,Engaged Generalist,2,0
39574,Routine Young Parents,0,0
39575,Engaged Generalist,2,3
39576,Engaged Generalist,2,3
39578,Routine Generalist,0,3
39579,Promo Hunter,1,3
39581,Routine Tech,0,2
39582,Engaged Generalist,2,3
39583,Promo Hunter,1,3
39585,Engaged Generalist,2,0
39587,Routine Generalist,0,3
39588,Engaged Generalist,2,3
39589,Engaged Generalist,2,3
39590,Engaged Generalist,2,3
39591,Engaged Generalist,2,2
39592,Routine Generalist,0,3
39593,Engaged Generalist,2,3
39594,Engaged Generalist,2,3
39595,Routine Generalist,0,3
39596,Engaged Generalist,2,3
39598,Engaged Generalist,2,3
39600,Routine Generalist,0,3
39603,Promo Hunter,1,1
39604,Routine Tech,0,2
39607,Routine Generalist,0,3
39608,Routine Family Provisioner,0,1
39609,Engaged Generalist,2,3
39610,Routine Family Provisioner,0,1
39611,Engaged Generalist,2,3
39614,Promo Hunter,1,3
39615,Routine Generalist,0,3
39617,Routine Young Parents,0,0
39618,Engaged Generalist,2,3
39620,Routine Tech,0,2
39621,Engaged Generalist,2,3
39622,Promo Hunter,1,3
39623,Routine Generalist,0,3
39624,Routine Generalist,0,3
39625,Routine Generalist,0,3
39627,Engaged Generalist,2,3
39628,Engaged Generalist,2,3
39629,Promo Hunter,1,3
39631,Routine Young Parents,0,0
39632,Routine Generalist,0,3
39633,Engaged Generalist,2,3
39636,Routine Generalist,0,3
39637,Promo Hunter,1,3
39639,Promo Hunter,1,3
39640,Engaged Generalist,2,3
39641,Engaged Family Provisioner,2,1
39643,Engaged Generalist,2,3
39644,Engaged Generalist,2,3
39645,Engaged Generalist,2,3
39646,Promo Hunter,1,3
39647,Engaged Generalist,2,3
39648,Engaged Generalist,2,3
39649,Engaged Generalist,2,3
39651,Promo Hunter,1,3
39652,Promo Hunter,1,3
39653,Engaged Generalist,2,3
39654,Promo Hunter,1,3
39656,Routine Generalist,0,3
39658,Engaged Generalist,2,3
39659,Engaged Generalist,2,3
39660,Engaged Family Provisioner,2,1
39662,Routine Young Parents,0,0
39663,Engaged Generalist,2,3
39664,Engaged Generalist,2,3
39665,Routine Generalist,0,3
39666,Routine Generalist,0,3
39667,Routine Generalist,0,3
39668,Engaged Generalist,2,3
39669,Promo Hunter,1,3
39670,Promo Hunter,1,3
39672,Engaged Generalist,2,3
39673,Routine Generalist,0,3
39674,Routine Tech,0,2
39675,Engaged Generalist,2,3
39677,Routine Generalist,0,3
39678,Routine Generalist,0,3
39679,Promo Hunter,1,3
39680,Routine Generalist,0,3
39681,Routine Generalist,0,3
39682,Routine Generalist,0,3
39683,Engaged Generalist,2,3
39684,Routine Generalist,0,3
39685,Promo Hunter,1,3
39686,Engaged Generalist,2,3
39687,Promo Hunter,1,3
39689,Routine Generalist,0,3
39690,Engaged Generalist,2,3
39691,Engaged Generalist,2,3
39692,Engaged Generalist,2,3
39693,Routine Generalist,0,3
39694,Engaged Generalist,2,3
39695,Routine Young Parents,0,0
39696,Engaged Generalist,2,3
39697,Routine Tech,0,2
39698,Promo Hunter,1,3
39699,Routine Family Provisioner,0,1
39700,Routine Young Parents,0,0
39701,Promo Hunter,1,1
39702,Routine Tech,0,2
39703,Routine Generalist,0,3
39705,Routine Family Provisioner,0,1
39706,Routine Young Parents,0,0
39707,Routine Young Parents,0,0
39708,Routine Young Parents,0,0
39710,Promo Hunter,1,1
39711,Promo Hunter,1,1
39713,Routine Generalist,0,3
39714,Routine Young Parents,0,0
39715,Engaged Family Provisioner,2,1
39717,Promo Hunter,1,3
39718,Engaged Generalist,2,3
39719,Promo Hunter,1,3
39721,Routine Generalist,0,3
39722,Promo Hunter,1,1
39723,Routine Generalist,0,3
39726,Routine Generalist,0,3
39727,Routine Young Parents,0,0
39729,Routine Generalist,0,3
39730,Routine Tech,0,2
39731,Engaged Generalist,2,3
39732,Routine Young Parents,0,0
39733,Promo Hunter,1,1
39735,Routine Generalist,0,3
39736,Promo Hunter,1,3
39737,Routine Generalist,0,3
39738,Promo Hunter,1,1
39739,Routine Generalist,0,3
39740,Routine Young Parents,0,0
39741,Promo Hunter,1,3
39742,Engaged Generalist,2,3
39743,Engaged Generalist,2,3
39744,Routine Family Provisioner,0,1
39745,Engaged Generalist,2,3
39746,Routine Tech,0,2
39747,Routine Generalist,0,3
39748,Engaged Generalist,2,3
39750,Engaged Generalist,2,3
39751,Routine Young Parents,0,0
39752,Engaged Generalist,2,3
39753,Routine Family Provisioner,0,1
39755,Routine Young Parents,0,0
39756,Routine Generalist,0,3
39757,Routine Tech,0,2
39758,Routine Young Parents,0,0
39759,Routine Tech,0,2
39760,Routine Tech,0,2
39761,Routine Young Parents,0,0
39762,Routine Generalist,0,3
39763,Routine Young Parents,0,0
39764,Routine Generalist,0,3
39765,Routine Generalist,0,3
39766,Routine Generalist,0,3
39767,Promo Hunter,1,3
39768,Promo Hunter,1,3
39770,Routine Young Parents,0,0
39771,Routine Young Parents,0,0
39772,Routine Generalist,0,3
39773,Engaged Generalist,2,3
39774,Promo Hunter,1,3
39775,Routine Generalist,0,3
39777,Routine Tech,0,2
39778,Engaged Generalist,2,3
39779,Engaged Generalist,2,3
39780,Routine Generalist,0,3
39781,Promo Hunter,1,3
39782,Engaged Generalist,2,3
39784,Engaged Generalist,2,3
39785,Routine Generalist,0,3
39786,Engaged Generalist,2,3
39787,Routine Generalist,0,3
39788,Promo Hunter,1,1
39789,Promo Hunter,1,3
39791,Routine Young Parents,0,0
39793,Promo Hunter,1,3
39796,Routine Generalist,0,3
39797,Routine Generalist,0,3
39798,Routine Family Provisioner,0,1
39799,Routine Young Parents,0,0
39800,Promo Hunter,1,3
39801,Engaged Generalist,2,3
39804,Engaged Generalist,2,3
39805,Routine Generalist,0,3
39806,Routine Tech,0,2
39807,Engaged Generalist,2,3
39808,Engaged Generalist,2,3
39809,Routine Tech,0,2
39810,Promo Hunter,1,3
39811,Routine Tech,0,2
39812,Routine Generalist,0,3
39814,Promo Hunter,1,1
39815,Promo Hunter,1,1
39817,Promo Hunter,1,3
39818,Engaged Generalist,2,3
39819,Routine Young Parents,0,0
39820,Routine Generalist,0,3
39823,Routine Tech,0,2
39824,Promo Hunter,1,3
39825,Engaged Generalist,2,3
39826,Engaged Generalist,2,3
39827,Routine Young Parents,0,0
39828,Promo Hunter,1,3
39829,Routine Generalist,0,3
39830,Routine Generalist,0,3
39831,Routine Tech,0,2
39832,Engaged Family Provisioner,2,1
39833,Engaged Family Provisioner,2,1
39834,Routine Young Parents,0,0
39835,Promo Hunter,1,3
39836,Routine Generalist,0,3
39837,Routine Generalist,0,3
39838,Promo Hunter,1,3
39839,Promo Hunter,1,3
39840,Routine Generalist,0,3
39841,Routine Tech,0,2
39842,Routine Generalist,0,3
39843,Engaged Generalist,2,0
39844,Routine Generalist,0,3
39845,Routine Tech,0,2
39846,Engaged Generalist,2,3
39848,Promo Hunter,1,3
39850,Routine Tech,0,2
39851,Routine Young Parents,0,0
39852,Routine Generalist,0,3
39853,Routine Tech,0,2
39854,Engaged Generalist,2,3
39855,Promo Hunter,1,3
39856,Routine Generalist,0,3
39857,Routine Generalist,0,3
39858,Routine Tech,0,2
39859,Engaged Family Provisioner,2,1
39860,Promo Hunter,1,3
39862,Engaged Generalist,2,3
39863,Promo Hunter,1,3
39864,Promo Hunter,1,3
39865,Routine Tech,0,2
39866,Engaged Generalist,2,3
39867,Routine Generalist,0,3
39868,Promo Hunter,1,1
39869,Routine Generalist,0,3
39870,Routine Generalist,0,3
39871,Routine Young Parents,0,0
39872,Routine Family Provisioner,0,1
39874,Promo Hunter,1,3
39875,Promo Hunter,1,3
39877,Promo Hunter,1,3
39878,Routine Generalist,0,3
39879,Routine Generalist,0,3
39880,Routine Young Parents,0,0
39881,Routine Generalist,0,3
39882,Engaged Generalist,2,3
39883,Promo Hunter,1,3
39884,Engaged Generalist,2,3
39885,Routine Young Parents,0,0
39886,Routine Young Parents,0,0
39887,Promo Hunter,1,3
39889,Promo Hunter,1,3
39890,Engaged Generalist,2,3
39891,Routine Young Parents,0,0
39892,Promo Hunter,1,3
39893,Engaged Family Provisioner,2,1
39894,Engaged Generalist,2,3
39895,Engaged Generalist,2,3
39896,Routine Generalist,0,3
39897,Routine Family Provisioner,0,1
39898,Engaged Generalist,2,3
39899,Engaged Generalist,2,3
39900,Engaged Generalist,2,3
39901,Routine Young Parents,0,0
39902,Promo Hunter,1,3
39903,Routine Tech,0,2
39904,Routine Young Parents,0,0
39905,Routine Generalist,0,3
39907,Engaged Generalist,2,3
39908,Promo Hunter,1,3
39909,Routine Generalist,0,3
39910,Engaged Generalist,2,3
39911,Routine Generalist,0,3
39913,Routine Generalist,0,3
39914,Promo Hunter,1,3
39915,Routine Generalist,0,3
39916,Engaged Generalist,2,3
39917,Routine Young Parents,0,0
39918,Engaged Generalist,2,3
39919,Routine Young Parents,0,0
39920,Routine Generalist,0,3
39922,Routine Generalist,0,3
39923,Engaged Generalist,2,3
39924,Engaged Generalist,2,3
39925,Routine Tech,0,2
39926,Routine Tech,0,2
39927,Routine Generalist,0,3
39928,Promo Hunter,1,3
39929,Routine Generalist,0,3
39930,Routine Generalist,0,3
39932,Routine Generalist,0,3
39933,Routine Young Parents,0,0
39934,Routine Generalist,0,3
39938,Engaged Generalist,2,3
39939,Routine Young Parents,0,0
39940,Routine Tech,0,2
39941,Routine Tech,0,2
39942,Routine Young Parents,0,0
39943,Promo Hunter,1,3
39944,Routine Young Parents,0,0
39945,Engaged Family Provisioner,2,1
39946,Routine Generalist,0,3
39947,Engaged Generalist,2,3
39948,Engaged Generalist,2,3
39949,Engaged Generalist,2,3
39950,Routine Generalist,0,3
39952,Routine Tech,0,2
39954,Routine Young Parents,0,0
39956,Promo Hunter,1,3
39957,Engaged Generalist,2,3
39959,Promo Hunter,1,3
39960,Engaged Generalist,2,3
39962,Promo Hunter,1,3
39963,Promo Hunter,1,3
39964,Promo Hunter,1,3
39965,Routine Young Parents,0,0
39966,Routine Tech,0,2
39967,Promo Hunter,1,1
39968,Routine Young Parents,0,0
39970,Routine Generalist,0,3
39971,Routine Young Parents,0,0
39972,Routine Family Provisioner,0,1
39974,Routine Generalist,0,3
39975,Engaged Generalist,2,3
39976,Routine Tech,0,2
39977,Routine Tech,0,2
39978,Routine Generalist,0,3
39979,Routine Generalist,0,3
39980,Routine Generalist,0,3
39981,Engaged Generalist,2,3
39982,Routine Generalist,0,3
39983,Engaged Generalist,2,3
39984,Promo Hunter,1,3
39985,Routine Young Parents,0,0
39988,Routine Generalist,0,3
39989,Promo Hunter,1,3
39990,Routine Generalist,0,3
39991,Routine Young Parents,0,0
39992,Promo Hunter,1,3
39994,Engaged Generalist,2,3
39996,Routine Tech,0,2
39997,Routine Tech,0,2
39998,Routine Young Parents,0,0
39999,Engaged Generalist,2,3
40000,Routine Family Provisioner,0,1
