segment,antecedents,consequents,antecedent support,consequent support,support,confidence,lift,representativity,leverage,conviction,zhangs_metric,jaccard,certainty,kulczynski,n_baskets
Engaged Family Provisioner,"cereals, fresh bread",cooking oil,0.08588957055214724,0.1015058561070831,0.020078081427774678,0.23376623376623373,2.30298273155416,1.0,0.011359787038209258,1.172611001351773,0.6189410887397464,0.11999999999999998,0.147202270107298,0.21578421578421575,36
Engaged Family Provisioner,cooking oil,"cereals, fresh bread",0.1015058561070831,0.08588957055214724,0.020078081427774678,0.1978021978021978,2.30298273155416,1.0,0.011359787038209258,1.139507521640474,0.6296985999034416,0.11999999999999998,0.12242790766280696,0.21578421578421575,36
Engaged Family Provisioner,"cereals, cooking oil",fresh bread,0.03792526491912995,0.23480200780814278,0.020078081427774678,0.5294117647058822,2.2547156629872847,1.0,0.011173153078107243,1.6260457334076963,0.5784219001610305,0.07947019867549669,0.38501114731606917,0.30746122677099336,36
Engaged Family Provisioner,fresh bread,"cereals, cooking oil",0.23480200780814278,0.03792526491912995,0.020078081427774678,0.0855106888361045,2.2547156629872847,1.0,0.011173153078107243,1.0520349700494709,0.7272432782636863,0.07947019867549669,0.04946125512065819,0.30746122677099336,36
Engaged Family Provisioner,eggs,"bacon, butter",0.21751254880089235,0.05465699944227551,0.026213050752928055,0.12051282051282053,2.2048927263212983,1.0,0.014324467494429756,1.0748797965525148,0.6983667217664276,0.10657596371882089,0.0696634142651842,0.3000523286237572,47
Engaged Family Provisioner,"bacon, butter",eggs,0.05465699944227551,0.21751254880089235,0.026213050752928055,0.4795918367346939,2.204892726321298,1.0,0.014324467494429756,1.5036033375982853,0.5780581183706773,0.10657596371882089,0.3349309788063479,0.3000523286237572,47
Engaged Family Provisioner,"eggs, milk",cereals,0.03904071388733965,0.23982152816508645,0.02063580591187953,0.5285714285714286,2.204019933554817,1.0,0.011273002246761822,1.612499788740726,0.5684773572179259,0.07991360691144708,0.3798448799916151,0.3073089700996678,37
Engaged Family Provisioner,cereals,"eggs, milk",0.23982152816508645,0.03904071388733965,0.02063580591187953,0.08604651162790697,2.204019933554817,1.0,0.011273002246761822,1.0514312799705954,0.7186254486327852,0.07991360691144708,0.04891549352805409,0.3073089700996678,37
Engaged Family Provisioner,"bacon, eggs",butter,0.054099274958170664,0.22085889570552147,0.026213050752928055,0.4845360824742268,2.193871706758305,1.0,0.014264744627197111,1.5115337423312885,0.5753086109995986,0.10538116591928251,0.33842032632518876,0.30161147558054774,47
Engaged Family Provisioner,butter,"bacon, eggs",0.22085889570552147,0.054099274958170664,0.026213050752928055,0.11868686868686869,2.193871706758305,1.0,0.014264744627197111,1.0732856364371473,0.6984419500753896,0.10538116591928251,0.06828157756813416,0.30161147558054774,47
Engaged Family Provisioner,"cereals, milk",eggs,0.04350250976017847,0.21751254880089235,0.02063580591187953,0.47435897435897434,2.180834976988823,1.0,0.011173464134707415,1.488634663256839,0.5660862028208967,0.08584686774941995,0.3282435075022388,0.2846153846153846,37
Engaged Family Provisioner,eggs,"cereals, milk",0.21751254880089235,0.04350250976017847,0.02063580591187953,0.09487179487179487,2.180834976988823,1.0,0.011173464134707415,1.056753601114817,0.6919727995993141,0.08584686774941995,0.053705614113777375,0.2846153846153846,37
Engaged Family Provisioner,"eggs, oatmeal",butter,0.04182933630786392,0.22085889570552147,0.020078081427774678,0.4799999999999999,2.173333333333333,1.0,0.010839700402724979,1.4983482774893817,0.5634458672875436,0.08275862068965517,0.33259842519685034,0.2854545454545454,36
Engaged Family Provisioner,butter,"eggs, oatmeal",0.22085889570552147,0.04182933630786392,0.020078081427774678,0.0909090909090909,2.173333333333333,1.0,0.010839700402724979,1.0539877300613498,0.6929133858267718,0.08275862068965517,0.05122235157159486,0.2854545454545454,36
Engaged Family Provisioner,"butter, eggs",bacon,0.08365867261572783,0.14445064138315672,0.026213050752928055,0.31333333333333335,2.169137709137709,1.0,0.01412850183632264,1.2459456678886067,0.5881949210706932,0.1298342541436464,0.19739678400695354,0.2474002574002574,47
Engaged Family Provisioner,bacon,"butter, eggs",0.14445064138315672,0.08365867261572783,0.026213050752928055,0.18146718146718147,2.169137709137709,1.0,0.01412850183632264,1.1194924707194647,0.6299897361924048,0.1298342541436464,0.10673807448000995,0.2474002574002574,47
Engaged Family Provisioner,"bacon, fresh bread",butter,0.05075292805354155,0.22085889570552147,0.023982152816508645,0.47252747252747257,2.13949938949939,1.0,0.012772917172781678,1.4771216768916158,0.5610772552127458,0.09684684684684686,0.32300770096045694,0.2905566655566656,43
Engaged Family Provisioner,butter,"bacon, fresh bread",0.22085889570552147,0.05075292805354155,0.023982152816508645,0.10858585858585859,2.13949938949939,1.0,0.012772917172781678,1.0648777351014094,0.6835744369163158,0.09684684684684686,0.06092505549027289,0.2905566655566656,43
Engaged Family Provisioner,"fresh bread, honey",eggs,0.04852203011712214,0.21751254880089235,0.022308979364194088,0.45977011494252873,2.1137636310050105,1.0,0.01175482892042519,1.4484342181770717,0.5537807737397421,0.09153318077803203,0.3095992987113001,0.28116710875331563,40
Engaged Family Provisioner,eggs,"fresh bread, honey",0.21751254880089235,0.04852203011712214,0.022308979364194088,0.10256410256410256,2.1137636310050105,1.0,0.01175482892042519,1.060218309298064,0.6733784746970777,0.09153318077803203,0.05679802807587098,0.28116710875331563,40
Engaged Family Provisioner,"cereals, oatmeal",eggs,0.044060234244283326,0.21751254880089235,0.020078081427774678,0.4556962025316455,2.095034079844206,1.0,0.010494427576536252,1.437593224296035,0.5467716841695838,0.08314087759815242,0.30439293737650774,0.2740019474196689,36
Engaged Family Provisioner,eggs,"cereals, oatmeal",0.21751254880089235,0.044060234244283326,0.020078081427774678,0.0923076923076923,2.095034079844206,1.0,0.010494427576536252,1.0531539792223998,0.6679733903540033,0.08314087759815242,0.05047123238488465,0.2740019474196689,36
Engaged Family Provisioner,"butter, honey",eggs,0.04796430563301729,0.21751254880089235,0.021751254880089235,0.45348837209302323,2.0848837209302324,1.0,0.011318416510386646,1.4317855490026223,0.5465729349736379,0.08924485125858123,0.3015713835800361,0.27674418604651163,39
Engaged Family Provisioner,eggs,"butter, honey",0.21751254880089235,0.04796430563301729,0.021751254880089235,0.1,2.0848837209302324,1.0,0.011318416510386646,1.0578174381855363,0.6650035637918745,0.08924485125858123,0.0546572934973638,0.27674418604651163,39
Engaged Family Provisioner,"cereals, eggs",milk,0.09090909090909091,0.10931399888455103,0.02063580591187953,0.22699386503067484,2.076530612244898,1.0,0.010698169649647619,1.1522366522366523,0.5702702702702703,0.11490683229813663,0.13212273011897308,0.20788468761737822,37
Engaged Family Provisioner,milk,"cereals, eggs",0.10931399888455103,0.09090909090909091,0.02063580591187953,0.18877551020408162,2.076530612244898,1.0,0.010698169649647619,1.1206403659233846,0.5820541894430435,0.11490683229813663,0.10765306122448978,0.20788468761737822,37
Engaged Family Provisioner,"bacon, cereals",eggs,0.051868377021751254,0.21751254880089235,0.023424428332403793,0.45161290322580644,2.0762613730355666,1.0,0.01214240544423704,1.426888881598373,0.5467226890756303,0.09523809523809525,0.2991745798174419,0.27965260545905707,42
Engaged Family Provisioner,eggs,"bacon, cereals",0.21751254880089235,0.051868377021751254,0.023424428332403793,0.1076923076923077,2.0762613730355666,1.0,0.01214240544423704,1.0625613016135547,0.6624579981671928,0.09523809523809525,0.05887782805429865,0.27965260545905707,42
Engaged Family Provisioner,milk,salt,0.10931399888455103,0.10373675404350251,0.023424428332403793,0.2142857142857143,2.0656682027649773,1.0,0.012084548916605415,1.140698676671906,0.5792110206637445,0.12352941176470589,0.12334429727086854,0.22004608294930877,42
Engaged Family Provisioner,salt,milk,0.10373675404350251,0.10931399888455103,0.023424428332403793,0.22580645161290322,2.065668202764977,1.0,0.012084548916605415,1.1504694181074548,0.5756067205973865,0.12352941176470589,0.13078958531116813,0.22004608294930877,42
Engaged Family Provisioner,"cereals, oatmeal",butter,0.044060234244283326,0.22085889570552147,0.020078081427774678,0.4556962025316455,2.063291139240506,1.0,0.010346986748055662,1.4314452846340417,0.5390898483080513,0.08200455580865602,0.3014053623043954,0.2733026467203682,36
Engaged Family Provisioner,butter,"cereals, oatmeal",0.22085889570552147,0.044060234244283326,0.020078081427774678,0.0909090909090909,2.063291139240506,1.0,0.010346986748055662,1.0515337423312885,0.6614173228346457,0.08200455580865602,0.04900816802800465,0.2733026467203682,36
Engaged Family Provisioner,"butter, fresh bread",bacon,0.08087005019520357,0.14445064138315672,0.023982152816508645,0.296551724137931,2.052962321927839,1.0,0.01230042219712341,1.2162221274455123,0.5580266425829757,0.11911357340720222,0.1777817740412714,0.23128744508054852,43
Engaged Family Provisioner,bacon,"butter, fresh bread",0.14445064138315672,0.08087005019520357,0.023982152816508645,0.16602316602316602,2.052962321927839,1.0,0.01230042219712341,1.1021048935159365,0.5994966799066128,0.11911357340720222,0.09264534992690332,0.23128744508054852,43
Engaged Family Provisioner,"butter, oatmeal",eggs,0.04517568321249303,0.21751254880089235,0.020078081427774678,0.44444444444444436,2.043304843304843,1.0,0.010251803428403634,1.4084774121583938,0.5347546728971961,0.08275862068965517,0.2900134632137482,0.2683760683760683,36
Engaged Family Provisioner,eggs,"butter, oatmeal",0.21751254880089235,0.04517568321249303,0.020078081427774678,0.0923076923076923,2.043304843304843,1.0,0.010251803428403634,1.0519250947658976,0.6525302922309336,0.08275862068965517,0.04936196980589502,0.2683760683760683,36
Engaged Family Provisioner,"cereals, tea",eggs,0.04796430563301729,0.21751254880089235,0.021193530395984383,0.441860465116279,2.0314251639833034,1.0,0.010760692026281793,1.401956683398401,0.5333148336570775,0.08675799086757989,0.28671120025195174,0.26964818127608825,38
Engaged Family Provisioner,eggs,"cereals, tea",0.21751254880089235,0.04796430563301729,0.021193530395984383,0.09743589743589744,2.0314251639833034,1.0,0.010760692026281793,1.0548122750088729,0.6488727163596804,0.08675799086757989,0.051964009433253716,0.26964818127608825,38
Engaged Family Provisioner,cereals,"eggs, oatmeal",0.23982152816508645,0.04182933630786392,0.020078081427774678,0.08372093023255814,2.001488372093023,1.0,0.010046506072291418,1.045719252252839,0.6582293959403276,0.07675906183368869,0.04372038877006795,0.28186046511627905,36
Engaged Family Provisioner,"eggs, oatmeal",cereals,0.04182933630786392,0.23982152816508645,0.020078081427774678,0.4799999999999999,2.0014883720930228,1.0,0.010046506072291418,1.461881676605603,0.5222157547535894,0.07675906183368869,0.3159501100513572,0.28186046511627905,36
Engaged Family Provisioner,"butter, fresh bread",eggs,0.08087005019520357,0.21751254880089235,0.03513664249860569,0.43448275862068964,1.9975066312997347,1.0,0.017546391758990854,1.3836668344374465,0.5433136846971798,0.13347457627118645,0.27728267014033964,0.2980106100795756,63
Engaged Family Provisioner,eggs,"butter, fresh bread",0.21751254880089235,0.08087005019520357,0.03513664249860569,0.16153846153846155,1.9975066312997347,1.0,0.017546391758990854,1.09621003187728,0.6381902725452261,0.13347457627118645,0.0877660567587752,0.2980106100795756,63
Engaged Family Provisioner,"eggs, tea",cereals,0.044617958728388175,0.23982152816508645,0.021193530395984383,0.475,1.980639534883721,1.0,0.010493183350135573,1.447958993971264,0.518235167603773,0.08050847457627117,0.3093727072633895,0.2816860465116279,38
Engaged Family Provisioner,cereals,"eggs, tea",0.23982152816508645,0.044617958728388175,0.021193530395984383,0.08837209302325581,1.980639534883721,1.0,0.010493183350135573,1.0479956064969211,0.6513109626597674,0.08050847457627117,0.04579752643940319,0.2816860465116279,38
Engaged Family Provisioner,"butter, cereals",bacon,0.07919687674288901,0.14445064138315672,0.022308979364194088,0.28169014084507044,1.9500788514873022,1.0,0.010868939723140961,1.1910589110156053,0.5291035735917625,0.110803324099723,0.16041096645059408,0.21806514764261242,40
Engaged Family Provisioner,bacon,"butter, cereals",0.14445064138315672,0.07919687674288901,0.022308979364194088,0.15444015444015444,1.9500788514873022,1.0,0.010868939723140961,1.0889863421168573,0.5694589308996089,0.110803324099723,0.08171483762034942,0.21806514764261242,40
Engaged Family Provisioner,"cooking oil, fresh bread",cereals,0.04294478527607362,0.23982152816508645,0.020078081427774678,0.46753246753246747,1.949501661129568,1.0,0.009778997396145198,1.4276522519826425,0.5089031339031338,0.07643312101910826,0.299549313489152,0.2756266988825128,36
Engaged Family Provisioner,cereals,"cooking oil, fresh bread",0.23982152816508645,0.04294478527607362,0.020078081427774678,0.08372093023255814,1.949501661129568,1.0,0.009778997396145198,1.0445018840895643,0.6407026982962418,0.07643312101910826,0.04260584376863446,0.2756266988825128,36
Engaged Family Provisioner,"bacon, cereals",butter,0.051868377021751254,0.22085889570552147,0.022308979364194088,0.43010752688172044,1.947431302270012,1.0,0.010853386893132462,1.367172126403519,0.5131176470588236,0.08908685968819599,0.2685632037930743,0.26555881394591074,40
Engaged Family Provisioner,butter,"bacon, cereals",0.22085889570552147,0.051868377021751254,0.022308979364194088,0.10101010101010101,1.947431302270012,1.0,0.010853386893132462,1.0546632660095125,0.6244094488188978,0.08908685968819599,0.05183006535947712,0.26555881394591074,40
Engaged Family Provisioner,eggs,"butter, cereals",0.21751254880089235,0.07919687674288901,0.03346346904629113,0.15384615384615385,1.9425785482123512,1.0,0.01623715452887523,1.0882218729402222,0.6200997861724874,0.1271186440677966,0.08106974793831245,0.28819068255687974,60
Engaged Family Provisioner,"butter, cereals",eggs,0.07919687674288901,0.21751254880089235,0.03346346904629113,0.4225352112676056,1.942578548212351,1.0,0.01623715452887523,1.3550392447594304,0.5269533615990308,0.1271186440677966,0.2620139941573891,0.28819068255687974,60
Engaged Family Provisioner,"cereals, fresh bread",eggs,0.08588957055214724,0.21751254880089235,0.03625209146681539,0.42207792207792205,1.9404761904761905,1.0,0.017570032060603778,1.3539670503894672,0.5302013422818792,0.13569937369519833,0.26142958965482127,0.29437229437229434,65
Engaged Family Provisioner,butter,"eggs, fresh bread",0.22085889570552147,0.08198549916341327,0.03513664249860569,0.1590909090909091,1.9404761904761905,1.0,0.017029415689508276,1.0916929199137788,0.6220472440944882,0.13124999999999998,0.08399149453219927,0.29383116883116883,63
Engaged Family Provisioner,"eggs, fresh bread",butter,0.08198549916341327,0.22085889570552147,0.03513664249860569,0.42857142857142855,1.9404761904761902,1.0,0.017029415689508276,1.3634969325153374,0.5279465370595382,0.13124999999999998,0.26659167604049494,0.29383116883116883,63
Engaged Family Provisioner,eggs,"cereals, fresh bread",0.21751254880089235,0.08588957055214724,0.03625209146681539,0.16666666666666666,1.9404761904761902,1.0,0.017570032060603778,1.0969325153374234,0.6193870277975766,0.13569937369519833,0.08836689038031317,0.29437229437229434,65
Engaged Family Provisioner,"butter, cereals",oatmeal,0.07919687674288901,0.1316229782487451,0.020078081427774678,0.2535211267605634,1.926116018142755,1.0,0.00965395264287685,1.1632975197045112,0.5221751127262938,0.10526315789473684,0.14037468226184338,0.20303174982095967,36
Engaged Family Provisioner,oatmeal,"butter, cereals",0.1316229782487451,0.07919687674288901,0.020078081427774678,0.15254237288135594,1.926116018142755,1.0,0.00965395264287685,1.086547685443391,0.5537001355883822,0.10526315789473684,0.07965383075485839,0.20303174982095967,36
Engaged Family Provisioner,"cereals, honey",eggs,0.04852203011712214,0.21751254880089235,0.020078081427774678,0.41379310344827586,1.9023872679045093,1.0,0.00952393098400578,1.3348315343984776,0.4985345838218053,0.08163265306122447,0.2508417922186448,0.25305039787798406,36
Engaged Family Provisioner,eggs,"cereals, honey",0.21751254880089235,0.04852203011712214,0.020078081427774678,0.0923076923076923,1.9023872679045093,1.0,0.00952393098400578,1.048238441396391,0.6062009978617249,0.08163265306122447,0.04601857696816664,0.25305039787798406,36
Engaged Family Provisioner,"fresh bread, honey",butter,0.04852203011712214,0.22085889570552147,0.020078081427774678,0.41379310344827586,1.8735632183908046,1.0,0.009361559438717028,1.3291230602670514,0.4900351699882766,0.08053691275167785,0.2476242193863698,0.25235109717868337,36
Engaged Family Provisioner,butter,"fresh bread, honey",0.22085889570552147,0.04852203011712214,0.020078081427774678,0.0909090909090909,1.8735632183908044,1.0,0.009361559438717028,1.0466257668711658,0.5984251968503939,0.08053691275167785,0.04454865181711605,0.25235109717868337,36
Engaged Family Provisioner,"bacon, butter",fresh bread,0.05465699944227551,0.23480200780814278,0.023982152816508645,0.4387755102040817,1.8687042512967185,1.0,0.011148579606693814,1.3634436951782185,0.49174727310146116,0.09033613445378151,0.2665630392098531,0.27045663871249215,43
Engaged Family Provisioner,fresh bread,"bacon, butter",0.23480200780814278,0.05465699944227551,0.023982152816508645,0.1021377672209026,1.8687042512967182,1.0,0.011148579606693814,1.052882019139688,0.6075157637805952,0.09033613445378151,0.050225968511550666,0.27045663871249215,43
Engaged Family Provisioner,"butter, cereals",fresh bread,0.07919687674288901,0.23480200780814278,0.03457891801450084,0.4366197183098592,1.859522933324412,1.0,0.01598333234313649,1.3582264361405467,0.5019831578124695,0.12375249500998005,0.26374573974459004,0.29194406343046403,62
Engaged Family Provisioner,fresh bread,"butter, cereals",0.23480200780814278,0.07919687674288901,0.03457891801450084,0.14726840855106887,1.8595229333244119,1.0,0.01598333234313649,1.079827618081459,0.6040628232859964,0.12375249500998005,0.07392626077048242,0.29194406343046403,62
Engaged Family Provisioner,cereals,"butter, oatmeal",0.23982152816508645,0.04517568321249303,0.020078081427774678,0.08372093023255814,1.8532299741602065,1.0,0.009243980043852757,1.0420671477630152,0.6056493030080703,0.07578947368421052,0.040368941534449025,0.26408268733850127,36
Engaged Family Provisioner,"butter, oatmeal",cereals,0.04517568321249303,0.23982152816508645,0.020078081427774678,0.44444444444444436,1.8532299741602063,1.0,0.009243980043852757,1.3683212493028445,0.48218457943925225,0.07578947368421052,0.2691774680035867,0.26408268733850127,36
Engaged Family Provisioner,"eggs, fresh bread",cereals,0.08198549916341327,0.23982152816508645,0.03625209146681539,0.4421768707482993,1.8437747191900016,1.0,0.016590203770068205,1.3627589678016134,0.4985045331339377,0.126953125,0.2661945188933974,0.29666983072298686,65
Engaged Family Provisioner,cereals,"eggs, fresh bread",0.23982152816508645,0.08198549916341327,0.03625209146681539,0.1511627906976744,1.8437747191900016,1.0,0.016590203770068205,1.0814965352321433,0.6020091427281449,0.126953125,0.07535533640396733,0.29666983072298686,65
Engaged Family Provisioner,oatmeal,"butter, eggs",0.1316229782487451,0.08365867261572783,0.020078081427774678,0.15254237288135594,1.8233898305084746,1.0,0.009066677781755845,1.0812827663134412,0.5200171269535431,0.10285714285714286,0.07517253473905733,0.19627118644067795,36
Engaged Family Provisioner,"butter, eggs",oatmeal,0.08365867261572783,0.1316229782487451,0.020078081427774678,0.23999999999999996,1.8233898305084744,1.0,0.009066677781755845,1.1426013444095457,0.4927977277338202,0.10285714285714286,0.12480411046885033,0.19627118644067795,36
Engaged Family Provisioner,"cereals, fresh bread",butter,0.08588957055214724,0.22085889570552147,0.03457891801450084,0.4025974025974026,1.822871572871573,1.0,0.015609442309732123,1.3042144571885836,0.4938298332972505,0.12704918032786885,0.23325493404233566,0.2795815295815296,62
Engaged Family Provisioner,butter,"cereals, fresh bread",0.22085889570552147,0.08588957055214724,0.03457891801450084,0.15656565656565657,1.822871572871573,1.0,0.015609442309732123,1.083795598986077,0.5793751587503175,0.12704918032786885,0.07731679208189275,0.2795815295815296,62
Engaged Family Provisioner,"bacon, eggs",cereals,0.054099274958170664,0.23982152816508645,0.023424428332403793,0.4329896907216495,1.8054663150323664,1.0,0.01045025753931211,1.3406783957815749,0.4716419586702605,0.08659793814432988,0.25410896218922785,0.26533205466315035,42
Engaged Family Provisioner,cereals,"bacon, eggs",0.23982152816508645,0.054099274958170664,0.023424428332403793,0.09767441860465116,1.8054663150323662,1.0,0.01045025753931211,1.0482920406391407,0.586870698389407,0.08659793814432988,0.046067354102676615,0.26533205466315035,42
Engaged Family Provisioner,milk,butter,0.10931399888455103,0.22085889570552147,0.04350250976017847,0.3979591836734694,1.8018707482993197,1.0,0.019359540681381925,1.2941665800145574,0.4996387457251578,0.1517509727626459,0.22730194439980717,0.29746444032158315,78
Engaged Family Provisioner,butter,milk,0.22085889570552147,0.10931399888455103,0.04350250976017847,0.19696969696969696,1.8018707482993197,1.0,0.019359540681381925,1.1091561523324458,0.5711689884918232,0.1517509727626459,0.09841369233980381,0.29746444032158315,78
Engaged Family Provisioner,cooking oil,fresh bread,0.1015058561070831,0.23480200780814278,0.04294478527607362,0.42307692307692313,1.8018454229855656,1.0,0.019111006457846077,1.3263431864658861,0.4952880762936629,0.1463878326996198,0.24604732002691193,0.3029873926548511,77
Engaged Family Provisioner,fresh bread,cooking oil,0.23480200780814278,0.1015058561070831,0.04294478527607362,0.1828978622327791,1.8018454229855656,1.0,0.019111006457846077,1.0996105656363895,0.5815663927908825,0.1463878326996198,0.09058713034349654,0.3029873926548511,77
Engaged Family Provisioner,"eggs, fresh bread",honey,0.08198549916341327,0.1517010596765198,0.022308979364194088,0.272108843537415,1.7937174869947978,1.0,0.009871692262995866,1.165420039509828,0.4820170109356014,0.10554089709762533,0.14194027380840568,0.20958383353341337,40
Engaged Family Provisioner,honey,"eggs, fresh bread",0.1517010596765198,0.08198549916341327,0.022308979364194088,0.14705882352941174,1.7937174869947976,1.0,0.009871692262995866,1.0762928630497912,0.5216305062458908,0.10554089709762533,0.07088485454935313,0.20958383353341337,40
Engaged Family Provisioner,eggs,cooking oil,0.21751254880089235,0.1015058561070831,0.03959843837144451,0.18205128205128207,1.7935052127359823,1.0,0.017519640891376236,1.0984724643204942,0.5654181683113649,0.14171656686626746,0.08964490919798185,0.28608058608058606,71
Engaged Family Provisioner,cooking oil,eggs,0.1015058561070831,0.21751254880089235,0.03959843837144451,0.3901098901098901,1.793505212735982,1.0,0.017519640891376236,1.2829974425066448,0.4924156984114494,0.14171656686626746,0.22057521950608194,0.28608058608058606,71
Engaged Family Provisioner,"butter, eggs",fresh bread,0.08365867261572783,0.23480200780814278,0.03513664249860569,0.42,1.7887410926365794,1.0,0.015493418197868699,1.3193068830894088,0.48120453293916465,0.12401574803149606,0.24202623906705537,0.28482185273159144,63
Engaged Family Provisioner,fresh bread,"butter, eggs",0.23480200780814278,0.08365867261572783,0.03513664249860569,0.1496437054631829,1.7887410926365794,1.0,0.015493418197868699,1.0775969241027337,0.5762529501596556,0.12401574803149606,0.07200922939469685,0.28482185273159144,63
Engaged Family Provisioner,"cereals, eggs",bacon,0.09090909090909091,0.14445064138315672,0.023424428332403793,0.25766871165644173,1.7837837837837838,1.0,0.010292551843025908,1.1525169045830204,0.48333333333333334,0.11052631578947368,0.13233376792698828,0.20991543690930195,42
Engaged Family Provisioner,bacon,"cereals, eggs",0.14445064138315672,0.09090909090909091,0.023424428332403793,0.16216216216216217,1.7837837837837838,1.0,0.010292551843025908,1.0850439882697946,0.5135810517166449,0.11052631578947368,0.07837837837837838,0.20991543690930195,42
Engaged Family Provisioner,cereals,"butter, fresh bread",0.23982152816508645,0.08087005019520357,0.03457891801450084,0.14418604651162792,1.782935044105854,1.0,0.01518453899389987,1.0739833652610393,0.577663124511869,0.12085769980506822,0.06888688191465343,0.2858861267040898,62
Engaged Family Provisioner,"butter, fresh bread",cereals,0.08087005019520357,0.23982152816508645,0.03457891801450084,0.4275862068965517,1.7829350441058538,1.0,0.01518453899389987,1.3280226315188248,0.47776385844033825,0.12085769980506822,0.24700078427404046,0.2858861267040898,62
Engaged Family Provisioner,"butter, honey",fresh bread,0.04796430563301729,0.23480200780814278,0.020078081427774678,0.41860465116279066,1.7827984311992486,1.0,0.008815966162018806,1.3161405465699945,0.4612054937186747,0.07643312101910826,0.24020272560851577,0.25205766999944756,36
Engaged Family Provisioner,fresh bread,"butter, honey",0.23480200780814278,0.04796430563301729,0.020078081427774678,0.0855106888361045,1.7827984311992486,1.0,0.008815966162018806,1.041057213840259,0.5738176222870099,0.07643312101910826,0.03943799946287954,0.25205766999944756,36
Engaged Family Provisioner,"eggs, honey",butter,0.05577244841048522,0.22085889570552147,0.021751254880089235,0.39,1.7658333333333334,1.0,0.009433413513356304,1.2772804988434074,0.45931209959561997,0.08533916849015316,0.2170866141732284,0.24424242424242426,39
Engaged Family Provisioner,butter,"eggs, honey",0.22085889570552147,0.05577244841048522,0.021751254880089235,0.09848484848484848,1.7658333333333334,1.0,0.009433413513356304,1.0473784605866887,0.5566323440339188,0.08533916849015316,0.04523528253593227,0.24424242424242426,39
Engaged Family Provisioner,eggs,cereals,0.21751254880089235,0.23982152816508645,0.09090909090909091,0.41794871794871796,1.7427489564698868,1.0,0.038744899060577966,1.3060334978661512,0.5446654627026224,0.24809741248097414,0.23432285493914254,0.3985092426952892,163
Engaged Family Provisioner,cereals,eggs,0.23982152816508645,0.21751254880089235,0.09090909090909091,0.3790697674418605,1.7427489564698868,1.0,0.038744899060577966,1.2601857828300236,0.5606497756212613,0.24809741248097414,0.2064662102802964,0.3985092426952892,163
Engaged Family Provisioner,eggs,butter,0.21751254880089235,0.22085889570552147,0.08365867261572783,0.38461538461538464,1.7414529914529915,1.0,0.0356190912854694,1.2661042944785275,0.544119743406985,0.2358490566037736,0.21017565112053305,0.38170163170163174,150
Engaged Family Provisioner,butter,eggs,0.22085889570552147,0.21751254880089235,0.08365867261572783,0.3787878787878788,1.7414529914529915,1.0,0.0356190912854694,1.2596139458327098,0.5464566929133858,0.2358490566037736,0.20610596341173676,0.38170163170163174,150
Engaged Family Provisioner,milk,fresh bread,0.10931399888455103,0.23480200780814278,0.044617958728388175,0.40816326530612246,1.7383295360899704,1.0,0.018950812308758513,1.2929207454276208,0.4768628678772699,0.148975791433892,0.22655738680311774,0.2990935091376218,80
Engaged Family Provisioner,fresh bread,milk,0.23480200780814278,0.10931399888455103,0.044617958728388175,0.19002375296912113,1.7383295360899704,1.0,0.018950812308758513,1.0996445937525043,0.5550655976676385,0.148975791433892,0.09061527180565698,0.2990935091376218,80
Engaged Family Provisioner,honey,oatmeal,0.1517010596765198,0.1316229782487451,0.03457891801450084,0.22794117647058823,1.7317734297108676,1.0,0.014611572736386687,1.1247549996016253,0.4981230514729274,0.1390134529147982,0.1109174883826363,0.24532652043868397,62
Engaged Family Provisioner,oatmeal,honey,0.1316229782487451,0.1517010596765198,0.03457891801450084,0.2627118644067797,1.7317734297108673,1.0,0.014611572736386687,1.1505663788295477,0.4866057554851141,0.1390134529147982,0.13086283555644704,0.24532652043868397,62
Engaged Family Provisioner,bacon,eggs,0.14445064138315672,0.21751254880089235,0.054099274958170664,0.37451737451737455,1.721819621819622,1.0,0.022679447774996586,1.2510138880282031,0.48999986558959124,0.17572463768115942,0.2006483624445136,0.31161766161766163,97
Engaged Family Provisioner,eggs,bacon,0.21751254880089235,0.14445064138315672,0.054099274958170664,0.24871794871794872,1.7218196218196218,1.0,0.022679447774996586,1.1387858357016003,0.5357518131250413,0.17572463768115942,0.12187176144151374,0.31161766161766163,97
Engaged Family Provisioner,"butter, eggs",honey,0.08365867261572783,0.1517010596765198,0.021751254880089235,0.26,1.7138970588235294,1.0,0.009060145593152274,1.1463499193560542,0.45456247951683126,0.10182767624020886,0.12766600920447074,0.20169117647058823,39
Engaged Family Provisioner,honey,"butter, eggs",0.1517010596765198,0.08365867261572783,0.021751254880089235,0.14338235294117646,1.7138970588235292,1.0,0.009060145593152274,1.069720347847734,0.49102311232488743,0.10182767624020886,0.06517623787189859,0.20169117647058823,39
Engaged Family Provisioner,butter,bacon,0.22085889570552147,0.14445064138315672,0.05465699944227551,0.24747474747474746,1.7132132132132132,1.0,0.022753790302437217,1.1369045168196976,0.5343082114735658,0.17594254937163376,0.12041865855425177,0.3129265629265629,98
Engaged Family Provisioner,bacon,butter,0.14445064138315672,0.22085889570552147,0.05465699944227551,0.37837837837837834,1.713213213213213,1.0,0.022753790302437217,1.2534009069085086,0.4865896815049357,0.17594254937163376,0.20217067461161947,0.3129265629265629,98
Engaged Family Provisioner,"cereals, eggs",tea,0.09090909090909091,0.13608477412158393,0.021193530395984383,0.2331288343558282,1.7131147540983607,1.0,0.008822187294022206,1.1265454545454545,0.45789473684210524,0.1029810298102981,0.11233053582956745,0.1944332696369305,38
Engaged Family Provisioner,tea,"cereals, eggs",0.13608477412158393,0.09090909090909091,0.021193530395984383,0.1557377049180328,1.7131147540983607,1.0,0.008822187294022206,1.0767872903795235,0.48183887737419717,0.1029810298102981,0.07131147540983607,0.1944332696369305,38
Engaged Family Provisioner,oatmeal,milk,0.1316229782487451,0.10931399888455103,0.024539877300613498,0.18644067796610173,1.7055517122103083,1.0,0.01015164320314889,1.0948015430377394,0.47638232031295624,0.1134020618556701,0.08659244558122756,0.20546523694223456,44
Engaged Family Provisioner,milk,oatmeal,0.10931399888455103,0.1316229782487451,0.024539877300613498,0.22448979591836737,1.705551712210308,1.0,0.01015164320314889,1.119749317521355,0.46445038993567495,0.1134020618556701,0.10694296986617388,0.20546523694223456,44
Engaged Family Provisioner,"eggs, honey",fresh bread,0.05577244841048522,0.23480200780814278,0.022308979364194088,0.4,1.703562945368171,1.0,0.009213496497036098,1.2753299869864287,0.4373892498523332,0.08316008316008315,0.21588921282798834,0.2475059382422803,40
Engaged Family Provisioner,fresh bread,"eggs, honey",0.23480200780814278,0.05577244841048522,0.022308979364194088,0.09501187648456057,1.703562945368171,1.0,0.009213496497036098,1.043359053068729,0.539723032069971,0.08316008316008315,0.04155717338264448,0.2475059382422803,40
Engaged Family Provisioner,"bacon, butter",cereals,0.05465699944227551,0.23982152816508645,0.022308979364194088,0.40816326530612246,1.7019458946369246,1.0,0.009201054233029296,1.2844394868934748,0.43628318584070797,0.08196721311475408,0.2214502822405558,0.25059326056003794,40
Engaged Family Provisioner,cereals,"bacon, butter",0.23982152816508645,0.05465699944227551,0.022308979364194088,0.09302325581395349,1.7019458946369246,1.0,0.009201054233029296,1.0423012570251833,0.5425531914893617,0.08196721311475408,0.04058448240378679,0.25059326056003794,40
Engaged Family Provisioner,"cereals, eggs",fresh bread,0.09090909090909091,0.23480200780814278,0.03625209146681539,0.3987730061349693,1.69833729216152,1.0,0.014906454393347864,1.2727272727272725,0.4523076923076922,0.1252408477842004,0.21428571428571425,0.2765836527111901,65
Engaged Family Provisioner,fresh bread,"cereals, eggs",0.23480200780814278,0.09090909090909091,0.03625209146681539,0.1543942992874109,1.69833729216152,1.0,0.014906454393347864,1.0750766087844739,0.5373626373626372,0.1252408477842004,0.06983372921615201,0.2765836527111901,65
Engaged Family Provisioner,honey,eggs,0.1517010596765198,0.21751254880089235,0.05577244841048522,0.3676470588235294,1.690233785822021,1.0,0.02277556426444912,1.2374220158497518,0.48139381985535823,0.17793594306049823,0.19186826548153113,0.3120286576168929,100
Engaged Family Provisioner,eggs,honey,0.21751254880089235,0.1517010596765198,0.05577244841048522,0.2564102564102564,1.6902337858220209,1.0,0.02277556426444912,1.140815816297094,0.5218816821097647,0.17793594306049823,0.12343431278342518,0.3120286576168929,100
Engaged Family Provisioner,salt,eggs,0.10373675404350251,0.21751254880089235,0.03792526491912995,0.36559139784946243,1.6807830162668875,1.0,0.015361219142796447,1.2334124230765597,0.451919909220689,0.13385826771653545,0.18924118057311912,0.2699751861042184,68
Engaged Family Provisioner,eggs,salt,0.21751254880089235,0.10373675404350251,0.03792526491912995,0.17435897435897438,1.6807830162668875,1.0,0.015361219142796447,1.08553622957464,0.5176302880382375,0.13385826771653545,0.07879629186412014,0.2699751861042184,68
Engaged Family Provisioner,"cereals, eggs",oatmeal,0.09090909090909091,0.1316229782487451,0.020078081427774678,0.22085889570552145,1.6779661016949152,1.0,0.008112356132434212,1.1145311381531853,0.4444444444444444,0.09917355371900825,0.10276172125883107,0.1867006342934387,36
Engaged Family Provisioner,oatmeal,"cereals, eggs",0.1316229782487451,0.09090909090909091,0.020078081427774678,0.15254237288135594,1.6779661016949152,1.0,0.008112356132434212,1.0727272727272728,0.4652822379219296,0.09917355371900825,0.06779661016949154,0.1867006342934387,36
Engaged Family Provisioner,eggs,green tea,0.21751254880089235,0.09481316229782487,0.03457891801450084,0.158974358974359,1.6767119155354453,1.0,0.01395586542322828,1.076289227755635,0.5157841491734303,0.12449799196787151,0.07088171635306573,0.2618401206636501,62
Engaged Family Provisioner,green tea,eggs,0.09481316229782487,0.21751254880089235,0.03457891801450084,0.3647058823529412,1.676711915535445,1.0,0.01395586542322828,1.2316932102208178,0.44586886093057476,0.12449799196787151,0.18810951322795694,0.2618401206636501,62
Engaged Family Provisioner,"butter, eggs",cereals,0.08365867261572783,0.23982152816508645,0.03346346904629113,0.4,1.667906976744186,1.0,0.013400318335324613,1.266964119724856,0.4370054777845404,0.11538461538461539,0.21071166544387382,0.26976744186046514,60
Engaged Family Provisioner,cereals,"butter, eggs",0.23982152816508645,0.08365867261572783,0.03346346904629113,0.13953488372093023,1.6679069767441859,1.0,0.013400318335324613,1.0649372183114516,0.5267791636096845,0.11538461538461539,0.06097750852807541,0.26976744186046514,60
Engaged Family Provisioner,butter,"cereals, eggs",0.22085889570552147,0.09090909090909091,0.03346346904629113,0.15151515151515152,1.6666666666666667,1.0,0.013385387618516452,1.0714285714285714,0.5133858267716535,0.12024048096192387,0.06666666666666667,0.25980665551217696,60
Engaged Family Provisioner,"cereals, eggs",butter,0.09090909090909091,0.22085889570552147,0.03346346904629113,0.36809815950920244,1.6666666666666665,1.0,0.013385387618516452,1.233009708737864,0.43999999999999995,0.12024048096192387,0.1889763779527559,0.25980665551217696,60
Engaged Family Provisioner,milk,cereals,0.10931399888455103,0.23982152816508645,0.04350250976017847,0.3979591836734694,1.6593972472710015,1.0,0.017286659497848886,1.26266932609867,0.4461410015574073,0.14233576642335766,0.2080270112447033,0.28967726625533935,78
Engaged Family Provisioner,cereals,milk,0.23982152816508645,0.10931399888455103,0.04350250976017847,0.18139534883720929,1.6593972472710015,1.0,0.017286659497848886,1.0880539218171676,0.5227345410764339,0.14233576642335766,0.08092790260808783,0.28967726625533935,78
Engaged Family Provisioner,"bacon, fresh bread",cereals,0.05075292805354155,0.23982152816508645,0.020078081427774678,0.3956043956043956,1.649578328648096,1.0,0.007906436663121658,1.257749835217766,0.4148387517952736,0.07422680412371134,0.20492933332258345,0.23966266291847688,36
Engaged Family Provisioner,cereals,"bacon, fresh bread",0.23982152816508645,0.05075292805354155,0.020078081427774678,0.08372093023255814,1.649578328648096,1.0,0.007906436663121658,1.0359803069466424,0.5180158147876416,0.07422680412371134,0.0347306861968136,0.23966266291847688,36
Engaged Family Provisioner,"bacon, cereals",fresh bread,0.051868377021751254,0.23480200780814278,0.020078081427774678,0.3870967741935484,1.6486093019691976,1.0,0.007899282361317747,1.2484809346288197,0.4149509803921569,0.07531380753138074,0.19902661525439666,0.23630373151482645,36
Engaged Family Provisioner,fresh bread,"bacon, cereals",0.23480200780814278,0.051868377021751254,0.020078081427774678,0.0855106888361045,1.6486093019691976,1.0,0.007899282361317747,1.0367880864255654,0.5141520894071914,0.07531380753138074,0.03548274416655023,0.23630373151482645,36
Engaged Family Provisioner,milk,eggs,0.10931399888455103,0.21751254880089235,0.03904071388733965,0.35714285714285715,1.641941391941392,1.0,0.015263547370343054,1.2172027018652787,0.4389480275516594,0.13565891472868216,0.1784441502901945,0.2683150183150183,70
Engaged Family Provisioner,eggs,milk,0.21751254880089235,0.10931399888455103,0.03904071388733965,0.1794871794871795,1.641941391941392,1.0,0.015263547370343054,1.0855235638594534,0.49964362081254454,0.13565891472868216,0.0787855434067081,0.2683150183150183,70
Engaged Family Provisioner,"butter, fresh bread",honey,0.08087005019520357,0.1517010596765198,0.020078081427774678,0.24827586206896549,1.6366125760649084,1.0,0.007810009117068948,1.1284710674027947,0.42320658036677444,0.09448818897637794,0.11384524700174563,0.190314401622718,36
Engaged Family Provisioner,honey,"butter, fresh bread",0.1517010596765198,0.08087005019520357,0.020078081427774678,0.13235294117647056,1.6366125760649084,1.0,0.007810009117068948,1.0593362133343416,0.4585433559792532,0.09448818897637794,0.05601263563677895,0.190314401622718,36
Engaged Family Provisioner,chocolate bread,honey,0.11489124372559956,0.1517010596765198,0.02844394868934746,0.24757281553398056,1.6319781553398056,1.0,0.011014825268620701,1.127416656171851,0.43751312749422383,0.11943793911007025,0.11301647485366674,0.21753640776699026,51
Engaged Family Provisioner,honey,chocolate bread,0.1517010596765198,0.11489124372559956,0.02844394868934746,0.18749999999999997,1.6319781553398056,1.0,0.011014825268620701,1.0893646231069545,0.4564979180363795,0.11943793911007025,0.08203371140516695,0.21753640776699026,51
Engaged Family Provisioner,mineral water,butter,0.06971556051310653,0.22085889570552147,0.02509760178471835,0.36,1.63,1.0,0.009700300076302185,1.2174079754601226,0.41546762589928066,0.09453781512605043,0.17858267716535434,0.23681818181818182,45
Engaged Family Provisioner,butter,mineral water,0.22085889570552147,0.06971556051310653,0.02509760178471835,0.11363636363636363,1.63,1.0,0.009700300076302185,1.0495516753185465,0.4960629921259843,0.09453781512605043,0.047212230215827336,0.23681818181818182,45
Engaged Family Provisioner,bacon,oil,0.14445064138315672,0.08533184606804238,0.020078081427774678,0.138996138996139,1.6288893935952762,1.0,0.007751841532837157,1.0623275868537085,0.4512711864406781,0.09574468085106382,0.05867077879273001,0.1871451283215989,36
Engaged Family Provisioner,oil,bacon,0.08533184606804238,0.14445064138315672,0.020078081427774678,0.23529411764705882,1.628889393595276,1.0,0.007751841532837157,1.1187953151143335,0.4221036585365854,0.09574468085106382,0.1061814556331007,0.1871451283215989,36
Engaged Family Provisioner,bacon,"cereals, fresh bread",0.14445064138315672,0.08588957055214724,0.020078081427774678,0.138996138996139,1.618312189740761,1.0,0.007671277873393119,1.0616798261300173,0.4465811965811966,0.09549071618037135,0.05809644735819232,0.18638118638118636,36
Engaged Family Provisioner,"cereals, fresh bread",bacon,0.08588957055214724,0.14445064138315672,0.020078081427774678,0.23376623376623373,1.6183121897407609,1.0,0.007671277873393119,1.1165644171779139,0.4179716629381058,0.09549071618037135,0.10439560439560437,0.18638118638118636,36
Engaged Family Provisioner,fresh bread,eggs,0.23480200780814278,0.21751254880089235,0.08198549916341327,0.3491686460807601,1.6052804677507766,1.0,0.03091311598149711,1.2022891129738116,0.4927559945260903,0.2213855421686747,0.16825330179814885,0.36304586150191853,147
Engaged Family Provisioner,eggs,fresh bread,0.21751254880089235,0.23480200780814278,0.08198549916341327,0.3769230769230769,1.6052804677507764,1.0,0.03091311598149711,1.2280955430239684,0.48186829970762357,0.2213855421686747,0.18573110562906478,0.36304586150191853,147
Engaged Family Provisioner,bacon,cooking oil,0.14445064138315672,0.1015058561070831,0.023424428332403793,0.16216216216216217,1.5975645975645978,1.0,0.008761842313589223,1.072396236259288,0.4372012168622338,0.10526315789473685,0.06750884963175467,0.19646569646569648,42
Engaged Family Provisioner,cooking oil,bacon,0.1015058561070831,0.14445064138315672,0.023424428332403793,0.23076923076923078,1.5975645975645976,1.0,0.008761842313589223,1.1122141662018963,0.41630457272915367,0.10526315789473685,0.10089258850666936,0.19646569646569648,42
Engaged Family Provisioner,black tea,oatmeal,0.11433351924149471,0.1316229782487451,0.023982152816508645,0.2097560975609756,1.5936130632492767,1.0,0.008933234500282907,1.0988721571543656,0.42058168824321956,0.10804020100502514,0.08997603270830397,0.19597974369574206,43
Engaged Family Provisioner,oatmeal,black tea,0.1316229782487451,0.11433351924149471,0.023982152816508645,0.1822033898305085,1.5936130632492767,1.0,0.008933234500282907,1.0829911370933019,0.4289555047721469,0.10804020100502514,0.07663140929855271,0.19597974369574206,43
Engaged Family Provisioner,milk,honey,0.10931399888455103,0.1517010596765198,0.026213050752928055,0.23979591836734696,1.5807135354141657,1.0,0.00963000128466376,1.1158831698214906,0.4124621964054944,0.11163895486935868,0.10384883736532088,0.2062950180072029,47
Engaged Family Provisioner,honey,milk,0.1517010596765198,0.10931399888455103,0.026213050752928055,0.17279411764705882,1.5807135354141657,1.0,0.00963000128466376,1.0767404102373428,0.4330717473106999,0.11163895486935868,0.07127104129065528,0.2062950180072029,47
Engaged Family Provisioner,cooking oil,butter,0.1015058561070831,0.22085889570552147,0.03513664249860569,0.34615384615384615,1.5673076923076923,1.0,0.012718171211151753,1.1916275712739082,0.4028553693358163,0.12233009708737863,0.16081162931556633,0.2526223776223776,63
Engaged Family Provisioner,butter,cooking oil,0.22085889570552147,0.1015058561070831,0.03513664249860569,0.1590909090909091,1.5673076923076923,1.0,0.012718171211151753,1.0684795224672525,0.46456692913385833,0.12233009708737863,0.06409062693978895,0.2526223776223776,63
Engaged Family Provisioner,oil,eggs,0.08533184606804238,0.21751254880089235,0.029001673173452314,0.33986928104575165,1.5625272331154685,1.0,0.01044092584130701,1.1853522775590444,0.3935975609756097,0.10590631364562118,0.1563689386422186,0.23660130718954248,52
Engaged Family Provisioner,eggs,oil,0.21751254880089235,0.08533184606804238,0.029001673173452314,0.13333333333333333,1.5625272331154685,1.0,0.01044092584130701,1.0553863314599512,0.4600855310049893,0.10590631364562118,0.05247967479674797,0.23660130718954248,52
Engaged Family Provisioner,chocolate bread,butter,0.11489124372559956,0.22085889570552147,0.03959843837144451,0.3446601941747573,1.5605447680690399,1.0,0.014223685155974667,1.1889116109975006,0.40582372622629287,0.1337099811676083,0.1588945799250822,0.2619765617338433,71
Engaged Family Provisioner,butter,chocolate bread,0.22085889570552147,0.11489124372559956,0.03959843837144451,0.17929292929292928,1.5605447680690399,1.0,0.014223685155974667,1.078470976875885,0.46101807696573144,0.1337099811676083,0.0727613246516838,0.2619765617338433,71
Engaged Family Provisioner,butter,fresh bread,0.22085889570552147,0.23480200780814278,0.08087005019520357,0.3661616161616162,1.5594484032726315,1.0,0.02901193804125793,1.2072446410676312,0.46043985881075217,0.2157738095238095,0.1716674765144153,0.3552898342090741,145
Engaged Family Provisioner,fresh bread,butter,0.23480200780814278,0.22085889570552147,0.08087005019520357,0.3444180522565321,1.5594484032726315,1.0,0.02901193804125793,1.1884724815506358,0.46882979792902385,0.2157738095238095,0.15858379935287192,0.3552898342090741,145
Engaged Family Provisioner,cooking oil,cereals,0.1015058561070831,0.23982152816508645,0.03792526491912995,0.3736263736263737,1.5579350881676466,1.0,0.013581975389823912,1.2136182620522304,0.3985832694344033,0.125,0.17601767271613206,0.2658829542550473,68
Engaged Family Provisioner,cereals,cooking oil,0.23982152816508645,0.1015058561070831,0.03792526491912995,0.15813953488372093,1.5579350881676464,1.0,0.013581975389823912,1.0672720493755643,0.4711061240343534,0.125,0.06303177284078934,0.2658829542550473,68
Engaged Family Provisioner,butter,oatmeal,0.22085889570552147,0.1316229782487451,0.04517568321249303,0.20454545454545456,1.5540254237288138,1.0,0.016105577587003313,1.0916739702015776,0.45756780402449704,0.14700544464609805,0.08397559409120106,0.2738828967642527,81
Engaged Family Provisioner,oatmeal,butter,0.1316229782487451,0.22085889570552147,0.04517568321249303,0.3432203389830509,1.5540254237288136,1.0,0.016105577587003313,1.1863051652483672,0.41054734889031624,0.14700544464609805,0.15704657680501807,0.2738828967642527,81
Engaged Family Provisioner,black tea,tea,0.11433351924149471,0.13608477412158393,0.023982152816508645,0.2097560975609756,1.5413634546181527,1.0,0.008423101676004068,1.0932260574387362,0.3965643488957882,0.1059113300492611,0.08527610259963155,0.19299280287884846,43
Engaged Family Provisioner,tea,black tea,0.13608477412158393,0.11433351924149471,0.023982152816508645,0.1762295081967213,1.5413634546181527,1.0,0.008423101676004068,1.0751374194282353,0.40654886123080153,0.1059113300492611,0.06988634017425775,0.19299280287884846,43
Engaged Family Provisioner,oil,cereals,0.08533184606804238,0.23982152816508645,0.031232571109871723,0.36601307189542487,1.5261893904848762,1.0,0.010768157384685877,1.1990443937189874,0.3769381533101046,0.10626185958254268,0.16600252230997561,0.24812281501747988,56
Engaged Family Provisioner,cereals,oil,0.23982152816508645,0.08533184606804238,0.031232571109871723,0.13023255813953488,1.5261893904848762,1.0,0.010768157384685877,1.0516238133442295,0.4535426055968977,0.10626185958254268,0.049089619965967106,0.24812281501747988,56
Engaged Family Provisioner,cereals,fresh bread,0.23982152816508645,0.23480200780814278,0.08588957055214724,0.35813953488372097,1.5252831022482463,1.0,0.029578994223367877,1.192156292182966,0.45303046183457035,0.22094691535150646,0.16118380907180152,0.3619676296746396,154
Engaged Family Provisioner,fresh bread,cereals,0.23480200780814278,0.23982152816508645,0.08588957055214724,0.3657957244655582,1.525283102248246,1.0,0.029578994223367877,1.1986334705711559,0.45005868766801704,0.22094691535150646,0.16571660599174307,0.3619676296746396,154
Engaged Family Provisioner,whole weat flour,eggs,0.08142777467930842,0.21751254880089235,0.026770775237032907,0.32876712328767127,1.5114857744994734,1.0,0.009059212423351767,1.1657466109700991,0.3683970856102004,0.09836065573770493,0.14218065007469322,0.22592202318229718,48
Engaged Family Provisioner,eggs,whole weat flour,0.21751254880089235,0.08142777467930842,0.026770775237032907,0.12307692307692308,1.5114857744994732,1.0,0.009059212423351767,1.0474946429095606,0.43246614397719174,0.09836065573770493,0.04534117976740928,0.22592202318229718,48
Engaged Family Provisioner,tea,eggs,0.13608477412158393,0.21751254880089235,0.044617958728388175,0.3278688524590164,1.507356031946196,1.0,0.015017812656208739,1.1641886469059894,0.3896061975468045,0.14440433212996392,0.14103268172417424,0.2664985287936108,80
Engaged Family Provisioner,eggs,tea,0.21751254880089235,0.13608477412158393,0.044617958728388175,0.20512820512820512,1.5073560319461958,1.0,0.015017812656208739,1.086861090621233,0.4301496792587313,0.14440433212996392,0.0799192200096009,0.2664985287936108,80
Engaged Family Provisioner,salt,tea,0.10373675404350251,0.13608477412158393,0.021193530395984383,0.2043010752688172,1.5012779834302838,1.0,0.007076537653868035,1.085731297387739,0.37254773523728424,0.09693877551020406,0.07896179984311764,0.180019390093425,38
Engaged Family Provisioner,tea,salt,0.13608477412158393,0.10373675404350251,0.021193530395984383,0.1557377049180328,1.5012779834302838,1.0,0.007076537653868035,1.0615933592882787,0.38649723081104953,0.09693877551020406,0.05801972925826559,0.180019390093425,38
Engaged Family Provisioner,"eggs, honey",cereals,0.05577244841048522,0.23982152816508645,0.020078081427774678,0.36,1.5011162790697674,1.0,0.006702647620463666,1.1877788622420524,0.3535472862111964,0.0728744939271255,0.15809244314013202,0.22186046511627905,36
Engaged Family Provisioner,cereals,"eggs, honey",0.23982152816508645,0.05577244841048522,0.020078081427774678,0.08372093023255814,1.5011162790697674,1.0,0.006702647620463666,1.030502150211907,0.43914567538925564,0.0728744939271255,0.029599307682797844,0.22186046511627905,36
Engaged Family Provisioner,bacon,cereals,0.14445064138315672,0.23982152816508645,0.051868377021751254,0.3590733590733591,1.4972524019035647,1.0,0.01722600346081573,1.186061591597847,0.38818325833087997,0.15604026845637584,0.15687346501726546,0.2876762144204005,93
Engaged Family Provisioner,cereals,bacon,0.23982152816508645,0.14445064138315672,0.051868377021751254,0.21627906976744185,1.4972524019035647,1.0,0.01722600346081573,1.0916505169295032,0.4368841660158252,0.15604026845637584,0.0839559140110973,0.2876762144204005,93
Engaged Family Provisioner,bacon,fresh bread,0.14445064138315672,0.23480200780814278,0.05075292805354155,0.35135135135135137,1.4963728574179882,1.0,0.016835627427602355,1.1796802379624465,0.3877244007622105,0.15449915110356535,0.15231266251674416,0.28375168517686333,91
Engaged Family Provisioner,fresh bread,bacon,0.23480200780814278,0.14445064138315672,0.05075292805354155,0.2161520190023753,1.496372857417988,1.0,0.016835627427602355,1.0914735756899727,0.43350527023996416,0.15449915110356535,0.08380741204123789,0.28375168517686333,91
Engaged Family Provisioner,chocolate bread,eggs,0.11489124372559956,0.21751254880089235,0.0373675404350251,0.3252427184466019,1.4952825491660442,1.0,0.012377253177365405,1.159657661489325,0.3742252819080401,0.12665406427221174,0.13767654609747484,0.24851879512073685,67
Engaged Family Provisioner,eggs,chocolate bread,0.21751254880089235,0.11489124372559956,0.0373675404350251,0.1717948717948718,1.4952825491660442,1.0,0.012377253177365405,1.068707167018626,0.42330400740417645,0.12665406427221174,0.06428998432779151,0.24851879512073685,67
Engaged Family Provisioner,cereals,butter,0.23982152816508645,0.22085889570552147,0.07919687674288901,0.3302325581395349,1.4952196382428942,1.0,0.0262301588659374,1.1633009543285617,0.43568970683971764,0.20760233918128654,0.1403772202893243,0.34440920836269673,142
Engaged Family Provisioner,butter,cereals,0.22085889570552147,0.23982152816508645,0.07919687674288901,0.35858585858585856,1.495219638242894,1.0,0.0262301588659374,1.18516013719144,0.4250859487634468,0.20760233918128654,0.15623216760414116,0.34440920836269673,142
Engaged Family Provisioner,fresh bread,chocolate bread,0.23480200780814278,0.11489124372559956,0.040156162855549356,0.171021377672209,1.4885501464382076,1.0,0.013179468149203892,1.067709989660523,0.42891561386459326,0.12972972972972974,0.06341608706129222,0.26026797038950256,72
Engaged Family Provisioner,chocolate bread,fresh bread,0.11489124372559956,0.23480200780814278,0.040156162855549356,0.3495145631067961,1.4885501464382074,1.0,0.013179468149203892,1.1763491521755416,0.37080795351116697,0.12972972972972974,0.14991225338956657,0.26026797038950256,72
Engaged Family Provisioner,black tea,bacon,0.11433351924149471,0.14445064138315672,0.024539877300613498,0.2146341463414634,1.4858649590356907,1.0,0.008024327114586095,1.0893640901643034,0.36920368674147,0.10476190476190476,0.0820332623143702,0.19225915811281663,44
Engaged Family Provisioner,bacon,black tea,0.14445064138315672,0.11433351924149471,0.024539877300613498,0.16988416988416988,1.4858649590356907,1.0,0.008024327114586095,1.0669191558904785,0.38220042669195203,0.10476190476190476,0.06272186184024973,0.19225915811281663,44
Engaged Family Provisioner,milk,bacon,0.10931399888455103,0.14445064138315672,0.023424428332403793,0.2142857142857143,1.483452840595698,1.0,0.0076339510813727175,1.0888810018759822,0.36589438530578167,0.1016949152542373,0.08162600111752656,0.18822393822393824,42
Engaged Family Provisioner,bacon,milk,0.14445064138315672,0.10931399888455103,0.023424428332403793,0.16216216216216217,1.483452840595698,1.0,0.0076339510813727175,1.0630768400410198,0.38092133854845717,0.1016949152542373,0.05933422464418083,0.18822393822393824,42
Engaged Family Provisioner,oatmeal,fresh bread,0.1316229782487451,0.23480200780814278,0.04573340769659788,0.3474576271186441,1.4797898466121826,1.0,0.014828068130105024,1.1726410789433657,0.37337280887259744,0.14260869565217393,0.1472241438948461,0.2711159869559966,82
Engaged Family Provisioner,fresh bread,oatmeal,0.23480200780814278,0.1316229782487451,0.04573340769659788,0.19477434679334915,1.4797898466121824,1.0,0.014828068130105024,1.07842692081793,0.4237182677949229,0.14260869565217393,0.07272344495855816,0.2711159869559966,82
Engaged Family Provisioner,cereals,tea,0.23982152816508645,0.13608477412158393,0.04796430563301729,0.2,1.4696721311475411,1.0,0.015328247143178424,1.07989403234802,0.42039618488628033,0.14625850340136054,0.0739832149774048,0.2762295081967213,86
Engaged Family Provisioner,tea,cereals,0.13608477412158393,0.23982152816508645,0.04796430563301729,0.3524590163934426,1.469672131147541,1.0,0.015328247143178424,1.1739465008083476,0.36991607488702394,0.14625850340136054,0.1481724258205742,0.2762295081967213,86
Engaged Family Provisioner,salt,fresh bread,0.10373675404350251,0.23480200780814278,0.03569436698271054,0.34408602150537637,1.465430490639287,1.0,0.011336768849796681,1.1666133323580774,0.3543676104542627,0.11786372007366484,0.1428179566757579,0.24805251194033665,64
Engaged Family Provisioner,fresh bread,salt,0.23480200780814278,0.10373675404350251,0.03569436698271054,0.15201900237529692,1.465430490639287,1.0,0.011336768849796681,1.056937889489315,0.41506468658892137,0.11786372007366484,0.05387061061537485,0.24805251194033665,64
Engaged Family Provisioner,oatmeal,eggs,0.1316229782487451,0.21751254880089235,0.04182933630786392,0.31779661016949157,1.4610495436766626,1.0,0.013199686828214954,1.147000239024779,0.36339113680154156,0.13611615245009076,0.12816060016671302,0.25505215123859193,75
Engaged Family Provisioner,eggs,oatmeal,0.21751254880089235,0.1316229782487451,0.04182933630786392,0.19230769230769232,1.4610495436766626,1.0,0.013199686828214954,1.0751334555015537,0.4032786885245903,0.13611615245009076,0.06988291092337337,0.25505215123859193,75
Engaged Family Provisioner,"cereals, eggs",honey,0.09090909090909091,0.1517010596765198,0.020078081427774678,0.22085889570552145,1.4558823529411762,1.0,0.006287076002636513,1.0887616320687186,0.34444444444444433,0.09022556390977442,0.08152531229454302,0.176605918440996,36
Engaged Family Provisioner,honey,"cereals, eggs",0.1517010596765198,0.09090909090909091,0.020078081427774678,0.13235294117647056,1.4558823529411762,1.0,0.006287076002636513,1.0477657935285054,0.3691284973336254,0.09022556390977442,0.04558823529411762,0.176605918440996,36
Engaged Family Provisioner,chocolate bread,cereals,0.11489124372559956,0.23982152816508645,0.03959843837144451,0.3446601941747573,1.437152856175209,1.0,0.01204504472838382,1.1599760385036462,0.34366374681612033,0.12566371681415928,0.1379132268197651,0.25488823662226234,71
Engaged Family Provisioner,cereals,chocolate bread,0.23982152816508645,0.11489124372559956,0.03959843837144451,0.16511627906976745,1.437152856175209,1.0,0.01204504472838382,1.060158120328669,0.40014260175875493,0.12566371681415928,0.05674447912545244,0.25488823662226234,71
Engaged Family Provisioner,eggs,black tea,0.21751254880089235,0.11433351924149471,0.03569436698271054,0.16410256410256413,1.4352970606629145,1.0,0.010825391799117162,1.0595396548951446,0.3875846400570207,0.12052730696798496,0.056193890072983296,0.23814884302689182,64
Engaged Family Provisioner,black tea,eggs,0.11433351924149471,0.21751254880089235,0.03569436698271054,0.3121951219512195,1.4352970606629143,1.0,0.010825391799117162,1.137659060254022,0.3424315176322419,0.12052730696798496,0.1210020339690211,0.23814884302689182,64
Engaged Family Provisioner,green tea,honey,0.09481316229782487,0.1517010596765198,0.02063580591187953,0.21764705882352942,1.4347102076124567,1.0,0.006252548720017641,1.0842918786089597,0.33473214434397425,0.09135802469135801,0.07773910353095873,0.17683823529411763,37
Engaged Family Provisioner,honey,green tea,0.1517010596765198,0.09481316229782487,0.02063580591187953,0.13602941176470587,1.4347102076124567,1.0,0.006252548720017641,1.0477056164042196,0.3571796648719725,0.09135802469135801,0.045533416693849436,0.17683823529411763,37
Engaged Family Provisioner,tea,honey,0.13608477412158393,0.1517010596765198,0.029559397657557166,0.21721311475409838,1.4318496865959498,1.0,0.008915193217473045,1.0836907928739747,0.34911141698235015,0.11447084233261338,0.07722755736627113,0.20603302796528447,53
Engaged Family Provisioner,honey,tea,0.1517010596765198,0.13608477412158393,0.029559397657557166,0.19485294117647056,1.4318496865959498,1.0,0.008915193217473045,1.0729906001777587,0.3555381886296255,0.11447084233261338,0.06802538639729615,0.20603302796528447,53
Engaged Family Provisioner,honey,butter,0.1517010596765198,0.22085889570552147,0.04796430563301729,0.3161764705882353,1.4315767973856208,1.0,0.01445977711550371,1.1393891417639685,0.3553812516245431,0.14776632302405499,0.12233672996757758,0.2666740938799762,86
Engaged Family Provisioner,butter,honey,0.22085889570552147,0.1517010596765198,0.04796430563301729,0.21717171717171718,1.4315767973856208,1.0,0.01445977711550371,1.083633485058381,0.3869254715253616,0.14776632302405499,0.07717875666593615,0.2666740938799762,86
Engaged Family Provisioner,green tea,butter,0.09481316229782487,0.22085889570552147,0.029559397657557166,0.31176470588235294,1.4116013071895426,1.0,0.008619067334111184,1.1320853652141996,0.32212650693451456,0.10331384015594541,0.11667438628994906,0.2228015448603684,53
Engaged Family Provisioner,butter,green tea,0.22085889570552147,0.09481316229782487,0.029559397657557166,0.13383838383838384,1.4116013071895426,1.0,0.008619067334111184,1.04505535781359,0.37423859753379896,0.10331384015594541,0.04311289107961937,0.2228015448603684,53
Engaged Family Provisioner,oatmeal,chocolate bread,0.1316229782487451,0.11489124372559956,0.021193530395984383,0.1610169491525424,1.401472766167517,1.0,0.006071202722118519,1.0549781135391845,0.32988540715951725,0.09405940594059406,0.052113037070263706,0.17274148428500904,38
Engaged Family Provisioner,chocolate bread,oatmeal,0.11489124372559956,0.1316229782487451,0.021193530395984383,0.1844660194174757,1.4014727661675168,1.0,0.006071202722118519,1.0647956338140385,0.323649388120585,0.09405940594059406,0.060852647922629385,0.17274148428500904,38
Engaged Family Provisioner,bacon,honey,0.14445064138315672,0.1517010596765198,0.03067484662576687,0.21235521235521235,1.39982682262094,1.0,0.008761531256989051,1.0770069879597126,0.333850894867844,0.11554621848739495,0.07150091765476378,0.20728054735407675,55
Engaged Family Provisioner,honey,bacon,0.1517010596765198,0.14445064138315672,0.03067484662576687,0.20220588235294115,1.39982682262094,1.0,0.008761531256989051,1.0723936661003748,0.33670432131970585,0.11554621848739495,0.06750661477107138,0.20728054735407675,55
Engaged Family Provisioner,mineral water,fresh bread,0.06971556051310653,0.23480200780814278,0.02286670384829894,0.328,1.3969216152019002,1.0,0.006497350264351453,1.13868748838074,0.3054337018190327,0.08118811881188118,0.12179591836734695,0.2126935866983373,41
Engaged Family Provisioner,fresh bread,mineral water,0.23480200780814278,0.06971556051310653,0.02286670384829894,0.09738717339667458,1.3969216152019002,1.0,0.006497350264351453,1.030657234273637,0.3713290194126432,0.08118811881188118,0.02974532488023832,0.2126935866983373,41
Engaged Family Provisioner,oatmeal,cereals,0.1316229782487451,0.23982152816508645,0.044060234244283326,0.33474576271186446,1.3958119826566813,1.0,0.012494210459029341,1.1426886582996154,0.32655301090217326,0.1345826235093697,0.12487098499073584,0.2592333464722113,79
Engaged Family Provisioner,cereals,oatmeal,0.23982152816508645,0.1316229782487451,0.044060234244283326,0.18372093023255814,1.3958119826566813,1.0,0.012494210459029341,1.0638237018605117,0.37303230959257794,0.1345826235093697,0.05999462293318996,0.2592333464722113,79
Engaged Family Provisioner,whole weat flour,butter,0.08142777467930842,0.22085889570552147,0.02509760178471835,0.3082191780821918,1.3955479452054795,1.0,0.00711355338928827,1.1262831804652857,0.3085610200364299,0.09054325955734406,0.11212382698738002,0.21092777085927772,45
Engaged Family Provisioner,butter,whole weat flour,0.22085889570552147,0.08142777467930842,0.02509760178471835,0.11363636363636363,1.3955479452054793,1.0,0.00711355338928827,1.0363378952336009,0.3637795275590552,0.09054325955734406,0.035063752276867026,0.21092777085927772,45
Engaged Family Provisioner,oil,butter,0.08533184606804238,0.22085889570552147,0.026213050752928055,0.30718954248366015,1.390885984023239,1.0,0.007366753461826671,1.1246093297835398,0.3072522055007785,0.09362549800796813,0.1108023261798158,0.2129382055852644,47
Engaged Family Provisioner,butter,oil,0.22085889570552147,0.08533184606804238,0.026213050752928055,0.11868686868686869,1.390885984023239,1.0,0.007366753461826671,1.0378469597623359,0.36069693415982595,0.09362549800796813,0.036466802168021686,0.2129382055852644,47
Engaged Family Provisioner,salt,butter,0.10373675404350251,0.22085889570552147,0.031232571109871723,0.3010752688172043,1.3632019115890084,1.0,0.008321386167748471,1.1147711184520999,0.2972708685216464,0.10646387832699619,0.10295487257641184,0.22124470511567285,56
Engaged Family Provisioner,butter,salt,0.22085889570552147,0.10373675404350251,0.031232571109871723,0.1414141414141414,1.3632019115890084,1.0,0.008321386167748471,1.0438830747022736,0.3419572553430822,0.10646387832699619,0.042038304639424734,0.22124470511567285,56
Engaged Family Provisioner,honey,fresh bread,0.1517010596765198,0.23480200780814278,0.04852203011712214,0.31985294117647056,1.3622240463881514,1.0,0.012902316718452399,1.12504785879019,0.313458326720926,0.14356435643564355,0.11114892385525635,0.2632518862651949,87
Engaged Family Provisioner,fresh bread,honey,0.23480200780814278,0.1517010596765198,0.04852203011712214,0.20665083135391923,1.3622240463881514,1.0,0.012902316718452399,1.0692630355574406,0.3475000837773531,0.14356435643564355,0.06477642381168781,0.2632518862651949,87
Engaged Family Provisioner,sandwich,eggs,0.09425543781372002,0.21751254880089235,0.02788622420524261,0.2958579881656805,1.3601881353360645,1.0,0.007384483688036358,1.1112636911987326,0.2923645320197044,0.09823182711198429,0.10012357290168576,0.21203155818540434,50
Engaged Family Provisioner,eggs,sandwich,0.21751254880089235,0.09425543781372002,0.02788622420524261,0.1282051282051282,1.3601881353360643,1.0,0.007384483688036358,1.0389422919195563,0.33841767640769777,0.09823182711198429,0.037482632310218506,0.21203155818540434,50
Engaged Family Provisioner,sandwich,butter,0.09425543781372002,0.22085889570552147,0.02788622420524261,0.2958579881656805,1.339579224194609,1.0,0.0070690722954639545,1.1065113161829148,0.2798768472906404,0.0970873786407767,0.09625867772445607,0.21106030721415336,50
Engaged Family Provisioner,butter,sandwich,0.22085889570552147,0.09425543781372002,0.02788622420524261,0.12626262626262624,1.3395792241946087,1.0,0.0070690722954639545,1.0366325046987481,0.32535433070866143,0.0970873786407767,0.03533798576902023,0.21106030721415336,50
Engaged Family Provisioner,oil,fresh bread,0.08533184606804238,0.23480200780814278,0.026770775237032907,0.3137254901960785,1.3361278002887618,1.0,0.006734686450281184,1.1150027886224205,0.2750381097560977,0.09125475285171104,0.1031412565026011,0.21386987098877558,48
Engaged Family Provisioner,fresh bread,oil,0.23480200780814278,0.08533184606804238,0.026770775237032907,0.11401425178147269,1.3361278002887618,1.0,0.006734686450281184,1.0323734391564456,0.328762755102041,0.09125475285171104,0.03135826429523204,0.21386987098877558,48
Engaged Family Provisioner,honey,cereals,0.1517010596765198,0.23982152816508645,0.04852203011712214,0.31985294117647056,1.3337123803009574,1.0,0.012140850161236186,1.1176678072383595,0.29495870079424447,0.14146341463414633,0.10527976781321474,0.2610892612859097,87
Engaged Family Provisioner,cereals,honey,0.23982152816508645,0.1517010596765198,0.04852203011712214,0.2023255813953488,1.3337123803009574,1.0,0.012140850161236186,1.0634651438457623,0.32915053845051057,0.14146341463414633,0.05967769062581223,0.2610892612859097,87
Engaged Family Provisioner,tea,bacon,0.13608477412158393,0.14445064138315672,0.026213050752928055,0.19262295081967215,1.3334862966010508,1.0,0.006555517848583249,1.059665195444212,0.28947982912792064,0.1030701754385965,0.05630570457605748,0.1870450661434268,47
Engaged Family Provisioner,bacon,tea,0.14445064138315672,0.13608477412158393,0.026213050752928055,0.18146718146718147,1.3334862966010508,1.0,0.006555517848583249,1.0554436014269328,0.2923104663097452,0.1030701754385965,0.05253108868344505,0.1870450661434268,47
Engaged Family Provisioner,sandwich,cereals,0.09425543781372002,0.23982152816508645,0.03011712214166202,0.31952662721893493,1.3323517269850007,1.0,0.007512639007306407,1.1171318412182645,0.27540594781974087,0.09908256880733944,0.10485050814640523,0.22255401128388608,54
Engaged Family Provisioner,cereals,sandwich,0.23982152816508645,0.09425543781372002,0.03011712214166202,0.1255813953488372,1.3323517269850005,1.0,0.007512639007306407,1.0358248982449478,0.3281432569767125,0.09908256880733944,0.034585863214572105,0.22255401128388608,54
Engaged Family Provisioner,mineral water,eggs,0.06971556051310653,0.21751254880089235,0.020078081427774678,0.288,1.3240615384615384,1.0,0.004914072169486031,1.09899922921223,0.26308952837729815,0.07515657620041753,0.09008125445473981,0.19015384615384615,36
Engaged Family Provisioner,eggs,mineral water,0.21751254880089235,0.06971556051310653,0.020078081427774678,0.0923076923076923,1.3240615384615384,1.0,0.004914072169486031,1.0248896367228486,0.31278213352340223,0.07515657620041753,0.024285187234827515,0.19015384615384615,36
Engaged Family Provisioner,honey,salt,0.1517010596765198,0.10373675404350251,0.02063580591187953,0.13602941176470587,1.311294275774826,1.0,0.004898830396077698,1.0373770336177333,0.2798478952325105,0.08788598574821851,0.03603032687872908,0.1674770714737508,37
Engaged Family Provisioner,salt,honey,0.10373675404350251,0.1517010596765198,0.02063580591187953,0.1989247311827957,1.3112942757748258,1.0,0.004898830396077698,1.05895035503468,0.2648715921895759,0.08788598574821851,0.055668667331198324,0.1674770714737508,37
Engaged Family Provisioner,oatmeal,tea,0.1316229782487451,0.13608477412158393,0.023424428332403793,0.17796610169491528,1.3077590997499309,1.0,0.0055125450682131615,1.0509484191098257,0.27100345597455444,0.0958904109589041,0.048478515389918084,0.17504862461794946,42
Engaged Family Provisioner,tea,oatmeal,0.13608477412158393,0.1316229782487451,0.023424428332403793,0.17213114754098363,1.3077590997499309,1.0,0.0055125450682131615,1.0489306599371595,0.27240308647668254,0.0958904109589041,0.046648135864472494,0.17504862461794946,42
Engaged Family Provisioner,green tea,cereals,0.09481316229782487,0.23982152816508645,0.029559397657557166,0.31176470588235294,1.299986320109439,1.0,0.006821160185128447,1.1045328223242334,0.25493204989595325,0.09689213893967093,0.09463985153856112,0.21751025991792067,53
Engaged Family Provisioner,cereals,green tea,0.23982152816508645,0.09481316229782487,0.029559397657557166,0.12325581395348836,1.299986320109439,1.0,0.006821160185128447,1.0324412207213138,0.30356178795387534,0.09689213893967093,0.03142185731275702,0.21751025991792067,53
Engaged Family Provisioner,oatmeal,bacon,0.1316229782487451,0.14445064138315672,0.024539877300613498,0.18644067796610173,1.2906877822132061,1.0,0.005526853671820979,1.0516127532998698,0.2593565714952999,0.09756097560975613,0.04907961903078253,0.17816242392513582,44
Engaged Family Provisioner,bacon,oatmeal,0.14445064138315672,0.1316229782487451,0.024539877300613498,0.16988416988416988,1.290687782213206,1.0,0.005526853671820979,1.046091388993372,0.2632452293469243,0.09756097560975613,0.04406057585248337,0.17816242392513582,44
Engaged Family Provisioner,green tea,fresh bread,0.09481316229782487,0.23480200780814278,0.02844394868934746,0.3,1.277672209026128,1.0,0.006181627815178878,1.0931399888455104,0.24009036763195732,0.09444444444444444,0.08520408163265304,0.21057007125890737,51
Engaged Family Provisioner,fresh bread,green tea,0.23480200780814278,0.09481316229782487,0.02844394868934746,0.12114014251781471,1.277672209026128,1.0,0.006181627815178878,1.0299558342503128,0.28401360544217685,0.09444444444444444,0.02908458135208983,0.21057007125890737,51
Engaged Family Provisioner,tea,fresh bread,0.13608477412158393,0.23480200780814278,0.04071388733965421,0.29918032786885246,1.2741813013511936,1.0,0.008760909143788714,1.0918614625427672,0.24907806185165862,0.12331081081081081,0.08413289203269128,0.23628850122658773,73
Engaged Family Provisioner,fresh bread,tea,0.23480200780814278,0.13608477412158393,0.04071388733965421,0.17339667458432304,1.2741813013511936,1.0,0.008760909143788714,1.045138822111532,0.2812113103558449,0.12331081081081081,0.04318930763698594,0.23628850122658773,73
Engaged Family Provisioner,black tea,cereals,0.11433351924149471,0.23982152816508645,0.03457891801450084,0.3024390243902439,1.2611003970504822,1.0,0.007159278709513262,1.0897663407423588,0.2337693995287235,0.10820244328097732,0.08237209884938172,0.2233125354509359,62
Engaged Family Provisioner,cereals,black tea,0.23982152816508645,0.11433351924149471,0.03457891801450084,0.14418604651162792,1.2611003970504822,1.0,0.007159278709513262,1.0348820291471665,0.2723593590987622,0.10820244328097732,0.03370628551344386,0.2233125354509359,62
Engaged Family Provisioner,black tea,butter,0.11433351924149471,0.22085889570552147,0.031232571109871723,0.27317073170731704,1.2368563685636855,1.0,0.005980996308069211,1.0719726602709267,0.21621986326016548,0.10275229357798164,0.06714038793931242,0.2072924365607292,56
Engaged Family Provisioner,butter,black tea,0.22085889570552147,0.11433351924149471,0.031232571109871723,0.1414141414141414,1.2368563685636855,1.0,0.005980996308069211,1.0315409599422591,0.24578177727784023,0.10275229357798164,0.030576546319619355,0.2072924365607292,56
Engaged Family Provisioner,salt,cereals,0.10373675404350251,0.23982152816508645,0.03067484662576687,0.2956989247311828,1.2329957489372343,1.0,0.00579653974416839,1.0793373722236177,0.21083894325960292,0.0980392156862745,0.07350562879164399,0.21180295073768443,55
Engaged Family Provisioner,cereals,salt,0.23982152816508645,0.10373675404350251,0.03067484662576687,0.12790697674418605,1.2329957489372343,1.0,0.00579653974416839,1.027715188696784,0.2485826719135597,0.0980392156862745,0.026967771812274794,0.21180295073768443,55
Engaged Family Provisioner,black tea,honey,0.11433351924149471,0.1517010596765198,0.021193530395984383,0.18536585365853656,1.221915351506456,1.0,0.0038490143705038685,1.041325046504871,0.20505766936232253,0.08656036446469247,0.03968505957248917,0.16253586800573885,38
Engaged Family Provisioner,honey,black tea,0.1517010596765198,0.11433351924149471,0.021193530395984383,0.13970588235294115,1.221915351506456,1.0,0.0038490143705038685,1.029492661394502,0.2140904529568496,0.08656036446469247,0.028647762631500928,0.16253586800573885,38
Engaged Family Provisioner,chocolate bread,bacon,0.11489124372559956,0.14445064138315672,0.020078081427774678,0.17475728155339804,1.209806200097462,1.0,0.003481967582303243,1.0367245169121746,0.19593222712315336,0.0839160839160839,0.03542360223288311,0.15687671027476852,36
Engaged Family Provisioner,bacon,chocolate bread,0.14445064138315672,0.11489124372559956,0.020078081427774678,0.138996138996139,1.209806200097462,1.0,0.003481967582303243,1.0279962684980704,0.20270172388816457,0.0839160839160839,0.0272338230750329,0.15687671027476852,36
Engaged Generalist,"butter, cereals",eggs,0.05599801922997565,0.1634135270086246,0.02364544216564189,0.42225497420781133,2.5839658560550234,1.0,0.014494608337774785,1.4480202089914496,0.6493609068330145,0.12078414839797638,0.3094019035159025,0.2834759719523905,573
Engaged Generalist,eggs,"butter, cereals",0.1634135270086246,0.05599801922997565,0.02364544216564189,0.14469696969696969,2.583965856055023,1.0,0.014494608337774785,1.1037047073661932,0.7327371432305055,0.12078414839797638,0.09396055545841345,0.2834759719523905,573
Engaged Generalist,"butter, eggs",cereals,0.054636239838237115,0.1699748277142739,0.02364544216564189,0.43277945619335345,2.5461385195274424,1.0,0.01435865671218179,1.4633200107940099,0.6423436318381468,0.11765913757700205,0.3166224799608996,0.2859454455038144,573
Engaged Generalist,cereals,"butter, eggs",0.1699748277142739,0.054636239838237115,0.02364544216564189,0.13911143481427532,2.5461385195274424,1.0,0.01435865671218179,1.0981255860423862,0.7316023795257087,0.11765913757700205,0.08935734426881721,0.2859454455038144,573
Engaged Generalist,"eggs, fresh bread",cereals,0.053109396277803,0.1699748277142739,0.022572525069120622,0.425019425019425,2.5004845172361563,1.0,0.013545264586791957,1.4435708063942292,0.6337347792631647,0.11257460382794815,0.3072733283531732,0.2789093240659155,547
Engaged Generalist,cereals,"eggs, fresh bread",0.1699748277142739,0.053109396277803,0.022572525069120622,0.13279922311240594,2.5004845172361563,1.0,0.013545264586791957,1.091893168177976,0.7229630230174295,0.11257460382794815,0.08415948634546033,0.2789093240659155,547
Engaged Generalist,"cereals, eggs",butter,0.05665827590475798,0.1677464614368836,0.02364544216564189,0.4173343044428259,2.4878873799662973,1.0,0.014141216871504096,1.4283551355589486,0.6339723241401107,0.11778006166495375,0.29989400037499997,0.27914685701846087,573
Engaged Generalist,butter,"cereals, eggs",0.1677464614368836,0.05665827590475798,0.02364544216564189,0.14095940959409592,2.4878873799662973,1.0,0.014141216871504096,1.098134051674444,0.7185941754186299,0.11778006166495375,0.08936436450978681,0.27914685701846087,573
Engaged Generalist,"cereals, fresh bread",eggs,0.05636941360954071,0.1634135270086246,0.022572525069120622,0.40043923865300146,2.4504656743126727,1.0,0.01336100037577761,1.3953322614239547,0.6272733297842089,0.11445909186022182,0.2833248197246675,0.2692852758921573,547
Engaged Generalist,eggs,"cereals, fresh bread",0.1634135270086246,0.05636941360954071,0.022572525069120622,0.13813131313131313,2.4504656743126727,1.0,0.01336100037577761,1.0948658429845353,0.7075351073928625,0.11445909186022182,0.086646088735344,0.2692852758921573,547
Engaged Generalist,"butter, fresh bread",cereals,0.0530268641934552,0.1699748277142739,0.021705938183468824,0.40933852140077825,2.4082302474156494,1.0,0.012692706077958076,1.4052468331846617,0.6175014796223037,0.10783107831078312,0.28838124635105195,0.26851970983852946,526
Engaged Generalist,cereals,"butter, fresh bread",0.1699748277142739,0.0530268641934552,0.021705938183468824,0.12770089827628067,2.4082302474156494,1.0,0.012692706077958076,1.085605996767926,0.7045055162758587,0.10783107831078312,0.07885549363470061,0.26851970983852946,526
Engaged Generalist,"butter, fresh bread",eggs,0.0530268641934552,0.1634135270086246,0.0202203606652086,0.3813229571984436,2.3334846519671424,1.0,0.011555053761148739,1.3522183871621603,0.6034557277678372,0.10304942166140904,0.26047448437773807,0.2525301654679087,490
Engaged Generalist,eggs,"butter, fresh bread",0.1634135270086246,0.0530268641934552,0.0202203606652086,0.12373737373737373,2.3334846519671424,1.0,0.011555053761148739,1.0806955670875842,0.6830810457661088,0.10304942166140904,0.07467002692076773,0.2525301654679087,490
Engaged Generalist,"cereals, fresh bread",butter,0.05636941360954071,0.1677464614368836,0.021705938183468824,0.38506588579795026,2.295523151424779,1.0,0.012250168517196262,1.3534027781871634,0.598083046268046,0.1072375127420999,0.26112165859488934,0.257231589885445,526
Engaged Generalist,butter,"cereals, fresh bread",0.1677464614368836,0.05636941360954071,0.021705938183468824,0.12939729397293973,2.295523151424779,1.0,0.012250168517196262,1.083881981824588,0.6781220259327353,0.1072375127420999,0.07739032775817765,0.257231589885445,526
Engaged Generalist,"eggs, fresh bread",butter,0.053109396277803,0.1677464614368836,0.0202203606652086,0.3807303807303807,2.269677568570557,1.0,0.01131144737055795,1.3439276086960237,0.5907850196646252,0.10078157136980666,0.25591230247120755,0.2506357930712174,490
Engaged Generalist,butter,"eggs, fresh bread",0.1677464614368836,0.053109396277803,0.0202203606652086,0.12054120541205411,2.269677568570557,1.0,0.01131144737055795,1.076674210945659,0.6721614964907026,0.10078157136980666,0.07121393840975801,0.2506357930712174,490
Engaged Generalist,fresh bread,"cereals, eggs",0.17732018322122725,0.05665827590475798,0.022572525069120622,0.12729811496392834,2.246770007225692,1.0,0.012525869204690092,1.0809438369166011,0.6745231908469075,0.10677337497560024,0.0748825555520943,0.262847892150573,547
Engaged Generalist,"cereals, eggs",fresh bread,0.05665827590475798,0.17732018322122725,0.022572525069120622,0.39839766933721776,2.2467700072256918,1.0,0.012525869204690092,1.367481099802972,0.5882455963571281,0.10677337497560024,0.2687284671473113,0.262847892150573,547
Engaged Generalist,"butter, cereals",fresh bread,0.05599801922997565,0.17732018322122725,0.021705938183468824,0.38761974944731026,2.1859877561919174,1.0,0.011776359153583734,1.343413371081582,0.5747243196416189,0.10257410296411858,0.2556274773453385,0.2550153669275183,526
Engaged Generalist,fresh bread,"butter, cereals",0.17732018322122725,0.05599801922997565,0.021705938183468824,0.12241098440772633,2.1859877561919174,1.0,0.011776359153583734,1.075676613993316,0.6594800128471946,0.10257410296411858,0.07035256973039132,0.2550153669275183,526
Engaged Generalist,"butter, eggs",fresh bread,0.054636239838237115,0.17732018322122725,0.0202203606652086,0.3700906344410876,2.0871320326764895,1.0,0.01053225260657348,1.3060288698022724,0.5509769353636081,0.09549795361527967,0.23432014167390025,0.2420618403762338,490
Engaged Generalist,fresh bread,"butter, eggs",0.17732018322122725,0.054636239838237115,0.0202203606652086,0.11403304631138003,2.0871320326764895,1.0,0.01053225260657348,1.067041785504359,0.6331425868902939,0.09549795361527967,0.06282957838682056,0.2420618403762338,490
Engaged Generalist,eggs,cereals,0.1634135270086246,0.1699748277142739,0.05665827590475798,0.34671717171717176,2.039814814814815,1.0,0.028882089805285165,1.2705449100314943,0.6093326098752035,0.20474202206978825,0.21293612519748548,0.34002525252525256,1373
Engaged Generalist,cereals,eggs,0.1699748277142739,0.1634135270086246,0.05665827590475798,0.33333333333333337,2.039814814814815,1.0,0.028882089805285165,1.2548797094870632,0.6141493487123397,0.20474202206978825,0.2031108699584012,0.34002525252525256,1373
Engaged Generalist,eggs,butter,0.1634135270086246,0.1677464614368836,0.054636239838237115,0.33434343434343433,1.9931474648079812,1.0,0.02722419893161973,1.2502746633952737,0.5956120406600953,0.1975824503805402,0.2001757459561902,0.3300253457080025,1324
Engaged Generalist,butter,eggs,0.1677464614368836,0.1634135270086246,0.054636239838237115,0.3257072570725707,1.9931474648079812,1.0,0.02722419893161973,1.2406873450236926,0.5987129561831671,0.1975824503805402,0.1939951640427961,0.3300253457080025,1324
Engaged Generalist,butter,cereals,0.1677464614368836,0.1699748277142739,0.05599801922997565,0.3338253382533825,1.9639692696999802,1.0,0.02748534334756227,1.2459572840995112,0.5897566557351556,0.1987695913285484,0.19740426677409856,0.3316371168081673,1357
Engaged Generalist,cereals,butter,0.1699748277142739,0.1677464614368836,0.05599801922997565,0.3294488953629522,1.9639692696999802,1.0,0.02748534334756227,1.2411485609491226,0.5913399737927123,0.1987695913285484,0.19429467876489587,0.3316371168081673,1357
Engaged Generalist,milk,eggs,0.09994635414517393,0.1634135270086246,0.031403458094334175,0.31420313790255994,1.922748646664832,1.0,0.015070871851818234,1.219875037679176,0.5332029053080608,0.13538516278242307,0.18024390276686897,0.2531874275371386,761
Engaged Generalist,eggs,milk,0.1634135270086246,0.09994635414517393,0.031403458094334175,0.1921717171717172,1.922748646664832,1.0,0.015070871851818234,1.1141645631713384,0.5736540505931097,0.13538516278242307,0.10246651791399856,0.2531874275371386,761
Engaged Generalist,cereals,fresh bread,0.1699748277142739,0.17732018322122725,0.05636941360954071,0.3316338917212916,1.870254619055634,1.0,0.026229446016249124,1.2308820070148074,0.5606016059849779,0.19375886524822697,0.18757444312209365,0.324765049188549,1366
Engaged Generalist,fresh bread,cereals,0.17732018322122725,0.1699748277142739,0.05636941360954071,0.31789620665580637,1.870254619055634,1.0,0.026229446016249124,1.2168605135829975,0.5656069774669866,0.19375886524822697,0.17821312398777744,0.324765049188549,1366
Engaged Generalist,milk,butter,0.09994635414517393,0.1677464614368836,0.031032063714769118,0.3104872006606111,1.8509314473821865,1.0,0.014266416473398588,1.2070168086226756,0.5107823058246035,0.13112467306015693,0.17151112324516998,0.24774052529955523,752
Engaged Generalist,butter,milk,0.1677464614368836,0.09994635414517393,0.031032063714769118,0.18499384993849938,1.8509314473821865,1.0,0.014266416473398588,1.104351968125526,0.5523935378986724,0.13112467306015693,0.09449158523495739,0.24774052529955523,752
Engaged Generalist,eggs,fresh bread,0.1634135270086246,0.17732018322122725,0.053109396277803,0.325,1.832842680940191,1.0,0.024132879727806717,1.21878491374633,0.543158957157872,0.18464849354375895,0.1795106841894061,0.3122556434721899,1287
Engaged Generalist,fresh bread,eggs,0.17732018322122725,0.1634135270086246,0.053109396277803,0.29951128694437984,1.832842680940191,1.0,0.024132879727806717,1.194289725728884,0.5523405667366342,0.18464849354375895,0.16268223827372152,0.3122556434721899,1287
Engaged Generalist,milk,cereals,0.09994635414517393,0.1699748277142739,0.031073329756943012,0.3109000825763832,1.8290948533803093,1.0,0.014084965430447266,1.2045062715853978,0.5036160890343537,0.13009675190048375,0.1697843144612456,0.24685572227872327,753
Engaged Generalist,cereals,milk,0.1699748277142739,0.09994635414517393,0.031073329756943012,0.18281136198106337,1.8290948533803093,1.0,0.014084965430447266,1.1014025452394618,0.546105723273754,0.13009675190048375,0.09206674315194667,0.24685572227872327,753
Engaged Generalist,oatmeal,eggs,0.11859860520777452,0.1634135270086246,0.03462220938389799,0.2919276270006959,1.7864348952292586,1.0,0.015241593008592125,1.1814985372860998,0.4994613062654823,0.13994995829858217,0.1536172340111411,0.2518981569346914,839
Engaged Generalist,eggs,oatmeal,0.1634135270086246,0.11859860520777452,0.03462220938389799,0.21186868686868687,1.7864348952292586,1.0,0.015241593008592125,1.1183433269391903,0.5262168421311318,0.13994995829858217,0.10582021110018677,0.2518981569346914,839
Engaged Generalist,butter,fresh bread,0.1677464614368836,0.17732018322122725,0.0530268641934552,0.3161131611316113,1.7827252114736647,1.0,0.023282030916754473,1.2029472860452197,0.5275568493140113,0.18157411332485512,0.16870837849630502,0.30757950353531927,1285
Engaged Generalist,fresh bread,butter,0.17732018322122725,0.1677464614368836,0.0530268641934552,0.2990458459390272,1.7827252114736645,1.0,0.023282030916754473,1.187315224171883,0.5336961545427858,0.18157411332485512,0.15776368428403642,0.30757950353531927,1285
Engaged Generalist,milk,fresh bread,0.09994635414517393,0.17732018322122725,0.03156852226302975,0.31585466556564823,1.7812674216086464,1.0,0.013846016433713845,1.2024927677961301,0.48730648893060197,0.1284850520658381,0.16839416686659076,0.24694292505650342,765
Engaged Generalist,fresh bread,milk,0.17732018322122725,0.09994635414517393,0.03156852226302975,0.1780311845473586,1.7812674216086464,1.0,0.013846016433713845,1.094997314903224,0.5331381335305658,0.1284850520658381,0.08675575146192936,0.24694292505650342,765
Engaged Generalist,cereals,oatmeal,0.1699748277142739,0.11859860520777452,0.03507613584781084,0.20636076717649918,1.7399932049367102,1.0,0.014917358360466173,1.1105819348880932,0.5123761617603191,0.13836887514243856,0.0995711630220565,0.2510579062048119,850
Engaged Generalist,oatmeal,cereals,0.11859860520777452,0.1699748277142739,0.03507613584781084,0.29575504523312457,1.73999320493671,1.0,0.014917358360466173,1.1786029373266684,0.48251014175041246,0.13836887514243856,0.15153783489779793,0.2510579062048119,850
Engaged Generalist,butter,bacon,0.1677464614368836,0.11599884455081913,0.03383815458259398,0.2017220172201722,1.7390002288496738,1.0,0.014379758878426945,1.1073851146073714,0.5106099616876771,0.1354029062087186,0.09697178803549775,0.24671657602381786,820
Engaged Generalist,bacon,butter,0.11599884455081913,0.1677464614368836,0.03383815458259398,0.2917111348274635,1.7390002288496735,1.0,0.014379758878426945,1.175019938172235,0.4807199004442662,0.1354029062087186,0.14895061137811996,0.24671657602381786,820
Engaged Generalist,bacon,eggs,0.11599884455081913,0.1634135270086246,0.032889035612594396,0.2835289932408396,1.7350399225265822,1.0,0.013933255295619867,1.1676487465634342,0.47923510428601696,0.13341144961499832,0.14357806408549623,0.24239580975173292,797
Engaged Generalist,eggs,bacon,0.1634135270086246,0.11599884455081913,0.032889035612594396,0.20126262626262625,1.735039922526582,1.0,0.013933255295619867,1.1067482060002392,0.5063964092149684,0.13341144961499832,0.09645211568584736,0.24239580975173292,797
Engaged Generalist,eggs,tea,0.1634135270086246,0.11958899021994801,0.03379688854042009,0.20681818181818182,1.7294082125603865,1.0,0.01425442985717847,1.1099737659118132,0.5041529279185274,0.13561847988077497,0.09907780642137333,0.24471343873517787,819
Engaged Generalist,tea,eggs,0.11958899021994801,0.1634135270086246,0.03379688854042009,0.2826086956521739,1.7294082125603862,1.0,0.01425442985717847,1.166150841139493,0.47905752555389297,0.13561847988077497,0.14247800136827948,0.24471343873517787,819
Engaged Generalist,bacon,cereals,0.11599884455081913,0.1699748277142739,0.03400321875128957,0.2931341159729634,1.7245736907921396,1.0,0.014286335133709246,1.1742328934550461,0.4752782843696664,0.13494923026531283,0.14838018456661142,0.2465913357237966,824
Engaged Generalist,cereals,bacon,0.1699748277142739,0.11599884455081913,0.03400321875128957,0.2000485554746298,1.7245736907921394,1.0,0.014286335133709246,1.1050685157193252,0.5061853140979911,0.13494923026531283,0.09507873423661208,0.2465913357237966,824
Engaged Generalist,bacon,fresh bread,0.11599884455081913,0.17732018322122725,0.03491107167911526,0.3009605122732124,1.697271606682978,1.0,0.01434213530991335,1.1768717378957407,0.46472688976865434,0.13510060683487707,0.15028973183771852,0.2489210287686751,846
Engaged Generalist,fresh bread,bacon,0.17732018322122725,0.11599884455081913,0.03491107167911526,0.19688154526413779,1.697271606682978,1.0,0.01434213530991335,1.1007107983092235,0.4993669458579511,0.13510060683487707,0.0914961481834493,0.2489210287686751,846
Engaged Generalist,sandwich,cereals,0.08967110964387405,0.1699748277142739,0.025832542400858333,0.2880809940174874,1.6948450420067425,1.0,0.010590710988193076,1.1658983189249403,0.4503598231949462,0.1104835863042711,0.14229227045966847,0.22002981480432515,626
Engaged Generalist,cereals,sandwich,0.1699748277142739,0.08967110964387405,0.025832542400858333,0.1519786355911629,1.6948450420067422,1.0,0.010590710988193076,1.073474004974773,0.49393147557325806,0.1104835863042711,0.06844507145424526,0.22002981480432515,626
Engaged Generalist,cereals,tea,0.1699748277142739,0.11958899021994801,0.03433334708868072,0.20199077445982036,1.6890415588284426,1.0,0.014006229079521072,1.1032591874913398,0.491489017408464,0.1345189975747777,0.09359467717294712,0.24454266121196677,832
Engaged Generalist,tea,cereals,0.11958899021994801,0.1699748277142739,0.03433334708868072,0.28709454796411316,1.6890415588284424,1.0,0.014006229079521072,1.164285067417248,0.46336114816751095,0.1345189975747777,0.1411038172822091,0.24454266121196677,832
Engaged Generalist,cooking oil,butter,0.08707134898691866,0.1677464614368836,0.024553295093467587,0.28199052132701424,1.6810519811359252,1.0,0.009947384408376002,1.159112189021898,0.44377443605024164,0.10663082437275988,0.1372707409419643,0.21418099252082567,595
Engaged Generalist,butter,cooking oil,0.1677464614368836,0.08707134898691866,0.024553295093467587,0.14637146371463713,1.681051981135925,1.0,0.009947384408376002,1.069468290019647,0.4867920393067977,0.10663082437275988,0.06495591376381149,0.21418099252082567,595
Engaged Generalist,honey,eggs,0.12396319069038089,0.1634135270086246,0.03392068666694177,0.2736351531291611,1.6744951176209497,1.0,0.01366342445698393,1.1517441635499963,0.4598038147101488,0.1338326278085314,0.13175162362644702,0.2406054553524593,822
Engaged Generalist,eggs,honey,0.1634135270086246,0.12396319069038089,0.03392068666694177,0.20757575757575755,1.6744951176209495,1.0,0.01366342445698393,1.1055149027616609,0.4814864688246312,0.1338326278085314,0.0954441251746824,0.2406054553524593,822
Engaged Generalist,tea,butter,0.11958899021994801,0.1677464614368836,0.03354929228737672,0.2805383022774327,1.6723947550034506,1.0,0.013488662351170362,1.1567725442474395,0.4566674478556363,0.13219512195121952,0.13552581709088787,0.24026915113871636,813
Engaged Generalist,butter,tea,0.1677464614368836,0.11958899021994801,0.03354929228737672,0.2,1.6723947550034506,1.0,0.013488662351170362,1.100513762225065,0.4830920269734232,0.13219512195121952,0.09133348957112727,0.24026915113871636,813
Engaged Generalist,cooking oil,eggs,0.08707134898691866,0.1634135270086246,0.02364544216564189,0.271563981042654,1.6618206951026855,1.0,0.00941680592629068,1.1484693936316215,0.43623383117662246,0.10423867564125887,0.1292758818431724,0.20813047536981183,573
Engaged Generalist,eggs,cooking oil,0.1634135270086246,0.08707134898691866,0.02364544216564189,0.14469696969696969,1.6618206951026855,1.0,0.00941680592629068,1.0673745078275174,0.4760420779914377,0.10423867564125887,0.06312171345055673,0.20813047536981183,573
Engaged Generalist,tea,fresh bread,0.11958899021994801,0.17732018322122725,0.03507613584781084,0.29330572808833677,1.654102329244744,1.0,0.013870594190768103,1.1641240766723064,0.4491566743406995,0.13396375098502755,0.14098503755842018,0.24555907768158985,850
Engaged Generalist,fresh bread,tea,0.17732018322122725,0.11958899021994801,0.03507613584781084,0.1978124272748429,1.6541023292447439,1.0,0.013870594190768103,1.0975126512981965,0.48067604569917854,0.13396375098502755,0.08884877197802991,0.24555907768158985,850
Engaged Generalist,oatmeal,butter,0.11859860520777452,0.1677464614368836,0.03280650352824661,0.2766179540709812,1.6490240789673032,1.0,0.012912007173292477,1.1505034486918695,0.44653970267493626,0.12939453125,0.13081529556733873,0.23609495489526922,795
Engaged Generalist,butter,oatmeal,0.1677464614368836,0.11859860520777452,0.03280650352824661,0.19557195571955718,1.6490240789673032,1.0,0.012912007173292477,1.095687054994005,0.4729096345415491,0.12939453125,0.08733064295856685,0.23609495489526922,795
Engaged Generalist,chocolate bread,eggs,0.09330252135517683,0.1634135270086246,0.02492468947303264,0.26713843432109685,1.6347388078038232,1.0,0.009677795379585678,1.1415341070811706,0.4282370819935788,0.10753071034359976,0.12398587672782221,0.20983184342317468,604
Engaged Generalist,eggs,chocolate bread,0.1634135270086246,0.09330252135517683,0.02492468947303264,0.1525252525252525,1.634738807803823,1.0,0.009677795379585678,1.0698814110350119,0.464125939207957,0.10753071034359976,0.06531696907174786,0.20983184342317468,604
Engaged Generalist,fresh bread,oatmeal,0.17732018322122725,0.11859860520777452,0.03420954896215904,0.19292529671864092,1.6267079733412755,1.0,0.013179622556934466,1.0920939427399632,0.46830067313110035,0.130715862503942,0.08432785782961869,0.24068672629947357,829
Engaged Generalist,oatmeal,fresh bread,0.11859860520777452,0.17732018322122725,0.03420954896215904,0.2884481558803062,1.6267079733412753,1.0,0.013179622556934466,1.156176916098872,0.4371010917899535,0.130715862503942,0.13508046556217196,0.24068672629947357,829
Engaged Generalist,sandwich,eggs,0.08967110964387405,0.1634135270086246,0.023810506334337473,0.2655315232397607,1.6249054047144245,1.0,0.009157034036654924,1.1390365951192098,0.4224622150712332,0.10385169186465083,0.12206508176733197,0.2056192969734157,577
Engaged Generalist,eggs,sandwich,0.1634135270086246,0.08967110964387405,0.023810506334337473,0.1457070707070707,1.6249054047144245,1.0,0.009157034036654924,1.065593380375483,0.45970090585860035,0.10385169186465083,0.06155573184244988,0.2056192969734157,577
Engaged Generalist,honey,cereals,0.12396319069038089,0.1699748277142739,0.033961952709115666,0.27396804260985347,1.6118153863958677,1.0,0.01289133072860649,1.1432350378479235,0.4332940674071616,0.1306349206349206,0.12528923021599778,0.2368869103556672,823
Engaged Generalist,cereals,honey,0.1699748277142739,0.12396319069038089,0.033961952709115666,0.19980577810148092,1.6118153863958677,1.0,0.01289133072860649,1.0947802237701216,0.45731330202777337,0.1306349206349206,0.08657465828504343,0.2368869103556672,823
Engaged Generalist,sandwich,fresh bread,0.08967110964387405,0.17732018322122725,0.025543680105641068,0.2848596410492407,1.6064704867456947,1.0,0.009643182513938562,1.1503753165124024,0.4147043530860906,0.10579388138779695,0.1307184832236281,0.21445681610293083,619
Engaged Generalist,fresh bread,sandwich,0.17732018322122725,0.08967110964387405,0.025543680105641068,0.1440539911566209,1.6064704867456947,1.0,0.009643182513938562,1.0635354110549955,0.4588873409449819,0.10579388138779695,0.059739817212075906,0.21445681610293083,619
Engaged Generalist,cereals,cooking oil,0.1699748277142739,0.08707134898691866,0.02376924029216358,0.1398397669337218,1.6060365270639243,1.0,0.00896930274926266,1.0613471954622868,0.45462374879851514,0.10189280028303556,0.05780125082967411,0.20641277446212156,576
Engaged Generalist,cooking oil,cereals,0.08707134898691866,0.1699748277142739,0.02376924029216358,0.2729857819905213,1.606036527063924,1.0,0.00896930274926266,1.1416904260253469,0.41333915306845076,0.10189280028303556,0.12410581957722497,0.20641277446212156,576
Engaged Generalist,oil,eggs,0.07881814055213965,0.1634135270086246,0.02038542483390418,0.25863874345549737,1.5827254217568352,1.0,0.0075054744940175385,1.128446443088649,0.399680545890379,0.09188988095238096,0.11382590983855707,0.19169310910148607,494
Engaged Generalist,eggs,oil,0.1634135270086246,0.07881814055213965,0.02038542483390418,0.12474747474747475,1.5827254217568352,1.0,0.0075054744940175385,1.0524755232006713,0.4400961291328827,0.09188988095238096,0.04985913880551698,0.19169310910148607,494
Engaged Generalist,honey,butter,0.12396319069038089,0.1677464614368836,0.03264143935955102,0.2633155792276964,1.5697235993664862,1.0,0.011847052772813997,1.1297287075660198,0.41430356192263523,0.12599553998088558,0.1148317349972613,0.22895176255357758,791
Engaged Generalist,butter,honey,0.1677464614368836,0.12396319069038089,0.03264143935955102,0.19458794587945877,1.569723599366486,1.0,0.011847052772813997,1.0876877305569952,0.4360992818353641,0.12599553998088558,0.08061847908506874,0.22895176255357758,791
Engaged Generalist,cereals,salt,0.1699748277142739,0.09227087030082945,0.024553295093467587,0.14445253702354943,1.565526981078566,1.0,0.008869569811037988,1.0609921354230656,0.4352126492438479,0.10329861111111113,0.05748594488756073,0.205276357957213,595
Engaged Generalist,salt,cereals,0.09227087030082945,0.1699748277142739,0.024553295093467587,0.26610017889087656,1.5655269810785657,1.0,0.008869569811037988,1.1309788453570284,0.3979573226753993,0.10329861111111113,0.11581016381936024,0.205276357957213,595
Engaged Generalist,fresh bread,salt,0.17732018322122725,0.09227087030082945,0.025502414063467174,0.14382127065394462,1.5586855329861538,1.0,0.009140926435741999,1.0602098587434998,0.43569048787836284,0.10448013524936602,0.05679051014943129,0.21010383747366282,618
Engaged Generalist,salt,fresh bread,0.09227087030082945,0.17732018322122725,0.025502414063467174,0.276386404293381,1.5586855329861535,1.0,0.009140926435741999,1.1369048642257946,0.3948686441943466,0.10448013524936602,0.1204189273295296,0.21010383747366282,618
Engaged Generalist,honey,fresh bread,0.12396319069038089,0.17732018322122725,0.033961952709115666,0.27396804260985347,1.5450471437199393,1.0,0.011980777023209394,1.1331179136191807,0.4026891960474755,0.1270453843778944,0.1174793126286406,0.23274850815621834,823
Engaged Generalist,fresh bread,honey,0.17732018322122725,0.12396319069038089,0.033961952709115666,0.19152897370258318,1.5450471437199393,1.0,0.011980777023209394,1.0835722998282766,0.4288066283553299,0.1270453843778944,0.07712664844009129,0.23274850815621834,823
Engaged Generalist,cooking oil,fresh bread,0.08707134898691866,0.17732018322122725,0.023810506334337473,0.2734597156398104,1.542180425668961,1.0,0.008370998778657636,1.1323251228983762,0.3850984855351415,0.09897084048027444,0.11686142100218327,0.20386972284201366,577
Engaged Generalist,fresh bread,cooking oil,0.17732018322122725,0.08707134898691866,0.023810506334337473,0.1342797300442169,1.542180425668961,1.0,0.008370998778657636,1.0545307562911856,0.42734419118649347,0.09897084048027444,0.05171092067809556,0.20386972284201366,577
Engaged Generalist,whole weat flour,butter,0.07939586514257417,0.1677464614368836,0.02038542483390418,0.2567567567567568,1.530623981915495,1.0,0.007067049403517352,1.119759306430375,0.376569758251921,0.08989990900818925,0.10695093645807652,0.18914098600445467,494
Engaged Generalist,butter,whole weat flour,0.1677464614368836,0.07939586514257417,0.02038542483390418,0.12152521525215251,1.5306239819154948,1.0,0.007067049403517352,1.0479573811804639,0.41654575252092946,0.08989990900818925,0.04576272092901573,0.18914098600445467,494
Engaged Generalist,salt,butter,0.09227087030082945,0.1677464614368836,0.02368670820781579,0.2567084078711986,1.5303357559514772,1.0,0.008208596221150014,1.1196864694507391,0.3817753735503051,0.10022699493626681,0.10689284251997,0.19895690996265958,574
Engaged Generalist,butter,salt,0.1677464614368836,0.09227087030082945,0.02368670820781579,0.14120541205412054,1.5303357559514772,1.0,0.008208596221150014,1.0569804961979743,0.41639790222064954,0.10022699493626681,0.053908748934286634,0.19895690996265958,574
Engaged Generalist,bacon,oatmeal,0.11599884455081913,0.11859860520777452,0.021045681508686503,0.18143009605122734,1.529782713155669,1.0,0.007288380339245899,1.0767576361412194,0.3917555893611297,0.09855072463768116,0.07128589904065698,0.17944156159555105,510
Engaged Generalist,oatmeal,bacon,0.11859860520777452,0.11599884455081913,0.021045681508686503,0.17745302713987476,1.529782713155669,1.0,0.007288380339245899,1.0747120646196895,0.3929111023593857,0.09855072463768116,0.06951821523109818,0.17944156159555105,510
Engaged Generalist,cereals,black tea,0.1699748277142739,0.09685140098213181,0.02517228572607601,0.14809419762078174,1.5290867877905427,1.0,0.008709985530252096,1.0601507778155026,0.4168727596959624,0.10416666666666667,0.05673794621878844,0.20400023046782587,610
Engaged Generalist,black tea,cereals,0.09685140098213181,0.1699748277142739,0.02517228572607601,0.25990626331487,1.5290867877905425,1.0,0.008709985530252096,1.121513574757973,0.3831206565167042,0.10416666666666667,0.10834784125033532,0.20400023046782587,610
Engaged Generalist,sandwich,butter,0.08967110964387405,0.1677464614368836,0.022943919448685676,0.2558674643350207,1.5253225739804568,1.0,0.007901908112806996,1.1184211127381893,0.3783258705818663,0.09785286870820134,0.10588240099318509,0.19632241605434922,556
Engaged Generalist,butter,sandwich,0.1677464614368836,0.08967110964387405,0.022943919448685676,0.13677736777367772,1.5253225739804566,1.0,0.007901908112806996,1.0545702306348395,0.4138173693492646,0.09785286870820134,0.05174641673887272,0.19632241605434922,556
Engaged Generalist,oil,cereals,0.07881814055213965,0.1699748277142739,0.020426690876078075,0.25916230366492143,1.5247099064608016,1.0,0.007029591014968712,1.1203873350287894,0.37358262099560313,0.08944705457173835,0.10745153150601776,0.1896685516867943,495
Engaged Generalist,cereals,oil,0.1699748277142739,0.07881814055213965,0.020426690876078075,0.12017479970866717,1.5247099064608016,1.0,0.007029591014968712,1.0470055405810532,0.414610959952513,0.08944705457173835,0.04489521665278553,0.1896685516867943,495
Engaged Generalist,black tea,butter,0.09685140098213181,0.1677464614368836,0.024635827177815376,0.2543672773753728,1.5163793930227327,1.0,0.008389347377858052,1.116170888575791,0.37705249265609775,0.10266552020636285,0.1040798409677414,0.20061537300502957,597
Engaged Generalist,butter,black tea,0.1677464614368836,0.09685140098213181,0.024635827177815376,0.14686346863468633,1.5163793930227327,1.0,0.008389347377858052,1.0586214114785566,0.40917150209596165,0.10266552020636285,0.0553752369288291,0.20061537300502957,597
Engaged Generalist,eggs,salt,0.1634135270086246,0.09227087030082945,0.022861387364337887,0.1398989898989899,1.5161772013516202,1.0,0.007783079008323996,1.0553750304194702,0.4069471568683143,0.09819213045019497,0.0524695286731019,0.19383142697096184,554
Engaged Generalist,salt,eggs,0.09227087030082945,0.1634135270086246,0.022861387364337887,0.2477638640429338,1.51617720135162,1.0,0.007783079008323996,1.1121327904926965,0.3750529486380568,0.09819213045019497,0.10082680004697946,0.19383142697096184,554
Engaged Generalist,oatmeal,tea,0.11859860520777452,0.11958899021994801,0.021458341930425454,0.18093249826026447,1.5129528055006862,1.0,0.007275254492133433,1.0748943254493923,0.384661122855795,0.09900990099009901,0.06967598923557483,0.1801832953689176,520
Engaged Generalist,tea,oatmeal,0.11958899021994801,0.11859860520777452,0.021458341930425454,0.17943409247757075,1.5129528055006862,1.0,0.007275254492133433,1.074138453367481,0.3850938328135423,0.09900990099009901,0.06902131949103292,0.1801832953689176,520
Engaged Generalist,black tea,eggs,0.09685140098213181,0.1634135270086246,0.023851772376511367,0.24627183638687683,1.5070468210008046,1.0,0.008024943346294638,1.1099312900569576,0.37253073254394337,0.10089020771513353,0.09904332911572959,0.1961157161732364,578
Engaged Generalist,eggs,black tea,0.1634135270086246,0.09685140098213181,0.023851772376511367,0.14595959595959596,1.5070468210008046,1.0,0.008024943346294638,1.057501020730561,0.40217074988688123,0.10089020771513353,0.05437443520464629,0.1961157161732364,578
Engaged Generalist,bacon,tea,0.11599884455081913,0.11958899021994801,0.02088061733999092,0.1800071149057275,1.5052147741582105,1.0,0.007008432653477743,1.0736812791721153,0.3796861340508058,0.09725158562367864,0.06862490815610472,0.17730514475445103,506
Engaged Generalist,tea,bacon,0.11958899021994801,0.11599884455081913,0.02088061733999092,0.1746031746031746,1.5052147741582105,1.0,0.007008432653477743,1.071001399871123,0.38123442060634466,0.09725158562367864,0.06629440435807721,0.17730514475445103,506
Engaged Generalist,oil,fresh bread,0.07881814055213965,0.17732018322122725,0.02088061733999092,0.2649214659685864,1.494028830536829,1.0,0.006904570216129077,1.1191726852189856,0.35896155598392904,0.08875635853359061,0.10648283932668309,0.1913390201613935,506
Engaged Generalist,fresh bread,oil,0.17732018322122725,0.07881814055213965,0.02088061733999092,0.1177565743542006,1.4940288305368288,1.0,0.006904570216129077,1.0441357029932619,0.40194115239913963,0.08875635853359061,0.04227008315752108,0.1913390201613935,506
Engaged Generalist,cereals,whole weat flour,0.1699748277142739,0.07939586514257417,0.02005529649651302,0.11798980335032776,1.4860950647549338,1.0,0.006559997997678249,1.0437567936905414,0.3940790580113109,0.08745726111211086,0.04192240371995574,0.18529427797454018,486
Engaged Generalist,whole weat flour,cereals,0.07939586514257417,0.1699748277142739,0.02005529649651302,0.2525987525987526,1.4860950647549336,1.0,0.006559997997678249,1.110548283364212,0.3553053105401187,0.08745726111211086,0.09954387847894856,0.18529427797454018,486
Engaged Generalist,tea,honey,0.11958899021994801,0.12396319069038089,0.02199480047868609,0.18391994478951,1.4836657863129812,1.0,0.007170167679580579,1.0734692065028653,0.37027451390772853,0.09927360774818401,0.06844090734769397,0.1806750189992823,533
Engaged Generalist,honey,tea,0.12396319069038089,0.11958899021994801,0.02199480047868609,0.1774300932090546,1.4836657863129812,1.0,0.007170167679580579,1.0703175529661173,0.3721233573989065,0.09927360774818401,0.06569784151558565,0.1806750189992823,533
Engaged Generalist,chocolate bread,cereals,0.09330252135517683,0.1699748277142739,0.023274047786076838,0.24944714727996462,1.467553464441705,1.0,0.007414967793423294,1.105885040977034,0.35137830159080613,0.09697386519944978,0.09574687879265102,0.19318679286795026,564
Engaged Generalist,cereals,chocolate bread,0.1699748277142739,0.09330252135517683,0.023274047786076838,0.1369264384559359,1.4675534644417048,1.0,0.007414967793423294,1.0505448423454364,0.3838363350180567,0.09697386519944978,0.04811297938752479,0.19318679286795026,564
Engaged Generalist,fresh bread,chocolate bread,0.17732018322122725,0.09330252135517683,0.02418190071390253,0.13637421456830348,1.461634826021096,1.0,0.0076374805322001055,1.049873097746377,0.38390948304197997,0.09812458137977227,0.04750392962104943,0.1977757848604454,586
Engaged Generalist,chocolate bread,fresh bread,0.09330252135517683,0.17732018322122725,0.02418190071390253,0.25917735515258733,1.4616348260210958,1.0,0.0076374805322001055,1.1104949646189881,0.34833512897892377,0.09812458137977227,0.09950064443281745,0.1977757848604454,586
Engaged Generalist,chocolate bread,butter,0.09330252135517683,0.1677464614368836,0.022861387364337887,0.24502432551968154,1.4606825289836267,1.0,0.007210219563867706,1.1023580847634484,0.3478431853865864,0.09598059598059595,0.09285375249496441,0.19065484418665501,554
Engaged Generalist,butter,chocolate bread,0.1677464614368836,0.09330252135517683,0.022861387364337887,0.13628536285362852,1.4606825289836265,1.0,0.007210219563867706,1.0497650956112805,0.3789572822944306,0.09598059598059595,0.047405934736572904,0.19065484418665501,554
Engaged Generalist,oatmeal,honey,0.11859860520777452,0.12396319069038089,0.021293277761729873,0.17954070981210857,1.4483388884410209,1.0,0.0065914162487453205,1.067739520761597,0.3512064518306645,0.09623274897426334,0.06344199071443905,0.1756558409246961,516
Engaged Generalist,honey,oatmeal,0.12396319069038089,0.11859860520777452,0.021293277761729873,0.17177097203728361,1.4483388884410209,1.0,0.0065914162487453205,1.0642000763488124,0.3533571343280966,0.09623274897426334,0.06032707361671867,0.1756558409246961,516
Engaged Generalist,black tea,fresh bread,0.09685140098213181,0.17732018322122725,0.024305698840424213,0.2509586706433745,1.4152854237144274,1.0,0.007131990673040052,1.0983103128440157,0.3248953094961745,0.09727497935590419,0.0895105069071476,0.19401552335985342,589
Engaged Generalist,fresh bread,black tea,0.17732018322122725,0.09685140098213181,0.024305698840424213,0.13707237607633233,1.4152854237144274,1.0,0.007131990673040052,1.0466099056040399,0.3566742949254251,0.09727497935590419,0.04453417204869602,0.19401552335985342,589
Engaged Generalist,bacon,honey,0.11599884455081913,0.12396319069038089,0.020096562538686913,0.17324795446460334,1.3975757924569683,1.0,0.00571697565176987,1.0596125090229516,0.32180421708516266,0.09140390390390389,0.056258781880481064,0.16768256578090351,487
Engaged Generalist,honey,bacon,0.12396319069038089,0.11599884455081913,0.020096562538686913,0.16211717709720372,1.3975757924569683,1.0,0.00571697565176987,1.0550415061459433,0.3247298477741935,0.09140390390390389,0.05216999125182232,0.16768256578090351,487
Promo Hunter,energy drink,bluetooth headphones,0.09094078679760591,0.09140565982915916,0.025916671509094078,0.2849840255591054,3.117794085090048,1.0,0.017604168886476024,1.270732924367619,0.7472125017055493,0.16567607726597322,0.21305257711989287,0.28425933636505807,446
Promo Hunter,bluetooth headphones,energy drink,0.09140565982915916,0.09094078679760591,0.025916671509094078,0.2835346471710108,3.1177940850900474,1.0,0.017604168886476024,1.2688111289861277,0.7475948053646466,0.16567607726597322,0.21186063303285121,0.28425933636505807,446
Promo Hunter,salad,avocado,0.09843686443140218,0.09739090011040734,0.028182927537916208,0.2863046044864227,2.9397469800756855,1.0,0.01859607270689581,1.2646979447584534,0.7318784947058219,0.16811091854419413,0.20929736294385168,0.2878420397133784,485
Promo Hunter,avocado,salad,0.09739090011040734,0.09843686443140218,0.028182927537916208,0.28937947494033417,2.939746980075685,1.0,0.01859607270689581,1.2686984174752058,0.7310303769626489,0.16811091854419413,0.21179061451809286,0.2878420397133784,485
Promo Hunter,bluetooth headphones,airpods,0.09140565982915916,0.16415828926724388,0.042303445871346386,0.4628099173553719,2.81929057266145,1.0,0.027298449124447982,1.5559514922871307,0.7102188630632605,0.19836512261580383,0.3573064424199524,0.36025451619980986,728
Promo Hunter,airpods,bluetooth headphones,0.16415828926724388,0.09140565982915916,0.042303445871346386,0.2576991150442478,2.81929057266145,1.0,0.027298449124447982,1.2240243256951004,0.7720371345145398,0.19836512261580383,0.1830227724991341,0.36025451619980986,728
Promo Hunter,salad,carrots,0.09843686443140218,0.10785054332035562,0.029751874019408448,0.3022432113341204,2.80242641371168,1.0,0.019135404707729536,1.2785965986593213,0.713390267483081,0.1685319289005925,0.21789249162045712,0.2890526401498188,512
Promo Hunter,carrots,salad,0.10785054332035562,0.09843686443140218,0.029751874019408448,0.27586206896551724,2.80242641371168,1.0,0.019135404707729536,1.2450157586423494,0.720917735947372,0.1685319289005925,0.19679731516774646,0.2890526401498188,512
Promo Hunter,salad,spinach,0.09843686443140218,0.1104654541228427,0.029809983148352606,0.30283353010625735,2.741431993476372,1.0,0.018936110216509063,1.275928468006693,0.7045841947583895,0.1664503569110967,0.21625700415459778,0.28634574979799976,513
Promo Hunter,spinach,salad,0.1104654541228427,0.09843686443140218,0.029809983148352606,0.2698579694897422,2.741431993476372,1.0,0.018936110216509063,1.2347777526771646,0.7141118226859429,0.1664503569110967,0.19013766013206407,0.28634574979799976,513
Promo Hunter,energy drink,airpods,0.09094078679760591,0.16415828926724388,0.04067639026090999,0.4472843450479233,2.7247137323645,1.0,0.025747706275597845,1.5122454072794953,0.6963121415786974,0.1897018970189702,0.3387316667081279,0.34753597783369616,700
Promo Hunter,airpods,energy drink,0.16415828926724388,0.09094078679760591,0.04067639026090999,0.24778761061946902,2.7247137323644997,1.0,0.025747706275597845,1.2085140128455356,0.7573072262831717,0.1897018970189702,0.17253752180711085,0.34753597783369616,700
Promo Hunter,avocado,carrots,0.09739090011040734,0.10785054332035562,0.02853158231158115,0.29295942720763724,2.7163463269483996,1.0,0.018027920820215235,1.261808007928341,0.7000355199356787,0.1614600460374877,0.20748640544624694,0.27875342050037033,491
Promo Hunter,carrots,avocado,0.10785054332035562,0.09739090011040734,0.02853158231158115,0.2645474137931035,2.7163463269483996,1.0,0.018027920820215235,1.2272838750147135,0.7082428014825047,0.1614600460374877,0.1851925863622943,0.27875342050037033,491
Promo Hunter,avocado,spinach,0.09739090011040734,0.1104654541228427,0.02847347318263699,0.29236276849642007,2.6466443361677503,1.0,0.01771514317450843,1.2570488186257298,0.6892940244403947,0.15873015873015872,0.20448594741670323,0.2750609213339544,490
Promo Hunter,spinach,avocado,0.1104654541228427,0.09739090011040734,0.02847347318263699,0.2577590741714887,2.6466443361677503,1.0,0.01771514317450843,1.2160594605883173,0.6994254038171317,0.15873015873015872,0.17767178957169566,0.2750609213339544,490
Promo Hunter,salad,asparagus,0.09843686443140218,0.1847289209134755,0.04695217618687896,0.4769775678866588,2.582040568028157,1.0,0.02876804044235996,1.558768857756854,0.6796078850553441,0.19876998769987703,0.35846806598442704,0.36557277261901355,808
Promo Hunter,asparagus,salad,0.1847289209134755,0.09843686443140218,0.04695217618687896,0.25416797735136837,2.582040568028157,1.0,0.02876804044235996,1.2088018591196004,0.7515407224970537,0.19876998769987703,0.17273456153655806,0.36557277261901355,808
Promo Hunter,avocado,asparagus,0.09739090011040734,0.1847289209134755,0.04503457493172178,0.4624105011933175,2.503184119231142,1.0,0.027043659047534148,1.516530886291915,0.6653032980771428,0.18995098039215688,0.3406003075577905,0.3530989278536578,775
Promo Hunter,asparagus,avocado,0.1847289209134755,0.09739090011040734,0.04503457493172178,0.24378735451399813,2.503184119231142,1.0,0.027043659047534148,1.1935916508107385,0.7365756328604603,0.18995098039215688,0.16219253098766456,0.3530989278536578,775
Promo Hunter,carrots,spinach,0.10785054332035562,0.1104654541228427,0.02829914579580452,0.26239224137931033,2.3753330257214893,1.0,0.01638538655052612,1.205972328084736,0.6490015729757919,0.1489296636085627,0.17079357733842118,0.2592865993850786,487
Promo Hunter,spinach,carrots,0.1104654541228427,0.10785054332035562,0.02829914579580452,0.2561809573908469,2.3753330257214893,1.0,0.01638538655052612,1.1994173388599745,0.6509094035731208,0.1489296636085627,0.1662618443131039,0.2592865993850786,487
Promo Hunter,salad,tomatoes,0.09843686443140218,0.12580626416410018,0.02911267360102272,0.2957497048406139,2.350834489885508,1.0,0.01672869943088002,1.2413111387309423,0.6373587340304887,0.14919594997022034,0.19440020410809128,0.26357924041106906,501
Promo Hunter,tomatoes,salad,0.12580626416410018,0.09843686443140218,0.02911267360102272,0.23140877598152423,2.350834489885508,1.0,0.01672869943088002,1.1730073248233257,0.6573132649882367,0.14919594997022034,0.14749040450312928,0.26357924041106906,501
Promo Hunter,spinach,asparagus,0.1104654541228427,0.1847289209134755,0.0473008309605439,0.4281956864807996,2.3179677787505755,1.0,0.026894666822214138,1.4257868641614382,0.6391967810507138,0.19081106422878577,0.29863289869195153,0.34212552490129944,814
Promo Hunter,asparagus,spinach,0.1847289209134755,0.1104654541228427,0.0473008309605439,0.2560553633217993,2.3179677787505755,1.0,0.026894666822214138,1.1956999244581323,0.6974215484194102,0.19081106422878577,0.16366976400606506,0.34212552490129944,814
Promo Hunter,avocado,tomatoes,0.09739090011040734,0.12580626416410018,0.02789238189319542,0.2863961813842482,2.276485859326341,1.0,0.01563999658672602,1.2250407201178661,0.6212284598381939,0.1428146385004463,0.18370060392458973,0.25405259415632736,480
Promo Hunter,tomatoes,avocado,0.12580626416410018,0.09739090011040734,0.02789238189319542,0.22170900692840648,2.276485859326341,1.0,0.01563999658672602,1.1597321669204559,0.6414212753700258,0.1428146385004463,0.13773194490638943,0.25405259415632736,480
Promo Hunter,carrots,asparagus,0.10785054332035562,0.1847289209134755,0.04520890231855425,0.4191810344827587,2.2691684247920083,1.0,0.02528578783105291,1.4036578133437752,0.6269240229545753,0.1827578106647874,0.287575653771475,0.33195604099098613,778
Promo Hunter,asparagus,carrots,0.1847289209134755,0.10785054332035562,0.04520890231855425,0.2447310474992136,2.269168424792008,1.0,0.02528578783105291,1.181234120276797,0.6860416624676833,0.1827578106647874,0.15342777284009423,0.33195604099098613,778
Promo Hunter,spinach,tomatoes,0.1104654541228427,0.12580626416410018,0.030797838340403276,0.2788006312467122,2.216110883660356,1.0,0.01690059223801764,1.2121387978293547,0.6169058230743821,0.1498868778280543,0.17501196909895447,0.2618021631984139,530
Promo Hunter,tomatoes,spinach,0.12580626416410018,0.1104654541228427,0.030797838340403276,0.24480369515011546,2.216110883660356,1.0,0.01690059223801764,1.1778851937761747,0.6277316099190802,0.1498868778280543,0.1510208250482321,0.2618021631984139,530
Promo Hunter,pancakes,airpods,0.06589575222267419,0.16415828926724388,0.023708524609216106,0.35978835978835977,2.191716064990401,1.0,0.012891190654363728,1.3055709365990984,0.582094044460708,0.11489721205294283,0.23405157700207754,0.25210656927471087,408
Promo Hunter,airpods,pancakes,0.16415828926724388,0.06589575222267419,0.023708524609216106,0.14442477876106194,2.191716064990401,1.0,0.012891190654363728,1.0917850641170648,0.6505257066675391,0.11489721205294283,0.08406880358936951,0.25210656927471087,408
Promo Hunter,cauliflower,asparagus,0.07501888546690685,0.1847289209134755,0.029054564472078565,0.3872966692486445,2.096567593928884,1.0,0.015196406711645252,1.3306131012651115,0.5654493026762156,0.12594458438287154,0.2484667413471078,0.27228941672561197,500
Promo Hunter,asparagus,cauliflower,0.1847289209134755,0.07501888546690685,0.029054564472078565,0.15728216420257943,2.096567593928884,1.0,0.015196406711645252,1.0976166342294524,0.6415411261582323,0.12594458438287154,0.08893509007175457,0.27228941672561197,500
Promo Hunter,carrots,tomatoes,0.10785054332035562,0.12580626416410018,0.028415364053692833,0.2634698275862069,2.094250467866529,1.0,0.014847090110490443,1.1869082470456693,0.5856666636031114,0.13844847112117778,0.1574748911812706,0.2446679391972605,489
Promo Hunter,tomatoes,carrots,0.12580626416410018,0.10785054332035562,0.028415364053692833,0.22586605080831407,2.0942504678665284,1.0,0.014847090110490443,1.1524484330020466,0.5976961104957836,0.13844847112117778,0.13228221639811613,0.2446679391972605,489
Promo Hunter,protein bar,airpods,0.07850543320355628,0.16415828926724388,0.026846417572200593,0.34196891191709844,2.0831656655509194,1.0,0.013959099959320908,1.2702161430820624,0.5642587433166321,0.12439418416801294,0.21273241137245183,0.252754367462974,462
Promo Hunter,airpods,protein bar,0.16415828926724388,0.07850543320355628,0.026846417572200593,0.16353982300884956,2.0831656655509194,1.0,0.013959099959320908,1.10165981853574,0.6220811423467151,0.12439418416801294,0.09227877501319788,0.252754367462974,462
Promo Hunter,energy bar,airpods,0.07693648672206403,0.16415828926724388,0.02609099889592655,0.3391238670694864,2.065834558725236,1.0,0.013461236853400494,1.2647479142973361,0.5589367622100103,0.12135135135135136,0.20932860319791374,0.24903096008341574,449
Promo Hunter,airpods,energy bar,0.16415828926724388,0.07693648672206403,0.02609099889592655,0.15893805309734513,2.065834558725236,1.0,0.013461236853400494,1.0974976536238086,0.6172629635501956,0.12135135135135136,0.08883632079019278,0.24903096008341574,449
Promo Hunter,tomatoes,asparagus,0.12580626416410018,0.1847289209134755,0.047998140507873786,0.3815242494226328,2.0653195370601094,1.0,0.024758085084683915,1.3181940897851572,0.5900447468700367,0.18282425852146963,0.24138637265246526,0.320677192342647,826
Promo Hunter,asparagus,tomatoes,0.1847289209134755,0.12580626416410018,0.047998140507873786,0.2598301352626612,2.0653195370601094,1.0,0.024758085084683915,1.181071774850117,0.6326894634292825,0.18282425852146963,0.15331140639026433,0.320677192342647,826
Promo Hunter,zucchini,asparagus,0.06839444476727294,0.1847289209134755,0.025742344122261607,0.37638062871707734,2.0374753820673748,1.0,0.013107912143926976,1.3073216077450127,0.5465795271758965,0.11321236902632252,0.2350772800849739,0.25786631310028135,443
Promo Hunter,asparagus,zucchini,0.1847289209134755,0.06839444476727294,0.025742344122261607,0.13935199748348537,2.0374753820673743,1.0,0.013107912143926976,1.0824466593877335,0.624573270112899,0.11321236902632252,0.07616694889554015,0.25786631310028135,443
Promo Hunter,green grapes,asparagus,0.07850543320355628,0.1847289209134755,0.02951943750363182,0.3760177646188009,2.035511076226783,1.0,0.015017213542093937,1.3065613616202782,0.5520628203256659,0.12630532073595227,0.2346321961029896,0.2679082217243108,508
Promo Hunter,asparagus,green grapes,0.1847289209134755,0.07850543320355628,0.02951943750363182,0.15979867882982068,2.035511076226783,1.0,0.015017213542093937,1.0967544844050523,0.6239923168014546,0.12630532073595227,0.08821890931910607,0.2679082217243108,508
Promo Hunter,iphone 10,airpods,0.075076994595851,0.16415828926724388,0.024986925445987563,0.3328173374613003,2.0274171895120414,1.0,0.012662414449806548,1.2527929121423678,0.5478959895153784,0.11662598318416056,0.20178347889123452,0.24251486342091566,430
Promo Hunter,airpods,iphone 10,0.16415828926724388,0.075076994595851,0.024986925445987563,0.15221238938053097,2.0274171895120414,1.0,0.012662414449806548,1.0909843383159585,0.6062889644824999,0.11662598318416056,0.08339655769614611,0.24251486342091566,430
Promo Hunter,mashed potato,asparagus,0.07339182985647046,0.1847289209134755,0.027195072345865535,0.3705463182897862,2.0058922904840926,1.0,0.013637478812614354,1.295204242624252,0.5411874853270814,0.11776547559134375,0.22792099725224022,0.2588812119917003,468
Promo Hunter,asparagus,mashed potato,0.1847289209134755,0.07339182985647046,0.027195072345865535,0.14721610569361435,2.0058922904840926,1.0,0.013637478812614354,1.0865685624811068,0.6150944861743151,0.11776547559134375,0.07967151403997298,0.2588812119917003,468
Promo Hunter,mineral water,asparagus,0.08030681620082515,0.1847289209134755,0.028996455343134407,0.36107091172214184,1.9545987165229126,1.0,0.014161463844359163,1.2759961849349681,0.5310314823113086,0.12284588872476612,0.21629859727914033,0.25901925579815804,499
Promo Hunter,asparagus,mineral water,0.1847289209134755,0.08030681620082515,0.028996455343134407,0.15696759987417427,1.9545987165229124,1.0,0.014161463844359163,1.0909345639170063,0.5990474177149737,0.12284588872476612,0.08335473723603115,0.25901925579815804,499
Promo Hunter,frozen vegetables,asparagus,0.06229298622813644,0.1847289209134755,0.02219768725666802,0.3563432835820895,1.9290064696961868,1.0,0.010690371130266385,1.2666240533054407,0.5135915737206971,0.09873352287412766,0.21049975532175183,0.23825342851643008,382
Promo Hunter,asparagus,frozen vegetables,0.1847289209134755,0.06229298622813644,0.02219768725666802,0.12016357345077067,1.9290064696961868,1.0,0.010690371130266385,1.0657742569827509,0.5907218264526649,0.09873352287412766,0.06171499879248388,0.23825342851643008,382
Promo Hunter,green beans,asparagus,0.08431634609797199,0.1847289209134755,0.02992620140624092,0.35492763611302547,1.9213430921261576,1.0,0.01435053377619542,1.26384437580614,0.523686042657328,0.12515188335358443,0.20876334211468675,0.2584641326208411,515
Promo Hunter,asparagus,green beans,0.1847289209134755,0.08431634609797199,0.02992620140624092,0.1620006291286568,1.9213430921261576,1.0,0.01435053377619542,1.092702077985941,0.5881856493367195,0.12515188335358443,0.08483746837638372,0.2584641326208411,515
Promo Hunter,strawberries,asparagus,0.08030681620082515,0.1847289209134755,0.02812481840897205,0.35021707670043417,1.895843244082344,1.0,0.013289826910196806,1.254682217480598,0.5137911623979735,0.11871474123129752,0.20298543641751757,0.2512331058242655,484
Promo Hunter,asparagus,strawberries,0.1847289209134755,0.08030681620082515,0.02812481840897205,0.1522491349480969,1.8958432440823438,1.0,0.013289826910196806,1.084862571910047,0.5795989114235728,0.11871474123129752,0.07822426001906864,0.2512331058242655,484
Promo Hunter,laptop,airpods,0.08803533035039805,0.16415828926724388,0.027020744959033064,0.3069306930693069,1.8697239989485674,1.0,0.012569015733635046,1.206000182628691,0.5100654862963862,0.12000000000000001,0.17081272921507945,0.23576623149040568,465
Promo Hunter,airpods,laptop,0.16415828926724388,0.08803533035039805,0.027020744959033064,0.16460176991150444,1.8697239989485674,1.0,0.012569015733635046,1.091652623627172,0.5565188919588072,0.12000000000000001,0.08395768181515736,0.23576623149040568,465
Promo Hunter,green tea,asparagus,0.06833633563832878,0.1847289209134755,0.021907141611947237,0.32057823129251706,1.7353981699631726,1.0,0.009283444070297683,1.1999484217844216,0.4548458658129015,0.09477124183006536,0.16663084692180513,0.21958449155063098,377
Promo Hunter,asparagus,green tea,0.1847289209134755,0.06833633563832878,0.021907141611947237,0.11859075180874488,1.7353981699631724,1.0,0.009283444070297683,1.0570159846558718,0.5197821644032965,0.09477124183006536,0.05394051318385148,0.21958449155063098,377
Promo Hunter,eggplant,asparagus,0.07042826428031844,0.1847289209134755,0.021965250740891396,0.3118811881188119,1.6883181397724547,1.0,0.008955113478579099,1.1847824314782587,0.43858322641844555,0.09419386992275107,0.15596317650296745,0.21539325212798097,378
Promo Hunter,asparagus,eggplant,0.1847289209134755,0.07042826428031844,0.021965250740891396,0.11890531613715005,1.6883181397724547,1.0,0.008955113478579099,1.0550191174055221,0.500072407199991,0.09419386992275107,0.05214987718973653,0.21539325212798097,378
Promo Hunter,blueberries,asparagus,0.0734499389854146,0.1847289209134755,0.02243012377244465,0.30537974683544306,1.653123643690198,1.0,0.008861795802508394,1.173693216361466,0.42640391111284415,0.09514419521814148,0.1479886003771304,0.2134007887999172,386
Promo Hunter,asparagus,blueberries,0.1847289209134755,0.0734499389854146,0.02243012377244465,0.12142183076439131,1.653123643690198,1.0,0.008861795802508394,1.0546017343234395,0.48460515771163937,0.09514419521814148,0.05177474353241832,0.2134007887999172,386
Promo Hunter,corn,asparagus,0.06810389912255216,0.1847289209134755,0.020570631646231623,0.30204778156996587,1.6350865910781827,1.0,0.007989871851322371,1.168090103532282,0.4167971030269338,0.08856642481861395,0.1439016588052418,0.20670177691269603,354
Promo Hunter,asparagus,corn,0.1847289209134755,0.06810389912255216,0.020570631646231623,0.11135577225542623,1.6350865910781824,1.0,0.007989871851322371,1.0486717538723562,0.4764201811292185,0.08856642481861395,0.04641276328138866,0.20670177691269603,354
Promo Hunter,brownies,airpods,0.08466500087163693,0.16415828926724388,0.020919286419896564,0.24708304735758407,1.5051512077793503,1.0,0.007020824715998934,1.1101379877280089,0.3666580257886124,0.09178990311065782,0.09921107911406175,0.18725833783808407,360
Promo Hunter,airpods,brownies,0.16415828926724388,0.08466500087163693,0.020919286419896564,0.12743362831858407,1.5051512077793503,1.0,0.007020824715998934,1.049014755593357,0.40152928408107774,0.09178990311065782,0.04672456257837184,0.18725833783808407,360
Routine Family Provisioner,fresh bread,butter,0.08569353667392883,0.08859840232389252,0.020334059549745823,0.23728813559322032,2.6782439566546263,1.0,0.012741749110951838,1.1949487613975633,0.6853511857483263,0.13207547169811318,0.16314403403335806,0.23339816615726589,56
Routine Family Provisioner,butter,fresh bread,0.08859840232389252,0.08569353667392883,0.020334059549745823,0.22950819672131148,2.6782439566546263,1.0,0.012741749110951838,1.1866530694231987,0.6875355719977233,0.13207547169811318,0.15729371476191095,0.23339816615726589,56
Routine Family Provisioner,energy drink,airpods,0.08533042846768336,0.15359477124183007,0.030864197530864196,0.3617021276595745,2.354911724762336,1.0,0.017757889890403025,1.3260348583877994,0.6290311281320785,0.14834205933682373,0.24587201182945867,0.28132387706855794,85
Routine Family Provisioner,airpods,energy drink,0.15359477124183007,0.08533042846768336,0.030864197530864196,0.20094562647754136,2.354911724762336,1.0,0.017757889890403025,1.1446900259117454,0.6797637974108562,0.14834205933682373,0.12640105411637512,0.28132387706855794,85
Routine Family Provisioner,bluetooth headphones,airpods,0.09840232389251997,0.15359477124183007,0.03522149600580973,0.35793357933579334,2.330376069718144,1.0,0.020107413577873656,1.3182518218015176,0.6331923056163353,0.16247906197654943,0.24141959566313806,0.29362400006978795,97
Routine Family Provisioner,airpods,bluetooth headphones,0.15359477124183007,0.09840232389251997,0.03522149600580973,0.2293144208037825,2.330376069718144,1.0,0.020107413577873656,1.1698644693051043,0.6744815507702105,0.16247906197654943,0.1452001268198216,0.29362400006978795,97
Routine Family Provisioner,laptop,airpods,0.07153231663035585,0.15359477124183007,0.021060275962236745,0.2944162436548223,1.9168376714548003,1.0,0.010073286152999081,1.1995815112615789,0.5151578493115585,0.10320284697508895,0.16637594810183634,0.21576604144916053,58
Routine Family Provisioner,airpods,laptop,0.15359477124183007,0.07153231663035585,0.021060275962236745,0.1371158392434988,1.9168376714548003,1.0,0.010073286152999081,1.076005013877697,0.5651045133803753,0.10320284697508895,0.07063630085123022,0.21576604144916053,58
Routine Family Provisioner,brownies,airpods,0.07552650689905592,0.15359477124183007,0.021423384168482208,0.28365384615384615,1.8467675941080195,1.0,0.009822907618627212,1.1815589770583848,0.4959724126912271,0.10314685314685314,0.15366052866052865,0.21156687579559919,59
Routine Family Provisioner,airpods,brownies,0.15359477124183007,0.07552650689905592,0.021423384168482208,0.13947990543735223,1.8467675941080193,1.0,0.009822907618627212,1.0743194713782949,0.5417184739218637,0.10314685314685314,0.0691781852217078,0.21156687579559919,59
Routine Generalist,avocado,tomatoes,0.08490842797871002,0.08658480365449897,0.02045178324462512,0.24086870681145114,2.7818820005944027,1.0,0.013100003679476346,1.2032374433003805,0.6999639622053628,0.13540510543840178,0.1689088420843329,0.23853696715209538,488
Routine Generalist,tomatoes,avocado,0.08658480365449897,0.08490842797871002,0.02045178324462512,0.2362052274927396,2.7818820005944027,1.0,0.013100003679476346,1.198085670339661,0.7012485943911034,0.13540510543840178,0.16533514692943713,0.23853696715209538,488
Routine Generalist,energy drink,bluetooth headphones,0.0901890113574452,0.0866267130463937,0.02137378986630904,0.23698884758364314,2.7357478917239035,1.0,0.01356101225950969,1.1970641373472355,0.6973637932763045,0.13750337018064165,0.1646228729096682,0.2418616226307185,510
Routine Generalist,bluetooth headphones,energy drink,0.0866267130463937,0.0901890113574452,0.02137378986630904,0.24673439767779387,2.735747891723903,1.0,0.01356101225950969,1.2078222951343356,0.6946439656894234,0.13750337018064165,0.17206363549633052,0.2418616226307185,510
Routine Generalist,bluetooth headphones,airpods,0.0866267130463937,0.13700180210385146,0.031893047231884665,0.36816642477019834,2.687310817204559,1.0,0.020025031434195508,1.3658631508815766,0.6874306386029887,0.16633879781420763,0.2678622310334937,0.3004796638993237,761
Routine Generalist,airpods,bluetooth headphones,0.13700180210385146,0.0866267130463937,0.031893047231884665,0.23279290302844907,2.6873108172045588,1.0,0.020025031434195508,1.190517254805159,0.7275574658951794,0.16633879781420763,0.16002897399109037,0.3004796638993237,761
Routine Generalist,salad,spinach,0.08193286115418465,0.09668496710112737,0.02124806169062487,0.25933503836317134,2.682268465705952,1.0,0.01332638570543129,1.2196000616832154,0.6831540033613227,0.13501997336884153,0.18005907721924616,0.2395504840710525,507
Routine Generalist,spinach,salad,0.09668496710112737,0.08193286115418465,0.02124806169062487,0.21976592977893367,2.682268465705952,1.0,0.01332638570543129,1.17665604962072,0.6943106429262845,0.13501997336884153,0.15013397473090187,0.2395504840710525,507
Routine Generalist,tomatoes,carrots,0.08658480365449897,0.09023092074933993,0.02091278655546708,0.2415295256534366,2.676793317053716,1.0,0.013100159998820827,1.199478569069473,0.68579839192034,0.13413978494623655,0.16630440444152622,0.2366495747171038,499
Routine Generalist,carrots,tomatoes,0.09023092074933993,0.08658480365449897,0.02091278655546708,0.231769623780771,2.676793317053716,1.0,0.013100159998820827,1.1889860445779104,0.6885468929382628,0.13413978494623655,0.15894723528483493,0.2366495747171038,499
Routine Generalist,energy drink,airpods,0.0901890113574452,0.13700180210385146,0.032563597502200246,0.3610594795539034,2.6354359870405903,1.0,0.020207540416265525,1.3506706340890995,0.682071495236542,0.16731266149870805,0.2596270513614845,0.2993734228604635,777
Routine Generalist,airpods,energy drink,0.13700180210385146,0.0901890113574452,0.032563597502200246,0.2376873661670236,2.6354359870405903,1.0,0.020207540416265525,1.1934880103822278,0.7190700315700317,0.16731266149870805,0.16211977724037727,0.2993734228604635,777
Routine Generalist,spinach,avocado,0.09668496710112737,0.08490842797871002,0.021541427433887934,0.22280017338534894,2.6240053983947735,1.0,0.013332058868157913,1.177421225127226,0.6851465994918563,0.13459020686043466,0.15068628061130346,0.2382510245011641,514
Routine Generalist,avocado,spinach,0.08490842797871002,0.09668496710112737,0.021541427433887934,0.25370187561697927,2.624005398394773,1.0,0.013332058868157913,1.2103943496383043,0.6763292789305001,0.13459020686043466,0.17382297736367924,0.2382510245011641,514
Routine Generalist,salad,asparagus,0.08193286115418465,0.15732785717279243,0.03289887263735803,0.40153452685422,2.5522150626714284,1.0,0.020008551159934232,1.4080547343822145,0.6624607980479419,0.1594232331437855,0.28980033546866973,0.3053224046098484,785
Routine Generalist,asparagus,salad,0.15732785717279243,0.08193286115418465,0.03289887263735803,0.2091102823654768,2.5522150626714284,1.0,0.020008551159934232,1.1608029771731865,0.7217320456576423,0.1594232331437855,0.13852736453586426,0.3053224046098484,785
Routine Generalist,tomatoes,spinach,0.08658480365449897,0.09668496710112737,0.021080424123045973,0.24346563407550822,2.518133287679108,1.0,0.012708975230253168,1.1940171836014528,0.660028906624488,0.12997416020671834,0.16249111509119893,0.23074885518253085,503
Routine Generalist,spinach,tomatoes,0.09668496710112737,0.08658480365449897,0.021080424123045973,0.2180320762895535,2.518133287679108,1.0,0.012708975230253168,1.1680980365682212,0.6674088345495368,0.12997416020671834,0.14390747292246095,0.23074885518253085,503
Routine Generalist,avocado,asparagus,0.08490842797871002,0.15732785717279243,0.03331796655630527,0.3923988153998026,2.4941470789170723,1.0,0.019959505526504447,1.3868836404288567,0.6546463254281324,0.15947843530591774,0.27895897619011734,0.3020864615091714,795
Routine Generalist,asparagus,avocado,0.15732785717279243,0.08490842797871002,0.03331796655630527,0.2117741076185402,2.4941470789170723,1.0,0.019959505526504447,1.1609509163122416,0.7109067745423618,0.15947843530591774,0.13863714137329922,0.3020864615091714,795
Routine Generalist,napkins,babies food,0.08855454507355098,0.09542768534428565,0.020996605339256527,0.23710364410790344,2.484642095765781,1.0,0.012546050076171343,1.185708003019556,0.6555823427634341,0.12882489071740807,0.15662203725253354,0.22856499728451823,501
Routine Generalist,babies food,napkins,0.09542768534428565,0.08855454507355098,0.020996605339256527,0.22002635046113306,2.484642095765781,1.0,0.012546050076171343,1.1685592910290115,0.6605636022247573,0.12882489071740807,0.14424539030499797,0.22856499728451823,501
Routine Generalist,carrots,spinach,0.09023092074933993,0.09668496710112737,0.021667155609572105,0.24013005109150024,2.483633788077281,1.0,0.012943182005417744,1.1887758348601911,0.6566107424051746,0.1311184377377631,0.15879851299500264,0.23211530729694213,517
Routine Generalist,spinach,carrots,0.09668496710112737,0.09023092074933993,0.021667155609572105,0.22410056350238403,2.4836337880772805,1.0,0.012943182005417744,1.1725347853805994,0.6613021247161329,0.1311184377377631,0.1471468373747183,0.23211530729694213,517
Routine Generalist,napkins,cooking oil,0.08855454507355098,0.09358367210091782,0.020158417501362054,0.2276384287742546,2.4324588217566006,1.0,0.01187115799215291,1.1735647676781622,0.6461092606025473,0.1244501940491591,0.14789534626329243,0.2215218565725281,481
Routine Generalist,cooking oil,napkins,0.09358367210091782,0.08855454507355098,0.020158417501362054,0.2154052843708016,2.4324588217566006,1.0,0.01187115799215291,1.1616767698919868,0.6496941094684759,0.1244501940491591,0.13917534901470005,0.2215218565725281,481
Routine Generalist,napkins,dog food,0.08855454507355098,0.10263610075017811,0.02208624952851934,0.24940842404164695,2.4300262989210855,1.0,0.012997356318464175,1.195542193641156,0.6456577481093596,0.13060718711276334,0.16355942490462066,0.23229914872968424,527
Routine Generalist,dog food,napkins,0.10263610075017811,0.08855454507355098,0.02208624952851934,0.21518987341772153,2.4300262989210855,1.0,0.012997356318464175,1.161357918374024,0.6557894968187163,0.13060718711276334,0.13893900908682424,0.23229914872968424,527
Routine Generalist,babies food,dog food,0.09542768534428565,0.10263610075017811,0.023301621893466327,0.24418093983311376,2.379094081403809,1.0,0.01350729636611393,1.1872734448529019,0.6408243216397972,0.13333333333333333,0.15773404657939133,0.23560619061888438,556
Routine Generalist,dog food,babies food,0.10263610075017811,0.09542768534428565,0.023301621893466327,0.22703144140465498,2.379094081403809,1.0,0.01350729636611393,1.1702575798160826,0.645971985721716,0.13333333333333333,0.14548726942904341,0.23560619061888438,556
Routine Generalist,tomatoes,asparagus,0.08658480365449897,0.15732785717279243,0.031976866015674114,0.3693126815101646,2.3474080696627695,1.0,0.018354664392984825,1.3361171504842755,0.6284088869325363,0.15087996836068818,0.25156263458069517,0.286281274159451,763
Routine Generalist,asparagus,tomatoes,0.15732785717279243,0.08658480365449897,0.031976866015674114,0.20324986680873736,2.3474080696627695,1.0,0.018354664392984825,1.1464261608428656,0.6811643552342282,0.15087996836068818,0.1277240225704649,0.286281274159451,763
Routine Generalist,spinach,asparagus,0.09668496710112737,0.15732785717279243,0.03491052344830477,0.3610749891634157,2.2950480331455143,1.0,0.019699284753462463,1.3188905247641574,0.6246760558171491,0.15933435348125477,0.24178695560890542,0.2914858163717984,833
Routine Generalist,asparagus,spinach,0.15732785717279243,0.09668496710112737,0.03491052344830477,0.22189664358018113,2.2950480331455143,1.0,0.019699284753462463,1.1609190802815363,0.6696308602517944,0.15933435348125477,0.13861352011073128,0.2914858163717984,833
Routine Generalist,dog food,cooking oil,0.10263610075017811,0.09358367210091782,0.02145760865009849,0.20906492445896288,2.2339893249060965,1.0,0.011852545451777054,1.1460059819436512,0.6155477032446759,0.12278177458033575,0.12740420577562941,0.21917643894242367,512
Routine Generalist,cooking oil,dog food,0.09358367210091782,0.10263610075017811,0.02145760865009849,0.22928795342588446,2.233989324906096,1.0,0.011852545451777054,1.164330962826759,0.6094001952041335,0.12278177458033575,0.1411376731129754,0.21917643894242367,512
Routine Generalist,carrots,asparagus,0.09023092074933993,0.15732785717279243,0.0315996814886216,0.3502090106827682,2.2259822066866093,1.0,0.017403844076399895,1.2968356851372251,0.6053845127442656,0.14632253056471956,0.2288922864625022,0.27553071738187424,754
Routine Generalist,asparagus,carrots,0.15732785717279243,0.09023092074933993,0.0315996814886216,0.20085242408098025,2.2259822066866093,1.0,0.017403844076399895,1.138424374502326,0.6535876561721052,0.14632253056471956,0.12159294688576883,0.27553071738187424,754
Routine Generalist,airpods,energy bar,0.13700180210385146,0.06956959054524119,0.020828967771677632,0.15203426124197003,2.1853551249967755,1.0,0.011297808495352522,1.0972500030691221,0.6285163389036628,0.1121389891696751,0.08863067012723061,0.2257159258017079,497
Routine Generalist,energy bar,airpods,0.06956959054524119,0.13700180210385146,0.020828967771677632,0.29939759036144575,2.185355124996775,1.0,0.011297808495352522,1.2317945043057665,0.5829651119636154,0.1121389891696751,0.18817627737055445,0.2257159258017079,497
Routine Generalist,strawberries,asparagus,0.06340890993671681,0.15732785717279243,0.020074598717572608,0.3165895571711831,2.012291801721257,1.0,0.010098610791566365,1.2330396055102177,0.5371118571183551,0.10004177109440268,0.18899604235647283,0.22209339339645995,479
Routine Generalist,asparagus,strawberries,0.15732785717279243,0.06340890993671681,0.020074598717572608,0.1275972296217368,2.012291801721257,1.0,0.010098610791566365,1.0735764739229208,0.5969749730382952,0.10004177109440268,0.06853398496528826,0.22209339339645995,479
Routine Generalist,zucchini,asparagus,0.06961149993713592,0.15732785717279243,0.021918611960940446,0.31487055990367246,2.00136559133232,1.0,0.010966783841246877,1.2299458956379543,0.5377766006924706,0.10690923957481602,0.18695610632424173,0.2270943103194441,523
Routine Generalist,asparagus,zucchini,0.15732785717279243,0.06961149993713592,0.021918611960940446,0.13931806073521574,2.0013655913323194,1.0,0.010966783841246877,1.0809899192930956,0.5937554351903739,0.10690923957481602,0.07492199311725146,0.2270943103194441,523
Routine Generalist,protein bar,airpods,0.07438917061313441,0.13700180210385146,0.020367964460835674,0.27380281690140845,1.9985344185024496,1.0,0.010176514029825392,1.1883799854659918,0.5397876948658239,0.1066257130320316,0.15851830876478765,0.21123606736780426,486
Routine Generalist,airpods,protein bar,0.13700180210385146,0.07438917061313441,0.020367964460835674,0.1486693178342001,1.9985344185024496,1.0,0.010176514029825392,1.0872518150433574,0.5789506132870331,0.1066257130320316,0.08024986837099739,0.21123606736780426,486
Routine Generalist,cauliflower,asparagus,0.06944386236955702,0.15732785717279243,0.021331880474414318,0.30718165359082683,1.9524937230502712,1.0,0.010406426414009596,1.2162959413455428,0.5242396899052508,0.10383516931864545,0.17783167236935984,0.22138517948587694,509
Routine Generalist,asparagus,cauliflower,0.15732785717279243,0.06944386236955702,0.021331880474414318,0.13558870538092702,1.9524937230502712,1.0,0.010406426414009596,1.0765201049814124,0.5789137153556566,0.10383516931864545,0.0710809808635516,0.22138517948587694,509
Routine Generalist,mineral water,asparagus,0.07254515736976656,0.15732785717279243,0.02196052135283517,0.3027151935297516,1.924104217584817,1.0,0.010547147195586786,1.2085049537977601,0.5178447618686249,0.10562386615601693,0.17253131908357305,0.22114981839513687,524
Routine Generalist,asparagus,mineral water,0.15732785717279243,0.07254515736976656,0.02196052135283517,0.1395844432605221,1.9241042175848169,1.0,0.010547147195586786,1.077915009050742,0.5699460178123376,0.10562386615601693,0.07228307278080967,0.22114981839513687,524
Routine Generalist,green beans,asparagus,0.06839612757218892,0.15732785717279243,0.02070323959599346,0.3026960784313726,1.9239827190865693,1.0,0.009942623406144031,1.2084718252144138,0.515503237099729,0.1009811937857727,0.17250863517436618,0.21714452296635223,494
Routine Generalist,asparagus,green beans,0.15732785717279243,0.06839612757218892,0.02070323959599346,0.1315929675013319,1.923982719086569,1.0,0.009942623406144031,1.0727732935871173,0.5699070700497278,0.1009811937857727,0.06783660072649604,0.21714452296635223,494
Routine Generalist,mashed potato,asparagus,0.06860567453166254,0.15732785717279243,0.02053560202841457,0.2993280390959072,1.902574944290741,1.0,0.009742018264454082,1.2026628577228762,0.509340150747124,0.09997959600081617,0.1685117790255852,0.21492773824800687,490
Routine Generalist,asparagus,mashed potato,0.15732785717279243,0.06860567453166254,0.02053560202841457,0.13052743740010656,1.902574944290741,1.0,0.009742018264454082,1.0712176157500426,0.5629669025813936,0.09997959600081617,0.06648286464200606,0.21492773824800687,490
Routine Tech,bluetooth headphones,airpods,0.06632021776787923,0.11902994308339519,0.03167532788913635,0.47761194029850745,4.012536072237565,1.0,0.02378123614294731,1.6864283946689294,0.8041097932679565,0.20611916264090177,0.40703085695119906,0.3718621032053868,256
Routine Tech,airpods,bluetooth headphones,0.11902994308339519,0.06632021776787923,0.03167532788913635,0.2661122661122661,4.012536072237565,1.0,0.02378123614294731,1.272237890236969,0.8522208567415731,0.20611916264090177,0.21398347928960176,0.3718621032053868,256
Routine Tech,energy drink,bluetooth headphones,0.08153922296461272,0.06632021776787923,0.020663202177678794,0.25341426403641887,3.821071048399883,1.0,0.015255503154042019,1.2505995457133487,0.8038375626491864,0.1624513618677043,0.20038352530378178,0.2824907141077617,167
Routine Tech,bluetooth headphones,energy drink,0.06632021776787923,0.08153922296461272,0.020663202177678794,0.3115671641791045,3.8210710483998827,1.0,0.015255503154042019,1.3341327276177983,0.7907349890730069,0.1624513618677043,0.2504493898552503,0.2824907141077617,167
Routine Tech,energy drink,airpods,0.08153922296461272,0.11902994308339519,0.03402623113090819,0.41729893778452204,3.505831616605517,1.0,0.02432062206236607,1.5118730924688608,0.7782161096346736,0.20430906389301637,0.3385688223559701,0.351580861823654,275
Routine Tech,airpods,energy drink,0.11902994308339519,0.08153922296461272,0.03402623113090819,0.2858627858627859,3.505831616605517,1.0,0.02432062206236607,1.2861124708996254,0.8113340143003065,0.20430906389301637,0.22246302510346702,0.351580861823654,275
Routine Tech,iphone 10,airpods,0.051224944320712694,0.11902994308339519,0.020663202177678794,0.4033816425120773,3.388908975865498,1.0,0.014565899970734274,1.476605682443216,0.742978831070254,0.13813068651778332,0.3227711284807035,0.28848915805437547,167
Routine Tech,airpods,iphone 10,0.11902994308339519,0.051224944320712694,0.020663202177678794,0.1735966735966736,3.388908975865498,1.0,0.014565899970734274,1.1480774887590874,0.8001631568324027,0.13813068651778332,0.12897865362654096,0.28848915805437547,167
Routine Tech,"body spray, shampoo",almonds,0.09391239792130661,0.14909675822816135,0.022642910170749816,0.24110671936758896,1.6171157725550656,1.0,0.008640876083249881,1.1212422925431,0.4211679796195682,0.10275126333520496,0.10813210788553933,0.19648696964230072,183
Routine Tech,almonds,"body spray, shampoo",0.14909675822816135,0.09391239792130661,0.022642910170749816,0.15186721991701246,1.6171157725550656,1.0,0.008640876083249881,1.0683322509831954,0.44848234909904,0.10275126333520496,0.0639616101828888,0.19648696964230072,183
Routine Tech,"almonds, shampoo",cotton buds,0.06743380351398169,0.19908438505320467,0.021653056174214303,0.3211009174311926,1.612888511298259,1.0,0.008228038869834626,1.179727054448658,0.40747171098769863,0.08842849924204144,0.15234630228316062,0.21493206219601893,175
Routine Tech,cotton buds,"almonds, shampoo",0.19908438505320467,0.06743380351398169,0.021653056174214303,0.10876320696084524,1.612888511298259,1.0,0.008228038869834626,1.0463730893626246,0.4744499128247003,0.08842849924204144,0.04431793003284479,0.21493206219601893,175
Routine Tech,"gluten free bar, toothpaste",razor,0.06582529076961148,0.2081168027715912,0.02190051967334818,0.33270676691729323,1.5986540369949844,1.0,0.008201170616866305,1.1867094673958125,0.40086055299884016,0.08689248895434461,0.15733376409774436,0.21896931687125065,177
Routine Tech,razor,"gluten free bar, toothpaste",0.2081168027715912,0.06582529076961148,0.02190051967334818,0.10523186682520808,1.5986540369949844,1.0,0.008201170616866305,1.0440411036049924,0.47289018361581914,0.08689248895434461,0.04218330432865321,0.21896931687125065,177
Routine Tech,"cotton buds, shampoo",almonds,0.09180895817866865,0.14909675822816135,0.021653056174214303,0.2358490566037736,1.581852344789791,1.0,0.007964638133469967,1.1135276991088259,0.4050136239782016,0.09875846501128668,0.10195318823203404,0.1905386361857042,175
Routine Tech,almonds,"cotton buds, shampoo",0.14909675822816135,0.09180895817866865,0.021653056174214303,0.14522821576763484,1.5818523447897908,1.0,0.007964638133469967,1.062495345043402,0.43228151810382437,0.09875846501128668,0.05881940597193798,0.1905386361857042,175
Routine Tech,cotton buds,"gluten free bar, shampoo",0.19908438505320467,0.06941351150705272,0.021653056174214303,0.10876320696084524,1.566888125949289,1.0,0.007833909921449167,1.0441517852058244,0.4517234225684711,0.08771929824561404,0.042284834285008795,0.21035308298131386,175
Routine Tech,"gluten free bar, shampoo",cotton buds,0.06941351150705272,0.19908438505320467,0.021653056174214303,0.3119429590017825,1.5668881259492888,1.0,0.007833909921449167,1.1640250258682698,0.38877884779759514,0.08771929824561404,0.14091194108642144,0.21035308298131386,175
Routine Tech,"almonds, shampoo",body spray,0.06743380351398169,0.21430339024993814,0.022642910170749816,0.3357798165137615,1.566843231561328,1.0,0.008191617460255348,1.182885779872331,0.38793391581494857,0.08739255014326648,0.15460983890775123,0.22071900756404012,183
Routine Tech,body spray,"almonds, shampoo",0.21430339024993814,0.06743380351398169,0.022642910170749816,0.10565819861431872,1.566843231561328,1.0,0.008191617460255348,1.0427402532690664,0.4604500666924831,0.08739255014326648,0.040988398726406236,0.22071900756404012,183
Routine Tech,shampoo,"almonds, cotton buds",0.3450878495421925,0.0400890868596882,0.021653056174214303,0.0627465041233417,1.5651766861878014,1.0,0.007818799399694334,1.024174268075107,0.5513632560524682,0.0595643294758339,0.023603666708539268,0.30143498045673256,175
Routine Tech,"almonds, cotton buds",shampoo,0.0400890868596882,0.3450878495421925,0.021653056174214303,0.5401234567901234,1.5651766861878011,1.0,0.007818799399694334,1.4241042734787221,0.3761750082863771,0.0595643294758339,0.29780422780611704,0.30143498045673256,175
Routine Tech,"cotton buds, toothpaste",toilet paper,0.08673595644642415,0.21158129175946547,0.02845830240039594,0.3281027104136947,1.5507170207973573,1.0,0.010106596693468781,1.1734214744726426,0.3888656538821769,0.10545621274644658,0.14779129089194612,0.23130281719515144,230
Routine Tech,toilet paper,"cotton buds, toothpaste",0.21158129175946547,0.08673595644642415,0.02845830240039594,0.13450292397660818,1.550717020797357,1.0,0.010106596693468781,1.0551902124841992,0.4504421518054532,0.10545621274644658,0.05230356748122847,0.23130281719515144,230
Routine Tech,"nonfat milk, toothpaste",shower gel,0.0483791140806731,0.3431081415491215,0.025736203909923285,0.5319693094629155,1.5504421056903295,1.0,0.009136935987910603,1.4035230418267401,0.3730715471630177,0.07036535859269283,0.2875072441287028,0.3034891624847935,208
Routine Tech,shower gel,"nonfat milk, toothpaste",0.3431081415491215,0.0483791140806731,0.025736203909923285,0.07500901550667147,1.5504421056903295,1.0,0.009136935987910603,1.0287893632180483,0.5404583291073214,0.07036535859269283,0.027983729466248705,0.3034891624847935,208
Routine Tech,"cotton buds, protein bar",shampoo,0.05221479831724821,0.3450878495421925,0.02783964365256125,0.533175355450237,1.545042388938263,1.0,0.009820951186982774,1.4029082613867754,0.3722030751378011,0.07535164099129271,0.28719501657827606,0.30692471609012384,225
Routine Tech,shampoo,"cotton buds, protein bar",0.3450878495421925,0.05221479831724821,0.02783964365256125,0.08067407673001076,1.545042388938263,1.0,0.009820951186982774,1.0309566799895455,0.5386502088712557,0.07535164099129271,0.030027139442812916,0.30692471609012384,225
Routine Tech,shower gel,"nonfat milk, tooth brush",0.3431081415491215,0.04986389507547637,0.02635486265775798,0.07681211684096646,1.5404355541158585,1.0,0.009246154288010892,1.0291903980295718,0.5340802269509567,0.07188660141748228,0.028362485780530144,0.3026740484949249,213
Routine Tech,"nonfat milk, tooth brush",shower gel,0.04986389507547637,0.3431081415491215,0.02635486265775798,0.5285359801488834,1.5404355541158583,1.0,0.009246154288010892,1.3933022050300212,0.3692449439878408,0.07188660141748228,0.28228061622966194,0.3026740484949249,213
Routine Tech,"razor, tooth brush",gluten free bar,0.09143776292996783,0.15392229646127195,0.021653056174214303,0.2368064952638701,1.5384807835390661,1.0,0.0075787457207522925,1.1086018136792908,0.38523297212116503,0.0967920353982301,0.09796286848824191,0.18874086821071318,175
Routine Tech,gluten free bar,"razor, tooth brush",0.15392229646127195,0.09143776292996783,0.021653056174214303,0.14067524115755628,1.5384807835390661,1.0,0.0075787457207522925,1.057297869892535,0.4136831989303473,0.0967920353982301,0.05419274125498704,0.18874086821071318,175
Routine Tech,"gluten free bar, tooth brush",cotton buds,0.06792873051224944,0.19908438505320467,0.020786933927245732,0.30601092896174864,1.5370915648656633,1.0,0.007263384385769692,1.1540752561831775,0.37488621493997837,0.08442211055276383,0.13350538048336977,0.20521180382208004,168
Routine Tech,cotton buds,"gluten free bar, tooth brush",0.19908438505320467,0.06792873051224944,0.020786933927245732,0.10441267868241143,1.5370915648656633,1.0,0.007263384385769692,1.0407374549658506,0.43627651122244043,0.08442211055276383,0.03914287390299338,0.20521180382208004,168
Routine Tech,"deodorant, gluten free bar",razor,0.06731007176441475,0.2081168027715912,0.021529324424647365,0.31985294117647056,1.536891480730223,1.0,0.00752096749471101,1.1642823224114984,0.3745467409569293,0.08479532163742691,0.14110179227941172,0.21165060851926976,174
Routine Tech,razor,"deodorant, gluten free bar",0.2081168027715912,0.06731007176441475,0.021529324424647365,0.10344827586206896,1.536891480730223,1.0,0.00752096749471101,1.0403079968781528,0.44114583333333324,0.08479532163742691,0.0387462145817513,0.21165060851926976,174
Routine Tech,shampoo,"cotton buds, gluten free bar",0.3450878495421925,0.04083147735708983,0.021653056174214303,0.0627465041233417,1.5367189282571143,1.0,0.007562609459425449,1.023382176607145,0.5332973469002187,0.0594429347826087,0.022847941992369412,0.296524767213186,175
Routine Tech,"cotton buds, gluten free bar",shampoo,0.04083147735708983,0.3450878495421925,0.021653056174214303,0.5303030303030303,1.5367189282571139,1.0,0.007562609459425449,1.394329094523074,0.3641309155241044,0.0594429347826087,0.28280919911375224,0.296524767213186,175
Routine Tech,"cotton buds, shampoo",gluten free bar,0.09180895817866865,0.15392229646127195,0.021653056174214303,0.2358490566037736,1.5322605108293395,1.0,0.00752161049563675,1.1072127972235206,0.3824850136239783,0.0966316951960243,0.09683124824096201,0.18826214888066495,175
Routine Tech,gluten free bar,"cotton buds, shampoo",0.15392229646127195,0.09180895817866865,0.021653056174214303,0.14067524115755628,1.5322605108293395,1.0,0.00752161049563675,1.0568659083496128,0.4105644925416789,0.0966316951960243,0.05380617153070434,0.18826214888066495,175
Routine Tech,"gluten free bar, shower gel",body spray,0.06594902251917842,0.21430339024993814,0.021653056174214303,0.32833020637898686,1.5320812517061038,1.0,0.007519957064684852,1.1697661815552596,0.37181386370947905,0.08373205741626795,0.14512830361495618,0.21468473367448188,175
Routine Tech,body spray,"gluten free bar, shower gel",0.21430339024993814,0.06594902251917842,0.021653056174214303,0.1010392609699769,1.5320812517061038,1.0,0.007519957064684852,1.0390342280005027,0.4420193475815523,0.08373205741626795,0.03756779800759747,0.21468473367448188,175
Routine Tech,"body spray, deodorant",almonds,0.08883939618906211,0.14909675822816135,0.020292006928977976,0.22841225626740946,1.531973323778592,1.0,0.007046340954241543,1.1027951761591699,0.3811041851591791,0.09323479249573621,0.09321329869902621,0.18225592066482504,164
Routine Tech,almonds,"body spray, deodorant",0.14909675822816135,0.08883939618906211,0.020292006928977976,0.13609958506224065,1.5319733237785917,1.0,0.007046340954241543,1.0547055980712585,0.40809236869451726,0.09323479249573621,0.0518681214656476,0.18225592066482504,164
Routine Tech,"gluten free bar, tooth brush",razor,0.06792873051224944,0.2081168027715912,0.021653056174214303,0.31876138433515483,1.5316465565973372,1.0,0.007515945963671916,1.1624167788192419,0.3724048472435569,0.08511673151750973,0.1397233606557377,0.2114020952591351,175
Routine Tech,razor,"gluten free bar, tooth brush",0.2081168027715912,0.06792873051224944,0.021653056174214303,0.10404280618311533,1.5316465565973372,1.0,0.007515945963671916,1.0403078137215636,0.4383321428571428,0.08511673151750973,0.03874604534341406,0.2114020952591351,175
Routine Tech,"body spray, toothpaste",almonds,0.09415986142044049,0.14909675822816135,0.021405592675080427,0.2273324572930355,1.5247310538110481,1.0,0.007366662582079835,1.101254025490424,0.37991982838188987,0.09648633575013943,0.0919442954547496,0.185450461011663,173
Routine Tech,almonds,"body spray, toothpaste",0.14909675822816135,0.09415986142044049,0.021405592675080427,0.14356846473029047,1.5247310538110481,1.0,0.007366662582079835,1.0576912470817532,0.4044486060177135,0.09648633575013943,0.05454450648138336,0.185450461011663,173
Routine Tech,"cotton buds, toilet paper",shampoo,0.05456570155902005,0.3450878495421925,0.02858203414996288,0.5238095238095238,1.5179019617886595,1.0,0.009752073540199593,1.375315515961396,0.36088803226612426,0.07702567522507502,0.2728941189171683,0.30331745462616744,231
Routine Tech,shampoo,"cotton buds, toilet paper",0.3450878495421925,0.05456570155902005,0.02858203414996288,0.08282538544281105,1.5179019617886595,1.0,0.009752073540199593,1.0308116725378784,0.5209796815691394,0.07702567522507502,0.02989069037413937,0.30331745462616744,231
Routine Tech,"shampoo, toilet paper",cotton buds,0.09465478841870824,0.19908438505320467,0.02858203414996288,0.3019607843137255,1.516747705918912,1.0,0.009737743805283153,1.1473791113001843,0.3763145423662028,0.10779281381241249,0.12844848738197584,0.22276410875102062,231
Routine Tech,cotton buds,"shampoo, toilet paper",0.19908438505320467,0.09465478841870824,0.02858203414996288,0.14356743318831572,1.516747705918912,1.0,0.009737743805283153,1.0571120794153108,0.4253813543169329,0.10779281381241249,0.054026512918951435,0.22276410875102062,231
Routine Tech,"body spray, shampoo",gluten free bar,0.09391239792130661,0.15392229646127195,0.02190051967334818,0.23320158102766797,1.5150604323678558,1.0,0.007445307719115883,1.1033899948211248,0.3751958653603575,0.09693318729463309,0.09370213189026216,0.18774226961351242,177
Routine Tech,gluten free bar,"body spray, shampoo",0.15392229646127195,0.09391239792130661,0.02190051967334818,0.1422829581993569,1.5150604323678558,1.0,0.007445307719115883,1.0563945426297043,0.40180744691925974,0.09693318729463309,0.05338397762763929,0.18774226961351242,177
Routine Tech,"cotton buds, tooth brush",gluten free bar,0.08933432318732987,0.15392229646127195,0.020786933927245732,0.2326869806094183,1.5117171843129573,1.0,0.007036389749438463,1.1026500035288116,0.3717067805383023,0.09343715239154617,0.09309391302797877,0.18386760606033617,168
Routine Tech,gluten free bar,"cotton buds, tooth brush",0.15392229646127195,0.08933432318732987,0.020786933927245732,0.13504823151125403,1.511717184312957,1.0,0.007036389749438463,1.0528513958689234,0.40008217384643247,0.09343715239154617,0.05019834335243955,0.18386760606033617,168
Routine Tech,"shower gel, tooth brush",nonfat milk,0.1550358822073744,0.11247216035634744,0.02635486265775798,0.16999201915403034,1.5114141901021707,1.0,0.008917642053142372,1.0693003683399005,0.40045250268634797,0.10928681375064135,0.06480907553365024,0.20215772574863233,213
Routine Tech,nonfat milk,"shower gel, tooth brush",0.11247216035634744,0.1550358822073744,0.02635486265775798,0.2343234323432343,1.5114141901021705,1.0,0.008917642053142372,1.103552274530886,0.3812477541956044,0.10928681375064135,0.0938354049199033,0.20215772574863233,213
Routine Tech,"cotton buds, toilet paper",toothpaste,0.05456570155902005,0.3453353130413264,0.02845830240039594,0.5215419501133787,1.510247954430787,1.0,0.00961483877119216,1.3682802225060429,0.3573564807702155,0.07661558960692871,0.26915555486984055,0.30197484463748475,230
Routine Tech,toothpaste,"cotton buds, toilet paper",0.3453353130413264,0.05456570155902005,0.02845830240039594,0.08240773916159082,1.5102479544307867,1.0,0.00961483877119216,1.0303424939276746,0.5160765204243464,0.07661558960692871,0.029448939655015965,0.30197484463748475,230
Routine Tech,"body spray, cotton buds",shampoo,0.053575847562484534,0.3450878495421925,0.02783964365256125,0.5196304849884527,1.505791889450224,1.0,0.009351269629823144,1.3633507747511089,0.35491233421943325,0.07507507507507509,0.26651305113861223,0.30015228085923173,225
Routine Tech,shampoo,"body spray, cotton buds",0.3450878495421925,0.053575847562484534,0.02783964365256125,0.08067407673001076,1.5057918894502238,1.0,0.009351269629823144,1.0294761938955657,0.5128895606356404,0.07507507507507509,0.028632224883245776,0.30015228085923173,225
Routine Tech,"deodorant, razor",gluten free bar,0.09292254392477109,0.15392229646127195,0.021529324424647365,0.23169107856191745,1.5052470232615893,1.0,0.007226473070723185,1.101220719857166,0.3700425056875465,0.09555189456342669,0.09191683195925957,0.1857812305992867,174
Routine Tech,gluten free bar,"deodorant, razor",0.15392229646127195,0.09292254392477109,0.021529324424647365,0.13987138263665597,1.5052470232615893,1.0,0.007226473070723185,1.0545835096799858,0.39672149885864344,0.09555189456342669,0.051758356904849756,0.1857812305992867,174
Routine Tech,"oatmeal, shampoo",shower gel,0.04986389507547637,0.3431081415491215,0.025736203909923285,0.5161290322580645,1.5042750950990542,1.0,0.008627495540176198,1.357576507465149,0.3528210053392369,0.07008086253369271,0.2633932640251794,0.295569023882368,208
Routine Tech,shower gel,"oatmeal, shampoo",0.3431081415491215,0.04986389507547637,0.025736203909923285,0.07500901550667147,1.5042750950990542,1.0,0.008627495540176198,1.027184178930099,0.510324449048785,0.07008086253369271,0.02646475626057023,0.295569023882368,208
Routine Tech,cotton buds,"toilet paper, toothpaste",0.19908438505320467,0.09514971541697599,0.02845830240039594,0.14294592914853946,1.502326397111178,1.0,0.009515479818619846,1.0557680260290685,0.4174792952666258,0.10707635009310985,0.05282223429215041,0.22101782803330744,230
Routine Tech,"toilet paper, toothpaste",cotton buds,0.09514971541697599,0.19908438505320467,0.02845830240039594,0.2990897269180754,1.5023263971111778,1.0,0.009515479818619846,1.1426792354250197,0.36952597815682603,0.10707635009310985,0.12486376841524567,0.22101782803330744,230
Routine Tech,gluten free bar,"cotton buds, deodorant",0.15392229646127195,0.08673595644642415,0.0200445434298441,0.13022508038585212,1.5013967185142039,1.0,0.006693945827845629,1.050000434547734,0.39470785985361406,0.09085810431856423,0.04761944176648921,0.1806617555994881,162
Routine Tech,"cotton buds, deodorant",gluten free bar,0.08673595644642415,0.15392229646127195,0.0200445434298441,0.23109843081312412,1.5013967185142036,1.0,0.006693945827845629,1.100371929834227,0.36567028121921324,0.09085810431856423,0.09121636704177673,0.1806617555994881,162
Routine Tech,"gluten free bar, razor",toothpaste,0.042316258351893093,0.3453353130413264,0.02190051967334818,0.5175438596491228,1.4986705387618093,1.0,0.007287221348659535,1.3569413511507051,0.34744448824070423,0.05987821380243572,0.2630484735747892,0.29048099467586913,177
Routine Tech,toothpaste,"gluten free bar, razor",0.3453353130413264,0.042316258351893093,0.02190051967334818,0.06341812970261554,1.4986705387618093,1.0,0.007287221348659535,1.022530727980056,0.5082631523309489,0.05987821380243572,0.022034279619707855,0.29048099467586913,177
Routine Tech,nonfat milk,"shower gel, toothpaste",0.11247216035634744,0.15268497896560257,0.025736203909923285,0.2288228822882288,1.498660076704591,1.0,0.008563394471698498,1.0987294637949603,0.37490348421966996,0.10749354005167959,0.089857846765985,0.19869020937750176,208
Routine Tech,"shower gel, toothpaste",nonfat milk,0.15268497896560257,0.11247216035634744,0.025736203909923285,0.1685575364667747,1.498660076704591,1.0,0.008563394471698498,1.0674555108384671,0.39269607072250184,0.10749354005167959,0.0631928077128779,0.19869020937750176,208
Routine Tech,"almonds, body spray",shampoo,0.04380103934669636,0.3450878495421925,0.022642910170749816,0.516949152542373,1.4980218898700102,1.0,0.007527703694885408,1.355783048316163,0.34768183823778986,0.06182432432432433,0.2624188646981784,0.29128203414139087,183
Routine Tech,shampoo,"almonds, body spray",0.3450878495421925,0.04380103934669636,0.022642910170749816,0.06561491574040876,1.4980218898700102,1.0,0.007527703694885408,1.0233457027099249,0.5076299349899187,0.06182432432432433,0.022813114520443014,0.29128203414139087,183
Routine Tech,"energy bar, shampoo",almonds,0.09094283593170008,0.14909675822816135,0.020292006928977976,0.22312925170068026,1.496539927174189,1.0,0.006732724907485945,1.095295766553943,0.3649847125257696,0.09234234234234234,0.08700459680745934,0.17961441838146047,164
Routine Tech,almonds,"energy bar, shampoo",0.14909675822816135,0.09094283593170008,0.020292006928977976,0.13609958506224065,1.496539927174189,1.0,0.006732724907485945,1.0522707806938534,0.38992913813099156,0.09234234234234234,0.04967426792881842,0.17961441838146047,164
Routine Tech,tooth brush,"gluten free bar, razor",0.3419945558030191,0.042316258351893093,0.021653056174214303,0.06331403762662807,1.4962106786503162,1.0,0.007181126195912829,1.0224170961434405,0.5040154730564659,0.059706584783350385,0.021925588126409316,0.2875049720296883,175
Routine Tech,"gluten free bar, razor",tooth brush,0.042316258351893093,0.3419945558030191,0.021653056174214303,0.5116959064327485,1.496210678650316,1.0,0.007181126195912829,1.3475321072776496,0.34629900332225916,0.059706584783350385,0.25790265434175885,0.2875049720296883,175
Routine Tech,"nonfat milk, shampoo",shower gel,0.051101212571145756,0.3431081415491215,0.02623113090819104,0.513317191283293,1.4960798917964566,1.0,0.008697888831998617,1.3497330225881237,0.3494434835665273,0.07128446536650976,0.2591127406199989,0.2948843439287002,212
Routine Tech,shower gel,"nonfat milk, shampoo",0.3431081415491215,0.051101212571145756,0.02623113090819104,0.07645149657410746,1.4960798917964564,1.0,0.008697888831998617,1.027448784670134,0.5047809522455639,0.07128446536650976,0.02671547728673054,0.2948843439287002,212
Routine Tech,"deodorant, gluten free bar",cotton buds,0.06731007176441475,0.19908438505320467,0.0200445434298441,0.2977941176470588,1.4958185573794465,1.0,0.006644159184738513,1.1405709280917715,0.3553911211999121,0.08136614766449021,0.12324610826873618,0.19923888604540635,162
Routine Tech,cotton buds,"deodorant, gluten free bar",0.19908438505320467,0.06731007176441475,0.0200445434298441,0.10068365444375388,1.4958185573794462,1.0,0.006644159184738513,1.0371099478445451,0.41386347468020046,0.08136614766449021,0.035782076839270205,0.19923888604540635,162
Routine Tech,cotton buds,"energy bar, tooth brush",0.19908438505320467,0.09020044543429843,0.026849789656025736,0.1348663766314481,1.495185261914079,1.0,0.008892289445213291,1.051628939149579,0.41350992887150534,0.10231023102310231,0.04909425485317062,0.21626720752011364,217
Routine Tech,"energy bar, tooth brush",cotton buds,0.09020044543429843,0.19908438505320467,0.026849789656025736,0.29766803840877915,1.4951852619140789,1.0,0.008892289445213291,1.1403661783129175,0.36402145649194256,0.10231023102310231,0.12308868938973475,0.21626720752011364,217
Routine Tech,razor,"toilet paper, toothpaste",0.2081168027715912,0.09514971541697599,0.02957188814649839,0.14209274673008324,1.4933596606925004,1.0,0.009769633589290568,1.0547180725354444,0.4171940376569037,0.10804701627486438,0.05187933530323161,0.22644299235073734,239
Routine Tech,"toilet paper, toothpaste",razor,0.09514971541697599,0.2081168027715912,0.02957188814649839,0.3107932379713914,1.4933596606925001,1.0,0.009769633589290568,1.1489776956012194,0.36510896225956296,0.10804701627486438,0.1296610858257477,0.22644299235073734,239
Routine Tech,nonfat milk,"shampoo, shower gel",0.11247216035634744,0.15639693145261074,0.02623113090819104,0.23322332233223322,1.4912269707983457,1.0,0.008640830154612329,1.1001939588372693,0.37115598589048554,0.1081081081081081,0.09106935920931489,0.2004724206597875,212
Routine Tech,"shampoo, shower gel",nonfat milk,0.15639693145261074,0.11247216035634744,0.02623113090819104,0.16772151898734178,1.4912269707983457,1.0,0.008640830154612329,1.066383259799978,0.39048135623239266,0.1081081081081081,0.06225084573479663,0.2004724206597875,212
Routine Tech,"deodorant, low fat yogurt",shampoo,0.05270972531551596,0.3450878495421925,0.027097253155159613,0.5140845070422535,1.4897206833687677,1.0,0.008907767396068546,1.347790222681285,0.34702480640128264,0.07309746328437916,0.25804477345843435,0.296303637529732,219
Routine Tech,shampoo,"deodorant, low fat yogurt",0.3450878495421925,0.05270972531551596,0.027097253155159613,0.07852276801721046,1.4897206833687675,1.0,0.008907767396068546,1.0280126755233563,0.5019501072753106,0.07309746328437916,0.027249348369265278,0.296303637529732,219
Routine Tech,"body spray, shampoo",cotton buds,0.09391239792130661,0.19908438505320467,0.02783964365256125,0.2964426877470356,1.4890303308710637,1.0,0.009143151663526066,1.1383800594468496,0.3624616505075333,0.10499300046663557,0.12155875210436297,0.2181405483483469,225
Routine Tech,cotton buds,"body spray, shampoo",0.19908438505320467,0.09391239792130661,0.02783964365256125,0.13983840894965818,1.4890303308710637,1.0,0.009143151663526066,1.0533923061738568,0.4100581904320511,0.10499300046663557,0.05068606051224053,0.2181405483483469,225
Routine Tech,"cotton buds, gluten free bar",tooth brush,0.04083147735708983,0.3419945558030191,0.020786933927245732,0.5090909090909091,1.48859360610446,1.0,0.006822790965726765,1.3403814604012576,0.3421974052779006,0.05741626794258373,0.2539437245717803,0.28493619260623604,168
Routine Tech,tooth brush,"cotton buds, gluten free bar",0.3419945558030191,0.04083147735708983,0.020786933927245732,0.06078147612156295,1.4885936061044598,1.0,0.006822790965726765,1.02124106185863,0.49881803040885403,0.05741626794258373,0.020799263417759513,0.28493619260623604,168
Routine Tech,"green tea, protein bar",tooth brush,0.03996535511012126,0.3419945558030191,0.020292006928977976,0.5077399380804953,1.4846433355884816,1.0,0.006624073060582138,1.3367028834944958,0.3400268453000292,0.056106739651043444,0.2518905941268453,0.283537118099582,164
Routine Tech,tooth brush,"green tea, protein bar",0.3419945558030191,0.03996535511012126,0.020292006928977976,0.05933429811866859,1.4846433355884814,1.0,0.006624073060582138,1.020590676336779,0.4961015969693356,0.056106739651043444,0.02017525420738233,0.283537118099582,164
Routine Tech,"deodorant, nonfat milk",shower gel,0.049368968077208614,0.3431081415491215,0.02511754516208859,0.5087719298245613,1.482832577296107,1.0,0.008178650274919638,1.3372441404178597,0.3425251450807201,0.06837318962613674,0.2521933955249773,0.29098892199846893,203
Routine Tech,shower gel,"deodorant, nonfat milk",0.3431081415491215,0.049368968077208614,0.02511754516208859,0.07320591417237649,1.482832577296107,1.0,0.008178650274919638,1.025719786584397,0.49569046706633496,0.06837318962613674,0.025074866372659994,0.29098892199846893,203
Routine Tech,"nonfat milk, toothpaste",deodorant,0.0483791140806731,0.34347933679782233,0.024622618163820838,0.5089514066496164,1.4817526183509364,1.0,0.008005392144525052,1.3369769755836012,0.3416523522566675,0.06704851752021564,0.2520439631628721,0.29031864280607617,199
Routine Tech,deodorant,"nonfat milk, toothpaste",0.34347933679782233,0.0483791140806731,0.024622618163820838,0.07168587896253602,1.4817526183509362,1.0,0.008005392144525052,1.025106549985274,0.49522205827478893,0.06704851752021564,0.024491649171137185,0.29031864280607617,199
Routine Tech,"deodorant, nonfat milk",shampoo,0.049368968077208614,0.3450878495421925,0.025241276911655532,0.5112781954887218,1.4815885177267298,1.0,0.00820464588377446,1.340051015552129,0.34192946995276047,0.06836461126005362,0.25375975362551473,0.2922113458619658,204
Routine Tech,shampoo,"deodorant, nonfat milk",0.3450878495421925,0.049368968077208614,0.025241276911655532,0.07314449623520976,1.4815885177267298,1.0,0.00820464588377446,1.0256518174207603,0.49632422400284504,0.06836461126005362,0.02501025882766696,0.2922113458619658,204
Routine Tech,deodorant,"gluten free bar, razor",0.34347933679782233,0.042316258351893093,0.021529324424647365,0.06268011527377522,1.4812300925223725,1.0,0.006994564070173815,1.0217256213739987,0.4948594304430899,0.05910326086956522,0.021263655250988545,0.28572602254916835,174
Routine Tech,"gluten free bar, razor",deodorant,0.042316258351893093,0.34347933679782233,0.021529324424647365,0.5087719298245614,1.4812300925223723,1.0,0.006994564070173815,1.3364884929472902,0.3392408446939321,0.05910326086956522,0.2517705874184142,0.28572602254916835,174
Routine Tech,body spray,"almonds, toothpaste",0.21430339024993814,0.06755753526354863,0.021405592675080427,0.09988452655889146,1.4785105195035912,1.0,0.006927783831172207,1.035914271278726,0.41191934823176,0.0821852731591449,0.034669153881231526,0.20836717170435415,173
Routine Tech,"almonds, toothpaste",body spray,0.06755753526354863,0.21430339024993814,0.021405592675080427,0.31684981684981683,1.478510519503591,1.0,0.006927783831172207,1.1501081740577312,0.34709233827915026,0.0821852731591449,0.1305165700441291,0.20836717170435415,173
Routine Tech,nonfat milk,"shampoo, tooth brush",0.11247216035634744,0.15256124721603564,0.02536500866122247,0.22552255225522552,1.478242714782427,1.0,0.008206115600176145,1.0942071396031587,0.3645193867246075,0.10583376355188436,0.086096257457546,0.1958918519589185,205
Routine Tech,"shampoo, tooth brush",nonfat milk,0.15256124721603564,0.11247216035634744,0.02536500866122247,0.16626115166261152,1.478242714782427,1.0,0.008206115600176145,1.0645153952146145,0.38176340501906986,0.10583376355188436,0.06060541304018211,0.1958918519589185,205
Routine Tech,"energy bar, toothpaste",toilet paper,0.0894580549368968,0.21158129175946547,0.027963375402128187,0.31258644536652835,1.4773822523112763,1.0,0.009035724580290335,1.1469350624907575,0.35487338963667403,0.10240144993203444,0.12811105641121817,0.22237509402829342,226
Routine Tech,toilet paper,"energy bar, toothpaste",0.21158129175946547,0.0894580549368968,0.027963375402128187,0.13216374269005848,1.4773822523112763,1.0,0.009035724580290335,1.0492093841360555,0.40984200789960523,0.10240144993203444,0.04690139535549024,0.22237509402829342,226
Routine Tech,"almonds, deodorant",body spray,0.06409304627567433,0.21430339024993814,0.020292006928977976,0.31660231660231664,1.4773556136142743,1.0,0.006556649820654795,1.1496916492952882,0.3452425481420336,0.07861936720997124,0.13020156264250757,0.20564526915566178,164
Routine Tech,body spray,"almonds, deodorant",0.21430339024993814,0.06409304627567433,0.020292006928977976,0.09468822170900693,1.4773556136142743,1.0,0.006556649820654795,1.033795181027125,0.41124639907816407,0.07861936720997124,0.03269040294185537,0.20564526915566178,164
Routine Tech,"body spray, shower gel",gluten free bar,0.09527344716654293,0.15392229646127195,0.021653056174214303,0.2272727272727273,1.4765419467991818,1.0,0.006988348394558351,1.0949240869324717,0.3567286652078775,0.09516041326808049,0.08669467414714567,0.18397398421514177,175
Routine Tech,gluten free bar,"body spray, shower gel",0.15392229646127195,0.09527344716654293,0.021653056174214303,0.14067524115755628,1.4765419467991816,1.0,0.006988348394558351,1.0528342672823392,0.38145656624744084,0.09516041326808049,0.05018289100593133,0.18397398421514177,175
Routine Tech,"energy bar, shower gel",toilet paper,0.09119029943083395,0.21158129175946547,0.02845830240039594,0.31207598371777473,1.474969649360851,1.0,0.009164141050887642,1.1460839999472856,0.35433154763666497,0.10374379792512405,0.12746360646689509,0.22328945384719145,230
Routine Tech,toilet paper,"energy bar, shower gel",0.21158129175946547,0.09119029943083395,0.02845830240039594,0.13450292397660818,1.474969649360851,1.0,0.009164141050887642,1.0500436405224824,0.4084377302873986,0.10374379792512405,0.04765862921428827,0.22328945384719145,230
Routine Tech,"razor, toothpaste",gluten free bar,0.09651076466221233,0.15392229646127195,0.02190051967334818,0.2269230769230769,1.4742703438041058,1.0,0.007045361143307085,1.094428870249101,0.3560621886736394,0.09583107742284785,0.08628141381870541,0.1846030175612169,177
Routine Tech,gluten free bar,"razor, toothpaste",0.15392229646127195,0.09651076466221233,0.02190051967334818,0.1422829581993569,1.4742703438041058,1.0,0.007045361143307085,1.053365144105162,0.3802231795400578,0.09583107742284785,0.05066158150742297,0.1846030175612169,177
Routine Tech,"nonfat milk, tooth brush",shampoo,0.04986389507547637,0.3450878495421925,0.02536500866122247,0.5086848635235732,1.4740735270697451,1.0,0.008157584339828806,1.332977760780285,0.3384860198387112,0.06863073317710078,0.24979993708624956,0.2910939556054582,205
Routine Tech,shampoo,"nonfat milk, tooth brush",0.3450878495421925,0.04986389507547637,0.02536500866122247,0.07350304768734314,1.4740735270697451,1.0,0.008157584339828806,1.025514549781152,0.4910701202232124,0.06863073317710078,0.024879754057703776,0.2910939556054582,205
Routine Tech,"antioxydant juice, toilet paper",toothpaste,0.05617421430339025,0.3453353130413264,0.02858203414996288,0.5088105726872247,1.4733812427295414,1.0,0.009183094268651052,1.3328151025974793,0.3404113802645527,0.07664233576642335,0.24970838186697225,0.2957883031834547,231
Routine Tech,toothpaste,"antioxydant juice, toilet paper",0.3453353130413264,0.05617421430339025,0.02858203414996288,0.0827660336796847,1.4733812427295412,1.0,0.009183094268651052,1.0289913155778274,0.49076885440521795,0.07664233576642335,0.02817449976392393,0.2957883031834547,231
Routine Tech,"gluten free bar, shampoo",body spray,0.06941351150705272,0.21430339024993814,0.02190051967334818,0.31550802139037426,1.472249323831989,1.0,0.0070249688282336895,1.1478536408067308,0.34469361494031386,0.08364839319470699,0.1288087919491346,0.2088510083857183,177
Routine Tech,body spray,"gluten free bar, shampoo",0.21430339024993814,0.06941351150705272,0.02190051967334818,0.10219399538106234,1.472249323831989,1.0,0.0070249688282336895,1.03651176724745,0.4082583744828505,0.08364839319470699,0.03522561769309211,0.2088510083857183,177
Routine Tech,"cotton buds, shampoo",toilet paper,0.09180895817866865,0.21158129175946547,0.02858203414996288,0.3113207547169812,1.4714001986097323,1.0,0.009156976183429429,1.1448271653903652,0.3527619519445134,0.10400720396217919,0.12650570301673603,0.22320423700761338,231
Routine Tech,toilet paper,"cotton buds, shampoo",0.21158129175946547,0.09180895817866865,0.02858203414996288,0.13508771929824562,1.471400198609732,1.0,0.009156976183429429,1.0500383242153324,0.4063516521143641,0.10400720396217919,0.04765380754338162,0.22320423700761338,231
Routine Tech,"low fat yogurt, shampoo",deodorant,0.05369957931205147,0.34347933679782233,0.027097253155159613,0.5046082949308756,1.4691081554867926,1.0,0.008652557266734112,1.3252556643243958,0.3374350413633671,0.07321965897693078,0.24542861659090393,0.2917493924222101,219
Routine Tech,deodorant,"low fat yogurt, shampoo",0.34347933679782233,0.05369957931205147,0.027097253155159613,0.07889048991354466,1.4691081554867926,1.0,0.008652557266734112,1.0273484426397126,0.48637451872352655,0.07321965897693078,0.026620415727153242,0.2917493924222101,219
Routine Tech,"nonfat milk, shower gel",tooth brush,0.05246226181638208,0.3419945558030191,0.02635486265775798,0.5023584905660378,1.4689078584496083,1.0,0.008413054731442701,1.3222479068223694,0.33689645490248005,0.07159663865546217,0.24371217013063504,0.2897103596100811,213
Routine Tech,tooth brush,"nonfat milk, shower gel",0.3419945558030191,0.05246226181638208,0.02635486265775798,0.07706222865412445,1.468907858449608,1.0,0.008413054731442701,1.0266539821009486,0.48513596307694473,0.07159663865546217,0.02596199164045884,0.2897103596100811,213
Routine Tech,"protein bar, toilet paper",deodorant,0.05642167780252413,0.34347933679782233,0.02845830240039594,0.5043859649122807,1.4684608675868345,1.0,0.00907862192776454,1.3246611611512964,0.33809051414497315,0.07661558960692871,0.24508996766322141,0.29361949542444005,230
Routine Tech,deodorant,"protein bar, toilet paper",0.34347933679782233,0.05642167780252413,0.02845830240039594,0.08285302593659942,1.4684608675868345,1.0,0.00907862192776454,1.0288190975727387,0.4859175011062129,0.07661558960692871,0.028011822137371693,0.29361949542444005,230
Routine Tech,"protein bar, toothpaste",antioxydant juice,0.09106656768126702,0.21034397426379609,0.028087107151695125,0.30842391304347827,1.4662835677749362,1.0,0.008931803383054451,1.1418208937953755,0.34986465108525,0.10276143051154367,0.12420590178899896,0.22097666240409208,227
Routine Tech,antioxydant juice,"protein bar, toothpaste",0.21034397426379609,0.09106656768126702,0.028087107151695125,0.1335294117647059,1.4662835677749362,1.0,0.008931803383054451,1.0490066768104862,0.40271164632908907,0.10276143051154367,0.04671722105667751,0.22097666240409208,227
Routine Tech,"oatmeal, shampoo",tooth brush,0.04986389507547637,0.3419945558030191,0.024993813412521652,0.5012406947890818,1.4656393977153976,1.0,0.007940632765575762,1.319284547320315,0.33437728458351756,0.06812816188870151,0.242013406409432,0.2871615919676234,202
Routine Tech,tooth brush,"oatmeal, shampoo",0.3419945558030191,0.04986389507547637,0.024993813412521652,0.07308248914616497,1.4656393977153976,1.0,0.007940632765575762,1.025049256054404,0.48282872664852045,0.06812816188870151,0.024437124271299036,0.2871615919676234,202
Routine Tech,"green tea, toothpaste",tooth brush,0.06050482553823311,0.3419945558030191,0.030314278643900024,0.5010224948875256,1.4650013761508616,1.0,0.009621957710012827,1.31870763201772,0.3378482329320507,0.08144946808510638,0.24168179836047043,0.2948310737824025,245
Routine Tech,tooth brush,"green tea, toothpaste",0.3419945558030191,0.06050482553823311,0.030314278643900024,0.0886396526772793,1.4650013761508616,1.0,0.009621957710012827,1.0308712434348248,0.4823771404011021,0.08144946808510638,0.029946750024729532,0.2948310737824025,245
Routine Tech,"deodorant, green tea",tooth brush,0.062484533531304134,0.3419945558030191,0.031304132640435536,0.500990099009901,1.4649066498545658,1.0,0.009934762350838327,1.3186220211090292,0.33851457056694867,0.08388594164456233,0.24163256491124854,0.2962620538464845,253
Routine Tech,tooth brush,"deodorant, green tea",0.3419945558030191,0.062484533531304134,0.031304132640435536,0.09153400868306802,1.4649066498545658,1.0,0.009934762350838327,1.0319764035521606,0.4823100603959703,0.08388594164456233,0.03098559564162013,0.2962620538464845,253
Routine Tech,deodorant,"razor, shower gel",0.34347933679782233,0.09255134867607027,0.04652313783716902,0.13544668587896255,1.4634760899382024,1.0,0.014733661974168394,1.049615606698012,0.48238445437120586,0.11944091486658197,0.04727026387698056,0.3190602413352032,376
Routine Tech,"razor, shower gel",deodorant,0.09255134867607027,0.34347933679782233,0.04652313783716902,0.5026737967914439,1.4634760899382022,1.0,0.014733661974168394,1.3201006883742712,0.3489953524534522,0.11944091486658197,0.24248202519194295,0.3190602413352032,376
Routine Tech,"protein bar, shower gel",deodorant,0.09279881217520415,0.34347933679782233,0.04664686958673596,0.5026666666666667,1.4634553314121037,1.0,0.014772395125171159,1.3200817624708667,0.34907986646233735,0.11972054620514451,0.2424711647191859,0.31923679154658985,377
Routine Tech,deodorant,"protein bar, shower gel",0.34347933679782233,0.09279881217520415,0.04664686958673596,0.13580691642651296,1.4634553314121037,1.0,0.014772395125171159,1.0497667767409893,0.48236969108591365,0.11972054620514451,0.047407460250828946,0.31923679154658985,377
Routine Tech,"cotton buds, protein bar",deodorant,0.05221479831724821,0.34347933679782233,0.02623113090819104,0.5023696682464455,1.4625906551757104,1.0,0.008296426611150577,1.3192939041491378,0.33370609389625094,0.07099799062290689,0.24201878227813273,0.28936927216356856,212
Routine Tech,deodorant,"cotton buds, protein bar",0.34347933679782233,0.05221479831724821,0.02623113090819104,0.07636887608069164,1.4625906551757104,1.0,0.008296426611150577,1.0261512167984863,0.4817543684970378,0.07099799062290689,0.025484759332134437,0.28936927216356856,212
Routine Tech,"shampoo, tooth brush",cotton buds,0.15256124721603564,0.19908438505320467,0.04441969809453106,0.2911597729115977,1.4624942726361296,1.0,0.014047136009576668,1.129895827493591,0.3731675445371321,0.1445831655255739,0.11496265791310563,0.2571398615956373,359
Routine Tech,cotton buds,"shampoo, tooth brush",0.19908438505320467,0.15256124721603564,0.04441969809453106,0.2231199502796768,1.4624942726361296,1.0,0.014047136009576668,1.090823162583519,0.394843891941112,0.1445831655255739,0.08326112398311399,0.2571398615956373,359
Routine Tech,"protein bar, tooth brush",shampoo,0.09539717891610987,0.3450878495421925,0.048131650581539225,0.5045395590142673,1.4620612104529611,1.0,0.015211243256987084,1.3218253089082976,0.34936228432066496,0.12267423525701672,0.24347037898229892,0.32200803694707625,389
Routine Tech,shampoo,"protein bar, tooth brush",0.3450878495421925,0.09539717891610987,0.048131650581539225,0.13947651487988527,1.462061210452961,1.0,0.015211243256987084,1.0512238616679042,0.4825595429186437,0.12267423525701672,0.048727833847521926,0.32200803694707625,389
Routine Tech,"deodorant, oatmeal",shower gel,0.04788418708240535,0.3431081415491215,0.024003959415986143,0.5012919896640827,1.4610320448846437,1.0,0.007574504976551592,1.31718730166057,0.33142219810695117,0.06540795684423467,0.24080652862405663,0.28562616071736413,194
Routine Tech,shower gel,"deodorant, oatmeal",0.3431081415491215,0.04788418708240535,0.024003959415986143,0.06996033177064552,1.4610320448846437,1.0,0.007574504976551592,1.023736777518608,0.4803717864820096,0.06540795684423467,0.02318640693571892,0.28562616071736413,194
Routine Tech,"razor, shampoo",gluten free bar,0.09193268992823558,0.15392229646127195,0.020663202177678794,0.22476446837146705,1.4602463290821517,1.0,0.006512711424062727,1.09138148216888,0.3470932504795561,0.09175824175824178,0.08373010140073074,0.17950442068091038,167
Routine Tech,gluten free bar,"razor, shampoo",0.15392229646127195,0.09193268992823558,0.020663202177678794,0.13424437299035372,1.4602463290821517,1.0,0.006512711424062727,1.0488725475666434,0.3725237445553469,0.09175824175824178,0.04659531577981179,0.17950442068091038,167
Routine Tech,"deodorant, razor",shower gel,0.09292254392477109,0.3431081415491215,0.04652313783716902,0.5006657789613849,1.4592069331287099,1.0,0.014640656483124202,1.3155354285242928,0.34693425180739335,0.11944091486658197,0.2398532351791133,0.31812949965018394,376
Routine Tech,shower gel,"deodorant, razor",0.3431081415491215,0.09292254392477109,0.04652313783716902,0.13559322033898305,1.4592069331287099,1.0,0.014640656483124202,1.0493641158517355,0.47906856281785665,0.11944091486658197,0.04704193244846011,0.31812949965018394,376
Routine Tech,"razor, toilet paper",toothpaste,0.05877258104429597,0.3453353130413264,0.02957188814649839,0.5031578947368421,1.4570125780233458,1.0,0.009275640473319715,1.3176513826498728,0.3332500950181867,0.0789560621076974,0.24107391896865582,0.2943951422806389,239
Routine Tech,toothpaste,"razor, toilet paper",0.3453353130413264,0.05877258104429597,0.02957188814649839,0.08563238982443568,1.4570125780233456,1.0,0.009275640473319715,1.0293752846024178,0.47912180548163796,0.0789560621076974,0.028537002045627594,0.2943951422806389,239
Routine Tech,"cotton buds, deodorant",toilet paper,0.08673595644642415,0.21158129175946547,0.026726057906458798,0.3081312410841655,1.456325549966214,1.0,0.00837435219953164,1.1395495143847725,0.34309939935871386,0.09840546697038725,0.12246024645985966,0.21722351527892486,216
Routine Tech,toilet paper,"cotton buds, deodorant",0.21158129175946547,0.08673595644642415,0.026726057906458798,0.12631578947368421,1.4563255499662138,1.0,0.00837435219953164,1.045302218525177,0.39742885540908146,0.09840546697038725,0.043338871497942806,0.21722351527892486,216
Routine Tech,"green tea, shampoo",tooth brush,0.06211333828260331,0.3419945558030191,0.030932937391734718,0.49800796812749004,1.4561868301036087,1.0,0.009690513856333138,1.310788622963827,0.33402216358839043,0.08289124668435012,0.23710048860593727,0.29422829665419364,250
Routine Tech,tooth brush,"green tea, shampoo",0.3419945558030191,0.06211333828260331,0.030932937391734718,0.09044862518089725,1.4561868301036087,1.0,0.009690513856333138,1.031153036192078,0.47609778112072204,0.08289124668435012,0.030211845476518676,0.29422829665419364,250
Routine Tech,deodorant,"antioxydant juice, toilet paper",0.34347933679782233,0.05617421430339025,0.028087107151695125,0.08177233429394813,1.455691642651297,1.0,0.008792425277627896,1.0278777485656292,0.47681869581605724,0.07559107559107558,0.027121657808559095,0.2908861671469741,227
Routine Tech,"antioxydant juice, toilet paper",deodorant,0.05617421430339025,0.34347933679782233,0.028087107151695125,0.5,1.4556916426512967,1.0,0.008792425277627896,1.3130413264043552,0.331672784478238,0.07559107559107558,0.23840934790802865,0.2908861671469741,227
Routine Tech,"cotton buds, protein bar",tooth brush,0.05221479831724821,0.3419945558030191,0.025983667409057165,0.49763033175355453,1.4550826126021084,1.0,0.008126490652205637,1.3098032898638017,0.32998383687678723,0.07056451612903226,0.23652657789248357,0.2868035884527541,210
Routine Tech,tooth brush,"cotton buds, protein bar",0.3419945558030191,0.05221479831724821,0.025983667409057165,0.07597684515195369,1.4550826126021084,1.0,0.008126490652205637,1.0257158564804723,0.4753057898601336,0.07056451612903226,0.025071130877035205,0.2868035884527541,210
Routine Tech,tooth brush,"protein bar, shampoo",0.3419945558030191,0.0967582281613462,0.048131650581539225,0.14073806078147613,1.454533257334898,1.0,0.015040863321212461,1.0511832662577008,0.4749113212052776,0.12321824516946468,0.04869109688162878,0.31909025801222146,389
Routine Tech,"protein bar, shampoo",tooth brush,0.0967582281613462,0.3419945558030191,0.048131650581539225,0.49744245524296676,1.4545332573348977,1.0,0.015040863321212461,1.3093136319644763,0.3459696446807761,0.12321824516946468,0.23624105364303447,0.31909025801222146,389
Routine Tech,"gluten free bar, shower gel",tooth brush,0.06594902251917842,0.3419945558030191,0.0327889136352388,0.49718574108818014,1.4537826192021244,1.0,0.010234706973149078,1.3086451558096674,0.3341779618442528,0.08740105540897096,0.23585091377861447,0.2965306418899656,265
Routine Tech,tooth brush,"gluten free bar, shower gel",0.3419945558030191,0.06594902251917842,0.0327889136352388,0.09587554269175108,1.4537826192021244,1.0,0.010234706973149078,1.0331000007030775,0.4743718379018925,0.08740105540897096,0.032039493447441024,0.2965306418899656,265
Routine Tech,"antioxydant juice, toothpaste",toilet paper,0.09292254392477109,0.21158129175946547,0.02858203414996288,0.307589880159787,1.4537669072815196,1.0,0.008921362272784145,1.1386585574781565,0.34410712735634313,0.10358744394618834,0.12177360506142478,0.22133879972901632,231
Routine Tech,toilet paper,"antioxydant juice, toothpaste",0.21158129175946547,0.09292254392477109,0.02858203414996288,0.13508771929824562,1.4537669072815196,1.0,0.008921362272784145,1.0487508112837332,0.39589600606549774,0.10358744394618834,0.04648464702883933,0.22133879972901632,231
Routine Tech,"almonds, shower gel",shampoo,0.06347438752783964,0.3450878495421925,0.03179905963870329,0.5009746588693957,1.4517307970535878,1.0,0.009894819745713341,1.312382551503341,0.3322568556054724,0.08440065681444991,0.23802705327459975,0.2965611910338373,257
Routine Tech,shampoo,"almonds, shower gel",0.3450878495421925,0.06347438752783964,0.03179905963870329,0.09214772319827895,1.4517307970535878,1.0,0.009894819745713341,1.0315837018897531,0.47512793124462893,0.08440065681444991,0.030616712761063616,0.2965611910338373,257
Routine Tech,"nonfat milk, shampoo",tooth brush,0.051101212571145756,0.3419945558030191,0.02536500866122247,0.4963680387409201,1.4513916386049623,1.0,0.007888672166957822,1.3065204252565057,0.3277547554455854,0.0689771197846568,0.23460821532608428,0.28526795569462793,205
Routine Tech,tooth brush,"nonfat milk, shampoo",0.3419945558030191,0.051101212571145756,0.02536500866122247,0.07416787264833574,1.4513916386049623,1.0,0.007888672166957822,1.0249145167852103,0.47264972160815993,0.0689771197846568,0.024308872961774607,0.28526795569462793,205
Routine Tech,"deodorant, nonfat milk",tooth brush,0.049368968077208614,0.3419945558030191,0.024498886414253896,0.49624060150375937,1.4510190091727146,1.0,0.007614968106235506,1.3061899116149023,0.3269713929612405,0.06677908937605397,0.23441454331579223,0.283937956323515,198
Routine Tech,tooth brush,"deodorant, nonfat milk",0.3419945558030191,0.049368968077208614,0.024498886414253896,0.07163531114327061,1.4510190091727144,1.0,0.007614968106235506,1.0239844786572858,0.4723808221363691,0.06677908937605397,0.023422697469727066,0.283937956323515,198
Routine Tech,"razor, tooth brush",toothpaste,0.09143776292996783,0.3453353130413264,0.045780747339767384,0.5006765899864682,1.4498273737981497,1.0,0.014204058854548354,1.3111035329605958,0.34148757227880205,0.11708860759493671,0.23728372713487736,0.31662278084060064,370
Routine Tech,toothpaste,"razor, tooth brush",0.3453353130413264,0.09143776292996783,0.045780747339767384,0.13256897169473306,1.4498273737981495,1.0,0.014204058854548354,1.0474172671055182,0.47392614689911994,0.11708860759493671,0.0452706563035316,0.31662278084060064,370
Routine Tech,"protein bar, shower gel",body spray,0.09279881217520415,0.21430339024993814,0.028829497649096758,0.3106666666666667,1.4496581986143189,1.0,0.008942397588783273,1.1397919870648865,0.34191117073958827,0.1036016007114273,0.12264692913385832,0.22259661277906084,233
Routine Tech,body spray,"protein bar, shower gel",0.21430339024993814,0.09279881217520415,0.028829497649096758,0.13452655889145496,1.4496581986143187,1.0,0.008942397588783273,1.04821378072885,0.3947862525767971,0.1036016007114273,0.04599613324614553,0.22259661277906084,233
Routine Tech,shampoo,"protein bar, razor",0.3450878495421925,0.05790645879732739,0.028953229398663696,0.0839010397992112,1.4489064180709934,1.0,0.008970414057690411,1.0283752980094927,0.4730776497260533,0.0774065497849818,0.02759235666630219,0.2919505198996056,234
Routine Tech,shampoo,"nonfat milk, shower gel",0.3450878495421925,0.05246226181638208,0.02623113090819104,0.07601290785227681,1.4489064180709934,1.0,0.008127041795856271,1.0254880682165737,0.4730776497260534,0.07064311896034654,0.024854573160368397,0.2880064539261384,212
Routine Tech,shampoo,"low fat yogurt, tooth brush",0.3450878495421925,0.05073001732244494,0.02536500866122247,0.07350304768734314,1.4489064180709934,1.0,0.007858696076181771,1.024579714275426,0.4730776497260533,0.06847027388109554,0.023990045804106786,0.2867515238436716,205
Routine Tech,"body spray, protein bar",shampoo,0.05864884929472903,0.3450878495421925,0.029324424647364514,0.5,1.4489064180709932,1.0,0.009085419366122338,1.309824300915615,0.32912723449001047,0.0783212161269002,0.23653882486302666,0.2924883470778057,237
Routine Tech,"low fat yogurt, tooth brush",shampoo,0.05073001732244494,0.3450878495421925,0.02536500866122247,0.5,1.4489064180709932,1.0,0.007858696076181771,1.309824300915615,0.3263816475495308,0.06847027388109554,0.23653882486302666,0.2867515238436716,205
Routine Tech,"nonfat milk, shower gel",shampoo,0.05246226181638208,0.3450878495421925,0.02623113090819104,0.5,1.4489064180709932,1.0,0.008127041795856271,1.309824300915615,0.3269783233220163,0.07064311896034654,0.23653882486302666,0.2880064539261384,212
Routine Tech,"oatmeal, tooth brush",shampoo,0.049987626825043305,0.3450878495421925,0.024993813412521652,0.5,1.4489064180709932,1.0,0.00774369076774984,1.309824300915615,0.32612659546756967,0.06753594115680374,0.23653882486302666,0.2862136966654715,202
Routine Tech,"protein bar, razor",shampoo,0.05790645879732739,0.3450878495421925,0.028953229398663696,0.5,1.4489064180709932,1.0,0.008970414057690411,1.309824300915615,0.32886787496716574,0.0774065497849818,0.23653882486302666,0.2919505198996056,234
Routine Tech,"protein bar, toilet paper",shampoo,0.05642167780252413,0.3450878495421925,0.028210838901262063,0.5,1.4489064180709932,1.0,0.008740403440826553,1.309824300915615,0.3283503802779963,0.07557176002651642,0.23653882486302666,0.29087486554320546,228
Routine Tech,shampoo,"body spray, protein bar",0.3450878495421925,0.05864884929472903,0.029324424647364514,0.08497669415561133,1.4489064180709932,1.0,0.009085419366122338,1.0287728680709252,0.4730776497260532,0.0783212161269002,0.0279681443435398,0.2924883470778057,237
Routine Tech,shampoo,"protein bar, toilet paper",0.3450878495421925,0.05642167780252413,0.028210838901262063,0.0817497310864109,1.4489064180709932,1.0,0.008740403440826553,1.02758295220959,0.47307764972605326,0.07557176002651642,0.026842555289846956,0.29087486554320546,228
Routine Tech,shampoo,"oatmeal, tooth brush",0.3450878495421925,0.049987626825043305,0.024993813412521652,0.07242739333094299,1.4489064180709932,1.0,0.00774369076774984,1.02419192453999,0.4730776497260532,0.06753594115680374,0.023620499205610997,0.2862136966654715,202
Routine Tech,"energy bar, shampoo",cotton buds,0.09094283593170008,0.19908438505320467,0.02623113090819104,0.28843537414965986,1.4488096295074897,1.0,0.008125832341734047,1.1255697456709266,0.34076866183347837,0.09943714821763602,0.1115610526614477,0.21009711529111333,212
Routine Tech,cotton buds,"energy bar, shampoo",0.19908438505320467,0.09094283593170008,0.02623113090819104,0.1317588564325668,1.4488096295074895,1.0,0.008125832341734047,1.0470100050006403,0.3867800646517172,0.09943714821763602,0.04489928919123517,0.21009711529111333,212
Routine Tech,toilet paper,"razor, toothpaste",0.21158129175946547,0.09651076466221233,0.02957188814649839,0.13976608187134504,1.4481916329284752,1.0,0.009152015890573736,1.0502832035537846,0.39253717230456475,0.10617503331852511,0.04787585232596694,0.2230881691408007,239
Routine Tech,"razor, toothpaste",toilet paper,0.09651076466221233,0.21158129175946547,0.02957188814649839,0.3064102564102564,1.448191632928475,1.0,0.009152015890573736,1.1367219823061312,0.34254270911047474,0.10617503331852511,0.12027741561639864,0.2230881691408007,239
Routine Tech,"deodorant, shampoo",nonfat milk,0.15528334570650829,0.11247216035634744,0.025241276911655532,0.16254980079681278,1.445244763520177,1.0,0.007776223552682995,1.0597977533328107,0.36470889806046924,0.10408163265306125,0.056423740421001095,0.1934861215205186,204
Routine Tech,nonfat milk,"deodorant, shampoo",0.11247216035634744,0.15528334570650829,0.025241276911655532,0.22442244224422445,1.4452447635201768,1.0,0.007776223552682995,1.0891453031954383,0.34711663837429574,0.10408163265306125,0.08184886161093043,0.1934861215205186,204
Routine Tech,"protein bar, shampoo",cotton buds,0.0967582281613462,0.19908438505320467,0.02783964365256125,0.2877237851662404,1.4452353211395619,1.0,0.00857659130022197,1.124445261918122,0.3410727549467275,0.10387811634349031,0.11067258330195505,0.2137810970579493,225
Routine Tech,cotton buds,"protein bar, shampoo",0.19908438505320467,0.0967582281613462,0.02783964365256125,0.13983840894965818,1.4452353211395619,1.0,0.00857659130022197,1.0500838228962384,0.3846487117427949,0.10387811634349031,0.04769507138782704,0.2137810970579493,225
Routine Tech,deodorant,"low fat yogurt, shower gel",0.34347933679782233,0.051101212571145756,0.02536500866122247,0.07384726224783862,1.4451176113487452,1.0,0.007812798057720786,1.02455971758168,0.4691623840475119,0.06869973190348526,0.023970996673234025,0.28510765049437936,205
Routine Tech,"low fat yogurt, shower gel",deodorant,0.051101212571145756,0.34347933679782233,0.02536500866122247,0.4963680387409201,1.445117611348745,1.0,0.007812798057720786,1.3035722783774009,0.32460237446291534,0.06869973190348526,0.2328772124206778,0.28510765049437936,205
Routine Tech,"gluten free bar, protein bar",shampoo,0.04021281860925514,0.3450878495421925,0.0200445434298441,0.49846153846153846,1.4444482444769287,1.0,0.006167588331945983,1.3058064349618863,0.3205857871106464,0.054878048780487805,0.2341897135549129,0.2782734368535731,162
Routine Tech,shampoo,"gluten free bar, protein bar",0.3450878495421925,0.04021281860925514,0.0200445434298441,0.05808533524560775,1.4444482444769287,1.0,0.006167588331945983,1.0189746665012513,0.4698250426255968,0.054878048780487805,0.018621332919298936,0.2782734368535731,162
Routine Tech,"deodorant, nonfat milk",toothpaste,0.049368968077208614,0.3453353130413264,0.024622618163820838,0.4987468671679198,1.4442394053927365,1.0,0.00757377011835075,1.306056050482554,0.323568251252357,0.0665329321297225,0.2343360764413396,0.28502373813430026,199
Routine Tech,toothpaste,"deodorant, nonfat milk",0.3453353130413264,0.049368968077208614,0.024622618163820838,0.07130060910068076,1.4442394053927365,1.0,0.00757377011835075,1.0236154359940242,0.4698497211060024,0.0665329321297225,0.02307061339993516,0.28502373813430026,199
Routine Tech,"antioxydant juice, deodorant",toilet paper,0.09193268992823558,0.21158129175946547,0.028087107151695125,0.30551816958277256,1.4439753488701568,1.0,0.00863586986175664,1.1352618221370487,0.3385953865445184,0.10197663971248877,0.11914592695668047,0.21913335379723425,227
Routine Tech,toilet paper,"antioxydant juice, deodorant",0.21158129175946547,0.09193268992823558,0.028087107151695125,0.13274853801169592,1.4439753488701568,1.0,0.00863586986175664,1.0470634526114075,0.38997984021503773,0.10197663971248877,0.04494804254128988,0.21913335379723425,227
Routine Tech,toothpaste,"toilet paper, tooth brush",0.3453353130413264,0.08933432318732987,0.044543429844097995,0.12898602651379434,1.4438574325269888,1.0,0.013693133380866411,1.0455236133213337,0.46956991956991956,0.11417697431018077,0.04354144922343558,0.3138004924812739,360
Routine Tech,"toilet paper, tooth brush",toothpaste,0.08933432318732987,0.3453353130413264,0.044543429844097995,0.4986149584487535,1.4438574325269886,1.0,0.013693133380866411,1.3057124419452,0.3375671799516908,0.11417697431018077,0.23413458593513994,0.3138004924812739,360
Routine Tech,"body spray, tooth brush",gluten free bar,0.09242761692650334,0.15392229646127195,0.020539470428111852,0.2222222222222222,1.4437299035369775,1.0,0.006312799374341729,1.0878141902640788,0.33865030674846636,0.09095890410958904,0.08072535829189821,0.1778313683458378,166
Routine Tech,gluten free bar,"body spray, tooth brush",0.15392229646127195,0.09242761692650334,0.020539470428111852,0.13344051446945338,1.4437299035369775,1.0,0.006312799374341729,1.0473284272202503,0.36326411231354205,0.09095890410958904,0.04518967115775354,0.1778313683458378,166
Routine Tech,"deodorant, gluten free bar",shampoo,0.06731007176441475,0.3450878495421925,0.03353130413264044,0.49816176470588236,1.44357955623985,1.0,0.010303416214927898,1.3050264097034698,0.32945303451442576,0.08850424559111693,0.23373198230737602,0.29766460411701434,271
Routine Tech,shampoo,"deodorant, gluten free bar",0.3450878495421925,0.06731007176441475,0.03353130413264044,0.0971674435281463,1.44357955623985,1.0,0.010303416214927898,1.0330707743641967,0.4691889238937732,0.08850424559111693,0.0320121091263569,0.29766460411701434,271
Routine Tech,shower gel,"razor, shampoo",0.3431081415491215,0.09193268992823558,0.04553328384063351,0.13270825820411108,1.4435372043144359,1.0,0.01399042945174496,1.047014823629523,0.46774396635737525,0.11689961880559085,0.044903684807961,0.3139988128167258,368
Routine Tech,"razor, shampoo",shower gel,0.09193268992823558,0.3431081415491215,0.04553328384063351,0.49528936742934054,1.4435372043144357,1.0,0.01399042945174496,1.3015217355440074,0.3383639075339018,0.11689961880559085,0.23166861321603507,0.3139988128167258,368
Routine Tech,"oatmeal, tooth brush",shower gel,0.049987626825043305,0.3431081415491215,0.024746349913387776,0.4950495049504951,1.4428381172051574,1.0,0.007595188172996155,1.3009034843831122,0.32307111226882007,0.06718172657037286,0.2313034656262764,0.2835867791611473,200
Routine Tech,shower gel,"oatmeal, tooth brush",0.3431081415491215,0.049987626825043305,0.024746349913387776,0.0721240533717995,1.4428381172051574,1.0,0.007595188172996155,1.023857097090616,0.4672330005650782,0.06718172657037286,0.02330119814416301,0.2835867791611473,200
Routine Tech,razor,"protein bar, toothpaste",0.2081168027715912,0.09106656768126702,0.027344716654293492,0.1313912009512485,1.4428039213152044,1.0,0.008392233749085484,1.0464243895688632,0.38756363122171944,0.10059171597633136,0.044364781661855486,0.21583147004084163,221
Routine Tech,"protein bar, toothpaste",razor,0.09106656768126702,0.2081168027715912,0.027344716654293492,0.30027173913043476,1.4428039213152042,1.0,0.008392233749085484,1.1317010352623473,0.33765413011421236,0.10059171597633136,0.11637440557065212,0.21583147004084163,221
Routine Tech,tooth brush,"protein bar, shower gel",0.3419945558030191,0.09279881217520415,0.045780747339767384,0.13386396526772792,1.4425180897250363,1.0,0.014044058790860646,1.0474118977225295,0.4662085929479688,0.11768447837150127,0.04526576204225002,0.3135986493005306,370
Routine Tech,"protein bar, shower gel",tooth brush,0.09279881217520415,0.3419945558030191,0.045780747339767384,0.49333333333333335,1.442518089725036,1.0,0.014044058790860646,1.2986949556519363,0.33814747644534887,0.11768447837150127,0.22999623918766454,0.3135986493005306,370
Routine Tech,toilet paper,"deodorant, gluten free bar",0.21158129175946547,0.06731007176441475,0.020539470428111852,0.09707602339181287,1.4422213622291022,1.0,0.006297918495774655,1.0329661769966652,0.38891157851745956,0.07950191570881225,0.03191409141053749,0.20111154110767113,166
Routine Tech,"deodorant, gluten free bar",toilet paper,0.06731007176441475,0.21158129175946547,0.020539470428111852,0.3051470588235294,1.442221362229102,1.0,0.006297918495774655,1.1346554954572772,0.3287535922410788,0.07950191570881225,0.11867522432701892,0.20111154110767113,166
Routine Tech,"oatmeal, shower gel",shampoo,0.051719871318980454,0.3450878495421925,0.025736203909923285,0.4976076555023923,1.441973851477352,1.0,0.007888304737857399,1.3035870423398261,0.3232232114180182,0.0693564521507169,0.23288590058007452,0.2860931787730678,208
Routine Tech,shampoo,"oatmeal, shower gel",0.3450878495421925,0.051719871318980454,0.025736203909923285,0.07457870204374327,1.441973851477352,1.0,0.007888304737857399,1.0247009991830156,0.4680110886657267,0.0693564521507169,0.024105567577966218,0.2860931787730678,208
Routine Tech,"deodorant, protein bar",shower gel,0.09428359317000742,0.3431081415491215,0.04664686958673596,0.49475065616797903,1.4419671125674745,1.0,0.01429740115560127,1.3001340159469337,0.33840935774231434,0.11937935402153262,0.2308485219720487,0.31535224838691056,377
Routine Tech,shower gel,"deodorant, protein bar",0.3431081415491215,0.09428359317000742,0.04664686958673596,0.13595384060584206,1.4419671125674745,1.0,0.01429740115560127,1.0482268765190188,0.4665956863201622,0.11937935402153262,0.04600805188202398,0.31535224838691056,377
Routine Tech,"green tea, shower gel",tooth brush,0.062484533531304134,0.3419945558030191,0.03080920564216778,0.49306930693069306,1.4417460704102247,1.0,0.00943983535257057,1.2980185520292007,0.32681763082420734,0.08245033112582781,0.22959498657650643,0.29157806880543335,249
Routine Tech,tooth brush,"green tea, shower gel",0.3419945558030191,0.062484533531304134,0.03080920564216778,0.09008683068017366,1.4417460704102247,1.0,0.00943983535257057,1.0303350891926344,0.4656444506872921,0.08245033112582781,0.02944196457135588,0.29157806880543335,249
Routine Tech,shower gel,"energy bar, toilet paper",0.3431081415491215,0.05753526354862658,0.02845830240039594,0.08294266137756942,1.4415969661365937,1.0,0.00871748505068776,1.0277053535901135,0.466324616934328,0.0764627659574468,0.026958459925628994,0.2887831586457739,230
Routine Tech,"energy bar, toilet paper",shower gel,0.05753526354862658,0.3431081415491215,0.02845830240039594,0.49462365591397844,1.4415969661365935,1.0,0.00871748505068776,1.2998072943815255,0.32502525814682254,0.0764627659574468,0.23065518687074285,0.2887831586457739,230
Routine Tech,shampoo,"protein bar, shower gel",0.3450878495421925,0.09279881217520415,0.0461519425884682,0.13373969164575117,1.4411789171746148,1.0,0.014128200054857168,1.0472616361106604,0.4674270079000593,0.11781427668982945,0.04512877630673227,0.3155365124895423,373
Routine Tech,"protein bar, shower gel",shampoo,0.09279881217520415,0.3450878495421925,0.0461519425884682,0.49733333333333335,1.4411789171746145,1.0,0.014128200054857168,1.3028756308842326,0.3374374185508748,0.11781427668982945,0.23246703192896281,0.3155365124895423,373
Routine Tech,"body spray, deodorant",shower gel,0.08883939618906211,0.3431081415491215,0.043924771096263304,0.4944289693593315,1.4410295457490505,1.0,0.013443250973488096,1.2993067613436111,0.33589215903787756,0.1132015306122449,0.23035881152045906,0.3112245820471378,355
Routine Tech,shower gel,"body spray, deodorant",0.3431081415491215,0.08883939618906211,0.043924771096263304,0.1280201947349441,1.4410295457490505,1.0,0.013443250973488096,1.0449331490354552,0.46590880752588626,0.1132015306122449,0.04300097960996989,0.3112245820471378,355
Routine Tech,"cotton buds, tooth brush",shampoo,0.08933432318732987,0.3450878495421925,0.04441969809453106,0.49722991689750695,1.440879235699409,1.0,0.013591508615508167,1.302607638100653,0.3359952161802107,0.11389593908629442,0.23230912306171383,0.3129749441066954,359
Routine Tech,shampoo,"cotton buds, tooth brush",0.3450878495421925,0.08933432318732987,0.04441969809453106,0.12871997131588384,1.440879235699409,1.0,0.013591508615508167,1.0452043508767643,0.46720664860879485,0.11389593908629442,0.04324929458899092,0.3129749441066954,359
Routine Tech,"shower gel, toothpaste",tooth brush,0.15268497896560257,0.3419945558030191,0.07522890373669884,0.4927066450567261,1.4406856386933649,1.0,0.02301147217756428,1.2970906040560295,0.3610062868912937,0.17935103244837758,0.22904383327349764,0.3563388507483341,608
Routine Tech,tooth brush,"shower gel, toothpaste",0.3419945558030191,0.15268497896560257,0.07522890373669884,0.2199710564399421,1.4406856386933649,1.0,0.02301147217756428,1.0862610009921494,0.4648685695057501,0.17935103244837758,0.0794109343089387,0.3563388507483341,608
Routine Tech,"almonds, energy bar",shampoo,0.04083147735708983,0.3450878495421925,0.020292006928977976,0.496969696969697,1.4401251670523814,1.0,0.006201560214189121,1.3019337930787742,0.3186258778222458,0.05549915397631134,0.23191178743795415,0.27788606755978573,164
Routine Tech,shampoo,"almonds, energy bar",0.3450878495421925,0.04083147735708983,0.020292006928977976,0.05880243814987451,1.4401251670523811,1.0,0.006201560214189121,1.019093717962315,0.4666517674056394,0.05549915397631134,0.018735978473592076,0.27788606755978573,164
Routine Tech,cotton buds,"toilet paper, tooth brush",0.19908438505320467,0.08933432318732987,0.025612472160356347,0.12865133623368552,1.4401109410535269,1.0,0.007827403364462537,1.0451220213920016,0.3815745971187638,0.09745762711864407,0.04317392655443565,0.20767746867085937,207
Routine Tech,"toilet paper, tooth brush",cotton buds,0.08933432318732987,0.19908438505320467,0.025612472160356347,0.2867036011080332,1.4401109410535267,1.0,0.007827403364462537,1.1228370368768665,0.33558863684099965,0.09745762711864407,0.10939881108529653,0.20767746867085937,207
Routine Tech,"protein bar, tooth brush",green tea,0.09539717891610987,0.147735708982925,0.020292006928977976,0.21271076523994814,1.4398060340613577,1.0,0.006198437066835538,1.082530096168311,0.33767527047449386,0.09106052193225987,0.07623815398798793,0.175032099537897,164
Routine Tech,green tea,"protein bar, tooth brush",0.147735708982925,0.09539717891610987,0.020292006928977976,0.1373534338358459,1.4398060340613574,1.0,0.006198437066835538,1.0486366683244317,0.3584122971020651,0.09106052193225987,0.046380857921119754,0.175032099537897,164
Routine Tech,"cotton buds, deodorant",tooth brush,0.08673595644642415,0.3419945558030191,0.042687453600593915,0.49215406562054215,1.43906988362707,1.0,0.013024228703549079,1.2956792595002349,0.3340837913247685,0.11057692307692307,0.22820405384453207,0.3084865841850902,345
Routine Tech,tooth brush,"cotton buds, deodorant",0.3419945558030191,0.08673595644642415,0.042687453600593915,0.1248191027496382,1.43906988362707,1.0,0.013024228703549079,1.0435145995791995,0.4636841789710636,0.11057692307692307,0.04170003907635496,0.3084865841850902,345
Routine Tech,"nonfat milk, shampoo",deodorant,0.051101212571145756,0.34347933679782233,0.025241276911655532,0.4939467312348669,1.438068257147044,1.0,0.0076890663081538475,1.2973350904425807,0.32102761563616194,0.06834170854271357,0.22918912209577727,0.2837168814675775,204
Routine Tech,deodorant,"nonfat milk, shampoo",0.34347933679782233,0.051101212571145756,0.025241276911655532,0.07348703170028818,1.4380682571470438,1.0,0.0076890663081538475,1.0241613662140354,0.46399562463507843,0.06834170854271357,0.023591366566922557,0.2837168814675775,204
Routine Tech,"protein bar, shampoo",razor,0.0967582281613462,0.2081168027715912,0.028953229398663696,0.29923273657289,1.437811520203387,1.0,0.008816216311880187,1.1300231026142622,0.33711743355578966,0.10493273542600896,0.11506234015345265,0.21917641584887068,234
Routine Tech,razor,"protein bar, shampoo",0.2081168027715912,0.0967582281613462,0.028953229398663696,0.13912009512485135,1.437811520203387,1.0,0.008816216311880187,1.049207638282193,0.3845245726495725,0.10493273542600896,0.046899809424527206,0.21917641584887068,234
Routine Tech,"low fat yogurt, toothpaste",deodorant,0.049368968077208614,0.34347933679782233,0.024375154664686958,0.49373433583959897,1.4374498927433856,1.0,0.007417934251134482,1.2967908149389547,0.32012796397346366,0.06615177971793149,0.22886560540061043,0.2823498768535171,197
Routine Tech,deodorant,"low fat yogurt, toothpaste",0.34347933679782233,0.049368968077208614,0.024375154664686958,0.07096541786743515,1.4374498927433856,1.0,0.007417934251134482,1.0232461204411278,0.4635399825118963,0.06615177971793149,0.022718014734428076,0.2823498768535171,197
Routine Tech,"body spray, gluten free bar",shampoo,0.04417223459539718,0.3450878495421925,0.02190051967334818,0.49579831932773105,1.4367307338855226,1.0,0.006657218227349326,1.298909098407985,0.31802314738632,0.059616032334119225,0.23012318473582513,0.2796309631776698,177
Routine Tech,shampoo,"body spray, gluten free bar",0.3450878495421925,0.04417223459539718,0.02190051967334818,0.06346360702760846,1.4367307338855226,1.0,0.006657218227349326,1.0205986361843173,0.4641467624332744,0.059616032334119225,0.02018289605140862,0.2796309631776698,177
Routine Tech,"antioxydant juice, shampoo",cotton buds,0.09218015342736946,0.19908438505320467,0.02635486265775798,0.2859060402684564,1.4361047964261433,1.0,0.008003233498560074,1.121582957021358,0.33450688228229025,0.09948622139187296,0.10840299976049197,0.20914320037039974,213
Routine Tech,cotton buds,"antioxydant juice, shampoo",0.19908438505320467,0.09218015342736946,0.02635486265775798,0.13238036047234306,1.436104796426143,1.0,0.008003233498560074,1.046333906257423,0.37915603202613374,0.09948622139187296,0.04428214165700921,0.20914320037039974,213
Routine Tech,shower gel,"body spray, tooth brush",0.3431081415491215,0.09242761692650334,0.04553328384063351,0.13270825820411108,1.4358074200878526,1.0,0.013820615969166825,1.0464441655978403,0.46206656866518725,0.11675126903553298,0.04438284155495922,0.3126727368664465,368
Routine Tech,"body spray, tooth brush",shower gel,0.09242761692650334,0.3431081415491215,0.04553328384063351,0.4926372155287818,1.4358074200878523,1.0,0.013820615969166825,1.2947182539915731,0.33443918378234205,0.11675126903553298,0.22763118777615646,0.3126727368664465,368
Routine Tech,"antioxydant juice, shampoo",shower gel,0.09218015342736946,0.3431081415491215,0.04540955209106657,0.49261744966442955,1.4357498118239884,1.0,0.013781790960888954,1.2946678162590066,0.3343172357343747,0.11647096159949223,0.22760109779391968,0.31248254380084084,367
Routine Tech,shower gel,"antioxydant juice, shampoo",0.3431081415491215,0.09218015342736946,0.04540955209106657,0.13234763793725207,1.4357498118239882,1.0,0.013781790960888954,1.0462944449484226,0.46202402685686705,0.11647096159949223,0.04424609647115595,0.31248254380084084,367
Routine Tech,"deodorant, protein bar",tooth brush,0.09428359317000742,0.3419945558030191,0.04627567433803514,0.49081364829396323,1.4351504723269937,1.0,0.014031198772345883,1.2922684239126274,0.33477250810905573,0.11865482233502536,0.22616696230007724,0.3130623957822928,374
Routine Tech,tooth brush,"deodorant, protein bar",0.3419945558030191,0.09428359317000742,0.04627567433803514,0.13531114327062227,1.4351504723269937,1.0,0.014031198772345883,1.0474477608694976,0.4608000675739541,0.11865482233502536,0.045298450807809996,0.3130623957822928,374
Routine Tech,nonfat milk,"deodorant, toothpaste",0.11247216035634744,0.15256124721603564,0.024622618163820838,0.21892189218921893,1.4349770743497707,1.0,0.007463725102774512,1.0849603187051036,0.3415383063372067,0.10241893978383942,0.07830730510633191,0.19015843190158432,199
Routine Tech,"deodorant, toothpaste",nonfat milk,0.15256124721603564,0.11247216035634744,0.024622618163820838,0.16139497161394972,1.4349770743497707,1.0,0.007463725102774512,1.0583383232888044,0.35769517759625985,0.10241893978383942,0.05512256525636995,0.19015843190158432,199
Routine Tech,"cotton buds, shower gel",tooth brush,0.08673595644642415,0.3419945558030191,0.04256372185102698,0.4907275320970043,1.4348986665730783,1.0,0.01290049695398214,1.2920499058321673,0.33187190240183,0.11022108298622237,0.22603608770364586,0.30759242017295946,344
Routine Tech,tooth brush,"cotton buds, shower gel",0.3419945558030191,0.08673595644642415,0.04256372185102698,0.12445730824891461,1.4348986665730783,1.0,0.01290049695398214,1.0430833951992082,0.46061423686120856,0.11022108298622237,0.04130388365637826,0.30759242017295946,344
Routine Tech,nonfat milk,"deodorant, tooth brush",0.11247216035634744,0.151818856718634,0.024498886414253896,0.21782178217821782,1.4347478757655718,1.0,0.007423491616278359,1.0843834869799742,0.3414128740352078,0.1021671826625387,0.07781701583725115,0.18959548766612602,198
Routine Tech,"deodorant, tooth brush",nonfat milk,0.151818856718634,0.11247216035634744,0.024498886414253896,0.16136919315403422,1.4347478757655716,1.0,0.007423491616278359,1.0583057912952007,0.3572508454346529,0.1021671826625387,0.055093520015461396,0.18959548766612602,198
Routine Tech,"protein bar, toothpaste",tooth brush,0.09106656768126702,0.3419945558030191,0.044667161593664934,0.4904891304347826,1.4342015745925878,1.0,0.013522891231004447,1.291445351810608,0.33308043346936117,0.11500477859190825,0.22567377814477488,0.3105484725979991,361
Routine Tech,tooth brush,"protein bar, toothpaste",0.3419945558030191,0.09106656768126702,0.044667161593664934,0.1306078147612156,1.4342015745925876,1.0,0.013522891231004447,1.0454814843649514,0.4600994479627543,0.11500477859190825,0.04350290755515172,0.3105484725979991,361
Routine Tech,"deodorant, shower gel",razor,0.15602573620390991,0.2081168027715912,0.04652313783716902,0.2981760507533704,1.4327341511229128,1.0,0.014051560468327583,1.1283217081412695,0.357870874364837,0.14647448383326842,0.11372794409199054,0.2608597257334034,376
Routine Tech,razor,"deodorant, shower gel",0.2081168027715912,0.15602573620390991,0.04652313783716902,0.2235434007134364,1.4327341511229128,1.0,0.014051560468327583,1.0869561345367715,0.381412067819149,0.14647448383326842,0.07999967227180663,0.2608597257334034,376
Routine Tech,"body spray, protein bar",shower gel,0.05864884929472903,0.3431081415491215,0.028829497649096758,0.49156118143459915,1.4326712832147241,1.0,0.008706599963587774,1.2919781780320183,0.3208188353799704,0.07730590577305906,0.2259931189215352,0.28779285180637276,233
Routine Tech,shower gel,"body spray, protein bar",0.3431081415491215,0.05864884929472903,0.028829497649096758,0.0840245221781464,1.4326712832147241,1.0,0.008706599963587774,1.0277034413014632,0.45974565823522606,0.07730590577305906,0.026956649348551423,0.28779285180637276,233
Routine Tech,"antioxydant juice, toilet paper",shower gel,0.05617421430339025,0.3431081415491215,0.02759218015342737,0.4911894273127753,1.4315877935599892,1.0,0.00831834988080906,1.2910342153103844,0.31941795744260576,0.07423435419440745,0.2254271899683274,0.28580387341116587,223
Routine Tech,shower gel,"antioxydant juice, toilet paper",0.3431081415491215,0.05617421430339025,0.02759218015342737,0.08041831950955644,1.4315877935599892,1.0,0.00831834988080906,1.026364275975176,0.45894145401623604,0.07423435419440745,0.02568705535870938,0.28580387341116587,223
Routine Tech,nonfat milk,"deodorant, shower gel",0.11247216035634744,0.15602573620390991,0.02511754516208859,0.22332233223322331,1.4313172792299056,1.0,0.007568993540045272,1.0866467504116797,0.3395306290213918,0.10320284697508897,0.07973773480558728,0.1921528393917901,203
Routine Tech,"deodorant, shower gel",nonfat milk,0.15602573620390991,0.11247216035634744,0.02511754516208859,0.16098334655035687,1.4313172792299056,1.0,0.007568993540045272,1.0578190981007995,0.3570522213708318,0.10320284697508897,0.05465877691621138,0.1921528393917901,203
Routine Tech,deodorant,"shampoo, toilet paper",0.34347933679782233,0.09465478841870824,0.04652313783716902,0.13544668587896255,1.4309543990506868,1.0,0.014011173886372921,1.0471826280623608,0.4587299805118254,0.11879936808846764,0.04505673298807918,0.3134749769264094,376
Routine Tech,"shampoo, toilet paper",deodorant,0.09465478841870824,0.34347933679782233,0.04652313783716902,0.49150326797385624,1.4309543990506866,1.0,0.014011173886372921,1.2911010471713777,0.33265290099709516,0.11879936808846764,0.22546728453914552,0.3134749769264094,376
Routine Tech,"nonfat milk, tooth brush",deodorant,0.04986389507547637,0.34347933679782233,0.024498886414253896,0.4913151364764268,1.4304066761536316,1.0,0.007371668803573074,1.290623547660866,0.31668948897754723,0.06642066420664207,0.22518072615953283,0.28132039244570617,198
Routine Tech,deodorant,"nonfat milk, tooth brush",0.34347933679782233,0.04986389507547637,0.024498886414253896,0.07132564841498558,1.4304066761536314,1.0,0.007371668803573074,1.0231100959156236,0.45832238708228146,0.06642066420664207,0.022588083147533983,0.28132039244570617,198
Routine Tech,"gluten free bar, shampoo",razor,0.06941351150705272,0.2081168027715912,0.020663202177678794,0.2976827094474153,1.4303636490808624,1.0,0.006217084093681928,1.1275291209267444,0.3233198541090933,0.0804431599229287,0.11310494652406414,0.19848463653107984,167
Routine Tech,razor,"gluten free bar, shampoo",0.2081168027715912,0.06941351150705272,0.020663202177678794,0.09928656361474436,1.4303636490808624,1.0,0.006217084093681928,1.0331659892047111,0.37995134730538915,0.0804431599229287,0.03210131726291236,0.19848463653107984,167
Routine Tech,low fat yogurt,"deodorant, shampoo",0.12199950507300174,0.15528334570650829,0.027097253155159613,0.22210953346855983,1.4303499995959368,1.0,0.008152761832885772,1.0859069375924157,0.3426768183760353,0.10830860534124627,0.07911077332545782,0.19830576275021616,219
Routine Tech,"deodorant, shampoo",low fat yogurt,0.15528334570650829,0.12199950507300174,0.027097253155159613,0.1745019920318725,1.4303499995959366,1.0,0.008152761832885772,1.0636009856499833,0.3561790981684996,0.10830860534124627,0.05979778742976233,0.19830576275021616,219
Routine Tech,"cotton buds, gluten free bar",deodorant,0.04083147735708983,0.34347933679782233,0.0200445434298441,0.49090909090909096,1.4292245218758188,1.0,0.006019774666755585,1.2895941598614205,0.31310438405381646,0.05502717391304348,0.22456224514272016,0.2746332198061305,162
Routine Tech,deodorant,"cotton buds, gluten free bar",0.34347933679782233,0.04083147735708983,0.0200445434298441,0.05835734870317003,1.4292245218758188,1.0,0.006019774666755585,1.018612019455516,0.45744161047591136,0.05502717391304348,0.01827194172071984,0.2746332198061305,162
Routine Tech,shower gel,"body spray, gluten free bar",0.3431081415491215,0.04417223459539718,0.021653056174214303,0.06310854670032456,1.428692645467852,1.0,0.006497202854115765,1.0202118527586463,0.4567865888114522,0.05922165820642978,0.019811427110941502,0.27665231256584855,175
Routine Tech,"body spray, gluten free bar",shower gel,0.04417223459539718,0.3431081415491215,0.021653056174214303,0.49019607843137253,1.4286926454678517,1.0,0.006497202854115765,1.2885186454228772,0.313926213592233,0.05922165820642978,0.22391499451541774,0.27665231256584855,175
Routine Tech,"shower gel, toilet paper",deodorant,0.09205642167780252,0.34347933679782233,0.04516208859193269,0.49059139784946243,1.4282995956121596,1.0,0.013542609926060406,1.2887899034892356,0.3302702763247796,0.115689381933439,0.22407834101382498,0.3110377738526851,365
Routine Tech,deodorant,"shower gel, toilet paper",0.34347933679782233,0.09205642167780252,0.04516208859193269,0.13148414985590778,1.4282995956121596,1.0,0.013542609926060406,1.0453966708512736,0.45675146771037184,0.115689381933439,0.043425306505239396,0.3110377738526851,365
Routine Tech,"toilet paper, toothpaste",antioxydant juice,0.09514971541697599,0.21034397426379609,0.02858203414996288,0.30039011703511054,1.4280899563986844,1.0,0.008567864859086963,1.1287090776787005,0.3312857432917601,0.1032171581769437,0.11403210997771283,0.2181362349881435,231
Routine Tech,antioxydant juice,"toilet paper, toothpaste",0.21034397426379609,0.09514971541697599,0.02858203414996288,0.13588235294117648,1.4280899563986844,1.0,0.008567864859086963,1.047137837842846,0.3796133877613039,0.1032171581769437,0.04501588629435093,0.2181362349881435,231
Routine Tech,shower gel,"oatmeal, toothpaste",0.3431081415491215,0.04825538233110616,0.023632764167285325,0.06887847097006852,1.4273738522566508,1.0,0.007075949615917176,1.0221486540650049,0.4558021102168697,0.0642664872139973,0.021668721058254525,0.27931103035682914,191
Routine Tech,"oatmeal, toothpaste",shower gel,0.04825538233110616,0.3431081415491215,0.023632764167285325,0.4897435897435897,1.4273738522566506,1.0,0.007075949615917176,1.2873760039992093,0.31459352614942293,0.0642664872139973,0.2232261616703131,0.27931103035682914,191
Routine Tech,"shower gel, toilet paper",razor,0.09205642167780252,0.2081168027715912,0.027344716654293492,0.2970430107526882,1.4272899006559012,1.0,0.008186228500115831,1.1265030568602987,0.32972476996333466,0.10022675736961452,0.11229712701612904,0.21421710585196835,221
Routine Tech,razor,"shower gel, toilet paper",0.2081168027715912,0.09205642167780252,0.027344716654293492,0.1313912009512485,1.4272899006559012,1.0,0.008186228500115831,1.045284804064296,0.3780500565610859,0.10022675736961452,0.0433229335088567,0.21421710585196835,221
Routine Tech,"green tea, shampoo",deodorant,0.06211333828260331,0.34347933679782233,0.030438010393466965,0.49003984063745026,1.4266938011642194,1.0,0.009103362153859592,1.2873959879980201,0.3188858141879573,0.08113456464379948,0.22323821938030025,0.2893282776674283,246
Routine Tech,deodorant,"green tea, shampoo",0.34347933679782233,0.06211333828260331,0.030438010393466965,0.08861671469740634,1.4266938011642192,1.0,0.009103362153859592,1.0290803845563214,0.4555511631256533,0.08113456464379948,0.028258613216944336,0.2893282776674283,246
Routine Tech,"deodorant, protein bar",toilet paper,0.09428359317000742,0.21158129175946547,0.02845830240039594,0.30183727034120733,1.4265782566652851,1.0,0.008509657965761853,1.129276420449788,0.3301496792587313,0.10258697591436217,0.11447721577175733,0.21817009715890776,230
Routine Tech,toilet paper,"deodorant, protein bar",0.21158129175946547,0.09428359317000742,0.02845830240039594,0.13450292397660818,1.4265782566652851,1.0,0.008509657965761853,1.0464696322157347,0.37926799312208304,0.10258697591436217,0.04440609721023871,0.21817009715890776,230
Routine Tech,deodorant,"cotton buds, toilet paper",0.34347933679782233,0.05456570155902005,0.026726057906458798,0.07780979827089338,1.4259836499441276,1.0,0.007983866923058691,1.0252053173719375,0.45501947480839294,0.07197600799733424,0.024585628795361896,0.28380285831912017,216
Routine Tech,"cotton buds, toilet paper",deodorant,0.05456570155902005,0.34347933679782233,0.026726057906458798,0.4897959183673469,1.4259836499441274,1.0,0.007983866923058691,1.2867804998762682,0.3159708589626139,0.07197600799733424,0.22286668153880473,0.28380285831912017,216
Routine Tech,"razor, shower gel",shampoo,0.09255134867607027,0.3450878495421925,0.04553328384063351,0.4919786096256685,1.4256619300805495,1.0,0.013594937953778773,1.2891428645853684,0.3290229544349724,0.11612496055538024,0.22429078462018753,0.31196277200537637,368
Routine Tech,shampoo,"razor, shower gel",0.3450878495421925,0.09255134867607027,0.04553328384063351,0.13194693438508426,1.4256619300805495,1.0,0.013594937953778773,1.0453838449163322,0.45589539917364214,0.11612496055538024,0.04341357018001787,0.31196277200537637,368
Routine Tech,"shower gel, toilet paper",antioxydant juice,0.09205642167780252,0.21034397426379609,0.02759218015342737,0.29973118279569894,1.4249573055028464,1.0,0.008228666561214515,1.1276469926060189,0.3284615864099527,0.10040522287257991,0.1131976526723345,0.2154538266919671,223
Routine Tech,antioxydant juice,"shower gel, toilet paper",0.21034397426379609,0.09205642167780252,0.02759218015342737,0.13117647058823528,1.4249573055028462,1.0,0.008228666561214515,1.0450264611697602,0.37766391743595,0.10040522287257991,0.04308643162907026,0.2154538266919671,223
Routine Tech,"body spray, cotton buds",tooth brush,0.053575847562484534,0.3419945558030191,0.026107399158624103,0.48729792147806006,1.4248704057111727,1.0,0.007784750969721942,1.2834070150328503,0.3150614738227404,0.07066309444072337,0.22082395663514126,0.2818182805653687,211
Routine Tech,tooth brush,"body spray, cotton buds",0.3419945558030191,0.053575847562484534,0.026107399158624103,0.07633863965267727,1.4248704057111725,1.0,0.007784750969721942,1.024644088263726,0.453160062668323,0.07066309444072337,0.024051364318595597,0.2818182805653687,211
Routine Tech,"deodorant, toilet paper",shampoo,0.09465478841870824,0.3450878495421925,0.04652313783716902,0.49150326797385624,1.4242844789403752,1.0,0.013858920452885767,1.2879377766072564,0.32903810421082946,0.11831340465701701,0.22356497482801932,0.31315930698800376,376
Routine Tech,shampoo,"deodorant, toilet paper",0.3450878495421925,0.09465478841870824,0.04652313783716902,0.1348153460021513,1.424284478940375,1.0,0.013858920452885767,1.0464184811853388,0.45485958974317764,0.11831340465701701,0.04435938586707488,0.31315930698800376,376
Routine Tech,"antioxydant juice, tooth brush",shower gel,0.09119029943083395,0.3431081415491215,0.044543429844097995,0.48846675712347354,1.4236524814539897,1.0,0.013255295679076642,1.2841625986161735,0.327440813856743,0.11428571428571428,0.22128241308568716,0.30914502659635634,360
Routine Tech,shower gel,"antioxydant juice, tooth brush",0.3431081415491215,0.09119029943083395,0.044543429844097995,0.1298232960692391,1.4236524814539895,1.0,0.013255295679076642,1.0443967259338158,0.4530142734559761,0.11428571428571428,0.04250944572247656,0.30914502659635634,360
Routine Tech,"antioxydant juice, toilet paper",shampoo,0.05617421430339025,0.3450878495421925,0.02759218015342737,0.4911894273127753,1.4233750274441916,1.0,0.008207141339748154,1.2871433606400198,0.3151476387442064,0.073841059602649,0.2230857645081901,0.28557320056925967,223
Routine Tech,shampoo,"antioxydant juice, toilet paper",0.3450878495421925,0.05617421430339025,0.02759218015342737,0.079956973825744,1.4233750274441916,1.0,0.008207141339748154,1.025849616643743,0.4541746057700372,0.073841059602649,0.025198251502315548,0.28557320056925967,223
Routine Tech,"cotton buds, energy bar",tooth brush,0.05518436030685474,0.3419945558030191,0.026849789656025736,0.48654708520179374,1.42267494305387,1.0,0.007977038865609194,1.2815302537635522,0.3144515549676164,0.07250250584697628,0.21968287751051088,0.2825282459294063,217
Routine Tech,tooth brush,"cotton buds, energy bar",0.3419945558030191,0.05518436030685474,0.026849789656025736,0.0785094066570188,1.4226749430538699,1.0,0.007977038865609194,1.025312300004654,0.451514116911004,0.07250250584697628,0.02468740500288449,0.2825282459294063,217
Routine Tech,razor,"deodorant, toothpaste",0.2081168027715912,0.15256124721603564,0.04516208859193269,0.2170035671819263,1.4224029440099986,1.0,0.013411529594485036,1.0823021884454276,0.3750102739726027,0.14313725490196078,0.07604363118182628,0.2565147600710929,365
Routine Tech,"deodorant, toothpaste",razor,0.15256124721603564,0.2081168027715912,0.04516208859193269,0.2960259529602595,1.4224029440099983,1.0,0.013411529594485036,1.1248755555099403,0.3504257195831008,0.14313725490196078,0.11101277372262772,0.2565147600710929,365
Routine Tech,"deodorant, protein bar",shampoo,0.09428359317000742,0.3450878495421925,0.04627567433803514,0.49081364829396323,1.422286090179925,1.0,0.013739551923886324,1.2861934501259003,0.32781406154115894,0.11772112055398173,0.22251197912560192,0.3124559456959239,374
Routine Tech,shampoo,"deodorant, protein bar",0.3450878495421925,0.09428359317000742,0.04627567433803514,0.13409824309788454,1.422286090179925,1.0,0.013739551923886324,1.0459805625875152,0.45335328367301775,0.11772112055398173,0.04395928971545121,0.3124559456959239,374
Routine Tech,"deodorant, shampoo",shower gel,0.15528334570650829,0.3431081415491215,0.0757238307349666,0.48764940239043825,1.421270274114505,1.0,0.02244485057607678,1.2821139694492265,0.3508916920608388,0.1791569086651054,0.2200381371481488,0.35417450285407237,612
Routine Tech,shower gel,"deodorant, shampoo",0.3431081415491215,0.15528334570650829,0.0757238307349666,0.22069960331770647,1.421270274114505,1.0,0.02244485057607678,1.0839422870688813,0.45122199692961884,0.1791569086651054,0.07744165724530594,0.35417450285407237,612
Routine Tech,"body spray, toothpaste",shower gel,0.09415986142044049,0.3431081415491215,0.04590447908933432,0.48751642575558474,1.420882709324427,1.0,0.013597464028844167,1.281781293028509,0.3270026667000481,0.11729370850458426,0.2198357040792307,0.3106532723801364,371
Routine Tech,shower gel,"body spray, toothpaste",0.3431081415491215,0.09415986142044049,0.04590447908933432,0.13379011900468807,1.420882709324427,1.0,0.013597464028844167,1.0457513340054614,0.4509298404428426,0.11729370850458426,0.043749725692649774,0.3106532723801364,371
Routine Tech,"nonfat milk, shower gel",toothpaste,0.05246226181638208,0.3453353130413264,0.025736203909923285,0.49056603773584906,1.4205498806811652,1.0,0.007619132302706954,1.2850825336596186,0.31243847560118126,0.0691719321582973,0.22183986334929728,0.28254564874968735,208
Routine Tech,toothpaste,"nonfat milk, shower gel",0.3453353130413264,0.05246226181638208,0.025736203909923285,0.07452525976352561,1.4205498806811652,1.0,0.007619132302706954,1.0238396543826858,0.45221202913510605,0.0691719321582973,0.023284558554297993,0.28254564874968735,208
Routine Tech,deodorant,"cotton buds, razor",0.34347933679782233,0.051224944320712694,0.024993813412521652,0.07276657060518732,1.4205300087708308,1.0,0.007399103509737881,1.0232321501809252,0.4509186312524958,0.0676037483266399,0.022704671835044852,0.2803446379595985,202
Routine Tech,"cotton buds, razor",deodorant,0.051224944320712694,0.34347933679782233,0.024993813412521652,0.48792270531400966,1.4205300087708306,1.0,0.007399103509737881,1.2820733705929317,0.31202063868358665,0.0676037483266399,0.22001343843720808,0.2803446379595985,202
Routine Tech,almonds,"shampoo, toothpaste",0.14909675822816135,0.15256124721603564,0.03229398663697105,0.216597510373444,1.4197413453675378,1.0,0.009547599245815028,1.0817412045600394,0.34745002080899345,0.1198897565457051,0.07556447347615335,0.21413817124511614,261
Routine Tech,"shampoo, toothpaste",almonds,0.15256124721603564,0.14909675822816135,0.03229398663697105,0.2116788321167883,1.4197413453675378,1.0,0.009547599245815028,1.0793865196550174,0.3488704618343478,0.1198897565457051,0.07354781462380154,0.21413817124511614,261
Routine Tech,"body spray, tooth brush",cotton buds,0.09242761692650334,0.19908438505320467,0.026107399158624103,0.2824631860776439,1.4188113548039267,1.0,0.007706503880878016,1.1162014260545823,0.32524641642194635,0.09836829836829836,0.10410435190476103,0.20680026923521722,211
Routine Tech,cotton buds,"body spray, tooth brush",0.19908438505320467,0.09242761692650334,0.026107399158624103,0.13113735239279053,1.4188113548039265,1.0,0.007706503880878016,1.0445521919637024,0.3685590088760971,0.09836829836829836,0.04265195392481706,0.20680026923521722,211
Routine Tech,"deodorant, toilet paper",cotton buds,0.09465478841870824,0.19908438505320467,0.026726057906458798,0.2823529411764706,1.4182575951449565,1.0,0.007881767561779069,1.1160299552537312,0.32574256298118537,0.10009267840593142,0.10396670331967174,0.2082989068840712,216
Routine Tech,cotton buds,"deodorant, toilet paper",0.19908438505320467,0.09465478841870824,0.026726057906458798,0.13424487259167184,1.4182575951449565,1.0,0.007881767561779069,1.0457289629822675,0.36821540759050414,0.10009267840593142,0.043729268865093866,0.2082989068840712,216
Routine Tech,"deodorant, shampoo",toilet paper,0.15528334570650829,0.21158129175946547,0.04652313783716902,0.29960159362549804,1.4160117425036698,1.0,0.013668086963854353,1.1256717620499102,0.3477984785068051,0.14522981846272692,0.11164156931595658,0.2597423172805853,376
Routine Tech,toilet paper,"deodorant, shampoo",0.21158129175946547,0.15528334570650829,0.04652313783716902,0.21988304093567254,1.4160117425036698,1.0,0.013668086963854353,1.082807705278764,0.372633429498738,0.14522981846272692,0.07647498708687644,0.2597423172805853,376
Routine Tech,shower gel,"razor, tooth brush",0.3431081415491215,0.09143776292996783,0.04441969809453106,0.1294626758023801,1.4158556777196698,1.0,0.013046657188220637,1.0436798191363708,0.44712584033734687,0.11385981604820805,0.04185174258951873,0.30762714304327393,359
Routine Tech,"razor, tooth brush",shower gel,0.09143776292996783,0.3431081415491215,0.04441969809453106,0.4857916102841678,1.4158556777196696,1.0,0.013046657188220637,1.2774817984084188,0.3232726523697364,0.11385981604820805,0.21720998197714148,0.30762714304327393,359
Routine Tech,"almonds, body spray",toothpaste,0.04380103934669636,0.3453353130413264,0.021405592675080427,0.48870056497175146,1.415147963490396,1.0,0.0062795470407535844,1.2803939181401687,0.30679819050012574,0.05820995962314939,0.21899035458357496,0.27534275830099575,173
Routine Tech,toothpaste,"almonds, body spray",0.3453353130413264,0.04380103934669636,0.021405592675080427,0.06198495163024006,1.415147963490396,1.0,0.0062795470407535844,1.0193855229883004,0.4481074307663904,0.05820995962314939,0.01901687099839547,0.27534275830099575,173
Routine Tech,"gluten free bar, razor",shampoo,0.042316258351893093,0.3450878495421925,0.020663202177678794,0.4883040935672515,1.4150138702798591,1.0,0.006060375582352163,1.2798854597518297,0.306252611056956,0.05634278002699056,0.21868008392415017,0.2740910930367631,167
Routine Tech,shampoo,"gluten free bar, razor",0.3450878495421925,0.042316258351893093,0.020663202177678794,0.059878092506274655,1.415013870279859,1.0,0.006060375582352163,1.0186803796554424,0.44783586049137336,0.05634278002699056,0.01833782217515656,0.2740910930367631,167
Routine Tech,"cotton buds, shampoo",body spray,0.09180895817866865,0.21430339024993814,0.02783964365256125,0.3032345013477089,1.4149776211848635,1.0,0.008164672659557774,1.127634205869528,0.32292219194671523,0.10004446420631392,0.11318759683341471,0.21657106129741105,225
Routine Tech,body spray,"cotton buds, shampoo",0.21430339024993814,0.09180895817866865,0.02783964365256125,0.12990762124711316,1.4149776211848633,1.0,0.008164672659557774,1.0437869173421008,0.37326754155730546,0.10004446420631392,0.04195005380370145,0.21657106129741105,225
Routine Tech,"cotton buds, shampoo",tooth brush,0.09180895817866865,0.3419945558030191,0.04441969809453106,0.4838274932614555,1.4147227932485829,1.0,0.01302153422347932,1.2747781712641248,0.32278202393873384,0.11407689863361932,0.21554979325669113,0.306855859510612,359
Routine Tech,tooth brush,"cotton buds, shampoo",0.3419945558030191,0.09180895817866865,0.04441969809453106,0.12988422575976843,1.4147227932485829,1.0,0.01302153422347932,1.043758852222104,0.4455096005472558,0.11407689863361932,0.041924293268453476,0.306855859510612,359
Routine Tech,"antioxydant juice, shampoo",toilet paper,0.09218015342736946,0.21158129175946547,0.02759218015342737,0.2993288590604027,1.4147227128223243,1.0,0.00808858421667882,1.125233597009958,0.3229139608752493,0.09991039426523297,0.11129564327152772,0.21486910789277444,223
Routine Tech,toilet paper,"antioxydant juice, shampoo",0.21158129175946547,0.09218015342736946,0.02759218015342737,0.1304093567251462,1.4147227128223243,1.0,0.00808858421667882,1.0439622983451233,0.3718172835752832,0.09991039426523297,0.04211100191531029,0.21486910789277444,223
Routine Tech,"tooth brush, toothpaste",razor,0.15553080920564216,0.2081168027715912,0.045780747339767384,0.294351630867144,1.414357836306931,1.0,0.013412172595410776,1.122206515125265,0.34692248292248296,0.144024912417283,0.10889841885441527,0.25716392482715106,370
Routine Tech,razor,"tooth brush, toothpaste",0.2081168027715912,0.15553080920564216,0.045780747339767384,0.21997621878715815,1.414357836306931,1.0,0.013412172595410776,1.0826198010031325,0.3699603040540541,0.144024912417283,0.07631469600554025,0.25716392482715106,370
Routine Tech,"almonds, deodorant",toothpaste,0.06409304627567433,0.3453353130413264,0.031304132640435536,0.4884169884169885,1.4143268005682912,1.0,0.00917054044105332,1.2796841805456338,0.313011707213073,0.08278795811518325,0.2185571915301646,0.28953275074736917,253
Routine Tech,toothpaste,"almonds, deodorant",0.3453353130413264,0.06409304627567433,0.031304132640435536,0.0906485130777499,1.4143268005682912,1.0,0.00917054044105332,1.0292026429647725,0.4474807320657123,0.08278795811518325,0.02837404583479307,0.28953275074736917,253
Routine Tech,body spray,"protein bar, shampoo",0.21430339024993814,0.0967582281613462,0.029324424647364514,0.13683602771362588,1.4142055958843023,1.0,0.008588808317810986,1.0464312701167549,0.37277650420279745,0.10408432147562582,0.04437106520294854,0.21995254071103287,237
Routine Tech,"protein bar, shampoo",body spray,0.0967582281613462,0.21430339024993814,0.029324424647364514,0.3030690537084399,1.414205595884302,1.0,0.008588808317810986,1.127366511604676,0.32426449338188545,0.10408432147562582,0.11297702237348209,0.21995254071103287,237
Routine Tech,"cotton buds, razor",shampoo,0.051224944320712694,0.3450878495421925,0.024993813412521652,0.48792270531400966,1.413908678504061,1.0,0.007316707533968361,1.2789322183468503,0.3085459954446149,0.06731089636787738,0.21809773367614324,0.28017504932247633,202
Routine Tech,shampoo,"cotton buds, razor",0.3450878495421925,0.051224944320712694,0.024993813412521652,0.07242739333094299,1.4139086785040609,1.0,0.007316707533968361,1.022857993927148,0.44699238486100645,0.06731089636787738,0.022347182172754464,0.28017504932247633,202
Routine Tech,tooth brush,"nonfat milk, toothpaste",0.3419945558030191,0.0483791140806731,0.02338530066815145,0.06837916063675832,1.4134024968447079,1.0,0.006839907037988067,1.0214680111382601,0.4445061297261373,0.06372218476062037,0.021016821774318132,0.2758775598580211,189
Routine Tech,"nonfat milk, toothpaste",tooth brush,0.0483791140806731,0.3419945558030191,0.02338530066815145,0.4833759590792839,1.4134024968447076,1.0,0.006839907037988067,1.2736640033713837,0.3073571184350017,0.06372218476062037,0.21486357677299214,0.2758775598580211,189
Routine Tech,"deodorant, tooth brush",cotton buds,0.151818856718634,0.19908438505320467,0.042687453600593915,0.28117359413202936,1.412333740071511,1.0,0.012462689871284079,1.114198933718501,0.3442095582405735,0.13849859494179045,0.10249420481616889,0.24779624392741928,345
Routine Tech,cotton buds,"deodorant, tooth brush",0.19908438505320467,0.151818856718634,0.042687453600593915,0.2144188937228092,1.412333740071511,1.0,0.012462689871284079,1.0796862812814223,0.36452286756359203,0.13849859494179045,0.07380503268676063,0.24779624392741928,345
Routine Tech,"protein bar, tooth brush",deodorant,0.09539717891610987,0.34347933679782233,0.04627567433803514,0.48508430609597925,1.412266340730441,1.0,0.013508714591546518,1.2750061242541033,0.3227032447626717,0.11786952410967537,0.21569004181449383,0.3099052654399205,374
Routine Tech,deodorant,"protein bar, tooth brush",0.34347933679782233,0.09539717891610987,0.04627567433803514,0.13472622478386165,1.4122663407304408,1.0,0.013508714591546518,1.0454527191210987,0.44464444448923723,0.11786952410967537,0.043476589892377224,0.3099052654399205,374
Routine Tech,"deodorant, green tea",shampoo,0.062484533531304134,0.3450878495421925,0.030438010393466965,0.4871287128712871,1.41160783701174,1.0,0.0088753570875022,1.2769522624756477,0.3110220167794921,0.08070866141732284,0.21688536886940157,0.2876661850480494,246
Routine Tech,shampoo,"deodorant, green tea",0.3450878495421925,0.062484533531304134,0.030438010393466965,0.08820365722481177,1.41160783701174,1.0,0.0088753570875022,1.028207092403143,0.44523215967092605,0.08070866141732284,0.027433279357387978,0.2876661850480494,246
Routine Tech,deodorant,"toilet paper, tooth brush",0.34347933679782233,0.08933432318732987,0.043306112348428606,0.1260806916426513,1.4113353876120607,1.0,0.012621618266762221,1.0420477818763283,0.4439330138387809,0.11118170266836086,0.040351107317378766,0.3054226172894697,350
Routine Tech,"toilet paper, tooth brush",deodorant,0.08933432318732987,0.34347933679782233,0.043306112348428606,0.48476454293628807,1.4113353876120605,1.0,0.012621618266762221,1.274214835569818,0.32004192546583843,0.11118170266836086,0.21520298454788545,0.3054226172894697,350
Routine Tech,"almonds, deodorant",tooth brush,0.06409304627567433,0.3419945558030191,0.030932937391734718,0.48262548262548266,1.4112080863166248,1.0,0.009013464500623129,1.2718164928881945,0.3113421470121629,0.08245382585751977,0.21372304448648943,0.28653705390318995,250
Routine Tech,tooth brush,"almonds, deodorant",0.3419945558030191,0.06409304627567433,0.030932937391734718,0.09044862518089725,1.4112080863166248,1.0,0.009013464500623129,1.0289764598623852,0.442834148176006,0.08245382585751977,0.02816046915811893,0.28653705390318995,250
Routine Tech,"gluten free bar, tooth brush",body spray,0.06792873051224944,0.21430339024993814,0.020539470428111852,0.302367941712204,1.4109340097679173,1.0,0.005982113183962379,1.1262335215477388,0.3124757092887679,0.0784869976359338,0.11208467793984767,0.19910544891614818,166
Routine Tech,body spray,"gluten free bar, tooth brush",0.21430339024993814,0.06792873051224944,0.020539470428111852,0.09584295612009237,1.4109340097679173,1.0,0.005982113183962379,1.0308732048229783,0.37068968788539974,0.0784869976359338,0.029948595693958125,0.19910544891614818,166
Routine Tech,"toilet paper, tooth brush",razor,0.08933432318732987,0.2081168027715912,0.02623113090819104,0.29362880886426596,1.4108846808804978,1.0,0.0076391571886799264,1.1210581733311986,0.3197933757178015,0.09671532846715328,0.10798563019390583,0.20983461846304857,212
Routine Tech,razor,"toilet paper, tooth brush",0.2081168027715912,0.08933432318732987,0.02623113090819104,0.12604042806183116,1.4108846808804978,1.0,0.0076391571886799264,1.041999774421028,0.36776238207547174,0.09671532846715328,0.040306893966809705,0.20983461846304857,212
Routine Tech,"deodorant, toilet paper",antioxydant juice,0.09465478841870824,0.21034397426379609,0.028087107151695125,0.29673202614379085,1.4106989619377164,1.0,0.008177042772605295,1.1228380291602158,0.3215696474145358,0.10142984807864164,0.10939959813445904,0.21513071895424837,227
Routine Tech,antioxydant juice,"deodorant, toilet paper",0.21034397426379609,0.09465478841870824,0.028087107151695125,0.1335294117647059,1.4106989619377164,1.0,0.008177042772605295,1.044865485192258,0.36868146507868355,0.10142984807864164,0.04293900586064686,0.21513071895424837,227
Routine Tech,"cotton buds, shower gel",antioxydant juice,0.08673595644642415,0.21034397426379609,0.025736203909923285,0.296718972895863,1.4106369052613912,1.0,0.0074918181194109056,1.1228171887242981,0.31874719914958366,0.09484724122207022,0.10938306783835239,0.2095359570361668,208
Routine Tech,antioxydant juice,"cotton buds, shower gel",0.21034397426379609,0.08673595644642415,0.025736203909923285,0.12235294117647058,1.4106369052613912,1.0,0.0074918181194109056,1.0405823552554148,0.36864197382060115,0.09484724122207022,0.03899965730771376,0.2095359570361668,208
Routine Tech,"deodorant, toilet paper",gluten free bar,0.09465478841870824,0.15392229646127195,0.020539470428111852,0.21699346405228756,1.4097597881596369,1.0,0.005969988023648471,1.0805499886596444,0.321048029757406,0.09007053716766142,0.07454536070058324,0.17521698926087048,166
Routine Tech,gluten free bar,"deodorant, toilet paper",0.15392229646127195,0.09465478841870824,0.020539470428111852,0.13344051446945338,1.4097597881596369,1.0,0.005969988023648471,1.0447582961105073,0.34353735503582034,0.09007053716766142,0.04284081426023263,0.17521698926087048,166
Routine Tech,"tooth brush, toothpaste",shower gel,0.15553080920564216,0.3431081415491215,0.07522890373669884,0.4836913285600637,1.4097343373322881,1.0,0.02186501683651996,1.2722851557361392,0.3441765471370736,0.1776738749269433,0.21401267986860703,0.3514742254051671,608
Routine Tech,shower gel,"tooth brush, toothpaste",0.3431081415491215,0.15553080920564216,0.07522890373669884,0.21925712225027047,1.409734337332288,1.0,0.02186501683651996,1.0816226633130503,0.44245713584677465,0.1776738749269433,0.07546315927130931,0.3514742254051671,608
Routine Tech,"cotton buds, toothpaste",shampoo,0.08673595644642415,0.3450878495421925,0.042192526602326155,0.4864479315263909,1.4096350600918937,1.0,0.012261001914244375,1.2752594929747862,0.3181955254058431,0.10828834550651,0.21584586861822996,0.3043569883519369,341
Routine Tech,shampoo,"cotton buds, toothpaste",0.3450878495421925,0.08673595644642415,0.042192526602326155,0.12226604517748296,1.4096350600918934,1.0,0.012261001914244375,1.0404793372021743,0.4437183398867425,0.10828834550651,0.038904508484543736,0.3043569883519369,341
Routine Tech,deodorant,"shampoo, shower gel",0.34347933679782233,0.15639693145261074,0.0757238307349666,0.22046109510086456,1.4096254514281545,1.0,0.022004716442409374,1.0821821249018264,0.4426238393334467,0.17852975495915985,0.07594112211868398,0.352319155145369,612
Routine Tech,"shampoo, shower gel",deodorant,0.15639693145261074,0.34347933679782233,0.0757238307349666,0.4841772151898734,1.4096254514281543,1.0,0.022004716442409374,1.2727639851036079,0.34446495915272335,0.17852975495915985,0.2143083779051181,0.352319155145369,612
Routine Tech,"protein bar, shower gel",razor,0.09279881217520415,0.2081168027715912,0.027220984904726554,0.2933333333333334,1.4094649227110585,1.0,0.007907992813821655,1.1205894300402013,0.32022764469572984,0.09945750452079567,0.10761250000000006,0.21206500198176775,220
Routine Tech,razor,"protein bar, shower gel",0.2081168027715912,0.09279881217520415,0.027220984904726554,0.13079667063020214,1.4094649227110585,1.0,0.007907992813821655,1.0437157304523301,0.3668607954545455,0.09945750452079567,0.04188470976995278,0.21206500198176775,220
Routine Tech,"body spray, shampoo",antioxydant juice,0.09391239792130661,0.21034397426379609,0.02783964365256125,0.2964426877470356,1.4093234131597303,1.0,0.008085736641150556,1.1223762612992114,0.32054258273021086,0.10071620411817368,0.10903318746028542,0.2143978144617531,225
Routine Tech,antioxydant juice,"body spray, shampoo",0.21034397426379609,0.09391239792130661,0.02783964365256125,0.1323529411764706,1.4093234131597303,1.0,0.008085736641150556,1.0443043549381552,0.3678052856993629,0.10071620411817368,0.04242475359664554,0.2143978144617531,225
Routine Tech,"antioxydant juice, shampoo",body spray,0.09218015342736946,0.21430339024993814,0.02783964365256125,0.30201342281879195,1.4092797247237163,1.0,0.008085124259316519,1.1256614889688386,0.3199067133100117,0.09991119005328598,0.11163346192464198,0.21596052203295257,225
Routine Tech,body spray,"antioxydant juice, shampoo",0.21430339024993814,0.09218015342736946,0.02783964365256125,0.12990762124711316,1.4092797247237163,1.0,0.008085124259316519,1.0433603014358304,0.3696307961504813,0.09991119005328598,0.04155832014708581,0.21596052203295257,225
Routine Tech,"low fat yogurt, toothpaste",shampoo,0.049368968077208614,0.3450878495421925,0.024003959415986143,0.4862155388471178,1.4089616296028706,1.0,0.006967328388105071,1.2746826733300742,0.3053313581598682,0.06479625918503674,0.21549102304220788,0.2778872602804969,194
Routine Tech,shampoo,"low fat yogurt, toothpaste",0.3450878495421925,0.049368968077208614,0.024003959415986143,0.06955898171387595,1.4089616296028706,1.0,0.006967328388105071,1.0216994019393701,0.4432006092466027,0.06479625918503674,0.02123853835891519,0.2778872602804969,194
Routine Tech,"antioxydant juice, protein bar",tooth brush,0.057782727047760454,0.3419945558030191,0.02783964365256125,0.48179871520342615,1.4087905992308574,1.0,0.008078265582775315,1.2697873654545047,0.3079664405048515,0.07485029940119761,0.21246656943852765,0.28160123893311684,225
Routine Tech,tooth brush,"antioxydant juice, protein bar",0.3419945558030191,0.057782727047760454,0.02783964365256125,0.08140376266280752,1.4087905992308574,1.0,0.008078265582775315,1.0257142742969634,0.4409861685679662,0.07485029940119761,0.025069627030966567,0.28160123893311684,225
Routine Tech,"energy bar, tooth brush",antioxydant juice,0.09020044543429843,0.21034397426379609,0.026726057906458798,0.29629629629629634,1.4086274509803924,1.0,0.007752937733443786,1.1221427734146057,0.3188494492044065,0.09760506100316314,0.10884780110728094,0.21167755991285406,216
Routine Tech,antioxydant juice,"energy bar, tooth brush",0.21034397426379609,0.09020044543429843,0.026726057906458798,0.12705882352941178,1.4086274509803924,1.0,0.007752937733443786,1.0422232094081487,0.36736132873707317,0.09760506100316314,0.04051263589891283,0.21167755991285406,216
Routine Tech,"deodorant, tooth brush",shower gel,0.151818856718634,0.3431081415491215,0.07337292749319475,0.4832925835370824,1.4085721818055175,1.0,0.021282641712351884,1.271303328579224,0.3419802878956167,0.17405341943058408,0.21340566211088713,0.34857020089223395,593
Routine Tech,shower gel,"deodorant, tooth brush",0.3431081415491215,0.151818856718634,0.07337292749319475,0.2138478182473855,1.4085721818055172,1.0,0.021282641712351884,1.078901977210655,0.441566184502628,0.17405341943058408,0.0731317384500904,0.34857020089223395,593
Routine Tech,shower gel,"antioxydant juice, deodorant",0.3431081415491215,0.09193268992823558,0.04441969809453106,0.1294626758023801,1.4082333052958762,1.0,0.012876843705642509,1.0431112886615588,0.4413061123408981,0.113715552739943,0.041329519803084344,0.3063194940250124,359
Routine Tech,"antioxydant juice, deodorant",shower gel,0.09193268992823558,0.3431081415491215,0.04441969809453106,0.4831763122476447,1.408233305295876,1.0,0.012876843705642509,1.2710173198671946,0.31923888137591333,0.113715552739943,0.21322865993321988,0.3063194940250124,359
Routine Tech,"antioxydant juice, protein bar",toothpaste,0.057782727047760454,0.3453353130413264,0.028087107151695125,0.4860813704496788,1.4075634668485504,1.0,0.00813269101827525,1.2738683700404192,0.30730965142412525,0.07489277466182778,0.21498953618867964,0.283707113028494,227
Routine Tech,toothpaste,"antioxydant juice, protein bar",0.3453353130413264,0.057782727047760454,0.028087107151695125,0.08133285560730921,1.4075634668485504,1.0,0.00813269101827525,1.0256351048399768,0.44229124845864937,0.07489277466182778,0.024994371506010908,0.283707113028494,227
Routine Tech,"energy bar, toilet paper",toothpaste,0.05753526354862658,0.3453353130413264,0.027963375402128187,0.4860215053763441,1.4073901133828781,1.0,0.00809441715364801,1.2737199976392606,0.30713611030752125,0.07458745874587458,0.2148980923174471,0.2834980332327797,226
Routine Tech,toothpaste,"energy bar, toilet paper",0.3453353130413264,0.05753526354862658,0.027963375402128187,0.08097456108921533,1.4073901133828781,1.0,0.00809441715364801,1.0255045143999155,0.44215757932572086,0.07458745874587458,0.024870211726800356,0.2834980332327797,226
Routine Tech,"deodorant, razor",toothpaste,0.09292254392477109,0.3453353130413264,0.04516208859193269,0.48601864181091886,1.4073818212525424,1.0,0.013072652797075465,1.2737129013107877,0.3191136158516191,0.11488825936418005,0.21489371822261313,0.30839807045759127,365
Routine Tech,toothpaste,"deodorant, razor",0.3453353130413264,0.09292254392477109,0.04516208859193269,0.1307774991042637,1.4073818212525424,1.0,0.013072652797075465,1.0435503626982539,0.44215118461693814,0.11488825936418005,0.041732880611193464,0.30839807045759127,365
Routine Tech,shower gel,"gluten free bar, tooth brush",0.3431081415491215,0.06792873051224944,0.0327889136352388,0.09556437071763434,1.4068328672858301,1.0,0.00948201315138979,1.0305556739591437,0.44023001169249787,0.08668629375204448,0.029649707173758224,0.28913009064114864,265
Routine Tech,"gluten free bar, tooth brush",shower gel,0.06792873051224944,0.3431081415491215,0.0327889136352388,0.482695810564663,1.40683286728583,1.0,0.00948201315138979,1.2698367263715926,0.3102590112937039,0.08668629375204448,0.21249718232880133,0.28913009064114864,265
Routine Tech,"deodorant, shower gel",shampoo,0.15602573620390991,0.3450878495421925,0.0757238307349666,0.48532910388580497,1.4063929069935732,1.0,0.021881244955121906,1.2724872445721038,0.34238146707639716,0.17801047120418848,0.21413750568771506,0.35238129629571713,612
Routine Tech,shampoo,"deodorant, shower gel",0.3450878495421925,0.15602573620390991,0.0757238307349666,0.21943348870562926,1.4063929069935732,1.0,0.021881244955121906,1.081232991147127,0.4412212331245239,0.17801047120418848,0.07512995978872537,0.35238129629571713,612
Routine Tech,"gluten free bar, shampoo",deodorant,0.06941351150705272,0.34347933679782233,0.03353130413264044,0.4830659536541889,1.406390143167563,1.0,0.009689197235389961,1.2700279036428332,0.3105135877844617,0.0883887801696021,0.21261572510990479,0.290344216020178,271
Routine Tech,deodorant,"gluten free bar, shampoo",0.34347933679782233,0.06941351150705272,0.03353130413264044,0.09762247838616715,1.406390143167563,1.0,0.009689197235389961,1.0312607153917852,0.4401380877736406,0.0883887801696021,0.030313106012099834,0.290344216020178,271
Routine Tech,"protein bar, toothpaste",toilet paper,0.09106656768126702,0.21158129175946547,0.027097253155159613,0.2975543478260869,1.4063358123569794,1.0,0.007829271129056348,1.1223910430658286,0.31788057241104095,0.0983385720700494,0.10904492139523456,0.2128122616323417,219
Routine Tech,toilet paper,"protein bar, toothpaste",0.21158129175946547,0.09106656768126702,0.027097253155159613,0.1280701754385965,1.4063358123569794,1.0,0.007829271129056348,1.042438745315247,0.3664706034104687,0.0983385720700494,0.040711020677203495,0.2128122616323417,219
Routine Tech,"cotton buds, razor",toothpaste,0.051224944320712694,0.3453353130413264,0.024870081662954714,0.4855072463768116,1.4059009549327808,1.0,0.007180299480436879,1.2724468563422107,0.30430009576530487,0.06691078561917443,0.21411256193864883,0.27876222225684005,201
Routine Tech,toothpaste,"cotton buds, razor",0.3453353130413264,0.051224944320712694,0.024870081662954714,0.07201719813686851,1.4059009549327808,1.0,0.007180299480436879,1.022405861158645,0.44100796339602294,0.06691078561917443,0.021914840289798027,0.27876222225684005,201
Routine Tech,cotton buds,"deodorant, energy bar",0.19908438505320467,0.09106656768126702,0.02548874041078941,0.12802983219390926,1.405892804064096,1.0,0.007358808785058322,1.0423905150398014,0.3604727028928228,0.09630668536699392,0.040666635419435694,0.20396056827086767,206
Routine Tech,"deodorant, energy bar",cotton buds,0.09106656768126702,0.19908438505320467,0.02548874041078941,0.27989130434782605,1.4058928040640957,1.0,0.007358808785058322,1.1122148916997006,0.3176340601450098,0.09630668536699392,0.10089317499445853,0.20396056827086767,206
Routine Tech,"cotton buds, deodorant",shampoo,0.08673595644642415,0.3450878495421925,0.04206879485275922,0.48502139800285304,1.4055012329361989,1.0,0.012137270164677437,1.2717269182020028,0.31591088406640266,0.10793650793650793,0.213667662697725,0.3034644458641013,340
Routine Tech,shampoo,"cotton buds, deodorant",0.3450878495421925,0.08673595644642415,0.04206879485275922,0.12190749372534959,1.4055012329361989,1.0,0.012137270164677437,1.0400544783466406,0.44053244573854483,0.10793650793650793,0.038511904117094625,0.3034644458641013,340
Routine Tech,"antioxydant juice, body spray",shampoo,0.05741153179905964,0.3450878495421925,0.02783964365256125,0.4849137931034483,1.4051894140774719,1.0,0.008027621605100555,1.2714612460770824,0.30591523001079324,0.07430647291941876,0.21350335837182488,0.28279393491672955,225
Routine Tech,shampoo,"antioxydant juice, body spray",0.3450878495421925,0.05741153179905964,0.02783964365256125,0.08067407673001076,1.4051894140774719,1.0,0.008027621605100555,1.0253039149034409,0.44029137015345227,0.07430647291941876,0.024679428738769618,0.28279393491672955,225
Routine Tech,"shower gel, tooth brush",toothpaste,0.1550358822073744,0.3453353130413264,0.07522890373669884,0.4852354349561054,1.4051138607363824,1.0,0.021689538821976988,1.2717749655181678,0.34121437407033467,0.17694994179278228,0.21369737012195114,0.3515392509785901,608
Routine Tech,toothpaste,"shower gel, tooth brush",0.3453353130413264,0.1550358822073744,0.07522890373669884,0.2178430670010749,1.4051138607363824,1.0,0.021689538821976988,1.0802999783596967,0.4403993499388236,0.17694994179278228,0.07433118575233377,0.3515392509785901,608
Routine Tech,deodorant,"gluten free bar, toilet paper",0.34347933679782233,0.04256372185102698,0.020539470428111852,0.05979827089337175,1.404911701628577,1.0,0.005919711475074127,1.01833069277454,0.4389983605738444,0.05619498984427893,0.018000726978577214,0.2711782052141277,166
Routine Tech,"gluten free bar, toilet paper",deodorant,0.04256372185102698,0.34347933679782233,0.020539470428111852,0.48255813953488363,1.4049117016285768,1.0,0.005919711475074127,1.268781506413197,0.30102420537668884,0.05619498984427893,0.21184223213737835,0.2711782052141277,166
Routine Tech,shampoo,"toilet paper, tooth brush",0.3450878495421925,0.08933432318732987,0.043306112348428606,0.1254930082466834,1.404756915027279,1.0,0.012477922869405716,1.0413475082536028,0.4399568162802624,0.11072445428661817,0.03970577345783904,0.30512877559148577,350
Routine Tech,"toilet paper, tooth brush",shampoo,0.08933432318732987,0.3450878495421925,0.043306112348428606,0.48476454293628807,1.4047569150272787,1.0,0.012477922869405716,1.271092937178863,0.3163982919254658,0.11072445428661817,0.21327546495580582,0.30512877559148577,350
Routine Tech,oatmeal,"shampoo, shower gel",0.11717396683989112,0.15639693145261074,0.025736203909923285,0.21964097148891235,1.4043815914346436,1.0,0.007410555050034351,1.0810447982603215,0.3261603148078271,0.1038442336495257,0.07496895446954965,0.1920989667571144,208
Routine Tech,"shampoo, shower gel",oatmeal,0.15639693145261074,0.11717396683989112,0.025736203909923285,0.16455696202531644,1.4043815914346436,1.0,0.007410555050034351,1.0567160093886152,0.34132499943588235,0.1038442336495257,0.053671950537996845,0.1920989667571144,208
Routine Tech,"gluten free bar, tooth brush",shampoo,0.06792873051224944,0.3450878495421925,0.03291264538480574,0.48451730418943534,1.4040404634130572,1.0,0.009471265850202464,1.2704832883439445,0.30874228582208213,0.08658854166666667,0.21289795058738267,0.2899459952284574,266
Routine Tech,shampoo,"gluten free bar, tooth brush",0.3450878495421925,0.06792873051224944,0.03291264538480574,0.09537468626747939,1.4040404634130572,1.0,0.009471265850202464,1.030339584067117,0.43940216117471087,0.08658854166666667,0.02944619864778553,0.2899459952284574,266
Routine Tech,"body spray, deodorant",antioxydant juice,0.08883939618906211,0.21034397426379609,0.02623113090819104,0.29526462395543174,1.4037227592987056,1.0,0.007544299242587777,1.120500052329238,0.31565084603322646,0.09610154125113327,0.10754131789529917,0.20998525315418645,212
Routine Tech,antioxydant juice,"body spray, deodorant",0.21034397426379609,0.08883939618906211,0.02623113090819104,0.12470588235294118,1.4037227592987056,1.0,0.007544299242587777,1.040976496289378,0.36422012381521146,0.09610154125113327,0.039363517270025884,0.20998525315418645,212
Routine Tech,"razor, shower gel",tooth brush,0.09255134867607027,0.3419945558030191,0.04441969809453106,0.47994652406417115,1.4033747494524715,1.0,0.012767640715088069,1.2652649672476652,0.3167473506460163,0.11385981604820805,0.20965171257740337,0.3049153749119698,359
Routine Tech,tooth brush,"razor, shower gel",0.3419945558030191,0.09255134867607027,0.04441969809453106,0.12988422575976843,1.4033747494524713,1.0,0.012767640715088069,1.0429056433510777,0.43682306687436695,0.11385981604820805,0.041140484400115696,0.3049153749119698,359
Routine Tech,"deodorant, toothpaste",toilet paper,0.15256124721603564,0.21158129175946547,0.04528582034149963,0.29683698296836986,1.4029453195031376,1.0,0.013006714583095658,1.1212459829995145,0.33891988539669554,0.14202561117578583,0.10813504336948608,0.2554360353438341,366
Routine Tech,"shampoo, toothpaste",toilet paper,0.15256124721603564,0.21158129175946547,0.04528582034149963,0.29683698296836986,1.4029453195031376,1.0,0.013006714583095658,1.1212459829995145,0.33891988539669554,0.14202561117578583,0.10813504336948608,0.2554360353438341,366
Routine Tech,toilet paper,"deodorant, toothpaste",0.21158129175946547,0.15256124721603564,0.04528582034149963,0.21403508771929827,1.4029453195031374,1.0,0.013006714583095658,1.0782144845688832,0.36429100676113746,0.14202561117578583,0.07254074740069624,0.2554360353438341,366
Routine Tech,toilet paper,"shampoo, toothpaste",0.21158129175946547,0.15256124721603564,0.04528582034149963,0.21403508771929827,1.4029453195031374,1.0,0.013006714583095658,1.0782144845688832,0.36429100676113746,0.14202561117578583,0.07254074740069624,0.2554360353438341,366
Routine Tech,"shower gel, toothpaste",body spray,0.15268497896560257,0.21430339024993814,0.04590447908933432,0.3006482982171799,1.4029096687016445,1.0,0.0131835704567652,1.1234642137098219,0.3389479998488551,0.14296724470134875,0.1098959915261808,0.25742576573676546,371
Routine Tech,body spray,"shower gel, toothpaste",0.21430339024993814,0.15268497896560257,0.04590447908933432,0.21420323325635104,1.4029096687016445,1.0,0.0131835704567652,1.0782877416837444,0.3655300634590488,0.14296724470134875,0.07260375747339795,0.25742576573676546,371
Routine Tech,gluten free bar,"deodorant, shampoo",0.15392229646127195,0.15528334570650829,0.03353130413264044,0.21784565916398718,1.40289132857637,1.0,0.009629734959305088,1.079987171573591,0.3394326689683979,0.12163375224416519,0.07406307563546864,0.21689095707203343,271
Routine Tech,"deodorant, shampoo",gluten free bar,0.15528334570650829,0.15392229646127195,0.03353130413264044,0.2159362549800797,1.40289132857637,1.0,0.009629734959305088,1.079093006037707,0.3399795796698264,0.12163375224416519,0.07329581935492897,0.21689095707203343,271
Routine Tech,"shampoo, toothpaste",deodorant,0.15256124721603564,0.34347933679782233,0.07349665924276169,0.4817518248175182,1.4025642104377458,1.0,0.02109502322794915,1.266807476883075,0.3386913373772768,0.1739385065885798,0.210614068634599,0.3478643850312375,594
Routine Tech,deodorant,"shampoo, toothpaste",0.34347933679782233,0.15256124721603564,0.07349665924276169,0.21397694524495675,1.4025642104377456,1.0,0.02109502322794915,1.0781347285647502,0.4371837485293949,0.1739385065885798,0.07247213775291872,0.3478643850312375,594
Routine Tech,"deodorant, low fat yogurt",shower gel,0.05270972531551596,0.3431081415491215,0.02536500866122247,0.4812206572769953,1.4025334843536517,1.0,0.007279872766651107,1.2662259352944534,0.30297423350409053,0.06847027388109553,0.21025152610899908,0.2775739059915449,205
Routine Tech,shower gel,"deodorant, low fat yogurt",0.3431081415491215,0.05270972531551596,0.02536500866122247,0.07392715470609448,1.4025334843536517,1.0,0.007279872766651107,1.0229111883567266,0.4369129274265054,0.06847027388109553,0.022398023032217298,0.2775739059915449,205
Routine Tech,"deodorant, green tea",shower gel,0.062484533531304134,0.3431081415491215,0.030066815144766147,0.48118811881188117,1.4024386499234127,1.0,0.00862786296927662,1.2661465210598994,0.30608170383513894,0.0800658978583196,0.21020199213366428,0.2844094218293088,243
Routine Tech,shower gel,"deodorant, green tea",0.3431081415491215,0.062484533531304134,0.030066815144766147,0.08763072484673638,1.4024386499234127,1.0,0.00862786296927662,1.02756141838644,0.4368395309773683,0.0800658978583196,0.02682216156939731,0.2844094218293088,243
Routine Tech,"shampoo, tooth brush",gluten free bar,0.15256124721603564,0.15392229646127195,0.03291264538480574,0.2157339821573398,1.401577205623489,1.0,0.0094300678623177,1.0788146933435903,0.3380988608182742,0.12030755314337406,0.0730567481420913,0.21478017435841268,266
Routine Tech,gluten free bar,"shampoo, tooth brush",0.15392229646127195,0.15256124721603564,0.03291264538480574,0.21382636655948553,1.401577205623489,1.0,0.0094300678623177,1.0779282295125272,0.3386427460872127,0.12030755314337406,0.07229445094667279,0.21478017435841268,266
Routine Tech,"cotton buds, toothpaste",tooth brush,0.08673595644642415,0.3419945558030191,0.041573867854491464,0.4793152639087019,1.4015289301411462,1.0,0.011910642957446628,1.2637310037865308,0.31370281482054957,0.10738255033557047,0.20869235857655669,0.3004391080759139,336
Routine Tech,tooth brush,"cotton buds, toothpaste",0.3419945558030191,0.08673595644642415,0.041573867854491464,0.1215629522431259,1.4015289301411462,1.0,0.011910642957446628,1.0396465471095895,0.43539685524454236,0.10738255033557047,0.038134640296564624,0.3004391080759139,336
Routine Tech,"energy bar, razor",shower gel,0.05147240781984657,0.3431081415491215,0.024746349913387776,0.4807692307692308,1.4012177869011624,1.0,0.00708574772526175,1.2651250607202107,0.301873206365771,0.0669120107059217,0.20956431024240407,0.27644664207051517,200
Routine Tech,shower gel,"energy bar, razor",0.3431081415491215,0.05147240781984657,0.024746349913387776,0.0721240533717995,1.4012177869011624,1.0,0.00708574772526175,1.0222569036593725,0.43589376530420043,0.0669120107059217,0.021772319247441115,0.27644664207051517,200
Routine Tech,"cotton buds, razor",shower gel,0.051224944320712694,0.3431081415491215,0.024622618163820838,0.4806763285024155,1.400947020179056,1.0,0.007046922716983879,1.2648987413891335,0.3016490905230378,0.06659973226238287,0.20942288320898889,0.276219880803678,199
Routine Tech,shower gel,"cotton buds, razor",0.3431081415491215,0.051224944320712694,0.024622618163820838,0.0717634331049405,1.400947020179056,1.0,0.007046922716983879,1.0221263517477326,0.4356837871784994,0.06659973226238287,0.021647374328916162,0.276219880803678,199
Routine Tech,"green tea, shower gel",deodorant,0.062484533531304134,0.34347933679782233,0.030066815144766147,0.48118811881188117,1.4009230461951094,1.0,0.00860466900731251,1.2654310493019072,0.305258875815971,0.07998683344305464,0.20975544218575642,0.2843620709333181,243
Routine Tech,deodorant,"green tea, shower gel",0.34347933679782233,0.062484533531304134,0.030066815144766147,0.08753602305475504,1.4009230461951092,1.0,0.00860466900731251,1.0274547709897748,0.4359115156535267,0.07998683344305464,0.026721147991095446,0.2843620709333181,243
Routine Tech,"deodorant, tooth brush",shampoo,0.151818856718634,0.3450878495421925,0.07337292749319475,0.4832925835370824,1.4004914521859806,1.0,0.020982084708207102,1.267471937873391,0.3371507854214561,0.17323984808647386,0.21102789725046284,0.3479567973260887,593
Routine Tech,shampoo,"deodorant, tooth brush",0.3450878495421925,0.151818856718634,0.07337292749319475,0.21262101111509502,1.4004914521859806,1.0,0.020982084708207102,1.0772209510982376,0.43664625619952413,0.17323984808647386,0.07168534089455843,0.3479567973260887,593
Routine Tech,"body spray, protein bar",tooth brush,0.05864884929472903,0.3419945558030191,0.028087107151695125,0.47890295358649787,1.4003233252120388,1.0,0.008029519988786062,1.262731095341575,0.30369029586292184,0.07539023580205911,0.2080657523290853,0.2805151526253763,227
Routine Tech,tooth brush,"body spray, protein bar",0.3419945558030191,0.05864884929472903,0.028087107151695125,0.0821273516642547,1.4003233252120388,1.0,0.008029519988786062,1.0255792591838269,0.43446328900434555,0.07539023580205911,0.024941279725355734,0.2805151526253763,227
Routine Tech,"shampoo, tooth brush",deodorant,0.15256124721603564,0.34347933679782233,0.07337292749319475,0.48094079480940793,1.4002029912282545,1.0,0.020971291478382212,1.2648280902004454,0.33727256006896034,0.17359484777517564,0.20937872288911324,0.34727875475340714,593
Routine Tech,deodorant,"shampoo, tooth brush",0.34347933679782233,0.15256124721603564,0.07337292749319475,0.21361671469740634,1.4002029912282545,1.0,0.020971291478382212,1.0776408509978403,0.43535238671547494,0.17359484777517564,0.07204705623951496,0.34727875475340714,593
Routine Tech,"almonds, shower gel",toothpaste,0.06347438752783964,0.3453353130413264,0.030685473892600842,0.48343079922027293,1.399888111536455,1.0,0.008765526405567874,1.2673320166407531,0.3050180276936059,0.08115183246073299,0.21094078988815831,0.28614391985377674,248
Routine Tech,toothpaste,"almonds, shower gel",0.3453353130413264,0.06347438752783964,0.030685473892600842,0.08885704048728055,1.399888111536455,1.0,0.008765526405567874,1.0278580355524183,0.4363412306960694,0.08115183246073299,0.027102999236121205,0.28614391985377674,248
Routine Tech,"deodorant, protein bar",razor,0.09428359317000742,0.2081168027715912,0.02746844840386043,0.29133858267716534,1.3998801576675686,1.0,0.007846448439501053,1.117435178311199,0.3153891596514547,0.0999099909990999,0.10509350393700784,0.21166215697473012,222
Routine Tech,razor,"deodorant, protein bar",0.2081168027715912,0.09428359317000742,0.02746844840386043,0.13198573127229488,1.3998801576675686,1.0,0.007846448439501053,1.043434928964416,0.3607263513513513,0.0999099909990999,0.0416268688719518,0.21166215697473012,222
Routine Tech,"almonds, tooth brush",deodorant,0.06434050977480822,0.34347933679782233,0.030932937391734718,0.4807692307692307,1.3997035025493236,1.0,0.008833301765049786,1.2644101661671567,0.30519968262364444,0.08207485226526591,0.20911739975064508,0.2854134338284194,250
Routine Tech,deodorant,"almonds, tooth brush",0.34347933679782233,0.06434050977480822,0.030932937391734718,0.09005763688760807,1.3997035025493236,1.0,0.008833301765049786,1.0282623693052781,0.4349641914813418,0.08207485226526591,0.027485562195933396,0.2854134338284194,250
Routine Tech,toothpaste,"energy bar, razor",0.3453353130413264,0.05147240781984657,0.024870081662954714,0.07201719813686851,1.3991418157263733,1.0,0.00709484159549718,1.0221391929632464,0.43575921187861477,0.06686626746506986,0.021659665450322368,0.2775951375299727,201
Routine Tech,"energy bar, razor",toothpaste,0.05147240781984657,0.3453353130413264,0.024870081662954714,0.4831730769230769,1.399141815726373,1.0,0.00709484159549718,1.2667000454642243,0.30075684712363043,0.06686626746506986,0.21054711920096533,0.2775951375299727,201
Routine Tech,"oatmeal, shower gel",tooth brush,0.051719871318980454,0.3419945558030191,0.024746349913387776,0.4784688995215311,1.39905414107562,1.0,0.007058435495463748,1.2616801636437525,0.3007881002087681,0.06706908115358819,0.20740610115325578,0.2754138998331245,200
Routine Tech,tooth brush,"oatmeal, shower gel",0.3419945558030191,0.051719871318980454,0.024746349913387776,0.0723589001447178,1.39905414107562,1.0,0.007058435495463748,1.0222489374704906,0.43347875141030445,0.06706908115358819,0.021764696107725627,0.2754138998331245,200
Routine Tech,"antioxydant juice, razor",shower gel,0.0556792873051225,0.3431081415491215,0.026726057906458798,0.48,1.3989758384421205,1.0,0.007622041116418624,1.263253573943997,0.30200690076869324,0.07183239108746259,0.2083932944057261,0.27894698882077174,216
Routine Tech,shower gel,"antioxydant juice, razor",0.3431081415491215,0.0556792873051225,0.026726057906458798,0.07789397764154346,1.3989758384421205,1.0,0.007622041116418624,1.0240912539315195,0.4341526966785961,0.07183239108746259,0.023524518776068426,0.27894698882077174,216
Routine Tech,"shampoo, shower gel",razor,0.15639693145261074,0.2081168027715912,0.04553328384063351,0.2911392405063291,1.39892231972185,1.0,0.012984454503428451,1.1171209389472196,0.33803104314665783,0.14274631497284715,0.10484177215189872,0.2549631993256972,368
Routine Tech,razor,"shampoo, shower gel",0.2081168027715912,0.15639693145261074,0.04553328384063351,0.21878715814506539,1.39892231972185,1.0,0.012984454503428451,1.0798632886580735,0.36010869565217396,0.14274631497284715,0.07395685129486923,0.2549631993256972,368
Routine Tech,"protein bar, tooth brush",shower gel,0.09539717891610987,0.3431081415491215,0.045780747339767384,0.4798962386511025,1.3986734225669708,1.0,0.013049198572831891,1.2630015532808663,0.31509609732835014,0.11657214870825457,0.20823533636809385,0.3066628686944658,370
Routine Tech,shower gel,"protein bar, tooth brush",0.3431081415491215,0.09539717891610987,0.045780747339767384,0.13342949873782906,1.3986734225669708,1.0,0.013049198572831891,1.0438883157992622,0.43391741713459564,0.11657214870825457,0.042043114320767946,0.3066628686944658,370
Routine Tech,"gluten free bar, shower gel",deodorant,0.06594902251917842,0.34347933679782233,0.03167532788913635,0.4803001876172608,1.3983379381565928,1.0,0.0090232013717843,1.2632690017572588,0.3049783083852166,0.08385194890271863,0.20840296199070896,0.2862596038950857,256
Routine Tech,deodorant,"gluten free bar, shower gel",0.34347933679782233,0.06594902251917842,0.03167532788913635,0.09221902017291066,1.3983379381565928,1.0,0.0090232013717843,1.0289386958280795,0.4339014794572183,0.08385194890271863,0.028124800773276455,0.2862596038950857,256
Routine Tech,oatmeal,"shampoo, tooth brush",0.11717396683989112,0.15256124721603564,0.024993813412521652,0.2133051742344245,1.3981609230840377,1.0,0.0071176068901774615,1.0772140924649856,0.3225717596286608,0.10212335692618807,0.07167943030553638,0.18856661793635254,202
Routine Tech,"shampoo, tooth brush",oatmeal,0.15256124721603564,0.11717396683989112,0.024993813412521652,0.1638280616382806,1.3981609230840377,1.0,0.0071176068901774615,1.055794858279742,0.33604168564031167,0.10212335692618807,0.05284630611921286,0.18856661793635254,202
Routine Tech,"almonds, tooth brush",toothpaste,0.06434050977480822,0.3453353130413264,0.031056669141301656,0.48269230769230764,1.3977496348152025,1.0,0.008837619056979738,1.2655228149387,0.3041323202297922,0.08202614379084967,0.20981274442812894,0.2863121158669349,251
Routine Tech,toothpaste,"almonds, tooth brush",0.3453353130413264,0.06434050977480822,0.031056669141301656,0.08993192404156215,1.3977496348152023,1.0,0.008837619056979738,1.0281203296135868,0.4346718211260043,0.08202614379084967,0.027351204721489723,0.2863121158669349,251
Routine Tech,"body spray, shampoo",shower gel,0.09391239792130661,0.3431081415491215,0.04503835684236575,0.47957839262187085,1.397747049826888,1.0,0.012816248523164653,1.2622301786435868,0.31405679531447644,0.11489898989898989,0.2077514728140818,0.30542208487927297,364
Routine Tech,shower gel,"body spray, shampoo",0.3431081415491215,0.09391239792130661,0.04503835684236575,0.13126577713667506,1.3977470498268878,1.0,0.012816248523164653,1.0429974763653869,0.43319606556562645,0.11489898989898989,0.04122490930200844,0.30542208487927297,364
Routine Tech,"antioxydant juice, shower gel",shampoo,0.09415986142044049,0.3450878495421925,0.04540955209106657,0.4822601839684626,1.3974997514640068,1.0,0.012916128000295908,1.264944534259877,0.31400282938074836,0.1153000314169023,0.20945150327472412,0.30692428345070677,367
Routine Tech,shampoo,"antioxydant juice, shower gel",0.3450878495421925,0.09415986142044049,0.04540955209106657,0.1315883829329509,1.3974997514640066,1.0,0.012916128000295908,1.0430999779101535,0.43431224520998646,0.1153000314169023,0.04131912455458395,0.30692428345070677,367
Routine Tech,"deodorant, protein bar",cotton buds,0.09428359317000742,0.19908438505320467,0.02623113090819104,0.2782152230971129,1.3974738552336023,1.0,0.007460739741333586,1.1096321792535602,0.3140310856789359,0.09819360815192217,0.09880046857266589,0.20498703976483984,212
Routine Tech,cotton buds,"deodorant, protein bar",0.19908438505320467,0.09428359317000742,0.02623113090819104,0.1317588564325668,1.3974738552336021,1.0,0.007460739741333586,1.0431622752966772,0.35512243892628004,0.09819360815192217,0.041376376733334,0.20498703976483984,212
Routine Tech,"body spray, shower gel",tooth brush,0.09527344716654293,0.3419945558030191,0.04553328384063351,0.47792207792207797,1.3974552220572483,1.0,0.012950283597089253,1.2603586866459586,0.31436411854247936,0.11623499684144029,0.20657507216363935,0.30553122709417935,368
Routine Tech,tooth brush,"body spray, shower gel",0.3419945558030191,0.09527344716654293,0.04553328384063351,0.13314037626628075,1.3974552220572483,1.0,0.012950283597089253,1.0436828848212334,0.4322358846902236,0.11623499684144029,0.04185455702736339,0.30553122709417935,368
Routine Tech,"body spray, toothpaste",toilet paper,0.09415986142044049,0.21158129175946547,0.02783964365256125,0.2956636005256242,1.3973995435368975,1.0,0.007917178541332195,1.1193780540504603,0.3139461822155445,0.10017809439002671,0.10664677015820696,0.21362127394702263,225
Routine Tech,toilet paper,"body spray, toothpaste",0.21158129175946547,0.09415986142044049,0.02783964365256125,0.13157894736842107,1.3973995435368975,1.0,0.007917178541332195,1.0430886444249472,0.3607030759573134,0.10017809439002671,0.04130870818625586,0.21362127394702263,225
Routine Tech,"cotton buds, toothpaste",antioxydant juice,0.08673595644642415,0.21034397426379609,0.02548874041078941,0.29386590584878747,1.3970730888646472,1.0,0.007244354620277029,1.1182805536183413,0.3112110206868068,0.09384965831435081,0.1057700174036196,0.2075211882185114,206
Routine Tech,antioxydant juice,"cotton buds, toothpaste",0.21034397426379609,0.08673595644642415,0.02548874041078941,0.1211764705882353,1.3970730888646472,1.0,0.007244354620277029,1.0391893400542698,0.3599261271841618,0.09384965831435081,0.03771145309498953,0.2075211882185114,206
Routine Tech,"razor, shower gel",toilet paper,0.09255134867607027,0.21158129175946547,0.027344716654293492,0.29545454545454547,1.3964114832535888,1.0,0.007762582747329851,1.119045908470436,0.3128317006146296,0.09879302637460886,0.10638161273754497,0.2123471557682084,221
Routine Tech,toilet paper,"razor, shower gel",0.21158129175946547,0.09255134867607027,0.027344716654293492,0.12923976608187135,1.3964114832535885,1.0,0.007762582747329851,1.0421337768730154,0.3600608431116908,0.09879302637460886,0.04043029581042873,0.2123471557682084,221
Routine Tech,"deodorant, toothpaste",shampoo,0.15256124721603564,0.3450878495421925,0.07349665924276169,0.4817518248175182,1.39602662179103,1.0,0.020849626517505146,1.263703726939713,0.3347513682599096,0.1732788798133022,0.20867527832518085,0.3473656936923733,594
Routine Tech,shampoo,"deodorant, toothpaste",0.3450878495421925,0.15256124721603564,0.07349665924276169,0.21297956256722841,1.39602662179103,1.0,0.020849626517505146,1.076768419824363,0.4331592898568148,0.1732788798133022,0.07129519998077674,0.3473656936923733,594
Routine Tech,green tea,"deodorant, tooth brush",0.147735708982925,0.151818856718634,0.031304132640435536,0.21189279731993302,1.395694855696576,1.0,0.008875066206131037,1.076225595194422,0.33265620911432164,0.11669741697416973,0.07082678161045934,0.20904338317504395,253
Routine Tech,"deodorant, tooth brush",green tea,0.151818856718634,0.147735708982925,0.031304132640435536,0.20619396903015488,1.395694855696576,1.0,0.008875066206131037,1.073643003160114,0.33425761756082395,0.11669741697416973,0.06859170407980718,0.20904338317504395,253
Routine Tech,deodorant,"gluten free bar, toothpaste",0.34347933679782233,0.06582529076961148,0.03155159613956941,0.09185878962536023,1.3954938679551907,1.0,0.008941968921499444,1.028666796042665,0.43168148525901123,0.0835244022273174,0.027867912285054492,0.28559104894801846,255
Routine Tech,"gluten free bar, toothpaste",deodorant,0.06582529076961148,0.34347933679782233,0.03155159613956941,0.4793233082706767,1.3954938679551905,1.0,0.008941968921499444,1.260898891059778,0.3033777431502402,0.0835244022273174,0.20691499763354865,0.28559104894801846,255
Routine Tech,"antioxydant juice, deodorant",toothpaste,0.09193268992823558,0.3453353130413264,0.04429596634496412,0.4818304172274563,1.3952538273136157,1.0,0.012548362089865685,1.2634178244423235,0.3119642439831283,0.11272040302267002,0.20849620715031214,0.30504992735253145,358
Routine Tech,toothpaste,"antioxydant juice, deodorant",0.3453353130413264,0.09193268992823558,0.04429596634496412,0.12826943747760658,1.3952538273136157,1.0,0.012548362089865685,1.0416834617387154,0.4327169885829103,0.11272040302267002,0.040015478088842676,0.30504992735253145,358
Routine Tech,"body spray, shower gel",toothpaste,0.09527344716654293,0.3453353130413264,0.04590447908933432,0.48181818181818187,1.3952183967948928,1.0,0.013003193387549947,1.263387992376388,0.3130960736550927,0.11630094043887147,0.2084775175684267,0.3073727240155044,371
Routine Tech,toothpaste,"body spray, shower gel",0.3453353130413264,0.09527344716654293,0.04590447908933432,0.13292726621282694,1.3952183967948928,1.0,0.013003193387549947,1.0434263673380904,0.4326891874061685,0.11630094043887147,0.04161900513294138,0.3073727240155044,371
Routine Tech,"razor, tooth brush",deodorant,0.09143776292996783,0.34347933679782233,0.04380103934669636,0.4790257104194858,1.3946274465454913,1.0,0.012394057177234505,1.2601786236530108,0.3114400047395151,0.11198987662132237,0.20646170215044932,0.3032736621261694,354
Routine Tech,deodorant,"razor, tooth brush",0.34347933679782233,0.09143776292996783,0.04380103934669636,0.12752161383285301,1.3946274465454913,1.0,0.012394057177234505,1.0413578737020681,0.43100338386774584,0.11198987662132237,0.03971533201649436,0.3032736621261694,354
Routine Tech,"deodorant, toothpaste",shower gel,0.15256124721603564,0.3431081415491215,0.07300173224449394,0.47850770478507704,1.3946264947973288,1.0,0.02065672623978386,1.2596386648054947,0.33390275952693815,0.17271662763466045,0.2061215426771506,0.3456368311159428,590
Routine Tech,"shampoo, tooth brush",shower gel,0.15256124721603564,0.3431081415491215,0.07300173224449394,0.47850770478507704,1.3946264947973288,1.0,0.02065672623978386,1.2596386648054947,0.33390275952693815,0.17271662763466045,0.2061215426771506,0.3456368311159428,590
Routine Tech,shower gel,"deodorant, toothpaste",0.3431081415491215,0.15256124721603564,0.07300173224449394,0.2127659574468085,1.3946264947973288,1.0,0.02065672623978386,1.0764762535363872,0.43075908834055365,0.17271662763466045,0.07104314032488046,0.3456368311159428,590
Routine Tech,shower gel,"shampoo, tooth brush",0.3431081415491215,0.15256124721603564,0.07300173224449394,0.2127659574468085,1.3946264947973288,1.0,0.02065672623978386,1.0764762535363872,0.43075908834055365,0.17271662763466045,0.07104314032488046,0.3456368311159428,590
Routine Tech,"deodorant, toothpaste",tooth brush,0.15256124721603564,0.3419945558030191,0.07275426874536006,0.4768856447688564,1.3944246675187761,1.0,0.02057915277095737,1.2578615700695774,0.33378029266897286,0.17248459958932238,0.20499995882322253,0.34481040559716336,588
Routine Tech,tooth brush,"deodorant, toothpaste",0.3419945558030191,0.15256124721603564,0.07275426874536006,0.21273516642547033,1.3944246675187761,1.0,0.02057915277095737,1.0764341510546311,0.4298723626344106,0.17248459958932238,0.07100680611047615,0.34481040559716336,588
Routine Tech,"nonfat milk, shower gel",deodorant,0.05246226181638208,0.34347933679782233,0.02511754516208859,0.47877358490566035,1.3938934125387417,1.0,0.007097842266483953,1.259569055193318,0.29823089798234104,0.06773440106773439,0.20607766928148266,0.27595019302919904,203
Routine Tech,deodorant,"nonfat milk, shower gel",0.34347933679782233,0.05246226181638208,0.02511754516208859,0.07312680115273774,1.3938934125387417,1.0,0.007097842266483953,1.0222948935863674,0.430428235346545,0.06773440106773439,0.021808671574357074,0.27595019302919904,203
Routine Tech,"almonds, tooth brush",shampoo,0.06434050977480822,0.3450878495421925,0.030932937391734718,0.4807692307692307,1.3931792481451857,1.0,0.008729809235097731,1.2613122897705922,0.301623909018778,0.08172605426610002,0.20717493351160454,0.285203546901288,250
Routine Tech,shampoo,"almonds, tooth brush",0.3450878495421925,0.06434050977480822,0.030932937391734718,0.08963786303334528,1.3931792481451857,1.0,0.008729809235097731,1.0277882308932886,0.43092386170413743,0.08172605426610002,0.02703692264420742,0.285203546901288,250
Routine Tech,"cotton buds, deodorant",shower gel,0.08673595644642415,0.3431081415491215,0.041450136104924526,0.4778887303851641,1.3928224734846362,1.0,0.011690323283106391,1.2581453354482675,0.30881913424342866,0.10672188595093979,0.20517926520491547,0.29934825989146413,335
Routine Tech,shower gel,"cotton buds, deodorant",0.3431081415491215,0.08673595644642415,0.041450136104924526,0.12080778939776417,1.3928224734846362,1.0,0.011690323283106391,1.0387535655348916,0.4293452683840171,0.10672188595093979,0.037307756931679995,0.29934825989146413,335
Routine Tech,"protein bar, shampoo",deodorant,0.0967582281613462,0.34347933679782233,0.04627567433803514,0.47826086956521735,1.3924007016664577,1.0,0.013041222299443565,1.2583312711375068,0.31200498132004967,0.11746231155778893,0.20529671086055157,0.30649354717453947,374
Routine Tech,deodorant,"protein bar, shampoo",0.34347933679782233,0.0967582281613462,0.04627567433803514,0.13472622478386165,1.3924007016664577,1.0,0.013041222299443565,1.0438797496353467,0.42925675907206234,0.11746231155778893,0.04203525324700957,0.30649354717453947,374
Routine Tech,"body spray, toilet paper",toothpaste,0.05790645879732739,0.3453353130413264,0.02783964365256125,0.48076923076923084,1.3921809111705208,1.0,0.007842498576671523,1.26083569340189,0.29901759915944315,0.07415952537903757,0.20687524533678386,0.28069274867017613,225
Routine Tech,toothpaste,"body spray, toilet paper",0.3453353130413264,0.05790645879732739,0.02783964365256125,0.08061626657112146,1.3921809111705206,1.0,0.007842498576671523,1.024701119835019,0.4303005103005103,0.07415952537903757,0.02410568248329441,0.28069274867017613,225
Routine Tech,"shower gel, toothpaste",deodorant,0.15268497896560257,0.34347933679782233,0.07300173224449394,0.4781199351701783,1.3919903876244168,1.0,0.020557596930399318,1.2579914571296387,0.3323489228575955,0.17251461988304093,0.20508204222491164,0.3453279791124667,590
Routine Tech,deodorant,"shower gel, toothpaste",0.34347933679782233,0.15268497896560257,0.07300173224449394,0.21253602305475505,1.3919903876244168,1.0,0.020557596930399318,1.0760048025578623,0.42893430526362875,0.17251461988304093,0.07063611833068494,0.3453279791124667,590
Routine Tech,"gluten free bar, shower gel",shampoo,0.06594902251917842,0.3450878495421925,0.03167532788913635,0.4803001876172608,1.3918200488787027,1.0,0.008917121528583444,1.2601739212780194,0.3013928790237118,0.08349641226353555,0.2064587410396187,0.28604467968170316,256
Routine Tech,shampoo,"gluten free bar, shower gel",0.3450878495421925,0.06594902251917842,0.03167532788913635,0.09178917174614556,1.3918200488787027,1.0,0.008917121528583444,1.0284517079328903,0.4298535506801437,0.08349641226353555,0.027664602735772748,0.28604467968170316,256
Routine Tech,"low fat yogurt, tooth brush",deodorant,0.05073001732244494,0.34347933679782233,0.02425142291512002,0.47804878048780486,1.3917832290714838,1.0,0.006826710209464591,1.2578199622097794,0.2965408269668659,0.06555183946488294,0.20497366074301523,0.2743269839038448,196
Routine Tech,deodorant,"low fat yogurt, tooth brush",0.34347933679782233,0.05073001732244494,0.02425142291512002,0.07060518731988473,1.3917832290714838,1.0,0.006826710209464591,1.0213850666329043,0.42877143318691957,0.06555183946488294,0.0209373206359891,0.2743269839038448,196
Routine Tech,"cotton buds, shower gel",deodorant,0.08673595644642415,0.34347933679782233,0.041450136104924526,0.4778887303851641,1.3913172618778444,1.0,0.011658127308181956,1.2574343849855918,0.30796862456448293,0.10661998726925527,0.20472987541894014,0.2992829819072795,335
Routine Tech,deodorant,"cotton buds, shower gel",0.34347933679782233,0.08673595644642415,0.041450136104924526,0.12067723342939482,1.3913172618778444,1.0,0.011658127308181956,1.038599338346877,0.42840490348858806,0.10661998726925527,0.03716480159549776,0.2992829819072795,335
Routine Tech,"cotton buds, tooth brush",deodorant,0.08933432318732987,0.34347933679782233,0.042687453600593915,0.47783933518005545,1.391173453503317,1.0,0.01200295951892753,1.2573154345675657,0.3087657529930687,0.10941960038058991,0.2046546375660023,0.3010594370424773,345
Routine Tech,deodorant,"cotton buds, tooth brush",0.34347933679782233,0.08933432318732987,0.042687453600593915,0.12427953890489914,1.391173453503317,1.0,0.01200295951892753,1.0399045326334728,0.4282917342685612,0.10941960038058991,0.038373265411602554,0.3010594370424773,345
Routine Tech,"antioxydant juice, energy bar",tooth brush,0.05617421430339025,0.3419945558030191,0.026726057906458798,0.47577092511013214,1.391165201425502,1.0,0.007514782438187248,1.255186855737098,0.29791314649731004,0.07195203197868089,0.20330587001505976,0.2769592686332137,216
Routine Tech,tooth brush,"antioxydant juice, energy bar",0.3419945558030191,0.05617421430339025,0.026726057906458798,0.07814761215629522,1.391165201425502,1.0,0.007514782438187248,1.0238361348765421,0.4273188193835053,0.07195203197868089,0.023281201028733343,0.2769592686332137,216
Routine Tech,"razor, shampoo",deodorant,0.09193268992823558,0.34347933679782233,0.043924771096263304,0.477792732166891,1.3910377742697453,1.0,0.012347791729673104,1.257203228760871,0.30957205283753203,0.11219974715549937,0.20458365272763157,0.3028372882736472,355
Routine Tech,deodorant,"razor, shampoo",0.34347933679782233,0.09193268992823558,0.043924771096263304,0.12788184438040345,1.3910377742697453,1.0,0.012347791729673104,1.0412205091942248,0.42818494077924013,0.11219974715549937,0.03958864508549131,0.3028372882736472,355
Routine Tech,"body spray, razor",toothpaste,0.056669141301658,0.3453353130413264,0.027220984904726554,0.480349344978166,1.390965032645481,1.0,0.007651129253535328,1.2598169186011452,0.2979597920442622,0.07263123142951469,0.20623386998932858,0.27958706947940903,220
Routine Tech,toothpaste,"body spray, razor",0.3453353130413264,0.056669141301658,0.027220984904726554,0.07882479398065209,1.3909650326454808,1.0,0.007651129253535328,1.0240515078284997,0.42934142025051114,0.07263123142951469,0.023486619222406902,0.27958706947940903,220
Routine Tech,"protein bar, toilet paper",toothpaste,0.05642167780252413,0.3453353130413264,0.027097253155159613,0.48026315789473684,1.3907154575798149,1.0,0.0076128553889080845,1.2596080052875747,0.29774491735195735,0.07232496697490091,0.20610221926011396,0.27936482867864754,219
Routine Tech,toothpaste,"protein bar, toilet paper",0.3453353130413264,0.05642167780252413,0.027097253155159613,0.07846649946255821,1.3907154575798146,1.0,0.0076128553889080845,1.023921888512113,0.429144346952566,0.07232496697490091,0.023363001397376796,0.27936482867864754,219
Routine Tech,shower gel,"deodorant, toilet paper",0.3431081415491215,0.09465478841870824,0.04516208859193269,0.1316263974035341,1.3905941749220427,1.0,0.012685260048864402,1.0425756942337716,0.4275938765136485,0.11503309171131423,0.04083702935839314,0.30437529020503507,365
Routine Tech,"deodorant, toilet paper",shower gel,0.09465478841870824,0.3431081415491215,0.04516208859193269,0.477124183006536,1.3905941749220425,1.0,0.012685260048864402,1.2563056792873053,0.310249540851573,0.11503309171131423,0.2040153789901721,0.30437529020503507,365
Routine Tech,"energy bar, shower gel",cotton buds,0.09119029943083395,0.19908438505320467,0.025241276911655532,0.276797829036635,1.390354291034235,1.0,0.007086712226650357,1.107457426296038,0.30893031140298194,0.09523809523809525,0.09703075147135551,0.2017923265754959,204
Routine Tech,cotton buds,"energy bar, shower gel",0.19908438505320467,0.09119029943083395,0.025241276911655532,0.12678682411435674,1.390354291034235,1.0,0.007086712226650357,1.0407649880539416,0.3505473717372011,0.09523809523809525,0.039168293055443316,0.2017923265754959,204
Routine Tech,tooth brush,"deodorant, oatmeal",0.3419945558030191,0.04788418708240535,0.022766641920316754,0.06657018813314038,1.3902332312455827,1.0,0.006390510629080873,1.0200186460869114,0.4265864905080366,0.06201550387596899,0.019625764846269073,0.27101119225778464,184
Routine Tech,"deodorant, oatmeal",tooth brush,0.04788418708240535,0.3419945558030191,0.022766641920316754,0.4754521963824289,1.3902332312455825,1.0,0.006390510629080873,1.2544241719420277,0.29481311975591146,0.06201550387596899,0.20282148385911816,0.27101119225778464,184
Routine Tech,"protein bar, shampoo",shower gel,0.0967582281613462,0.3431081415491215,0.0461519425884682,0.47698209718670076,1.3901800611117618,1.0,0.012953406744442834,1.2559643846175719,0.3107348782548019,0.11722187303582653,0.2037990788214194,0.3057467283625534,373
Routine Tech,shower gel,"protein bar, shampoo",0.3431081415491215,0.0967582281613462,0.0461519425884682,0.13451135953840607,1.3901800611117618,1.0,0.012953406744442834,1.0436205972119112,0.4272677738293565,0.11722187303582653,0.04179737093005449,0.3057467283625534,373
Routine Tech,"antioxydant juice, cotton buds",shampoo,0.05493689680772086,0.3450878495421925,0.02635486265775798,0.4797297297297297,1.3901669686897367,1.0,0.007396807077860248,1.258792185295526,0.296976938878624,0.07052980132450332,0.20558769614125744,0.2780505945170699,213
Routine Tech,shampoo,"antioxydant juice, cotton buds",0.3450878495421925,0.05493689680772086,0.02635486265775798,0.07637145930441018,1.3901669686897367,1.0,0.007396807077860248,1.0232069079205226,0.42854900040712823,0.07052980132450332,0.022680562201917134,0.2780505945170699,213
Routine Tech,"antioxydant juice, razor",toothpaste,0.0556792873051225,0.3453353130413264,0.026726057906458798,0.48,1.3899534217126477,1.0,0.007498033795026369,1.2589705518436032,0.2970933787561146,0.07140495867768595,0.20570024570024564,0.2786958079541383,216
Routine Tech,toothpaste,"antioxydant juice, razor",0.3453353130413264,0.0556792873051225,0.026726057906458798,0.0773916159082766,1.3899534217126477,1.0,0.007498033795026369,1.023533634614137,0.4285421785421785,0.07140495867768595,0.022992536657585362,0.2786958079541383,216
Routine Tech,"deodorant, energy bar",shower gel,0.09106656768126702,0.3431081415491215,0.043429844097995544,0.47690217391304346,1.389947122093479,1.0,0.012184163303618729,1.2557724878437573,0.30865645431395494,0.11114629512349587,0.203677409976496,0.3017399437902758,351
Routine Tech,shower gel,"deodorant, energy bar",0.3431081415491215,0.09106656768126702,0.043429844097995544,0.1265777136675081,1.389947122093479,1.0,0.012184163303618729,1.0406574763913488,0.42708425567721103,0.11114629512349587,0.03906902829578009,0.3017399437902758,351
Routine Tech,"low fat yogurt, shower gel",shampoo,0.051101212571145756,0.3450878495421925,0.024498886414253896,0.47941888619854717,1.3892662023150442,1.0,0.006864478859078753,1.2580405494840672,0.29528496597214815,0.0659121171770972,0.20511306220605674,0.2752060368604783,198
Routine Tech,shampoo,"low fat yogurt, shower gel",0.3450878495421925,0.051101212571145756,0.024498886414253896,0.07099318752240946,1.3892662023150442,1.0,0.006864478859078753,1.0214120872786856,0.4278368418742498,0.0659121171770972,0.02096322096180901,0.2752060368604783,198
Routine Tech,"shampoo, toothpaste",cotton buds,0.15256124721603564,0.19908438505320467,0.042192526602326155,0.2765612327656123,1.3891658689942066,1.0,0.011819964517371766,1.1070952390464108,0.33057676078319526,0.13634546181527388,0.09673534423168213,0.24424705516465822,341
Routine Tech,cotton buds,"shampoo, toothpaste",0.19908438505320467,0.15256124721603564,0.042192526602326155,0.21193287756370413,1.3891658689942066,1.0,0.011819964517371766,1.0753382911903775,0.3497791185855252,0.13634546181527388,0.07006008416847083,0.24424705516465822,341
Routine Tech,"body spray, toothpaste",razor,0.09415986142044049,0.2081168027715912,0.027220984904726554,0.2890932982917214,1.389091579544407,1.0,0.0076247355964883835,1.113905939169721,0.30922129366330986,0.09896536212325686,0.10225813074901445,0.20994498446096177,220
Routine Tech,razor,"body spray, toothpaste",0.2081168027715912,0.09415986142044049,0.027220984904726554,0.13079667063020214,1.389091579544407,1.0,0.0076247355964883835,1.042149872155143,0.3537201704545455,0.09896536212325686,0.04044511569912495,0.20994498446096177,220
Routine Tech,"cotton buds, tooth brush",shower gel,0.08933432318732987,0.3431081415491215,0.04256372185102698,0.4764542936288089,1.3886417602264818,1.0,0.011912388245673634,1.254698205824165,0.3073266873104146,0.10917169152649953,0.20299559259898922,0.300253832714152,344
Routine Tech,"toilet paper, tooth brush",shower gel,0.08933432318732987,0.3431081415491215,0.04256372185102698,0.4764542936288089,1.3886417602264818,1.0,0.011912388245673634,1.254698205824165,0.3073266873104146,0.10917169152649953,0.20299559259898922,0.300253832714152,344
Routine Tech,shower gel,"cotton buds, tooth brush",0.3431081415491215,0.08933432318732987,0.04256372185102698,0.12405337179949515,1.3886417602264818,1.0,0.011912388245673634,1.0396360320302735,0.42605470307113424,0.10917169152649953,0.03812491180482606,0.300253832714152,344
Routine Tech,shower gel,"toilet paper, tooth brush",0.3431081415491215,0.08933432318732987,0.04256372185102698,0.12405337179949515,1.3886417602264818,1.0,0.011912388245673634,1.0396360320302735,0.42605470307113424,0.10917169152649953,0.03812491180482606,0.300253832714152,344
Routine Tech,"protein bar, shower gel",antioxydant juice,0.09279881217520415,0.21034397426379609,0.027097253155159613,0.292,1.3882023529411764,1.0,0.007577582195267624,1.115333369683904,0.30824907143764624,0.09816225907664725,0.10340708241930427,0.21041176470588235,219
Routine Tech,antioxydant juice,"protein bar, shower gel",0.21034397426379609,0.09279881217520415,0.027097253155159613,0.1288235294117647,1.3882023529411764,1.0,0.007577582195267624,1.0413518023647217,0.3541338439017271,0.09816225907664725,0.03970973332049677,0.21041176470588235,219
Routine Tech,"antioxydant juice, toothpaste",deodorant,0.09292254392477109,0.34347933679782233,0.04429596634496412,0.47669773635153134,1.387849821755431,1.0,0.012378992584117232,1.2545725650504718,0.30808939461946633,0.112969390975071,0.2029157755735161,0.30283013618729304,358
Routine Tech,deodorant,"antioxydant juice, toothpaste",0.34347933679782233,0.09292254392477109,0.04429596634496412,0.12896253602305474,1.3878498217554307,1.0,0.012378992584117232,1.0413759379920742,0.42566968563047647,0.112969390975071,0.039731989651934044,0.30283013618729304,358
Routine Tech,"deodorant, tooth brush",toothpaste,0.151818856718634,0.3453353130413264,0.07275426874536006,0.4792176039119805,1.38768780896332,1.0,0.020325856334854314,1.2570791406859039,0.32938343827684263,0.17142857142857143,0.20450513604547838,0.34494739027558896,588
Routine Tech,toothpaste,"deodorant, tooth brush",0.3453353130413264,0.151818856718634,0.07275426874536006,0.2106771766391974,1.38768780896332,1.0,0.020325856334854314,1.074568121152198,0.42674796246224833,0.17142857142857143,0.06939357280787653,0.34494739027558896,588
Routine Tech,"protein bar, tooth brush",antioxydant juice,0.09539717891610987,0.21034397426379609,0.02783964365256125,0.2918287937743191,1.3873884184023806,1.0,0.007773421905792284,1.115063728649475,0.30866730497423983,0.10017809439002671,0.10319027127609634,0.21209086747539485,225
Routine Tech,antioxydant juice,"protein bar, tooth brush",0.21034397426379609,0.09539717891610987,0.02783964365256125,0.1323529411764706,1.3873884184023806,1.0,0.007773421905792284,1.0425930819271954,0.3535986629060901,0.10017809439002671,0.04085302565835527,0.21209086747539485,225
Routine Tech,"green tea, tooth brush",deodorant,0.06570155902004454,0.34347933679782233,0.031304132640435536,0.4764595103578155,1.387156254579202,1.0,0.008737004721647654,1.254001698418548,0.2987275459680496,0.08284217419777341,0.20255291419371743,0.2837989194440374,253
Routine Tech,deodorant,"green tea, tooth brush",0.34347933679782233,0.06570155902004454,0.031304132640435536,0.09113832853025937,1.387156254579202,1.0,0.008737004721647654,1.0279875038289166,0.4251209384856282,0.08284217419777341,0.02722552922547427,0.2837989194440374,253
Routine Tech,"razor, toothpaste",tooth brush,0.09651076466221233,0.3419945558030191,0.045780747339767384,0.47435897435897434,1.3870366247356116,1.0,0.012774591248904371,1.2518152353015735,0.30884541073530386,0.11657214870825457,0.20116006595886243,0.30411146981335113,370
Routine Tech,tooth brush,"razor, toothpaste",0.3419945558030191,0.09651076466221233,0.045780747339767384,0.13386396526772792,1.3870366247356116,1.0,0.012774591248904371,1.043126251659835,0.4240671660754398,0.11657214870825457,0.04134327133576788,0.30411146981335113,370
Routine Tech,"almonds, shampoo",toothpaste,0.06743380351398169,0.3453353130413264,0.03229398663697105,0.47889908256880737,1.3867654551490867,1.0,0.009006712990902884,1.2563107549030885,0.29906458915073886,0.0848780487804878,0.20401859484428292,0.28620697589565414,261
Routine Tech,toothpaste,"almonds, shampoo",0.3453353130413264,0.06743380351398169,0.03229398663697105,0.0935148692225009,1.3867654551490867,1.0,0.009006712990902884,1.0287716420523625,0.4260158398089432,0.0848780487804878,0.027966985943512296,0.28620697589565414,261
Routine Tech,"energy bar, shower gel",deodorant,0.09119029943083395,0.34347933679782233,0.043429844097995544,0.4762550881953867,1.3865611033123615,1.0,0.012107860527097863,1.253512250725401,0.30676526660189013,0.11100569259962048,0.20224154217774507,0.3013480051927942,351
Routine Tech,deodorant,"energy bar, shower gel",0.34347933679782233,0.09119029943083395,0.043429844097995544,0.12644092219020173,1.3865611033123613,1.0,0.012107860527097863,1.0403528778474247,0.42464961990027955,0.11100569259962048,0.03878768320506608,0.3013480051927942,351
Routine Tech,tooth brush,"gluten free bar, shampoo",0.3419945558030191,0.06941351150705272,0.03291264538480574,0.09623733719247467,1.3864352213718008,1.0,0.009173602350223492,1.0296801658104509,0.42359188682499754,0.08695652173913043,0.028824645551067705,0.285195317437592,266
Routine Tech,"gluten free bar, shampoo",tooth brush,0.06941351150705272,0.3419945558030191,0.03291264538480574,0.47415329768270936,1.3864352213718005,1.0,0.009173602350223492,1.2513256074390042,0.29951624174116964,0.08695652173913043,0.2008474900097136,0.285195317437592,266
Routine Tech,razor,"deodorant, tooth brush",0.2081168027715912,0.151818856718634,0.04380103934669636,0.21046373365041615,1.3862819033110543,1.0,0.012204984285975946,1.0742776227404047,0.3518776483050847,0.1385518590998043,0.0691419249252609,0.24948614555381443,354
Routine Tech,"deodorant, tooth brush",razor,0.151818856718634,0.2081168027715912,0.04380103934669636,0.2885085574572127,1.386281903311054,1.0,0.012204984285975946,1.1129904730804785,0.32852180148104193,0.1385518590998043,0.10151971271393642,0.24948614555381443,354
Routine Tech,"low fat yogurt, tooth brush",shower gel,0.05073001732244494,0.3431081415491215,0.02412769116555308,0.47560975609756095,1.386180327724662,1.0,0.006721809201294258,1.2526774975109776,0.2934814577150344,0.06526104417670683,0.2017099357281009,0.27296535406753275,195
Routine Tech,shower gel,"low fat yogurt, tooth brush",0.3431081415491215,0.05073001732244494,0.02412769116555308,0.0703209520375045,1.386180327724662,1.0,0.006721809201294258,1.0210727936248487,0.42410806999241735,0.06526104417670683,0.020637895511875837,0.27296535406753275,195
Routine Tech,"nonfat milk, toothpaste",shampoo,0.0483791140806731,0.3450878495421925,0.02313783716901757,0.47826086956521735,1.3859104868505152,1.0,0.006442792728161683,1.255248288377464,0.29260883441094077,0.06247911794186435,0.20334486072663643,0.27265499555707984,187
Routine Tech,shampoo,"nonfat milk, toothpaste",0.3450878495421925,0.0483791140806731,0.02313783716901757,0.06704912154894227,1.3859104868505152,1.0,0.006442792728161683,1.0200117797190633,0.4251756178829672,0.06247911794186435,0.019619165304713485,0.27265499555707984,187
Routine Tech,"shampoo, toilet paper",antioxydant juice,0.09465478841870824,0.21034397426379609,0.02759218015342737,0.29150326797385623,1.385840830449827,1.0,0.007682115774337538,1.1145514016387381,0.3075251380316493,0.09946476360392506,0.10277803380832122,0.21133986928104576,223
Routine Tech,antioxydant juice,"shampoo, toilet paper",0.21034397426379609,0.09465478841870824,0.02759218015342737,0.13117647058823528,1.3858408304498269,1.0,0.007682115774337538,1.0420357885498956,0.3525793536473798,0.09946476360392506,0.040340062224151645,0.21133986928104576,223
Routine Tech,"toilet paper, toothpaste",deodorant,0.09514971541697599,0.34347933679782233,0.04528582034149963,0.47594278283485053,1.3856518627057859,1.0,0.012603859193575186,1.2527652357381507,0.3075845918526705,0.11513054419628815,0.20176584449137994,0.30389358161915436,366
Routine Tech,deodorant,"toilet paper, toothpaste",0.34347933679782233,0.09514971541697599,0.04528582034149963,0.13184438040345822,1.3856518627057859,1.0,0.012603859193575186,1.0422673817437653,0.4239287825515604,0.11513054419628815,0.040553299934465936,0.30389358161915436,366
Routine Tech,toothpaste,"deodorant, toilet paper",0.3453353130413264,0.09465478841870824,0.04528582034149963,0.13113579362235758,1.3854110902691426,1.0,0.012598179352064504,1.0419870043395403,0.42493903969313807,0.11473354231974922,0.04029513243896324,0.3047835830856886,366
Routine Tech,toothpaste,"shampoo, toilet paper",0.3453353130413264,0.09465478841870824,0.04528582034149963,0.13113579362235758,1.3854110902691426,1.0,0.012598179352064504,1.0419870043395403,0.42493903969313807,0.11473354231974922,0.04029513243896324,0.3047835830856886,366
Routine Tech,"deodorant, toilet paper",toothpaste,0.09465478841870824,0.3453353130413264,0.04528582034149963,0.47843137254901963,1.3854110902691423,1.0,0.012598179352064504,1.2551841742440737,0.3072779088446623,0.11473354231974922,0.20330416801005036,0.3047835830856886,366
Routine Tech,"shampoo, toilet paper",toothpaste,0.09465478841870824,0.3453353130413264,0.04528582034149963,0.47843137254901963,1.3854110902691423,1.0,0.012598179352064504,1.2551841742440737,0.3072779088446623,0.11473354231974922,0.20330416801005036,0.3047835830856886,366
Routine Tech,"almonds, toothpaste",shampoo,0.06755753526354863,0.3450878495421925,0.03229398663697105,0.47802197802197804,1.3852182238700705,1.0,0.008980702072502216,1.2546738040349577,0.2982404763647901,0.0849056603773585,0.2029800918899729,0.28580195351439525,261
Routine Tech,shampoo,"almonds, toothpaste",0.3450878495421925,0.06755753526354863,0.03229398663697105,0.09358192900681249,1.3852182238700705,1.0,0.008980702072502216,1.028711247685903,0.4246250198158054,0.0849056603773585,0.027909919086127725,0.28580195351439525,261
Routine Tech,"antioxydant juice, shower gel",toilet paper,0.09415986142044049,0.21158129175946547,0.02759218015342737,0.29303547963206306,1.3849782142610139,1.0,0.007669715042198315,1.115216797343953,0.3068609681712967,0.09919928825622774,0.10331336258417038,0.21172241817860463,223
Routine Tech,toilet paper,"antioxydant juice, shower gel",0.21158129175946547,0.09415986142044049,0.02759218015342737,0.1304093567251462,1.3849782142610139,1.0,0.007669715042198315,1.0416857007202736,0.3525626409262497,0.09919928825622774,0.04001754146327436,0.21172241817860463,223
Routine Tech,"cotton buds, deodorant",razor,0.08673595644642415,0.2081168027715912,0.024993813412521652,0.28815977175463625,1.384605990083811,1.0,0.006942603471555873,1.1124451327797888,0.3041539623410925,0.09261806510774874,0.10107926176890158,0.20412744830300183,202
Routine Tech,razor,"cotton buds, deodorant",0.2081168027715912,0.08673595644642415,0.024993813412521652,0.12009512485136742,1.384605990083811,1.0,0.006942603471555873,1.037912244092645,0.35077506188118807,0.09261806510774874,0.03652740808139161,0.20412744830300183,202
Routine Tech,"deodorant, razor",toilet paper,0.09292254392477109,0.21158129175946547,0.027220984904726554,0.29294274300932094,1.3845399116966854,1.0,0.007560313027547817,1.1150705270972532,0.30619039942461046,0.09817045961624277,0.1031957390146472,0.21079885688477745,220
Routine Tech,toilet paper,"deodorant, razor",0.21158129175946547,0.09292254392477109,0.027220984904726554,0.12865497076023394,1.3845399116966854,1.0,0.007560313027547817,1.0410083556299607,0.35227272727272746,0.09817045961624277,0.03939291688503761,0.21079885688477745,220
Routine Tech,"body spray, tooth brush",toothpaste,0.09242761692650334,0.3453353130413264,0.04417223459539718,0.47791164658634544,1.383906100935451,1.0,0.01225371457041935,1.2539346696362288,0.3056589506968432,0.11222885884941844,0.2025102868476363,0.30291139477292905,357
Routine Tech,toothpaste,"body spray, tooth brush",0.3453353130413264,0.09242761692650334,0.04417223459539718,0.12791114295951272,1.383906100935451,1.0,0.01225371457041935,1.0406879708948764,0.4237400119753061,0.11222885884941844,0.039097185739438566,0.30291139477292905,357
Routine Tech,toothpaste,"razor, shampoo",0.3453353130413264,0.09193268992823558,0.043924771096263304,0.127194553923325,1.3835617561350102,1.0,0.01217716684116487,1.0404006003326334,0.42346530515544595,0.1116703365838314,0.038831773376251884,0.302493643045108,355
Routine Tech,"razor, shampoo",toothpaste,0.09193268992823558,0.3453353130413264,0.043924771096263304,0.477792732166891,1.38356175613501,1.0,0.01217716684116487,1.2536491299234396,0.30529430843132094,0.1116703365838314,0.20232864512810675,0.302493643045108,355
Routine Tech,"shampoo, toothpaste",razor,0.15256124721603564,0.2081168027715912,0.043924771096263304,0.28791565287915655,1.3834330003384918,1.0,0.012174212098815647,1.1120637610280502,0.32705668967814766,0.138671875,0.10077098540145987,0.24948695842530955,355
Routine Tech,razor,"shampoo, toothpaste",0.2081168027715912,0.15256124721603564,0.043924771096263304,0.21105826397146255,1.3834330003384916,1.0,0.012174212098815647,1.0741461809967054,0.3500017605633802,0.138671875,0.0690280171437232,0.24948695842530955,355
Routine Tech,"antioxydant juice, shower gel",tooth brush,0.09415986142044049,0.3419945558030191,0.044543429844097995,0.47306176084099866,1.3832435423722689,1.0,0.012341269863140616,1.2487335237753177,0.305861372915054,0.11374407582938388,0.19918863315474822,0.3016538905507453,360
Routine Tech,tooth brush,"antioxydant juice, shower gel",0.3419945558030191,0.09415986142044049,0.044543429844097995,0.13024602026049203,1.3832435423722689,1.0,0.012341269863140616,1.0414900761372305,0.42106263841878716,0.11374407582938388,0.03983722657359604,0.3016538905507453,360
Routine Tech,"shampoo, toothpaste",shower gel,0.15256124721603564,0.3431081415491215,0.07238307349665925,0.4744525547445255,1.3828076261973514,1.0,0.02003806749194917,1.249919230663477,0.32667093455529717,0.17100263080970476,0.1999483042842824,0.3427077054285195,585
Routine Tech,shower gel,"shampoo, toothpaste",0.3431081415491215,0.15256124721603564,0.07238307349665925,0.21096285611251353,1.3828076261973514,1.0,0.02003806749194917,1.074016298660847,0.4214295028761029,0.17100263080970476,0.06891543336272948,0.3427077054285195,585
Routine Tech,"energy bar, toothpaste",shower gel,0.0894580549368968,0.3431081415491215,0.04243999010146003,0.47441217150760717,1.3826899279208371,1.0,0.011746203125462155,1.249823193842066,0.3039640875277372,0.10878528385664446,0.19988682805132438,0.29905246152012166,343
Routine Tech,shower gel,"energy bar, toothpaste",0.3431081415491215,0.0894580549368968,0.04243999010146003,0.12369275153263612,1.382689927920837,1.0,0.011746203125462155,1.0390670015061667,0.42133579207319977,0.10878528385664446,0.03759815435341285,0.29905246152012166,343
Routine Tech,"antioxydant juice, toothpaste",razor,0.09292254392477109,0.2081168027715912,0.026726057906458798,0.2876165113182424,1.3819956269167866,1.0,0.007387315159432695,1.1115967871374488,0.3047244830425843,0.09742895805142085,0.10039322569906796,0.20801753033212952,216
Routine Tech,razor,"antioxydant juice, toothpaste",0.2081168027715912,0.09292254392477109,0.026726057906458798,0.12841854934601665,1.3819956269167866,1.0,0.007387315159432695,1.0407259762063676,0.3490523726851853,0.09742895805142085,0.03913227606254353,0.20801753033212952,216
Routine Tech,"deodorant, toilet paper",razor,0.09465478841870824,0.2081168027715912,0.027220984904726554,0.28758169934640526,1.381828355599077,1.0,0.007521732972003557,1.111542469504097,0.3052107793805211,0.09878760664571172,0.10034926470588239,0.2091891849883037,220
Routine Tech,razor,"deodorant, toilet paper",0.2081168027715912,0.09465478841870824,0.027220984904726554,0.13079667063020214,1.381828355599077,1.0,0.007521732972003557,1.0415804691379842,0.3489417613636364,0.09878760664571172,0.03992055378342131,0.2091891849883037,220
Routine Tech,"green tea, shampoo",shower gel,0.06211333828260331,0.3431081415491215,0.029448156396931453,0.47410358565737054,1.381790544277991,1.0,0.008136564333375527,1.2490898217512918,0.2945998980066961,0.07836680935133356,0.199417061458442,0.279965604584906,238
Routine Tech,shower gel,"green tea, shampoo",0.3431081415491215,0.06211333828260331,0.029448156396931453,0.0858276235124414,1.381790544277991,1.0,0.008136564333375527,1.0259407151646316,0.4206191800509996,0.07836680935133356,0.025284809132922352,0.279965604584906,238
Routine Tech,"deodorant, shampoo",tooth brush,0.15528334570650829,0.3419945558030191,0.07337292749319475,0.4725099601593626,1.381630064402304,1.0,0.020266868654690802,1.2474272393764516,0.326993973684984,0.1730881494454174,0.19835003723354047,0.3435270495442254,593
Routine Tech,tooth brush,"deodorant, shampoo",0.3419945558030191,0.15528334570650829,0.07337292749319475,0.21454413892908827,1.381630064402304,1.0,0.020266868654690802,1.0754476427762374,0.41977958976069685,0.1730881494454174,0.07015464051924586,0.3435270495442254,593
Routine Tech,"deodorant, gluten free bar",tooth brush,0.06731007176441475,0.3419945558030191,0.03179905963870329,0.4724264705882352,1.3813859389631393,1.0,0.008779381544562929,1.24722983150926,0.2960140734416439,0.08423467715503113,0.1982231544366523,0.2827038286370988,257
Routine Tech,tooth brush,"deodorant, gluten free bar",0.3419945558030191,0.06731007176441475,0.03179905963870329,0.09298118668596236,1.3813859389631393,1.0,0.008779381544562929,1.0283027369936808,0.4195851984962602,0.08423467715503113,0.027523739824349667,0.2827038286370988,257
Routine Tech,"low fat yogurt, shampoo",tooth brush,0.05369957931205147,0.3419945558030191,0.02536500866122247,0.47235023041474655,1.3811630109305288,1.0,0.007000044887588434,1.2470496191331428,0.29163307480355133,0.0684931506849315,0.1981072888702485,0.2732590515315412,205
Routine Tech,tooth brush,"low fat yogurt, shampoo",0.3419945558030191,0.05369957931205147,0.02536500866122247,0.07416787264833574,1.3811630109305286,1.0,0.007000044887588434,1.022107996397612,0.4194076261935992,0.0684931506849315,0.02162980475207237,0.2732590515315412,205
Routine Tech,"protein bar, razor",deodorant,0.05790645879732739,0.34347933679782233,0.02746844840386043,0.4743589743589744,1.3810407891819996,1.0,0.007578776339843992,1.2489905299943869,0.29286733542052684,0.07346128391793513,0.19935341703151735,0.27716507795758516,222
Routine Tech,deodorant,"protein bar, razor",0.34347933679782233,0.05790645879732739,0.02746844840386043,0.07997118155619597,1.3810407891819996,1.0,0.007578776339843992,1.023982643061323,0.4202585548231986,0.07346128391793513,0.023420946852794302,0.27716507795758516,222
Routine Tech,"body spray, energy bar",shower gel,0.05431823805988616,0.3431081415491215,0.025736203909923285,0.47380410022779046,1.3809176841114326,1.0,0.007099174196972983,1.2483788998265613,0.2916878440805563,0.0692410119840213,0.19896114862328168,0.27440655786723095,208
Routine Tech,shower gel,"body spray, energy bar",0.3431081415491215,0.05431823805988616,0.025736203909923285,0.07500901550667147,1.3809176841114323,1.0,0.007099174196972983,1.022368626066252,0.4199228088731761,0.0692410119840213,0.021879218019746016,0.27440655786723095,208
Routine Tech,tooth brush,"low fat yogurt, shower gel",0.3419945558030191,0.051101212571145756,0.02412769116555308,0.07054992764109985,1.3805920464778911,1.0,0.006651354671288433,1.0209249702037186,0.4189525655490303,0.06539235412474849,0.02049609012848729,0.2713524456607436,195
Routine Tech,"low fat yogurt, shower gel",tooth brush,0.051101212571145756,0.3419945558030191,0.02412769116555308,0.4721549636803874,1.380592046477891,1.0,0.006651354671288433,1.2465882956575833,0.2905189390519941,0.06539235412474849,0.19781053337060753,0.2713524456607436,195
Routine Tech,"deodorant, toothpaste",antioxydant juice,0.15256124721603564,0.21034397426379609,0.04429596634496412,0.29034874290348744,1.3803520824388151,1.0,0.012205627286901687,1.112738148265988,0.3251528788201352,0.13902912621359223,0.10131597307207545,0.25046848909880254,358
Routine Tech,antioxydant juice,"deodorant, toothpaste",0.21034397426379609,0.15256124721603564,0.04429596634496412,0.21058823529411766,1.380352082438815,1.0,0.012205627286901687,1.0735066167904168,0.3489457955247737,0.13902912621359223,0.06847337095153436,0.25046848909880254,358
Routine Tech,antioxydant juice,"shampoo, shower gel",0.21034397426379609,0.15639693145261074,0.04540955209106657,0.2158823529411765,1.3803490320178706,1.0,0.012512399966661938,1.0758628781174506,0.3489437681080219,0.14131690412013861,0.07051351957620834,0.25311522710349965,367
Routine Tech,"shampoo, shower gel",antioxydant juice,0.15639693145261074,0.21034397426379609,0.04540955209106657,0.2903481012658228,1.3803490320178704,1.0,0.012512399966661938,1.1127371421745393,0.32662938223311766,0.14131690412013861,0.10131516051870569,0.25311522710349965,367
Routine Tech,"toilet paper, toothpaste",shampoo,0.09514971541697599,0.3450878495421925,0.04528582034149963,0.47594278283485053,1.3791931053679678,1.0,0.012450809663703787,1.2496958900795387,0.30384957097884685,0.11466165413533837,0.1998053222881659,0.303586307157834,366
Routine Tech,shampoo,"toilet paper, toothpaste",0.3450878495421925,0.09514971541697599,0.04528582034149963,0.13122983148081752,1.3791931053679678,1.0,0.012450809663703787,1.041530104705759,0.41980954327759434,0.11466165413533837,0.039874127995072776,0.303586307157834,366
Routine Tech,"shower gel, tooth brush",cotton buds,0.1550358822073744,0.19908438505320467,0.04256372185102698,0.27454110135674387,1.3790187577160993,1.0,0.011698498580590768,1.1040123933205,0.3252761819463506,0.13661636219221604,0.094213066764283,0.2441692455198884,344
Routine Tech,cotton buds,"shower gel, tooth brush",0.19908438505320467,0.1550358822073744,0.04256372185102698,0.21379738968303294,1.3790187577160993,1.0,0.011698498580590768,1.0747409213662724,0.343165618185019,0.13661636219221604,0.06954319862619304,0.2441692455198884,344
Routine Tech,"shower gel, toothpaste",razor,0.15268497896560257,0.2081168027715912,0.04380103934669636,0.28687196110210694,1.3784180675548325,1.0,0.012024729693127498,1.1104362106589276,0.32400073921537564,0.13817330210772832,0.0994529983792544,0.24866784737626155,354
Routine Tech,razor,"shower gel, toothpaste",0.2081168027715912,0.15268497896560257,0.04380103934669636,0.21046373365041615,1.3784180675548325,1.0,0.012024729693127498,1.0731806215209763,0.34668079096045185,0.13817330210772832,0.06819040528076277,0.24866784737626155,354
Routine Tech,"deodorant, razor",tooth brush,0.09292254392477109,0.3419945558030191,0.04380103934669636,0.47137150466045274,1.3783011941627274,1.0,0.012022035213057738,1.2447407773096542,0.30258626203869166,0.11198987662132237,0.1966198760183864,0.2997233789583016,354
Routine Tech,tooth brush,"deodorant, razor",0.3419945558030191,0.09292254392477109,0.04380103934669636,0.1280752532561505,1.3783011941627274,1.0,0.012022035213057738,1.0403162193327522,0.4171229573158422,0.11198987662132237,0.03875381214243736,0.2997233789583016,354
Routine Tech,deodorant,"antioxydant juice, razor",0.34347933679782233,0.0556792873051225,0.02635486265775798,0.07672910662824207,1.3780547550432276,1.0,0.007230177980819097,1.0227991800393992,0.41786868971082425,0.07069366080318619,0.022290964330378988,0.27503121998078767,213
Routine Tech,"antioxydant juice, razor",deodorant,0.0556792873051225,0.34347933679782233,0.02635486265775798,0.4733333333333333,1.3780547550432274,1.0,0.007230177980819097,1.2465582212699573,0.29051510319780316,0.07069366080318619,0.19779117979645675,0.27503121998078767,213
Routine Tech,"protein bar, shampoo",toilet paper,0.0967582281613462,0.21158129175946547,0.028210838901262063,0.2915601023017903,1.3780051150895143,1.0,0.007738607998527346,1.1128942776969277,0.30369863013698634,0.10070671378091874,0.1014420506596154,0.2124467178175618,228
Routine Tech,toilet paper,"protein bar, shampoo",0.21158129175946547,0.0967582281613462,0.028210838901262063,0.13333333333333333,1.378005115089514,1.0,0.007738607998527346,1.042202044429216,0.34792843691148784,0.10070671378091874,0.0404931506849315,0.2124467178175618,228
Routine Tech,deodorant,"shower gel, tooth brush",0.34347933679782233,0.1550358822073744,0.07337292749319475,0.21361671469740634,1.3778533824297192,1.0,0.020121305492740486,1.0744939949575487,0.41770714880033355,0.17258440046565773,0.06932937299523181,0.3434404403495013,593
Routine Tech,"shower gel, tooth brush",deodorant,0.1550358822073744,0.34347933679782233,0.07337292749319475,0.47326416600159615,1.377853382429719,1.0,0.020121305492740486,1.2463945318065583,0.32455031945154045,0.17258440046565773,0.1976858254098945,0.3434404403495013,593
Routine Tech,cotton buds,"antioxydant juice, toothpaste",0.19908438505320467,0.09292254392477109,0.02548874041078941,0.12802983219390926,1.3778123885368505,1.0,0.0069893128959469565,1.0402620290983915,0.3423728737294122,0.09563602599814298,0.03870373807000064,0.20116538214222762,206
Routine Tech,"antioxydant juice, toothpaste",cotton buds,0.09292254392477109,0.19908438505320467,0.02548874041078941,0.27430093209054596,1.3778123885368503,1.0,0.0069893128959469565,1.103647021697327,0.30230249783801466,0.09563602599814298,0.09391319838649657,0.20116538214222762,206
Routine Tech,"cotton buds, toothpaste",razor,0.08673595644642415,0.2081168027715912,0.024870081662954714,0.2867332382310984,1.377751504984386,1.0,0.006818871721988935,1.1102202425142291,0.3002195363785327,0.09211732355637031,0.09927781740370896,0.20311691638070972,201
Routine Tech,razor,"cotton buds, toothpaste",0.2081168027715912,0.08673595644642415,0.024870081662954714,0.11950059453032104,1.377751504984386,1.0,0.006818871721988935,1.0372114255618599,0.34623756218905466,0.09211732355637031,0.03587641308685201,0.20311691638070972,201
Routine Tech,razor,"antioxydant juice, deodorant",0.2081168027715912,0.09193268992823558,0.02635486265775798,0.12663495838287753,1.377474742463548,1.0,0.007222125159701526,1.0397339792652878,0.34605340375586846,0.09629294755877034,0.03821552441073936,0.20665529884150605,213
Routine Tech,"antioxydant juice, deodorant",razor,0.09193268992823558,0.2081168027715912,0.02635486265775798,0.28667563930013457,1.3774747424635478,1.0,0.007222125159701526,1.110130595359826,0.3017770519195474,0.09629294755877034,0.09920508075370117,0.20665529884150605,213
Routine Tech,shampoo,"cotton buds, energy bar",0.3450878495421925,0.05518436030685474,0.02623113090819104,0.07601290785227681,1.3774356978970879,1.0,0.007187678681537014,1.0225420330245176,0.4183970284712098,0.0701290109163083,0.02204509183631498,0.275674615361116,212
Routine Tech,"cotton buds, energy bar",shampoo,0.05518436030685474,0.3450878495421925,0.02623113090819104,0.47533632286995514,1.3774356978970876,1.0,0.007187678681537014,1.248251363693086,0.290017741186238,0.0701290109163083,0.19887930501322076,0.275674615361116,212
Routine Tech,"razor, shampoo",tooth brush,0.09193268992823558,0.3419945558030191,0.043306112348428606,0.47106325706594887,1.3773998710589719,1.0,0.011865632892644994,1.2440153817769894,0.3017335954684367,0.11086474501108648,0.19615141850451273,0.2988456661596025,350
Routine Tech,tooth brush,"razor, shampoo",0.3419945558030191,0.09193268992823558,0.043306112348428606,0.12662807525325614,1.3773998710589719,1.0,0.011865632892644994,1.0397257850200319,0.4164014398538656,0.11086474501108648,0.03820794443341275,0.2988456661596025,350
Routine Tech,"green tea, toothpaste",shower gel,0.06050482553823311,0.3431081415491215,0.02858203414996288,0.47239263803680986,1.3768039309821483,1.0,0.007822335904785895,1.2450392200871303,0.29130555997407054,0.07621247113163972,0.1968124506712182,0.27784795984061916,231
Routine Tech,shower gel,"green tea, toothpaste",0.3431081415491215,0.06050482553823311,0.02858203414996288,0.08330328164442842,1.3768039309821483,1.0,0.007822335904785895,1.0248702276878363,0.41662895401829303,0.07621247113163972,0.024266709107107928,0.27784795984061916,231
Routine Tech,razor,"shower gel, tooth brush",0.2081168027715912,0.1550358822073744,0.04441969809453106,0.21343638525564804,1.3766902359426556,1.0,0.012154125974659272,1.0742476539132246,0.34553098885793865,0.1393633540372671,0.06911595630929089,0.2499743777834505,359
Routine Tech,"shower gel, tooth brush",razor,0.1550358822073744,0.2081168027715912,0.04441969809453106,0.286512370311253,1.3766902359426554,1.0,0.012154125974659272,1.1098765616635304,0.323824619811218,0.1393633540372671,0.09899890263367915,0.2499743777834505,359
Routine Tech,almonds,"deodorant, toothpaste",0.14909675822816135,0.15256124721603564,0.031304132640435536,0.2099585062240664,1.3762243692643183,1.0,0.008557745249279516,1.0726509423368458,0.3212754205603716,0.11578947368421053,0.0677302740988326,0.20757454913798615,253
Routine Tech,"deodorant, toothpaste",almonds,0.15256124721603564,0.14909675822816135,0.031304132640435536,0.2051905920519059,1.3762243692643183,1.0,0.008557745249279516,1.0705752011272214,0.32258885489760186,0.11578947368421053,0.06592269375650771,0.20757454913798615,253
Routine Tech,"shampoo, toilet paper",gluten free bar,0.09465478841870824,0.15392229646127195,0.0200445434298441,0.21176470588235297,1.3757896727822965,1.0,0.005475061025380718,1.073382161205849,0.3017022762820222,0.0877097996751489,0.06836536310926832,0.17099489313410254,162
Routine Tech,gluten free bar,"shampoo, toilet paper",0.15392229646127195,0.09465478841870824,0.0200445434298441,0.13022508038585212,1.3757896727822965,1.0,0.005475061025380718,1.0408959733892116,0.32283643690487807,0.0877097996751489,0.039289203181420915,0.17099489313410254,162
Routine Tech,shower gel,"antioxydant juice, body spray",0.3431081415491215,0.05741153179905964,0.027097253155159613,0.07897583844212044,1.3756093238991756,1.0,0.0073988891760959664,1.0234133994992982,0.41566874894101585,0.07256461232604372,0.022877753516568317,0.275479298531405,219
Routine Tech,"antioxydant juice, body spray",shower gel,0.05741153179905964,0.3431081415491215,0.027097253155159613,0.4719827586206896,1.3756093238991753,1.0,0.0073988891760959664,1.2440727441681942,0.28968041324860244,0.07256461232604372,0.19618848279759155,0.275479298531405,219
Routine Tech,"deodorant, shower gel",tooth brush,0.15602573620390991,0.3419945558030191,0.07337292749319475,0.4702616970658208,1.3750560910585976,1.0,0.02001297514629955,1.242133031635319,0.3231815841020675,0.17278554778554778,0.19493325229145614,0.34240291799745454,593
Routine Tech,tooth brush,"deodorant, shower gel",0.3419945558030191,0.15602573620390991,0.07337292749319475,0.21454413892908827,1.3750560910585976,1.0,0.02001297514629955,1.0745024712724058,0.41452079450173046,0.17278554778554778,0.0693367146789168,0.34240291799745454,593
Routine Tech,"almonds, shampoo",shower gel,0.06743380351398169,0.3431081415491215,0.03179905963870329,0.4715596330275229,1.3743761103961198,1.0,0.008661972637432413,1.243076607137947,0.2920941513436437,0.08395949036262658,0.195544349995939,0.28211952080514263,257
Routine Tech,shower gel,"almonds, shampoo",0.3431081415491215,0.06743380351398169,0.03179905963870329,0.09267940858276234,1.3743761103961196,1.0,0.008661972637432413,1.0278243493067285,0.4146757616645399,0.08395949036262658,0.027071113197012768,0.28211952080514263,257
Routine Tech,"protein bar, toothpaste",shower gel,0.09106656768126702,0.3431081415491215,0.04293491709972779,0.47146739130434784,1.3741072688502485,1.0,0.011689236305350976,1.2428596602052613,0.2995321416269985,0.10974067046173308,0.1954039285217064,0.29830131195221,347
Routine Tech,shower gel,"protein bar, toothpaste",0.3431081415491215,0.09106656768126702,0.04293491709972779,0.12513523260007212,1.3741072688502485,1.0,0.011689236305350976,1.0389416355399204,0.41445905300281244,0.10974067046173308,0.037482024213692185,0.29830131195221,347
Routine Tech,"protein bar, toothpaste",shampoo,0.09106656768126702,0.3450878495421925,0.04318238059886167,0.4741847826086956,1.3740987497466755,1.0,0.011756414592544707,1.245517681490817,0.29952717772453996,0.10988664987405541,0.1971209924510633,0.2996596197016228,349
Routine Tech,shampoo,"protein bar, toothpaste",0.3450878495421925,0.09106656768126702,0.04318238059886167,0.12513445679455001,1.3740987497466755,1.0,0.011756414592544707,1.0389407142364535,0.4157050155988042,0.10988664987405541,0.03748117067976493,0.2996596197016228,349
Routine Tech,gluten free bar,"shower gel, tooth brush",0.15392229646127195,0.1550358822073744,0.0327889136352388,0.21302250803858522,1.3740206783462456,1.0,0.00892543461198048,1.0736826992175958,0.32173039672860326,0.11872759856630823,0.06862613998650545,0.21225746311745702,265
Routine Tech,"shower gel, tooth brush",gluten free bar,0.1550358822073744,0.15392229646127195,0.0327889136352388,0.2114924181963288,1.3740206783462456,1.0,0.00892543461198048,1.0730115005405123,0.3221544080875954,0.11872759856630823,0.06804353961139653,0.21225746311745702,265
Routine Tech,body spray,"protein bar, tooth brush",0.21430339024993814,0.09539717891610987,0.028087107151695125,0.13106235565819863,1.3738598682614285,1.0,0.007643168289692862,1.0410445754932212,0.34634708106420625,0.09973637961335677,0.039426338179395615,0.21274259157747805,227
Routine Tech,"protein bar, tooth brush",body spray,0.09539717891610987,0.21430339024993814,0.028087107151695125,0.29442282749675747,1.3738598682614283,1.0,0.007643168289692862,1.1135516288920915,0.30082122346569684,0.09973637961335677,0.10197248690217225,0.21274259157747805,227
Routine Tech,"antioxydant juice, toothpaste",shower gel,0.09292254392477109,0.3431081415491215,0.04380103934669636,0.47137150466045274,1.3738278040626684,1.0,0.01191855799265154,1.2426342208982615,0.2999818123948529,0.11167192429022083,0.19525795830962123,0.2995155395642689,354
Routine Tech,shower gel,"antioxydant juice, toothpaste",0.3431081415491215,0.09292254392477109,0.04380103934669636,0.1276595744680851,1.3738278040626681,1.0,0.01191855799265154,1.0398204984277015,0.4142336912161738,0.11167192429022083,0.03829555051849186,0.2995155395642689,354
Routine Tech,"shower gel, toothpaste",shampoo,0.15268497896560257,0.3450878495421925,0.07238307349665925,0.47406807131280393,1.3737605422553179,1.0,0.019693342448024558,1.2452412845376495,0.32109793114466023,0.17015706806282724,0.19694278336483684,0.34191033540541593,585
Routine Tech,shampoo,"shower gel, toothpaste",0.3450878495421925,0.15268497896560257,0.07238307349665925,0.209752599498028,1.3737605422553179,1.0,0.019693342448024558,1.0722148791583188,0.41543144388411735,0.17015706806282724,0.06735112575103129,0.34191033540541593,585
Routine Tech,"antioxydant juice, shower gel",deodorant,0.09415986142044049,0.34347933679782233,0.04441969809453106,0.47174770039421815,1.3734383698076624,1.0,0.012077731340863304,1.2428164793454157,0.30016372179242456,0.11296412838263059,0.19537597334829837,0.3005352334824117,359
Routine Tech,deodorant,"antioxydant juice, shower gel",0.34347933679782233,0.09415986142044049,0.04441969809453106,0.12932276657060518,1.3734383698076624,1.0,0.012077731340863304,1.0403856949511199,0.41415352567703356,0.11296412838263059,0.038818002926325784,0.3005352334824117,359
Routine Tech,"low fat yogurt, toothpaste",shower gel,0.049368968077208614,0.3431081415491215,0.02326156891858451,0.4711779448621554,1.3732636676436856,1.0,0.006322674031415558,1.2421793910990546,0.2859234673955487,0.06300268096514745,0.19496329824372577,0.26948727751582346,188
Routine Tech,shower gel,"low fat yogurt, toothpaste",0.3431081415491215,0.049368968077208614,0.02326156891858451,0.06779661016949153,1.3732636676436853,1.0,0.006322674031415558,1.019767834244449,0.4137784893576946,0.06300268096514745,0.019384641857325326,0.26948727751582346,188
Routine Tech,"antioxydant juice, shower gel",cotton buds,0.09415986142044049,0.19908438505320467,0.025736203909923285,0.2733245729303548,1.3729081407228882,1.0,0.006990445802339922,1.1021641645108702,0.29985329347609085,0.09620721554116557,0.09269414466601689,0.20129870660190827,208
Routine Tech,cotton buds,"antioxydant juice, shower gel",0.19908438505320467,0.09415986142044049,0.025736203909923285,0.12927284027346175,1.3729081407228882,1.0,0.006990445802339922,1.0403260406670316,0.33913578889826373,0.09620721554116557,0.03876288691300613,0.20129870660190827,208
Routine Tech,"razor, shower gel",antioxydant juice,0.09255134867607027,0.21034397426379609,0.026726057906458798,0.2887700534759359,1.372846807172067,1.0,0.007258439402459856,1.1102682467118057,0.299285923501904,0.09677419354838711,0.09931676154693102,0.20791443850267383,216
Routine Tech,antioxydant juice,"razor, shower gel",0.21034397426379609,0.09255134867607027,0.026726057906458798,0.12705882352941178,1.372846807172067,1.0,0.007258439402459856,1.0395301261797039,0.34393026683844624,0.09677419354838711,0.03802691733906546,0.20791443850267383,216
Routine Tech,"cotton buds, toilet paper",tooth brush,0.05456570155902005,0.3419945558030191,0.025612472160356347,0.4693877551020408,1.3725006645205113,1.0,0.006951299293599181,1.2400871832943101,0.2870669102041048,0.06904603068712474,0.1936050840042673,0.27213960837591183,207
Routine Tech,tooth brush,"cotton buds, toilet paper",0.3419945558030191,0.05456570155902005,0.025612472160356347,0.07489146164978291,1.3725006645205113,1.0,0.006951299293599181,1.021971216617469,0.4124630050525695,0.06904603068712474,0.021498860496472386,0.27213960837591183,207
Routine Tech,"razor, tooth brush",shampoo,0.09143776292996783,0.3450878495421925,0.043306112348428606,0.4736129905277402,1.3724418033148786,1.0,0.011752051371977199,1.2441647279905392,0.29868251590435985,0.11013215859030837,0.1962479103429428,0.2995529993872118,350
Routine Tech,shampoo,"razor, tooth brush",0.3450878495421925,0.09143776292996783,0.043306112348428606,0.1254930082466834,1.3724418033148786,1.0,0.011752051371977199,1.03894222188943,0.41436344498124206,0.11013215859030837,0.03748256743152599,0.2995529993872118,350
Routine Tech,green tea,"shampoo, tooth brush",0.147735708982925,0.15256124721603564,0.030932937391734718,0.20938023450586266,1.3724339458851436,1.0,0.008394193370954397,1.0718663885848023,0.31840766550522637,0.11483693155718877,0.06704789827367234,0.20606886826671883,250
Routine Tech,"shampoo, tooth brush",green tea,0.15256124721603564,0.147735708982925,0.030932937391734718,0.202757502027575,1.3724339458851433,1.0,0.008394193370954397,1.0690151280000544,0.32022076215505907,0.11483693155718877,0.06455954288427138,0.20606886826671883,250
Routine Tech,"shampoo, tooth brush",protein bar,0.15256124721603564,0.22989359069537244,0.048131650581539225,0.3154906731549067,1.3723334878568116,1.0,0.0130587976580804,1.1250488183324714,0.32015782237551044,0.14396743153219838,0.11114968194697235,0.2624277908293371,389
Routine Tech,protein bar,"shampoo, tooth brush",0.22989359069537244,0.15256124721603564,0.048131650581539225,0.2093649085037675,1.3723334878568116,1.0,0.0130587976580804,1.0718456110773353,0.3523073466339768,0.14396743153219838,0.06702981318841418,0.2624277908293371,389
Routine Tech,"body spray, toothpaste",tooth brush,0.09415986142044049,0.3419945558030191,0.04417223459539718,0.469119579500657,1.3717165128525,1.0,0.011970074614439802,1.2394607500839172,0.2991547664004817,0.11268939393939394,0.19319752567211546,0.29914010812948916,357
Routine Tech,tooth brush,"body spray, toothpaste",0.3419945558030191,0.09415986142044049,0.04417223459539718,0.12916063675832126,1.3717165128525,1.0,0.011970074614439802,1.04019199959863,0.4118300197100276,0.11268939393939394,0.03863902011757307,0.29914010812948916,357
Routine Tech,"deodorant, gluten free bar",shower gel,0.06731007176441475,0.3431081415491215,0.03167532788913635,0.4705882352941176,1.3715449396491375,1.0,0.008580694258510008,1.240795732629437,0.29044507827009813,0.0836327997386475,0.19406557122754914,0.28145351180501044,256
Routine Tech,shower gel,"deodorant, gluten free bar",0.3431081415491215,0.06731007176441475,0.03167532788913635,0.09231878831590334,1.3715449396491375,1.0,0.008580694258510008,1.0275523126727366,0.412389338858542,0.0836327997386475,0.02681353769821316,0.28145351180501044,256
Routine Tech,"antioxydant juice, protein bar",shampoo,0.057782727047760454,0.3450878495421925,0.027344716654293492,0.4732334047109208,1.371341834662482,1.0,0.007404599636698355,1.2432681880642118,0.2873935997955928,0.07281713344316311,0.19566831227539427,0.276236637816199,221
Routine Tech,shampoo,"antioxydant juice, protein bar",0.3450878495421925,0.057782727047760454,0.027344716654293492,0.07923987092147723,1.3713418346624817,1.0,0.007404599636698355,1.0233037282958708,0.4134710490163309,0.07281713344316311,0.022773031751461458,0.276236637816199,221
Routine Tech,"shower gel, toilet paper",shampoo,0.09205642167780252,0.3450878495421925,0.04355357584756248,0.47311827956989244,1.3710082235510472,1.0,0.011786023254220339,1.2429965304607367,0.2980469040362745,0.11065702609242375,0.19549252512447965,0.2996641953604213,352
Routine Tech,shampoo,"shower gel, toilet paper",0.3450878495421925,0.09205642167780252,0.04355357584756248,0.12621011115095015,1.3710082235510472,1.0,0.011786023254220339,1.0390868444565486,0.41320010992219575,0.11065702609242375,0.03761653288661477,0.2996641953604213,352
Routine Tech,almonds,body spray,0.14909675822816135,0.21430339024993814,0.04380103934669636,0.29377593360995846,1.37084127911991,1.0,0.011849098583126022,1.1125316272019088,0.31792210011427585,0.1370499419279907,0.10114914888750934,0.24908196218604156,354
Routine Tech,body spray,almonds,0.21430339024993814,0.14909675822816135,0.04380103934669636,0.2043879907621247,1.37084127911991,1.0,0.011849098583126022,1.0694952211529931,0.3443071311001378,0.1370499419279907,0.0649794592612319,0.24908196218604156,354
Routine Tech,"energy bar, razor",tooth brush,0.05147240781984657,0.3419945558030191,0.02412769116555308,0.46875000000000006,1.3706358538350218,1.0,0.006524407917092807,1.238598483194317,0.2850856596225758,0.06532663316582914,0.19263585934561872,0.26964996382054995,195
Routine Tech,tooth brush,"energy bar, razor",0.3419945558030191,0.05147240781984657,0.02412769116555308,0.07054992764109985,1.3706358538350216,1.0,0.006524407917092807,1.0205255993717184,0.4109564999373198,0.06532663316582914,0.02011277265788795,0.26964996382054995,195
Routine Tech,"deodorant, shampoo",toothpaste,0.15528334570650829,0.3453353130413264,0.07349665924276169,0.47330677290836654,1.3705716010911566,1.0,0.019871836443100144,1.242971531215031,0.32008059699578667,0.1720741599073001,0.19547634448032852,0.3430668583280636,594
Routine Tech,toothpaste,"deodorant, shampoo",0.3453353130413264,0.15528334570650829,0.07349665924276169,0.21282694374776065,1.3705716010911566,1.0,0.019871836443100144,1.073101584949083,0.4130013675468221,0.1720741599073001,0.06812177521157194,0.3430668583280636,594
Routine Tech,body spray,"shower gel, tooth brush",0.21430339024993814,0.1550358822073744,0.04553328384063351,0.21247113163972287,1.3704642345668319,1.0,0.01230856867320311,1.0729309765519264,0.34405169462512847,0.14061902942300342,0.06797359582841415,0.2530831316618407,368
Routine Tech,"shower gel, tooth brush",body spray,0.1550358822073744,0.21430339024993814,0.04553328384063351,0.2936951316839585,1.3704642345668316,1.0,0.01230856867320311,1.112404352561387,0.319919206453297,0.14061902942300342,0.10104630775901616,0.2530831316618407,368
Routine Tech,"razor, shower gel",toothpaste,0.09255134867607027,0.3453353130413264,0.04380103934669636,0.4732620320855615,1.3704420434666815,1.0,0.011839790379248677,1.2428659539215428,0.2978773886503383,0.11114599686028256,0.1954080028946339,0.3000491457453963,354
Routine Tech,toothpaste,"razor, shower gel",0.3453353130413264,0.09255134867607027,0.04380103934669636,0.12683625940523108,1.3704420434666813,1.0,0.011839790379248677,1.0392651562761952,0.4128960061163449,0.11114599686028256,0.03778165373780715,0.3000491457453963,354
Routine Tech,"protein bar, razor",shower gel,0.05790645879732739,0.3431081415491215,0.027220984904726554,0.47008547008547014,1.3700796138589144,1.0,0.007352807443084777,1.239618507076658,0.28671824629271453,0.0728235683548494,0.19330020139965523,0.2747109643972248,220
Routine Tech,shower gel,"protein bar, razor",0.3431081415491215,0.05790645879732739,0.027220984904726554,0.07933645870897944,1.3700796138589142,1.0,0.007352807443084777,1.0232766900724681,0.41120224661381205,0.0728235683548494,0.02274721030811293,0.2747109643972248,220
Routine Tech,protein bar,"razor, shampoo",0.22989359069537244,0.09193268992823558,0.028953229398663696,0.12594187298170076,1.3699356896878945,1.0,0.007818493208777318,1.0389095210057502,0.35065118757278135,0.09885931558935361,0.03745227107754538,0.22044065385289613,234
Routine Tech,"razor, shampoo",protein bar,0.09193268992823558,0.22989359069537244,0.028953229398663696,0.3149394347240915,1.3699356896878943,1.0,0.007818493208777318,1.1241435404977176,0.29737743445333037,0.09885931558935361,0.11043388679950317,0.22044065385289613,234
Routine Tech,"antioxydant juice, tooth brush",cotton buds,0.09119029943083395,0.19908438505320467,0.024870081662954714,0.2727272727272727,1.3699079044013784,1.0,0.0067155169779495386,1.1012589705518434,0.29711822101202634,0.09370629370629371,0.09194837296181337,0.19882479236115033,201
Routine Tech,cotton buds,"antioxydant juice, tooth brush",0.19908438505320467,0.09119029943083395,0.024870081662954714,0.12492231199502796,1.3699079044013784,1.0,0.0067155169779495386,1.0385474490168949,0.33714403419331584,0.09370629370629371,0.03711669510467201,0.19882479236115033,201
Routine Tech,"body spray, shower gel",shampoo,0.09527344716654293,0.3450878495421925,0.04503835684236575,0.4727272727272727,1.3698751589034845,1.0,0.012160647841191752,1.2420747681096347,0.2984398670257532,0.1139280125195618,0.19489548803737355,0.30162000065191175,364
Routine Tech,shampoo,"body spray, shower gel",0.3450878495421925,0.09527344716654293,0.04503835684236575,0.13051272857655072,1.3698751589034843,1.0,0.012160647841191752,1.040528806537118,0.4122789170021363,0.1139280125195618,0.03895020136155401,0.30162000065191175,364
Routine Tech,"deodorant, razor",shampoo,0.09292254392477109,0.3450878495421925,0.043924771096263304,0.4727030625832224,1.3698050024372908,1.0,0.011858330239274122,1.2420177398833674,0.2976251726701775,0.11145996860282577,0.1948585210273198,0.2999944140452864,355
Routine Tech,shampoo,"deodorant, razor",0.3450878495421925,0.09292254392477109,0.043924771096263304,0.12728576550735032,1.3698050024372908,1.0,0.011858330239274122,1.0393751129802027,0.4122218289901891,0.11145996860282577,0.03788344793758087,0.2999944140452864,355
Routine Tech,"antioxydant juice, tooth brush",razor,0.09119029943083395,0.2081168027715912,0.025983667409057165,0.28493894165535955,1.369129920605598,1.0,0.007005433847727949,1.1074343763896344,0.29666180427242367,0.09506564056133997,0.09701195725915872,0.20489515453754897,210
Routine Tech,razor,"antioxydant juice, tooth brush",0.2081168027715912,0.09119029943083395,0.025983667409057165,0.1248513674197384,1.369129920605598,1.0,0.007005433847727949,1.0384632583949303,0.34046577380952375,0.09506564056133997,0.03703863192461889,0.20489515453754897,210
Routine Tech,"toilet paper, toothpaste",tooth brush,0.09514971541697599,0.3419945558030191,0.044543429844097995,0.46814044213263983,1.3688534925166407,1.0,0.012002745185285615,1.237178940311683,0.29779692176793227,0.1134572959344469,0.19170948727265796,0.29919323119656593,360
Routine Tech,tooth brush,"toilet paper, toothpaste",0.3419945558030191,0.09514971541697599,0.044543429844097995,0.13024602026049203,1.3688534925166407,1.0,0.012002745185285615,1.040351991092961,0.4095127658685387,0.1134572959344469,0.03878686390609827,0.29919323119656593,360
Routine Tech,"body spray, razor",shower gel,0.056669141301658,0.3431081415491215,0.02660232615689186,0.4694323144104804,1.3681759700921394,1.0,0.0071586824016954195,1.2380924739526846,0.28526562385612153,0.07128647214854111,0.19230588906865748,0.27348283589258243,215
Routine Tech,shower gel,"body spray, razor",0.3431081415491215,0.056669141301658,0.02660232615689186,0.07753335737468446,1.3681759700921394,1.0,0.0071586824016954195,1.02261785424961,0.4096562660160239,0.07128647214854111,0.022117601561148982,0.27348283589258243,215
Routine Tech,cotton buds,"protein bar, tooth brush",0.19908438505320467,0.09539717891610987,0.025983667409057165,0.1305158483530143,1.3681311107510528,1.0,0.00699157870873289,1.040390235256597,0.33596036282580394,0.09677419354838711,0.03882219756381639,0.20144469460452274,210
Routine Tech,"protein bar, tooth brush",cotton buds,0.09539717891610987,0.19908438505320467,0.025983667409057165,0.27237354085603116,1.3681311107510525,1.0,0.00699157870873289,1.100723599151478,0.29745198038181214,0.09677419354838711,0.09150671361014116,0.20144469460452274,210
Routine Tech,"deodorant, shower gel",toilet paper,0.15602573620390991,0.21158129175946547,0.04516208859193269,0.28945281522601113,1.3680454109103053,1.0,0.012149961778187834,1.1095937400572702,0.3187657777251157,0.14006139677666923,0.09876924869061865,0.251451553811836,365
Routine Tech,toilet paper,"deodorant, shower gel",0.21158129175946547,0.15602573620390991,0.04516208859193269,0.21345029239766083,1.3680454109103053,1.0,0.012149961778187834,1.0730081718151034,0.3412274591749866,0.14006139677666923,0.06804064846179371,0.251451553811836,365
Routine Tech,"protein bar, razor",toothpaste,0.05790645879732739,0.3453353130413264,0.027344716654293492,0.47222222222222227,1.367431028305267,1.0,0.0073475715784037665,1.2404173016059081,0.2852176331525518,0.0727452271231073,0.19381969381969386,0.2757026553604841,221
Routine Tech,toothpaste,"protein bar, razor",0.3453353130413264,0.05790645879732739,0.027344716654293492,0.07918308849874597,1.367431028305267,1.0,0.0073475715784037665,1.0231062542788558,0.4104417045593516,0.0727452271231073,0.022584413087321377,0.2757026553604841,221
Routine Tech,"oatmeal, toothpaste",shampoo,0.04825538233110616,0.3450878495421925,0.022766641920316754,0.4717948717948718,1.3671732355131423,1.0,0.006114295802839016,1.2398822265948781,0.28218052635148894,0.06143572621035059,0.1934717842142743,0.26888416949370697,184
Routine Tech,shampoo,"oatmeal, toothpaste",0.3450878495421925,0.04825538233110616,0.022766641920316754,0.06597346719254213,1.3671732355131423,1.0,0.006114295802839016,1.0189695733890767,0.4100760643672119,0.06143572621035059,0.018616427697624217,0.26888416949370697,184
Routine Tech,"antioxydant juice, tooth brush",deodorant,0.09119029943083395,0.34347933679782233,0.04281118535016085,0.46947082767978293,1.3668095206440942,1.0,0.011489201779263172,1.237482682301803,0.295297418321614,0.10925165772023998,0.1919078833976641,0.29705529856611623,346
Routine Tech,deodorant,"antioxydant juice, tooth brush",0.34347933679782233,0.09119029943083395,0.04281118535016085,0.12463976945244958,1.3668095206440942,1.0,0.011489201779263172,1.0382122340658455,0.40877488457826133,0.10925165772023998,0.03680580213950953,0.29705529856611623,346
Routine Tech,"antioxydant juice, protein bar",shower gel,0.057782727047760454,0.3431081415491215,0.027097253155159613,0.4689507494646681,1.366772433167489,1.0,0.007271529064162365,1.2369697495829042,0.2848061834219291,0.07249255213505461,0.19157279283734177,0.27396329395339425,219
Routine Tech,shower gel,"antioxydant juice, protein bar",0.3431081415491215,0.057782727047760454,0.027097253155159613,0.07897583844212044,1.366772433167489,1.0,0.007271529064162365,1.0230103750573847,0.40851367239743647,0.07249255213505461,0.0224928071292472,0.27396329395339425,219
Routine Tech,"green tea, tooth brush",shower gel,0.06570155902004454,0.3431081415491215,0.03080920564216778,0.4689265536723164,1.3667019137322975,1.0,0.008266465829920376,1.236913393040484,0.2871797081053654,0.08150572831423895,0.19153595908450952,0.2793605000601034,249
Routine Tech,shower gel,"green tea, tooth brush",0.3431081415491215,0.06570155902004454,0.03080920564216778,0.08979444644789038,1.3667019137322975,1.0,0.008266465829920376,1.026469721409436,0.40845620190311066,0.08150572831423895,0.025787142920388032,0.2793605000601034,249
Routine Tech,"deodorant, tooth brush",almonds,0.151818856718634,0.14909675822816135,0.030932937391734718,0.20374898125509375,1.3665554078868611,1.0,0.008297238017080679,1.0686369269744587,0.31624507658643336,0.11457378551787352,0.06422848138776613,0.20560893046157175,250
Routine Tech,almonds,"deodorant, tooth brush",0.14909675822816135,0.151818856718634,0.030932937391734718,0.20746887966804978,1.366555407886861,1.0,0.008297238017080679,1.0702180917843414,0.31523338665115613,0.11457378551787352,0.06561101173992391,0.20560893046157175,250
Routine Tech,"cotton buds, toothpaste",deodorant,0.08673595644642415,0.34347933679782233,0.04070774560752289,0.4693295292439372,1.3663981467397337,1.0,0.01091573681078032,1.2371531852277595,0.29361595059029816,0.10451080050825921,0.19169266026187348,0.2939226896940147,329
Routine Tech,deodorant,"cotton buds, toothpaste",0.34347933679782233,0.08673595644642415,0.04070774560752289,0.11851585014409222,1.3663981467397337,1.0,0.01091573681078032,1.0360527114445142,0.408439376424235,0.10451080050825921,0.034798144000074964,0.2939226896940147,329
Routine Tech,"shower gel, tooth brush",antioxydant juice,0.1550358822073744,0.21034397426379609,0.044543429844097995,0.28731045490822027,1.3659077038636684,1.0,0.011932566227105111,1.1079944011729714,0.31703844714534424,0.13883532587736214,0.09746836361144409,0.24953758039528662,360
Routine Tech,antioxydant juice,"shower gel, tooth brush",0.21034397426379609,0.1550358822073744,0.044543429844097995,0.21176470588235294,1.3659077038636684,1.0,0.011932566227105111,1.0719694031697489,0.33924405445872075,0.13883532587736214,0.0671375535131317,0.24953758039528662,360
Routine Tech,"protein bar, toilet paper",tooth brush,0.05642167780252413,0.3419945558030191,0.02635486265775798,0.46710526315789475,1.3658266052250743,1.0,0.00705895602002268,1.234775648369643,0.2838584087794535,0.0708347189890256,0.19013627996278773,0.2720837459060096,213
Routine Tech,tooth brush,"protein bar, toilet paper",0.3419945558030191,0.05642167780252413,0.02635486265775798,0.07706222865412445,1.365826605225074,1.0,0.00705895602002268,1.0223639680728434,0.4070523176668131,0.0708347189890256,0.021874761602758166,0.2720837459060096,213
Routine Tech,shampoo,"green tea, shower gel",0.3450878495421925,0.062484533531304134,0.029448156396931453,0.08533524560774472,1.365701891092659,1.0,0.007885503090966688,1.024982609165501,0.4088728255330093,0.07787958115183247,0.02437369077494956,0.278311187160308,238
Routine Tech,"green tea, shower gel",shampoo,0.062484533531304134,0.3450878495421925,0.029448156396931453,0.47128712871287126,1.3657018910926588,1.0,0.007885503090966688,1.2386915205288118,0.28562278811485,0.07787958115183247,0.1926964999541707,0.278311187160308,238
Routine Tech,"razor, shampoo",cotton buds,0.09193268992823558,0.19908438505320467,0.024993813412521652,0.2718707940780619,1.3656058158725273,1.0,0.006691450371871931,1.0999635894740645,0.29482865850285805,0.09395348837209302,0.0908789985692718,0.19870730505643308,202
Routine Tech,cotton buds,"razor, shampoo",0.19908438505320467,0.09193268992823558,0.024993813412521652,0.12554381603480422,1.3656058158725273,1.0,0.006691450371871931,1.0384366040550597,0.3342727521632126,0.09395348837209302,0.03701391486487092,0.19870730505643308,202
Routine Tech,"antioxydant juice, cotton buds",shower gel,0.05493689680772086,0.3431081415491215,0.025736203909923285,0.46846846846846846,1.3653668092903577,1.0,0.006886907343750314,1.2358473947126696,0.28315154994259467,0.06912595546693254,0.19083860654777962,0.27173874198757,208
Routine Tech,shower gel,"antioxydant juice, cotton buds",0.3431081415491215,0.05493689680772086,0.025736203909923285,0.07500901550667147,1.3653668092903577,1.0,0.006886907343750314,1.0216997992796062,0.4073670255154526,0.06912595546693254,0.02123891900038214,0.27173874198757,208
Routine Tech,"toilet paper, toothpaste",body spray,0.09514971541697599,0.21430339024993814,0.02783964365256125,0.2925877763328999,1.3652970024956679,1.0,0.007448737057386488,1.110663038415069,0.29569381770667164,0.09885764499121266,0.09963691469645622,0.21124769879000654,225
Routine Tech,body spray,"toilet paper, toothpaste",0.21430339024993814,0.09514971541697599,0.02783964365256125,0.12990762124711316,1.3652970024956679,1.0,0.007448737057386488,1.0399473741856653,0.34053683289588815,0.09885764499121266,0.03841288047575121,0.21124769879000654,225
Routine Tech,"shampoo, shower gel",tooth brush,0.15639693145261074,0.3419945558030191,0.07300173224449394,0.46677215189873417,1.364852580190148,1.0,0.019514833143403104,1.2340042751705993,0.3168790489780292,0.17161140197789412,0.18963003603715106,0.3401154536628258,590
Routine Tech,tooth brush,"shampoo, shower gel",0.3419945558030191,0.15639693145261074,0.07300173224449394,0.2134587554269175,1.364852580190148,1.0,0.019514833143403104,1.07254778356255,0.40625824669654065,0.17161140197789412,0.06764060741571534,0.3401154536628258,590
Routine Tech,toilet paper,"gluten free bar, shampoo",0.21158129175946547,0.06941351150705272,0.0200445434298441,0.09473684210526317,1.3648184632704758,1.0,0.005357942999621366,1.0279734465910466,0.3390353630466626,0.0768136557610242,0.02721222681754247,0.1917534477905995,162
Routine Tech,"gluten free bar, shampoo",toilet paper,0.06941351150705272,0.21158129175946547,0.0200445434298441,0.2887700534759358,1.3648184632704756,1.0,0.005357942999621366,1.1085285597066163,0.28724017196294827,0.0768136557610242,0.09790325991721804,0.1917534477905995,162
Routine Tech,"cotton buds, shampoo",antioxydant juice,0.09180895817866865,0.21034397426379609,0.02635486265775798,0.28706199460916443,1.3647264943713335,1.0,0.007043401521438172,1.1076082629418966,0.29426897442785693,0.0955585464333782,0.09715371990461719,0.20617805612811163,213
Routine Tech,antioxydant juice,"cotton buds, shampoo",0.21034397426379609,0.09180895817866865,0.02635486265775798,0.12529411764705883,1.3647264943713335,1.0,0.007043401521438172,1.038281621450076,0.3384415970386195,0.0955585464333782,0.036870171501843255,0.20617805612811163,213
Routine Tech,"gluten free bar, toilet paper",shampoo,0.04256372185102698,0.3450878495421925,0.0200445434298441,0.47093023255813954,1.3646676728343077,1.0,0.005356320187761171,1.2378559327334382,0.27910041513901257,0.05452709525412319,0.19215154723878403,0.2645077839018736,162
Routine Tech,shampoo,"gluten free bar, toilet paper",0.3450878495421925,0.04256372185102698,0.0200445434298441,0.05808533524560775,1.3646676728343077,1.0,0.005356320187761171,1.0164787894014031,0.40802550771692414,0.05452709525412319,0.01621164118053784,0.2645077839018736,162
Routine Tech,"antioxydant juice, razor",tooth brush,0.0556792873051225,0.3419945558030191,0.025983667409057165,0.4666666666666667,1.3645441389290882,1.0,0.006941654279713119,1.2337602078693393,0.2829065588499551,0.06990679094540612,0.1894697254606995,0.2713217559093102,210
Routine Tech,tooth brush,"antioxydant juice, razor",0.3419945558030191,0.0556792873051225,0.025983667409057165,0.07597684515195369,1.3645441389290882,1.0,0.006941654279713119,1.0219665034802825,0.4060065545586418,0.06990679094540612,0.021494347814215106,0.2713217559093102,210
Routine Tech,"shower gel, tooth brush",shampoo,0.1550358822073744,0.3450878495421925,0.07300173224449394,0.47086991221069435,1.3644928757572004,1.0,0.019500733051674435,1.2377148182860223,0.31614004085269454,0.1709154113557358,0.1920594427520937,0.3412076344846946,590
Routine Tech,shampoo,"shower gel, tooth brush",0.3450878495421925,0.1550358822073744,0.07300173224449394,0.21154535675869487,1.3644928757572004,1.0,0.019500733051674435,1.0716711798652263,0.4078821724887684,0.1709154113557358,0.06687795772789164,0.3412076344846946,590
Routine Tech,"antioxydant juice, tooth brush",shampoo,0.09119029943083395,0.3450878495421925,0.04293491709972779,0.4708276797829037,1.3643704940858472,1.0,0.01146625277003268,1.237616038172831,0.2938582776026351,0.10915382195659012,0.1919949571141938,0.29762251683659346,347
Routine Tech,shampoo,"antioxydant juice, tooth brush",0.3450878495421925,0.09119029943083395,0.04293491709972779,0.12441735389028326,1.364370494085847,1.0,0.01146625277003268,1.0379485073248993,0.4077817965220772,0.10915382195659012,0.03656106931807614,0.29762251683659346,347
Routine Tech,"green tea, tooth brush",shampoo,0.06570155902004454,0.3450878495421925,0.030932937391734718,0.4708097928436911,1.3643186610837976,1.0,0.008260127677938107,1.237574206025252,0.2858116805721097,0.08143322475570032,0.19196764514693213,0.2802238279385182,250
Routine Tech,shampoo,"green tea, tooth brush",0.3450878495421925,0.06570155902004454,0.030932937391734718,0.08963786303334528,1.3643186610837976,1.0,0.008260127677938107,1.026293167346631,0.407739278292084,0.08143322475570032,0.025619548276452995,0.2802238279385182,250
Routine Tech,"cotton buds, shower gel",razor,0.08673595644642415,0.2081168027715912,0.024622618163820838,0.28388017118402287,1.3640425347855367,1.0,0.006571408222855058,1.105797054297041,0.29223205854499434,0.09111721611721611,0.09567492867332386,0.20109585253612558,199
Routine Tech,razor,"cotton buds, shower gel",0.2081168027715912,0.08673595644642415,0.024622618163820838,0.1183115338882283,1.3640425347855367,1.0,0.006571408222855058,1.0358126239090455,0.33702575376884425,0.09111721611721611,0.034574423097772825,0.20109585253612558,199
Routine Tech,"shampoo, tooth brush",razor,0.15256124721603564,0.2081168027715912,0.043306112348428606,0.28386050283860503,1.3639480285027383,1.0,0.011555553350980949,1.1057666842385367,0.31487140979913636,0.1364522417153996,0.09565009124087591,0.24597305760241783,350
Routine Tech,razor,"shampoo, tooth brush",0.2081168027715912,0.15256124721603564,0.043306112348428606,0.20808561236623066,1.363948028502738,1.0,0.011555553350980949,1.0701141007377089,0.336961607142857,0.1364522417153996,0.06552021012467164,0.24597305760241783,350
Routine Tech,"antioxydant juice, shower gel",razor,0.09415986142044049,0.2081168027715912,0.026726057906458798,0.28383705650459923,1.363835369007236,1.0,0.007129808598220627,1.105730482735448,0.29450414080246073,0.09699146834306242,0.0956204829172142,0.20612780292530794,216
Routine Tech,razor,"antioxydant juice, shower gel",0.2081168027715912,0.09415986142044049,0.026726057906458798,0.12841854934601665,1.363835369007236,1.0,0.007129808598220627,1.0393063527222504,0.33688512731481485,0.09699146834306242,0.03781979453824704,0.20612780292530794,216
Routine Tech,"shower gel, toothpaste",antioxydant juice,0.15268497896560257,0.21034397426379609,0.04380103934669636,0.28687196110210694,1.363823052721899,1.0,0.011684674060687406,1.1073131088164496,0.31483809863245155,0.1372093023255814,0.0969130663784438,0.24755362760987698,354
Routine Tech,antioxydant juice,"shower gel, toothpaste",0.21034397426379609,0.15268497896560257,0.04380103934669636,0.20823529411764705,1.363823052721899,1.0,0.011684674060687406,1.0701601305783621,0.33782690370338886,0.1372093023255814,0.06556040406816932,0.24755362760987698,354
Routine Tech,cotton buds,"shower gel, toilet paper",0.19908438505320467,0.09205642167780252,0.024993813412521652,0.12554381603480422,1.3637703241845265,1.0,0.0066668173125978385,1.0382951084011485,0.3330422027217398,0.09390980939098094,0.036882682092298676,0.19852459618944512,202
Routine Tech,"shower gel, toilet paper",cotton buds,0.09205642167780252,0.19908438505320467,0.024993813412521652,0.271505376344086,1.3637703241845263,1.0,0.0066668173125978385,1.0994118404435713,0.2937833439926167,0.09390980939098094,0.09042274858842932,0.19852459618944512,202
Routine Tech,almonds,"shampoo, shower gel",0.14909675822816135,0.15639693145261074,0.03179905963870329,0.21327800829875518,1.3636968853406166,1.0,0.008480784162287064,1.0723013687759535,0.3134307161581293,0.11618444846292947,0.06742635128638008,0.20830039655444088,257
Routine Tech,"shampoo, shower gel",almonds,0.15639693145261074,0.14909675822816135,0.03179905963870329,0.20332278481012656,1.3636968853406164,1.0,0.008480784162287064,1.0680652409132114,0.3161430089497588,0.11618444846292947,0.06372760605430317,0.20830039655444088,257
Routine Tech,"cotton buds, tooth brush",body spray,0.08933432318732987,0.21430339024993814,0.026107399158624103,0.2922437673130194,1.3636917594825766,1.0,0.006962750833895654,1.1101231942065453,0.2928587986812281,0.09407044137316095,0.09919907518485395,0.20703412384126718,211
Routine Tech,body spray,"cotton buds, tooth brush",0.21430339024993814,0.08933432318732987,0.026107399158624103,0.12182448036951501,1.3636917594825766,1.0,0.006962750833895654,1.0369973387505225,0.33943948949509284,0.09407044137316095,0.035677370970981025,0.20703412384126718,211
Routine Tech,"energy bar, shampoo",toilet paper,0.09094283593170008,0.21158129175946547,0.02623113090819104,0.28843537414965986,1.363236663086287,1.0,0.006989328205492806,1.1080071712366977,0.293107698945276,0.09493954321540529,0.09747876551750645,0.2062059911683972,212
Routine Tech,toilet paper,"energy bar, shampoo",0.21158129175946547,0.09094283593170008,0.02623113090819104,0.1239766081871345,1.363236663086287,1.0,0.006989328205492806,1.0377087787428525,0.33795704082720385,0.09493954321540529,0.036338498348771064,0.2062059911683972,212
Routine Tech,"gluten free bar, toothpaste",tooth brush,0.06582529076961148,0.3419945558030191,0.030685473892600842,0.4661654135338346,1.3630784631622472,1.0,0.008173582815242993,1.2326017475802602,0.28513565477462083,0.08136482939632546,0.1887079488868844,0.27794522485664236,248
Routine Tech,tooth brush,"gluten free bar, toothpaste",0.3419945558030191,0.06582529076961148,0.030685473892600842,0.08972503617945007,1.3630784631622472,1.0,0.008173582815242993,1.026255523176786,0.4048089871283166,0.08136482939632546,0.025583806940704043,0.27794522485664236,248
Routine Tech,"low fat yogurt, toothpaste",tooth brush,0.049368968077208614,0.3419945558030191,0.02301410541945063,0.46616541353383456,1.363078463162247,1.0,0.006130187111432241,1.23260174758026,0.28019968678229673,0.06247900571044676,0.18870794888688433,0.26672959533421103,186
Routine Tech,tooth brush,"low fat yogurt, toothpaste",0.3419945558030191,0.049368968077208614,0.02301410541945063,0.06729377713458755,1.363078463162247,1.0,0.006130187111432241,1.019218065257795,0.40480898712831626,0.06247900571044676,0.018855695275509118,0.26672959533421103,186
Routine Tech,"gluten free bar, tooth brush",deodorant,0.06792873051224944,0.34347933679782233,0.03179905963870329,0.4681238615664845,1.3628879860159682,1.0,0.008466944332837852,1.2343487811575187,0.2856691258850163,0.08376792698826596,0.1898562097965186,0.2803515561434728,257
Routine Tech,deodorant,"gluten free bar, tooth brush",0.34347933679782233,0.06792873051224944,0.03179905963870329,0.09257925072046108,1.362887986015968,1.0,0.008466944332837852,1.0271654799912646,0.40556832365092876,0.08376792698826596,0.026447033628403883,0.2803515561434728,257
Routine Tech,low fat yogurt,"shampoo, tooth brush",0.12199950507300174,0.15256124721603564,0.02536500866122247,0.2079107505070994,1.3628018536888704,1.0,0.006752612007546257,1.0698778620294351,0.3032089531718315,0.10178748758689175,0.06531386853531569,0.18708595108485546,205
Routine Tech,"shampoo, tooth brush",low fat yogurt,0.15256124721603564,0.12199950507300174,0.02536500866122247,0.16626115166261152,1.3628018536888704,1.0,0.006752612007546257,1.0530881422616625,0.31414377744303057,0.10178748758689175,0.05041186974876356,0.18708595108485546,205
Routine Tech,"energy bar, shampoo",deodorant,0.09094283593170008,0.34347933679782233,0.04256372185102698,0.4680272108843538,1.3626065988354996,1.0,0.011326736878693466,1.2341245203416893,0.2927345760490755,0.10862014524786864,0.18970899328446048,0.29597325962085125,344
Routine Tech,deodorant,"energy bar, shampoo",0.34347933679782233,0.09094283593170008,0.04256372185102698,0.12391930835734871,1.3626065988354996,1.0,0.011326736878693466,1.0376409076700661,0.4053375292560419,0.10862014524786864,0.03627546619628314,0.29597325962085125,344
Routine Tech,"razor, toothpaste",deodorant,0.09651076466221233,0.34347933679782233,0.04516208859193269,0.46794871794871795,1.3623780758146753,1.0,0.012012635151905295,1.2339424513197554,0.29440235927105723,0.11438420557818867,0.18958943431238948,0.29971643390231284,365
Routine Tech,deodorant,"razor, toothpaste",0.34347933679782233,0.09651076466221233,0.04516208859193269,0.13148414985590778,1.3623780758146753,1.0,0.012012635151905295,1.0402679872657399,0.40515002401003775,0.11438420557818867,0.0387092439243285,0.29971643390231284,365
Routine Tech,oatmeal,"shower gel, tooth brush",0.11717396683989112,0.1550358822073744,0.024746349913387776,0.21119324181626187,1.3622216922258807,1.0,0.006580180592627622,1.071192797255176,0.30119761737911704,0.1,0.06646123595827039,0.18540508060485877,200
Routine Tech,"shower gel, tooth brush",oatmeal,0.1550358822073744,0.11717396683989112,0.024746349913387776,0.1596169193934557,1.3622216922258807,1.0,0.006580180592627622,1.050504292069911,0.31469395226241037,0.1,0.04807623581470344,0.18540508060485877,200
Routine Tech,"cotton buds, shower gel",toilet paper,0.08673595644642415,0.21158129175946547,0.024993813412521652,0.28815977175463625,1.3619340791350703,1.0,0.006642107705594494,1.107578185323877,0.29098930757457264,0.09144409234947941,0.09712920202777311,0.20314421336269825,202
Routine Tech,toilet paper,"cotton buds, shower gel",0.21158129175946547,0.08673595644642415,0.024993813412521652,0.11812865497076024,1.3619340791350703,1.0,0.006642107705594494,1.0355978212709647,0.33706718129440066,0.09144409234947941,0.03437417551465713,0.20314421336269825,202
Routine Tech,"antioxydant juice, shampoo",tooth brush,0.09218015342736946,0.3419945558030191,0.04293491709972779,0.4657718120805369,1.3619275633990229,1.0,0.011409806474480429,1.231693607856158,0.2927305013985017,0.10974067046173308,0.18810977533563356,0.29565725191581116,347
Routine Tech,tooth brush,"antioxydant juice, shampoo",0.3419945558030191,0.09218015342736946,0.04293491709972779,0.12554269175108537,1.3619275633990229,1.0,0.011409806474480429,1.0381522780003107,0.40386680871771485,0.10974067046173308,0.036750175103212754,0.29565725191581116,347
Routine Tech,"tooth brush, toothpaste",deodorant,0.15553080920564216,0.34347933679782233,0.07275426874536006,0.46778042959427213,1.3618881239124305,1.0,0.01933264954777745,1.2335522774964685,0.3146654705838379,0.1706821480406386,0.1893331006371857,0.3397979957769631,588
Routine Tech,deodorant,"tooth brush, toothpaste",0.34347933679782233,0.15553080920564216,0.07275426874536006,0.21181556195965417,1.3618881239124305,1.0,0.01933264954777745,1.0714106369493315,0.4047478018723509,0.1706821480406386,0.06665104348101467,0.3397979957769631,588
Routine Tech,tooth brush,"antioxydant juice, deodorant",0.3419945558030191,0.09193268992823558,0.04281118535016085,0.1251808972503618,1.3616581582468696,1.0,0.01137070589437724,1.0380058085353008,0.4036460314734342,0.10945903195191396,0.03661425420049381,0.2954302871177785,346
Routine Tech,"antioxydant juice, deodorant",tooth brush,0.09193268992823558,0.3419945558030191,0.04281118535016085,0.4656796769851952,1.3616581582468694,1.0,0.01137070589437724,1.2314812217590854,0.29249074742822223,0.10945903195191396,0.18796975355290474,0.2954302871177785,346
Routine Tech,toilet paper,"razor, shampoo",0.21158129175946547,0.09193268992823558,0.026478594407324918,0.12514619883040937,1.3612807253665795,1.0,0.007027357117386432,1.0379646391863082,0.3366202017001953,0.09557838320678874,0.036576042914207456,0.2065838665753662,214
Routine Tech,"razor, shampoo",toilet paper,0.09193268992823558,0.21158129175946547,0.026478594407324918,0.288021534320323,1.3612807253665793,1.0,0.007027357117386432,1.1073631384172347,0.2922665111368912,0.09557838320678874,0.09695386697690689,0.2065838665753662,214
Routine Tech,antioxydant juice,"energy bar, shower gel",0.21034397426379609,0.09119029943083395,0.026107399158624103,0.12411764705882354,1.3610838853859049,1.0,0.006926069162036908,1.037593345176348,0.33595821185472774,0.09478885893980234,0.03623128979297643,0.20520672040865193,211
Routine Tech,"energy bar, shower gel",antioxydant juice,0.09119029943083395,0.21034397426379609,0.026107399158624103,0.2862957937584803,1.3610838853859046,1.0,0.006926069162036908,1.1064191843490156,0.29191086563061575,0.09478885893980234,0.09618342293262892,0.20520672040865193,211
Routine Tech,"deodorant, shampoo",cotton buds,0.15528334570650829,0.19908438505320467,0.04206879485275922,0.27091633466135456,1.360811570374809,1.0,0.011154305463774827,1.098523603014457,0.31388560990530673,0.1347068145800317,0.08968728823313263,0.24111385409264124,340
Routine Tech,cotton buds,"deodorant, shampoo",0.19908438505320467,0.15528334570650829,0.04206879485275922,0.2113113735239279,1.360811570374809,1.0,0.011154305463774827,1.0710394773508496,0.3310516080370044,0.1347068145800317,0.0663275993584862,0.24111385409264124,340
Routine Tech,"deodorant, tooth brush",gluten free bar,0.151818856718634,0.15392229646127195,0.03179905963870329,0.20945395273023634,1.3607772073679825,1.0,0.008430752566446341,1.0702446827237313,0.31258163117608506,0.11607949412827462,0.06563422725442676,0.2080227963008095,257
Routine Tech,gluten free bar,"deodorant, tooth brush",0.15392229646127195,0.151818856718634,0.03179905963870329,0.20659163987138263,1.3607772073679825,1.0,0.008430752566446341,1.069034794571448,0.31335874257269136,0.11607949412827462,0.0645767517783391,0.2080227963008095,257
Routine Tech,"cotton buds, shower gel",shampoo,0.08673595644642415,0.3450878495421925,0.04070774560752289,0.4693295292439372,1.360029134223557,1.0,0.01077622091944111,1.2341220899755996,0.2898631951173411,0.10408098702942106,0.18970739757217092,0.2936464784979098,329
Routine Tech,shampoo,"cotton buds, shower gel",0.3450878495421925,0.08673595644642415,0.04070774560752289,0.1179634277518824,1.360029134223557,1.0,0.01077622091944111,1.0354038282402125,0.40420937902155574,0.10408098702942106,0.034193256075154256,0.2936464784979098,329
Routine Tech,almonds,"shampoo, tooth brush",0.14909675822816135,0.15256124721603564,0.030932937391734718,0.20746887966804978,1.3599055032256109,1.0,0.008186550000578698,1.0692813582247926,0.3110280645630361,0.11425959780621571,0.0647924493323373,0.20511319084781238,250
Routine Tech,"shampoo, tooth brush",almonds,0.15256124721603564,0.14909675822816135,0.030932937391734718,0.202757502027575,1.3599055032256109,1.0,0.008186550000578698,1.0673079319477894,0.31229960578186583,0.11425959780621571,0.06306327343127253,0.20511319084781238,250
Routine Tech,"body spray, cotton buds",shower gel,0.053575847562484534,0.3431081415491215,0.024993813412521652,0.4665127020785219,1.3596666636129153,1.0,0.0066115039234385525,1.231316773633032,0.27950007054568704,0.06724367509986685,0.18786130310766888,0.2696789979920197,202
Routine Tech,shower gel,"body spray, cotton buds",0.3431081415491215,0.053575847562484534,0.024993813412521652,0.07284529390551749,1.3596666636129153,1.0,0.0066115039234385525,1.0207834207348232,0.4026927932951517,0.06724367509986685,0.020360264785513442,0.2696789979920197,202
Routine Tech,"body spray, gluten free bar",tooth brush,0.04417223459539718,0.3419945558030191,0.020539470428111852,0.46498599439775906,1.3596298142990915,1.0,0.005432806678832242,1.229884521352472,0.2767294420400046,0.05617597292724195,0.18691553341908398,0.2625219407589374,166
Routine Tech,tooth brush,"body spray, gluten free bar",0.3419945558030191,0.04417223459539718,0.020539470428111852,0.06005788712011577,1.3596298142990915,1.0,0.005432806678832242,1.0169006711232955,0.4019809965699578,0.05617597292724195,0.016619785592851214,0.2625219407589374,166
Routine Tech,nonfat milk,shower gel,0.11247216035634744,0.3431081415491215,0.05246226181638208,0.46644664466446645,1.3594741370999703,1.0,0.013872147900500932,1.2311643285192753,0.2979303283539688,0.13014119091467158,0.18776074254628325,0.3096748189063407,424
Routine Tech,shower gel,nonfat milk,0.3431081415491215,0.11247216035634744,0.05246226181638208,0.15290299314821493,1.3594741370999703,1.0,0.013872147900500932,1.047728692776436,0.4025342334305931,0.13014119091467158,0.04555443895495233,0.3096748189063407,424
Routine Tech,"deodorant, shampoo",razor,0.15528334570650829,0.2081168027715912,0.043924771096263304,0.28286852589641437,1.359181585193116,1.0,0.011607697664149104,1.104237125024059,0.31284233893178903,0.1374903175832688,0.09439741035856576,0.24696339493393846,355
Routine Tech,razor,"deodorant, shampoo",0.2081168027715912,0.15528334570650829,0.043924771096263304,0.21105826397146255,1.3591815851931157,1.0,0.011607697664149104,1.0706958647487965,0.33371478873239435,0.1374903175832688,0.0660279609517153,0.24696339493393846,355
Routine Tech,"body spray, deodorant",toothpaste,0.08883939618906211,0.3453353130413264,0.0416975996040584,0.46935933147632314,1.3591408516630754,1.0,0.011018218910706215,1.233725053113721,0.2900049482847826,0.1062421185372005,0.18944662955805017,0.2950522920369792,337
Routine Tech,toothpaste,"body spray, deodorant",0.3453353130413264,0.08883939618906211,0.0416975996040584,0.12074525259763526,1.3591408516630754,1.0,0.011018218910706215,1.0362873859968735,0.4036281306310979,0.1062421185372005,0.035016720735210234,0.2950522920369792,337
Routine Tech,"cotton buds, deodorant",toothpaste,0.08673595644642415,0.3453353130413264,0.04070774560752289,0.4693295292439372,1.3590545522570765,1.0,0.010754756936158152,1.2336557676291136,0.2892858481215015,0.10401517546632943,0.18940110666216226,0.29360421284841076,329
Routine Tech,toothpaste,"cotton buds, deodorant",0.3453353130413264,0.08673595644642415,0.04070774560752289,0.11787889645288427,1.3590545522570765,1.0,0.010754756936158152,1.0353046082688993,0.40355676525889284,0.10401517546632943,0.03410069653599928,0.29360421284841076,329
Routine Tech,"energy bar, toothpaste",tooth brush,0.0894580549368968,0.3419945558030191,0.041573867854491464,0.46473029045643155,1.3588821300538638,1.0,0.010979700093345365,1.229296992647073,0.2900481431871567,0.10663281497937163,0.18652692882077465,0.2931466213497787,336
Routine Tech,tooth brush,"energy bar, toothpaste",0.3419945558030191,0.0894580549368968,0.041573867854491464,0.1215629522431259,1.3588821300538638,1.0,0.010979700093345365,1.0365477496517368,0.4013659807661313,0.10663281497937163,0.03525910857846766,0.2931466213497787,336
Routine Tech,protein bar,"body spray, shampoo",0.22989359069537244,0.09391239792130661,0.029324424647364514,0.12755651237890206,1.3582499776630914,1.0,0.007734566278422707,1.0385630873918645,0.3424961764993003,0.09957983193277312,0.03713119391592058,0.21990473840288977,237
Routine Tech,"body spray, shampoo",protein bar,0.09391239792130661,0.22989359069537244,0.029324424647364514,0.31225296442687744,1.3582499776630912,1.0,0.007734566278422707,1.1197524227245448,0.2910960265644743,0.09957983193277312,0.10694544641677754,0.21990473840288977,237
Routine Tech,"nonfat milk, tooth brush",toothpaste,0.04986389507547637,0.3453353130413264,0.02338530066815145,0.4689826302729529,1.3580500243160176,1.0,0.006165536852801964,1.2328498544128295,0.27748666568825453,0.06289517470881864,0.1888712186478936,0.26835014709634747,189
Routine Tech,toothpaste,"nonfat milk, tooth brush",0.3453353130413264,0.04986389507547637,0.02338530066815145,0.06771766391974203,1.3580500243160176,1.0,0.006165536852801964,1.019150602937873,0.4027254027254028,0.06289517470881864,0.01879074876928703,0.26835014709634747,189
Routine Tech,toothpaste,"deodorant, gluten free bar",0.3453353130413264,0.06731007176441475,0.03155159613956941,0.09136510211393765,1.3573763883912575,1.0,0.008307051435971099,1.026473812975362,0.40216720216720203,0.08279220779220778,0.025791026172040873,0.2800575510569688,255
Routine Tech,"deodorant, gluten free bar",toothpaste,0.06731007176441475,0.3453353130413264,0.03155159613956941,0.46874999999999994,1.3573763883912573,1.0,0.008307051435971099,1.2323099989810327,0.282285309984965,0.08279220779220778,0.18851587601587588,0.2800575510569688,255
Routine Tech,"energy bar, toothpaste",deodorant,0.0894580549368968,0.34347933679782233,0.0416975996040584,0.4661134163208852,1.3570348093319142,1.0,0.01097060622310993,1.2297006204538197,0.28894794843351745,0.10657811511701455,0.18679393718533627,0.29375555542269044,337
Routine Tech,deodorant,"energy bar, toothpaste",0.34347933679782233,0.0894580549368968,0.0416975996040584,0.12139769452449567,1.3570348093319142,1.0,0.01097060622310993,1.0363527837208586,0.40074782369435646,0.10657811511701455,0.03507761477741188,0.29375555542269044,337
Routine Tech,"cotton buds, deodorant",antioxydant juice,0.08673595644642415,0.21034397426379609,0.024746349913387776,0.28530670470756064,1.3563816396744148,1.0,0.006501964122875396,1.1048879721378821,0.2876981438829428,0.09086778736937756,0.09493086609942104,0.20147688176554504,200
Routine Tech,antioxydant juice,"cotton buds, deodorant",0.21034397426379609,0.08673595644642415,0.024746349913387776,0.11764705882352942,1.3563816396744148,1.0,0.006501964122875396,1.0350325826940527,0.33273268567847075,0.09086778736937756,0.0338468404568168,0.20147688176554504,200
Routine Tech,"almonds, shower gel",deodorant,0.06347438752783964,0.34347933679782233,0.02957188814649839,0.4658869395711501,1.356375448708226,1.0,0.007769747614788065,1.2291791978931281,0.28054865944606683,0.07836065573770493,0.18644897203430746,0.2759910202178517,239
Routine Tech,deodorant,"almonds, shower gel",0.34347933679782233,0.06347438752783964,0.02957188814649839,0.08609510086455331,1.356375448708226,1.0,0.007769747614788065,1.0247517147113587,0.4002021868351452,0.07836065573770493,0.02415386513242435,0.2759910202178517,239
Routine Tech,shampoo,"gluten free bar, toothpaste",0.3450878495421925,0.06582529076961148,0.03080920564216778,0.08927931158121191,1.3563071357130727,1.0,0.008093697604993021,1.025753253560454,0.40112841314246234,0.0810546875,0.025106674993292014,0.2786622121815834,249
Routine Tech,"gluten free bar, toothpaste",shampoo,0.06582529076961148,0.3450878495421925,0.03080920564216778,0.4680451127819549,1.3563071357130725,1.0,0.008093697604993021,1.2311422757722743,0.2812149259288812,0.0810546875,0.18774619336931028,0.2786622121815834,249
Routine Tech,"body spray, deodorant",shampoo,0.08883939618906211,0.3450878495421925,0.041573867854491464,0.46796657381615603,1.3560795444898435,1.0,0.010916471668981166,1.2309605341065597,0.28818205038669464,0.10596026490066227,0.18762627046706462,0.29421993086648607,336
Routine Tech,shampoo,"body spray, deodorant",0.3450878495421925,0.08883939618906211,0.041573867854491464,0.12047328791681607,1.3560795444898432,1.0,0.010916471668981166,1.0359669482383635,0.4009394708195011,0.10596026490066227,0.03471823912869466,0.29421993086648607,336
Routine Tech,"razor, toilet paper",shower gel,0.05877258104429597,0.3431081415491215,0.027344716654293492,0.4652631578947368,1.3560248258583711,1.0,0.007179365598139975,1.2284394990715246,0.27894467289297126,0.07300958044268253,0.18595909627147542,0.27248011843528763,221
Routine Tech,shower gel,"razor, toilet paper",0.3431081415491215,0.05877258104429597,0.027344716654293492,0.07969707897583844,1.3560248258583711,1.0,0.007179365598139975,1.022736533214799,0.39968584040249244,0.07300958044268253,0.022231075625440553,0.27248011843528763,221
Routine Tech,"razor, tooth brush",toilet paper,0.09143776292996783,0.21158129175946547,0.02623113090819104,0.2868741542625169,1.355857844882843,1.0,0.006884610911872681,1.105581452352476,0.2888735003687249,0.09476978095663835,0.09549857419172342,0.2054253812248257,212
Routine Tech,toilet paper,"razor, tooth brush",0.21158129175946547,0.09143776292996783,0.02623113090819104,0.1239766081871345,1.355857844882843,1.0,0.006884610911872681,1.0371438086713984,0.33289361475322454,0.09476978095663835,0.03581355677085947,0.2054253812248257,212
Routine Tech,"protein bar, tooth brush",toothpaste,0.09539717891610987,0.3453353130413264,0.044667161593664934,0.4682230869001297,1.3558505870035285,1.0,0.011723146949410707,1.2310889601100912,0.29013352550761173,0.11277725710715401,0.1877110165047908,0.29878370396600895,361
Routine Tech,toothpaste,"protein bar, tooth brush",0.3453353130413264,0.09539717891610987,0.044667161593664934,0.1293443210318882,1.3558505870035285,1.0,0.011723146949410707,1.0389903183724845,0.40090081364319585,0.11277725710715401,0.037527123865370056,0.29878370396600895,361
Routine Tech,"energy bar, shampoo",protein bar,0.09094283593170008,0.22989359069537244,0.028334570650829,0.3115646258503401,1.3552558159970123,1.0,0.007427395550470336,1.1186328277448643,0.28835582119785097,0.09686971235194584,0.1060516237343266,0.21740771658501934,229
Routine Tech,protein bar,"energy bar, shampoo",0.22989359069537244,0.09094283593170008,0.028334570650829,0.12325080731969859,1.3552558159970123,1.0,0.007427395550470336,1.0368497304106208,0.34038403250973825,0.09686971235194584,0.03554008775796978,0.21740771658501934,229
Routine Tech,"cotton buds, tooth brush",toilet paper,0.08933432318732987,0.21158129175946547,0.025612472160356347,0.2867036011080332,1.3550517568158624,1.0,0.006711000661923525,1.1053171016498369,0.2877244801512287,0.09303370786516854,0.09528225112290091,0.2038781163434903,207
Routine Tech,toilet paper,"cotton buds, tooth brush",0.21158129175946547,0.08933432318732987,0.025612472160356347,0.12105263157894737,1.3550517568158624,1.0,0.006711000661923525,1.0360866981701038,0.33233712710499747,0.09303370786516854,0.03482980549199085,0.2038781163434903,207
Routine Tech,"deodorant, shower gel",toothpaste,0.15602573620390991,0.3453353130413264,0.07300173224449394,0.4678826328310865,1.3548647217989398,1.0,0.019120535790013292,1.2303012969521425,0.3103399521418153,0.17042172154823804,0.187190973075192,0.33963819925323585,590
Routine Tech,toothpaste,"deodorant, shower gel",0.3453353130413264,0.15602573620390991,0.07300173224449394,0.21139376567538518,1.3548647217989398,1.0,0.019120535790013292,1.0702099819422477,0.4000810458437577,0.17042172154823804,0.06560393112277717,0.33963819925323585,590
Routine Tech,antioxydant juice,"energy bar, toothpaste",0.21034397426379609,0.0894580549368968,0.02548874041078941,0.1211764705882353,1.3545618745423482,1.0,0.006671777605453531,1.036091905359622,0.33147839950345787,0.09291835814163285,0.03483465624325557,0.20305019933284518,206
Routine Tech,"energy bar, toothpaste",antioxydant juice,0.0894580549368968,0.21034397426379609,0.02548874041078941,0.28492392807745504,1.354561874542348,1.0,0.006671777605453531,1.1042965311552717,0.2874704641433712,0.09291835814163285,0.09444612765935312,0.20305019933284518,206
Routine Tech,"antioxydant juice, energy bar",shower gel,0.05617421430339025,0.3431081415491215,0.026107399158624103,0.4647577092511013,1.3545516791083307,1.0,0.006833568886005795,1.227279439245674,0.2773269843952313,0.06996021220159152,0.1851896413952535,0.2704242927791749,211
Routine Tech,shower gel,"antioxydant juice, energy bar",0.3431081415491215,0.05617421430339025,0.026107399158624103,0.07609087630724846,1.3545516791083305,1.0,0.006833568886005795,1.0215569491556202,0.3984649156087445,0.06996021220159152,0.021102053266279768,0.2704242927791749,211
Routine Tech,"antioxydant juice, shampoo",razor,0.09218015342736946,0.2081168027715912,0.025983667409057165,0.2818791946308725,1.3544278543440615,1.0,0.0067994285987583,1.1027158540844197,0.2882519779071504,0.09472259810554803,0.0931480704697987,0.20336528102530546,210
Routine Tech,razor,"antioxydant juice, shampoo",0.2081168027715912,0.09218015342736946,0.025983667409057165,0.1248513674197384,1.3544278543440615,1.0,0.0067994285987583,1.03733218881465,0.33045386904761914,0.09472259810554803,0.03598865360315194,0.20336528102530546,210
Routine Tech,"deodorant, energy bar",shampoo,0.09106656768126702,0.3450878495421925,0.04256372185102698,0.4673913043478261,1.3544125212402764,1.0,0.011137755844710016,1.2296309763697613,0.2878896282742073,0.10814209368123233,0.18674787865844147,0.2953665019408546,344
Routine Tech,shampoo,"deodorant, energy bar",0.3450878495421925,0.09106656768126702,0.04256372185102698,0.12334169953388313,1.3544125212402764,1.0,0.011137755844710016,1.0368160910989557,0.3995536008506191,0.10814209368123233,0.03550879602951857,0.2953665019408546,344
Routine Tech,"tooth brush, toothpaste",toilet paper,0.15553080920564216,0.21158129175946547,0.044543429844097995,0.2863961813842482,1.3535987941213417,1.0,0.011636020323973262,1.1048409322835584,0.30934065934065935,0.13808975834292292,0.09489233175572727,0.24846124858686097,360
Routine Tech,toilet paper,"tooth brush, toothpaste",0.21158129175946547,0.15553080920564216,0.044543429844097995,0.2105263157894737,1.3535987941213417,1.0,0.011636020323973262,1.0696609750061865,0.3313323917137477,0.13808975834292292,0.06512434933487568,0.24846124858686097,360
Routine Tech,"deodorant, shower gel",antioxydant juice,0.15602573620390991,0.21034397426379609,0.04441969809453106,0.28469468675654247,1.3534720343331625,1.0,0.011600624653965996,1.1039426257797709,0.3094400832428448,0.1379707916986933,0.09415582237016237,0.24793557867238888,359
Routine Tech,antioxydant juice,"deodorant, shower gel",0.21034397426379609,0.15602573620390991,0.04441969809453106,0.2111764705882353,1.3534720343331623,1.0,0.011600624653965996,1.0699151740890032,0.33072560448126664,0.1379707916986933,0.06534646463775366,0.24793557867238888,359
Routine Tech,"gluten free bar, toothpaste",shower gel,0.06582529076961148,0.3431081415491215,0.030561742143033904,0.4642857142857143,1.3531760342074082,1.0,0.007976548960141966,1.2261981357749732,0.2793886907794193,0.08077174623937215,0.18447111374216293,0.2766794600999433,247
Routine Tech,shower gel,"gluten free bar, toothpaste",0.3431081415491215,0.06582529076961148,0.030561742143033904,0.08907320591417238,1.3531760342074082,1.0,0.007976548960141966,1.0255211673380313,0.397322398829274,0.08077174623937215,0.02488604638388625,0.2766794600999433,247
Routine Tech,"antioxydant juice, razor",shampoo,0.0556792873051225,0.3450878495421925,0.025983667409057165,0.4666666666666667,1.3523126568662605,1.0,0.006769421888890542,1.227960282108389,0.2758872416891285,0.06932981181908221,0.18564141318722843,0.27098123580733835,210
Routine Tech,shampoo,"antioxydant juice, razor",0.3450878495421925,0.0556792873051225,0.025983667409057165,0.07529580494801004,1.3523126568662602,1.0,0.006769421888890542,1.0212138300527387,0.39780302825834657,0.06932981181908221,0.02077315193786912,0.27098123580733835,210
Routine Tech,"body spray, shower gel",antioxydant juice,0.09527344716654293,0.21034397426379609,0.027097253155159613,0.2844155844155844,1.3521451489686784,1.0,0.007057057636337169,1.1035120504843505,0.2878598263441344,0.09729009329187029,0.09380237437272847,0.20661955691367456,219
Routine Tech,antioxydant juice,"body spray, shower gel",0.21034397426379609,0.09527344716654293,0.027097253155159613,0.1288235294117647,1.3521451489686784,1.0,0.007057057636337169,1.0385112355279384,0.3298074350091367,0.09729009329187029,0.037083118805509074,0.20661955691367456,219
Routine Tech,"antioxydant juice, deodorant",cotton buds,0.09193268992823558,0.19908438505320467,0.024746349913387776,0.2691790040376851,1.352084966210423,1.0,0.006443986872738054,1.0959121582052835,0.28676454557841674,0.09293680297397769,0.08751810762128391,0.1967399059964684,200
Routine Tech,cotton buds,"antioxydant juice, deodorant",0.19908438505320467,0.09193268992823558,0.024746349913387776,0.12430080795525171,1.352084966210423,1.0,0.006443986872738054,1.0369625989392965,0.32512976981306974,0.09293680297397769,0.0356450647083178,0.1967399059964684,200
Routine Tech,"shower gel, toilet paper",tooth brush,0.09205642167780252,0.3419945558030191,0.04256372185102698,0.4623655913978495,1.3519676952523225,1.0,0.01108092681051149,1.2238901262063846,0.28673296697027906,0.10872313527180784,0.1829331909886084,0.2934114498233821,344
Routine Tech,tooth brush,"shower gel, toilet paper",0.3419945558030191,0.09205642167780252,0.04256372185102698,0.12445730824891461,1.3519676952523225,1.0,0.01108092681051149,1.0370066324308074,0.3956462037660601,0.10872313527180784,0.03568601325534586,0.2934114498233821,344
Routine Tech,deodorant,"oatmeal, shower gel",0.34347933679782233,0.051719871318980454,0.024003959415986143,0.06988472622478387,1.3512161659059885,1.0,0.006239252316074025,1.0195296813394696,0.3959143704267878,0.06466666666666668,0.019155578985999892,0.2669997793803345,194
Routine Tech,"oatmeal, shower gel",deodorant,0.051719871318980454,0.34347933679782233,0.024003959415986143,0.46411483253588515,1.3512161659059883,1.0,0.006239252316074025,1.2251144518683492,0.27410251167595723,0.06466666666666668,0.183749731729179,0.2669997793803345,194
Routine Tech,"deodorant, razor",cotton buds,0.09292254392477109,0.19908438505320467,0.024993813412521652,0.2689747003994674,1.3510587499244844,1.0,0.0064943858976792,1.0956058776412445,0.28645815747854964,0.09360518999073215,0.08726302002603052,0.1972592582171358,202
Routine Tech,cotton buds,"deodorant, razor",0.19908438505320467,0.09292254392477109,0.024993813412521652,0.12554381603480422,1.3510587499244844,1.0,0.0064943858976792,1.0373046388237692,0.3244283566314301,0.09360518999073215,0.03596305022415602,0.1972592582171358,202
Routine Tech,"razor, tooth brush",antioxydant juice,0.09143776292996783,0.21034397426379609,0.025983667409057165,0.28416779431664413,1.3509671256865399,1.0,0.006750284956576924,1.1031300624178728,0.28593477429103203,0.09421265141318978,0.0934885793900216,0.203848603040675,210
Routine Tech,antioxydant juice,"razor, tooth brush",0.21034397426379609,0.09143776292996783,0.025983667409057165,0.12352941176470589,1.3509671256865399,1.0,0.006750284956576924,1.0366146328986945,0.3289907627105998,0.09421265141318978,0.03532135447124513,0.203848603040675,210
Routine Tech,"almonds, shower gel",tooth brush,0.06347438752783964,0.3419945558030191,0.029324424647364514,0.4619883040935673,1.3508644984385711,1.0,0.007616529679912304,1.223031858235693,0.2773371062177336,0.07796052631578948,0.1823598107717583,0.2738668003825289,237
Routine Tech,tooth brush,"almonds, shower gel",0.3419945558030191,0.06347438752783964,0.029324424647364514,0.08574529667149058,1.350864498438571,1.0,0.007616529679912304,1.024359633111615,0.39472819799962877,0.07796052631578948,0.023780352450652256,0.2738668003825289,237
Routine Tech,cotton buds,almonds,0.19908438505320467,0.14909675822816135,0.0400890868596882,0.20136730888750776,1.3505814028455085,1.0,0.010406250434408362,1.065450051370341,0.3241017293105454,0.13012048192771086,0.06142948821126039,0.23512348846865014,324
Routine Tech,almonds,cotton buds,0.14909675822816135,0.19908438505320467,0.0400890868596882,0.2688796680497925,1.3505814028455083,1.0,0.010406250434408362,1.09546346879783,0.3050618720120925,0.13012048192771086,0.08714436539138314,0.23512348846865014,324
Routine Tech,"shower gel, toilet paper",toothpaste,0.09205642167780252,0.3453353130413264,0.04293491709972779,0.4663978494623656,1.3505651807075738,1.0,0.011144583902159513,1.2268779020081946,0.28588697420478304,0.1088456712672522,0.1849229671810317,0.2953630236204698,347
Routine Tech,toothpaste,"shower gel, toilet paper",0.3453353130413264,0.09205642167780252,0.04293491709972779,0.12432819777857398,1.3505651807075738,1.0,0.011144583902159513,1.0368537344915112,0.39649189505097293,0.1088456712672522,0.035543812271250336,0.2953630236204698,347
Routine Tech,"protein bar, toothpaste",body spray,0.09106656768126702,0.21430339024993814,0.02635486265775798,0.28940217391304346,1.3504320840445827,1.0,0.006838988465237009,1.1056839479465497,0.2854953479840837,0.09445676274944569,0.09558242040397122,0.20619069434682197,213
Routine Tech,body spray,"protein bar, toothpaste",0.21430339024993814,0.09106656768126702,0.02635486265775798,0.12297921478060046,1.3504320840445827,1.0,0.006838988465237009,1.0363875607478905,0.3302754057151306,0.09445676274944569,0.03510999371859691,0.20619069434682197,213
Routine Tech,"body spray, tooth brush",shampoo,0.09242761692650334,0.3450878495421925,0.04305864884929473,0.46586345381526106,1.349985096355303,1.0,0.011163001285818139,1.2261137252931884,0.2856533389746845,0.10915934755332496,0.18441496953238995,0.29531967957883887,348
Routine Tech,shampoo,"body spray, tooth brush",0.3450878495421925,0.09242761692650334,0.04305864884929473,0.12477590534241664,1.349985096355303,1.0,0.011163001285818139,1.0369600067152733,0.39585627080659563,0.10915934755332496,0.03564265398465049,0.29531967957883887,348
Routine Tech,"energy bar, tooth brush",deodorant,0.09020044543429843,0.34347933679782233,0.04182133135362534,0.4636488340192044,1.3498594656135483,1.0,0.010839342176984353,1.2240500344613492,0.2848782890210251,0.10672560783075465,0.18303993150079348,0.29270337954562525,338
Routine Tech,deodorant,"energy bar, tooth brush",0.34347933679782233,0.09020044543429843,0.04182133135362534,0.12175792507204611,1.3498594656135483,1.0,0.010839342176984353,1.0359325526966314,0.39478139072212554,0.10672560783075465,0.03468618936927467,0.29270337954562525,338
Routine Tech,"almonds, toothpaste",deodorant,0.06755753526354863,0.34347933679782233,0.031304132640435536,0.46336996336996333,1.3490475662665864,1.0,0.008099515232416359,1.2234139321105424,0.27748231414113445,0.08243727598566308,0.1826151609415838,0.27725414595011133,253
Routine Tech,deodorant,"almonds, toothpaste",0.34347933679782233,0.06755753526354863,0.031304132640435536,0.09113832853025937,1.3490475662665864,1.0,0.008099515232416359,1.0259454150251244,0.39410228408737075,0.08243727598566308,0.025289274307531345,0.27725414595011133,253
Routine Tech,"almonds, body spray",deodorant,0.04380103934669636,0.34347933679782233,0.020292006928977976,0.46327683615819215,1.348776437258829,1.0,0.0052472549831193895,1.2232016567030048,0.27043251022572345,0.05529332434254888,0.18247331131370317,0.26117732297823154,164
Routine Tech,deodorant,"almonds, body spray",0.34347933679782233,0.04380103934669636,0.020292006928977976,0.05907780979827089,1.3487764372588287,1.0,0.0052472549831193895,1.0162359551200502,0.3938753183234811,0.05529332434254888,0.01597656040238423,0.26117732297823154,164
Routine Tech,nonfat milk,"shampoo, toothpaste",0.11247216035634744,0.15256124721603564,0.02313783716901757,0.2057205720572057,1.3484457934844578,1.0,0.005978944107971243,1.0669277372307806,0.29115198035413536,0.09565217391304347,0.06272940040390369,0.1786915917869159,187
Routine Tech,"shampoo, toothpaste",nonfat milk,0.15256124721603564,0.11247216035634744,0.02313783716901757,0.1516626115166261,1.3484457934844578,1.0,0.005978944107971243,1.0461967746468677,0.3049252672040025,0.09565217391304347,0.0441568696887456,0.1786915917869159,187
Routine Tech,"razor, toilet paper",deodorant,0.05877258104429597,0.34347933679782233,0.027220984904726554,0.4631578947368421,1.3484301531927803,1.0,0.007033817745735513,1.2229306471413113,0.27453183073006926,0.07258330583965689,0.1822921419644097,0.27120430759896863,220
Routine Tech,deodorant,"razor, toilet paper",0.34347933679782233,0.05877258104429597,0.027220984904726554,0.0792507204610951,1.3484301531927803,1.0,0.007033817745735513,1.0222407335763044,0.39358530651406654,0.07258330583965689,0.021756845374861392,0.27120430759896863,220
Routine Tech,"deodorant, razor",antioxydant juice,0.09292254392477109,0.21034397426379609,0.02635486265775798,0.2836218375499334,1.3483715829873895,1.0,0.006809165469919467,1.102289359345519,0.28483198559336736,0.09517426273458444,0.09279719383869663,0.20445797759849613,213
Routine Tech,antioxydant juice,"deodorant, razor",0.21034397426379609,0.09292254392477109,0.02635486265775798,0.12529411764705883,1.3483715829873895,1.0,0.006809165469919467,1.0370085240940747,0.3271863501073294,0.09517426273458444,0.03568777231258076,0.20445797759849613,213
Routine Tech,"deodorant, tooth brush",toilet paper,0.151818856718634,0.21158129175946547,0.043306112348428606,0.28524857375713125,1.3481748380731784,1.0,0.011184082530454824,1.1030669954516943,0.30448265082838394,0.13529184383455742,0.0934367503303727,0.24496346816511533,350
Routine Tech,toilet paper,"deodorant, tooth brush",0.21158129175946547,0.151818856718634,0.043306112348428606,0.20467836257309943,1.3481748380731784,1.0,0.011184082530454824,1.066463055155247,0.3275625504439065,0.13529184383455742,0.06232101040347042,0.24496346816511533,350
Routine Tech,tooth brush,"body spray, deodorant",0.3419945558030191,0.08883939618906211,0.040955209106656766,0.11975397973950795,1.3479828192962442,1.0,0.010572619269170042,1.0351203900260717,0.3923231708079155,0.1050460171374167,0.03392879742730897,0.2903783826274141,331
Routine Tech,"body spray, deodorant",tooth brush,0.08883939618906211,0.3419945558030191,0.040955209106656766,0.4610027855153203,1.347982819296244,1.0,0.010572619269170042,1.2207956303189464,0.28332083410598785,0.1050460171374167,0.18086207456465186,0.2903783826274141,331
Routine Tech,almonds,"shower gel, toothpaste",0.14909675822816135,0.15268497896560257,0.030685473892600842,0.20580912863070538,1.347933045051346,1.0,0.007920638498694496,1.0668909094529244,0.30335222128929074,0.11319032405294388,0.06269704696164734,0.20339078797823762,248
Routine Tech,"shower gel, toothpaste",almonds,0.15268497896560257,0.14909675822816135,0.030685473892600842,0.20097244732576985,1.347933045051346,1.0,0.007920638498694496,1.0649235297631328,0.3046368612451011,0.11319032405294388,0.06096543831421724,0.20339078797823762,248
Routine Tech,toothpaste,"antioxydant juice, tooth brush",0.3453353130413264,0.09119029943083395,0.04243999010146003,0.12289501970619848,1.3476764576193978,1.0,0.010948759501180697,1.0361470074708097,0.3940675981492306,0.10769230769230768,0.03488598356235482,0.2941476455383095,343
Routine Tech,toothpaste,"energy bar, shower gel",0.3453353130413264,0.09119029943083395,0.04243999010146003,0.12289501970619848,1.3476764576193978,1.0,0.010948759501180697,1.0361470074708097,0.3940675981492306,0.10769230769230768,0.03488598356235482,0.2941476455383095,343
Routine Tech,"antioxydant juice, tooth brush",toothpaste,0.09119029943083395,0.3453353130413264,0.04243999010146003,0.46540027137042056,1.3476764576193976,1.0,0.010948759501180697,1.2245885134226966,0.28386816362254313,0.10769230769230768,0.18339916711694174,0.2941476455383095,343
Routine Tech,"energy bar, shower gel",toothpaste,0.09119029943083395,0.3453353130413264,0.04243999010146003,0.46540027137042056,1.3476764576193976,1.0,0.010948759501180697,1.2245885134226966,0.28386816362254313,0.10769230769230768,0.18339916711694174,0.2941476455383095,343
Routine Tech,"cotton buds, tooth brush",toothpaste,0.08933432318732987,0.3453353130413264,0.041573867854491464,0.4653739612188366,1.3476002703585228,1.0,0.01072357139125988,1.224528248663633,0.2832435623706004,0.10576015108593012,0.18335897837282883,0.292880459649189,336
Routine Tech,toothpaste,"cotton buds, tooth brush",0.3453353130413264,0.08933432318732987,0.041573867854491464,0.12038695807954138,1.3476002703585228,1.0,0.01072357139125988,1.0353026085475203,0.39400351900351904,0.10576015108593012,0.03409883086940943,0.292880459649189,336
Routine Tech,"antioxydant juice, shower gel",toothpaste,0.09415986142044049,0.3453353130413264,0.04380103934669636,0.46517739816031534,1.3470310755756605,1.0,0.011284314127140628,1.2240781984657263,0.28440628576411625,0.11069418386491557,0.1830587283938137,0.2960068287827732,354
Routine Tech,toothpaste,"antioxydant juice, shower gel",0.3453353130413264,0.09415986142044049,0.04380103934669636,0.12683625940523108,1.3470310755756605,1.0,0.011284314127140628,1.0374229900597252,0.3935245545415035,0.11069418386491557,0.03607302943765573,0.2960068287827732,354
Routine Tech,gluten free bar,"protein bar, shampoo",0.15392229646127195,0.0967582281613462,0.0200445434298441,0.13022508038585212,1.3458812016348554,1.0,0.0051512947497259765,1.0384776008939791,0.30374559018412006,0.08690987124463521,0.03705193146280231,0.16869310285277261,162
Routine Tech,"protein bar, shampoo",gluten free bar,0.0967582281613462,0.15392229646127195,0.0200445434298441,0.2071611253196931,1.3458812016348551,1.0,0.0051512947497259765,1.0671496196246537,0.2845222391341114,0.08690987124463521,0.06292427827343665,0.16869310285277261,162
Routine Tech,"deodorant, low fat yogurt",tooth brush,0.05270972531551596,0.3419945558030191,0.02425142291512002,0.46009389671361506,1.3453252073948758,1.0,0.006224983819340991,1.2187405183822342,0.2709679483078498,0.06546426185704741,0.17948079602095465,0.26550280942771926,196
Routine Tech,tooth brush,"deodorant, low fat yogurt",0.3419945558030191,0.05270972531551596,0.02425142291512002,0.07091172214182344,1.3453252073948756,1.0,0.006224983819340991,1.0195912458052623,0.39009601584146264,0.06546426185704741,0.019214803859746218,0.26550280942771926,196
Routine Tech,green tea,"shower gel, tooth brush",0.147735708982925,0.1550358822073744,0.03080920564216778,0.2085427135678392,1.3451254677216893,1.0,0.007904869666468074,1.0676054567665556,0.3010508934693478,0.11328480436760692,0.06332438293385217,0.20363288910634578,249
Routine Tech,"shower gel, tooth brush",green tea,0.1550358822073744,0.147735708982925,0.03080920564216778,0.19872306464485234,1.345125467721689,1.0,0.007904869666468074,1.0636326261398357,0.3036518603334116,0.11328480436760692,0.05982575616429975,0.20363288910634578,249
Routine Tech,"almonds, deodorant",shower gel,0.06409304627567433,0.3431081415491215,0.02957188814649839,0.4613899613899614,1.3447362668422893,1.0,0.007581042152629929,1.219605672679409,0.2739158621879904,0.07830930537352555,0.18006284949212056,0.2737891025846309,239
Routine Tech,shower gel,"almonds, deodorant",0.3431081415491215,0.06409304627567433,0.02957188814649839,0.0861882437793004,1.3447362668422893,1.0,0.007581042152629929,1.0241791565420502,0.3902617407402447,0.07830930537352555,0.023608327105275766,0.2737891025846309,239
Routine Tech,"cotton buds, energy bar",deodorant,0.05518436030685474,0.34347933679782233,0.02548874041078941,0.4618834080717489,1.3447196340186867,1.0,0.006534052930978872,1.2200342324507134,0.2713233686116352,0.06830238726790451,0.18035086770370795,0.268045450433569,206
Routine Tech,deodorant,"cotton buds, energy bar",0.34347933679782233,0.05518436030685474,0.02548874041078941,0.07420749279538905,1.3447196340186867,1.0,0.006534052930978872,1.020547943886448,0.3904683834750183,0.06830238726790451,0.020134226921468604,0.268045450433569,206
Routine Tech,"cotton buds, shower gel",body spray,0.08673595644642415,0.21430339024993814,0.024993813412521652,0.28815977175463625,1.3446346855201907,1.0,0.0064060038894819815,1.1037541551799466,0.28064565025802135,0.09054235768713581,0.09400114571983782,0.20239397363713335,202
Routine Tech,body spray,"cotton buds, shower gel",0.21430339024993814,0.08673595644642415,0.024993813412521652,0.11662817551963048,1.3446346855201905,1.0,0.0064060038894819815,1.0338387734867929,0.32621189678022927,0.09054235768713581,0.032731190157113337,0.20239397363713335,202
Routine Tech,"shampoo, toothpaste",tooth brush,0.15256124721603564,0.3419945558030191,0.07015590200445435,0.45985401459854014,1.3446237865359627,1.0,0.017980786030051654,1.2181992683106269,0.3024378486489743,0.1653061224489796,0.17911623655235076,0.33249574825440753,567
Routine Tech,tooth brush,"shampoo, toothpaste",0.3419945558030191,0.15256124721603564,0.07015590200445435,0.20513748191027495,1.3446237865359627,1.0,0.017980786030051654,1.0661450672257067,0.3895067366297151,0.1653061224489796,0.062041338706211424,0.33249574825440753,567
Routine Tech,"energy bar, razor",shampoo,0.05147240781984657,0.3450878495421925,0.0238802276664192,0.46394230769230765,1.3444179744601041,1.0,0.0061177251411096145,1.2217195273114256,0.2700856618755314,0.06407702523240372,0.18148152857911024,0.2665713689770251,193
Routine Tech,shampoo,"energy bar, razor",0.3450878495421925,0.05147240781984657,0.0238802276664192,0.06920043026174255,1.3444179744601041,1.0,0.0061177251411096145,1.0190460148653497,0.3911726211860615,0.06407702523240372,0.018690044009314285,0.2665713689770251,193
Routine Tech,"almonds, toothpaste",tooth brush,0.06755753526354863,0.3419945558030191,0.031056669141301656,0.4597069597069597,1.3441937946279479,1.0,0.007952359877697546,1.2178677034967849,0.27461174410637695,0.08205295848316443,0.17889275072426628,0.27525868969429024,251
Routine Tech,tooth brush,"almonds, toothpaste",0.3419945558030191,0.06755753526354863,0.031056669141301656,0.09081041968162083,1.3441937946279479,1.0,0.007952359877697546,1.0255753969484884,0.3891451868344597,0.08205295848316443,0.02493760773180196,0.27525868969429024,251
Routine Tech,"shampoo, toilet paper",razor,0.09465478841870824,0.2081168027715912,0.026478594407324918,0.2797385620915033,1.344142127719102,1.0,0.006779342474601921,1.0994385587653952,0.28279937004977523,0.09583519928347513,0.09044485294117646,0.2034840253977136,214
Routine Tech,razor,"shampoo, toilet paper",0.2081168027715912,0.09465478841870824,0.026478594407324918,0.1272294887039239,1.344142127719102,1.0,0.006779342474601921,1.0373233282559489,0.3233192172897196,0.09583519928347513,0.03598041925722467,0.2034840253977136,214
Routine Tech,"shampoo, shower gel",body spray,0.15639693145261074,0.21430339024993814,0.04503835684236575,0.2879746835443038,1.3437710117812143,1.0,0.011521964207384085,1.103467238582309,0.3032535080056347,0.13829787234042554,0.09376557360709656,0.24906817318092786,364
Routine Tech,body spray,"shampoo, shower gel",0.21430339024993814,0.15639693145261074,0.04503835684236575,0.21016166281755194,1.3437710117812143,1.0,0.011521964207384085,1.0680705516988875,0.32560353032793976,0.13829787234042554,0.06373226149771997,0.24906817318092786,364
Routine Tech,"razor, shampoo",antioxydant juice,0.09193268992823558,0.21034397426379609,0.025983667409057165,0.28263795423956933,1.3436940859789408,1.0,0.006646180044790832,1.1007775368142583,0.2816784432808414,0.09404388714733541,0.09155122942090244,0.2030836830021376,210
Routine Tech,antioxydant juice,"razor, shampoo",0.21034397426379609,0.09193268992823558,0.025983667409057165,0.12352941176470589,1.3436940859789408,1.0,0.006646180044790832,1.0360499510885903,0.32391696885585947,0.09404388714733541,0.03479557240528042,0.2030836830021376,210
Routine Tech,"deodorant, toothpaste",gluten free bar,0.15256124721603564,0.15392229646127195,0.03155159613956941,0.2068126520681265,1.3436172459924425,1.0,0.008069018617081373,1.066680785749746,0.301780423075932,0.11476147614761478,0.06251240918610682,0.20589828744885424,255
Routine Tech,gluten free bar,"deodorant, toothpaste",0.15392229646127195,0.15256124721603564,0.03155159613956941,0.204983922829582,1.3436172459924425,1.0,0.008069018617081373,1.0659391389921655,0.30226588441752833,0.11476147614761478,0.06186013495527546,0.20589828744885424,255
Routine Tech,"protein bar, shampoo",antioxydant juice,0.0967582281613462,0.21034397426379609,0.027344716654293492,0.28260869565217395,1.3435549872122765,1.0,0.006992206400112777,1.1007326419353147,0.28309799789251844,0.09774436090225565,0.09151417710135848,0.20630434782608698,221
Routine Tech,antioxydant juice,"protein bar, shampoo",0.21034397426379609,0.0967582281613462,0.027344716654293492,0.13,1.3435549872122763,1.0,0.006992206400112777,1.0382089331478779,0.3238193958971145,0.09774436090225565,0.0368027397260274,0.20630434782608698,221
Routine Tech,"antioxydant juice, cotton buds",toothpaste,0.05493689680772086,0.3453353130413264,0.02548874041078941,0.46396396396396394,1.3435172901314067,1.0,0.006517089954176079,1.2213072311329876,0.27054812803636386,0.0680092439749092,0.18120520823223518,0.2688863173456509,206
Routine Tech,toothpaste,"antioxydant juice, cotton buds",0.3453353130413264,0.05493689680772086,0.02548874041078941,0.07380867072733786,1.3435172901314067,1.0,0.006517089954176079,1.0203756754389366,0.39055879832578855,0.0680092439749092,0.019968797698133624,0.2688863173456509,206
Routine Tech,protein bar,"green tea, tooth brush",0.22989359069537244,0.06570155902004454,0.020292006928977976,0.08826695371367062,1.3434529565233257,1.0,0.005187639611576001,1.0247500019721119,0.3319663458524045,0.07370786516853932,0.024152234129769027,0.198559088909566,164
Routine Tech,"green tea, tooth brush",protein bar,0.06570155902004454,0.22989359069537244,0.020292006928977976,0.3088512241054614,1.3434529565233255,1.0,0.005187639611576001,1.1142411535170498,0.2736271403238466,0.07370786516853932,0.1025282122783321,0.198559088909566,164
Routine Tech,"antioxydant juice, shower gel",body spray,0.09415986142044049,0.21430339024993814,0.027097253155159613,0.28777923784494086,1.3428590070801456,1.0,0.006918475627294862,1.1031644280808064,0.28186008972749316,0.0963060686015831,0.09351681893902551,0.20711132792939885,219
Routine Tech,body spray,"antioxydant juice, shower gel",0.21430339024993814,0.09415986142044049,0.027097253155159613,0.1264434180138568,1.3428590070801454,1.0,0.006918475627294862,1.0369564573825494,0.3249602703771618,0.0963060686015831,0.0356393531468366,0.20711132792939885,219
Routine Tech,razor,toothpaste,0.2081168027715912,0.3453353130413264,0.09651076466221233,0.4637336504161712,1.3428503628317792,1.0,0.024640683427924887,1.220782708940675,0.3224154647435897,0.21121039805036554,0.18085340439680506,0.3716016872646961,780
Routine Tech,toothpaste,razor,0.3453353130413264,0.2081168027715912,0.09651076466221233,0.2794697241132211,1.3428503628317792,1.0,0.024640683427924887,1.0990283458301786,0.3899941361479821,0.21121039805036554,0.09010536098172697,0.3716016872646961,780
Routine Tech,"deodorant, energy bar",tooth brush,0.09106656768126702,0.3419945558030191,0.04182133135362534,0.4592391304347826,1.3428258510035864,1.0,0.010677060990964854,1.2168140877612512,0.28088063060523205,0.1068943706514864,0.17818176987098774,0.2907628358396778,338
Routine Tech,tooth brush,"deodorant, energy bar",0.3419945558030191,0.09106656768126702,0.04182133135362534,0.12228654124457308,1.3428258510035864,1.0,0.010677060990964854,1.0355696648511863,0.38799343971907385,0.1068943706514864,0.03434792081930842,0.2907628358396778,338
Routine Tech,"tooth brush, toothpaste",cotton buds,0.15553080920564216,0.19908438505320467,0.041573867854491464,0.26730310262529833,1.3426623215771665,1.0,0.01061011234695889,1.0931063278915545,0.3022148090005233,0.13280632411067195,0.08517591154297251,0.2380642299950606,336
Routine Tech,cotton buds,"tooth brush, toothpaste",0.19908438505320467,0.15553080920564216,0.041573867854491464,0.20882535736482286,1.3426623215771665,1.0,0.01061011234695889,1.0673612945704019,0.3186491690759418,0.13280632411067195,0.06311011549047596,0.2380642299950606,336
Routine Tech,"body spray, shower gel",deodorant,0.09527344716654293,0.34347933679782233,0.043924771096263304,0.4610389610389611,1.342261125042105,1.0,0.011200310649056772,1.2181226763028359,0.2818403858600179,0.11125039172673144,0.17906462177099197,0.29446040270968227,355
Routine Tech,deodorant,"body spray, shower gel",0.34347933679782233,0.09527344716654293,0.043924771096263304,0.12788184438040345,1.3422611250421048,1.0,0.011200310649056772,1.0373898846202714,0.3883936866582079,0.11125039172673144,0.03604226836466367,0.29446040270968227,355
Routine Tech,"protein bar, toilet paper",shower gel,0.05642167780252413,0.3431081415491215,0.025983667409057165,0.46052631578947373,1.3422191432421662,1.0,0.006624930395149789,1.2176532010308967,0.2702109325240718,0.06955945677376615,0.1787481040140378,0.2681282859149316,210
Routine Tech,shower gel,"protein bar, toilet paper",0.3431081415491215,0.05642167780252413,0.025983667409057165,0.07573025604038948,1.3422191432421662,1.0,0.006624930395149789,1.020890631078268,0.3881387401447676,0.06955945677376615,0.02046314310496037,0.2681282859149316,210
Routine Tech,"gluten free bar, shower gel",toothpaste,0.06594902251917842,0.3453353130413264,0.030561742143033904,0.4634146341463415,1.3419265758404628,1.0,0.00778721580660394,1.2200569166048008,0.2727931897567472,0.08027299317517063,0.1803661071953755,0.2759566900577641,247
Routine Tech,toothpaste,"gluten free bar, shower gel",0.3453353130413264,0.06594902251917842,0.030561742143033904,0.08849874596918667,1.3419265758404628,1.0,0.00778721580660394,1.0247391030459798,0.3892110734215998,0.08027299317517063,0.024141855202406498,0.2759566900577641,247
Routine Tech,razor,"body spray, shower gel",0.2081168027715912,0.09527344716654293,0.02660232615689186,0.1278240190249703,1.3416541841036493,1.0,0.006774320943562829,1.037321105566377,0.32157703488372086,0.09611086276262852,0.03597835363235912,0.2035223991228748,215
Routine Tech,"body spray, shower gel",razor,0.09527344716654293,0.2081168027715912,0.02660232615689186,0.27922077922077926,1.3416541841036491,1.0,0.006774320943562829,1.0986487601186934,0.2814678642308279,0.09611086276262852,0.0897909902597403,0.2035223991228748,215
Routine Tech,"shampoo, tooth brush",toilet paper,0.15256124721603564,0.21158129175946547,0.043306112348428606,0.28386050283860503,1.3416143765740387,1.0,0.011027006590024632,1.1009289549949932,0.30046930730242166,0.13497878904743543,0.0916761745043324,0.24426943270585222,350
Routine Tech,toilet paper,"shampoo, tooth brush",0.21158129175946547,0.15256124721603564,0.043306112348428606,0.20467836257309943,1.3416143765740385,1.0,0.011027006590024632,1.0655296082798376,0.3229620661824052,0.13497878904743543,0.06149956582213308,0.24426943270585222,350
Routine Tech,"almonds, shampoo",tooth brush,0.06743380351398169,0.3419945558030191,0.030932937391734718,0.4587155963302752,1.341295025159654,1.0,0.007870943712862483,1.2156371765673035,0.2728512670823934,0.08172605426610002,0.17738613191825575,0.27458211075558625,250
Routine Tech,tooth brush,"almonds, shampoo",0.3419945558030191,0.06743380351398169,0.030932937391734718,0.09044862518089725,1.341295025159654,1.0,0.007870943712862483,1.025303487306028,0.38670176758179753,0.08172605426610002,0.02467902198646829,0.27458211075558625,250
Routine Tech,"razor, shower gel",body spray,0.09255134867607027,0.21430339024993814,0.02660232615689186,0.28743315508021394,1.3412440873893123,1.0,0.0067682583634058775,1.1026286380732575,0.28037239743532844,0.09492273730684327,0.09307634005642348,0.20578355213594993,215
Routine Tech,body spray,"razor, shower gel",0.21430339024993814,0.09255134867607027,0.02660232615689186,0.12413394919168591,1.3412440873893123,1.0,0.0067682583634058775,1.036058710674388,0.3238190807544407,0.09492273730684327,0.03480373293798822,0.20578355213594993,215
Routine Tech,"shampoo, toilet paper",shower gel,0.09465478841870824,0.3431081415491215,0.04355357584756248,0.46013071895424834,1.34106616321249,1.0,0.011076747304494192,1.2167609484622808,0.28091454209996647,0.11048336472065286,0.17814587880735264,0.2935345264443077,352
Routine Tech,shower gel,"shampoo, toilet paper",0.3431081415491215,0.09465478841870824,0.04355357584756248,0.1269383339343671,1.34106616321249,1.0,0.011076747304494192,1.0369773943473448,0.38716362865802506,0.11048336472065286,0.03565882395210536,0.2935345264443077,352
Routine Tech,"body spray, shampoo",tooth brush,0.09391239792130661,0.3419945558030191,0.04305864884929473,0.45849802371541504,1.340658837795942,1.0,0.010941120037801101,1.2151487400134027,0.2804343424355007,0.10960629921259842,0.17705547718465292,0.292201254983612,348
Routine Tech,tooth brush,"body spray, shampoo",0.3419945558030191,0.09391239792130661,0.04305864884929473,0.12590448625180897,1.340658837795942,1.0,0.010941120037801101,1.0366002202589026,0.38616410110101007,0.10960629921259842,0.035307941811705594,0.292201254983612,348
Routine Tech,antioxydant juice,"deodorant, tooth brush",0.21034397426379609,0.151818856718634,0.04281118535016085,0.2035294117647059,1.3406069322594567,1.0,0.010877003659777562,1.0649246259810357,0.3217466755307107,0.134056567222007,0.06096640494272111,0.24275900091087782,346
Routine Tech,"deodorant, tooth brush",antioxydant juice,0.151818856718634,0.21034397426379609,0.04281118535016085,0.28198859005704974,1.3406069322594565,1.0,0.010877003659777562,1.0997820017915123,0.29954592023880316,0.134056567222007,0.09072889138844813,0.24275900091087782,346
Routine Tech,shampoo,"deodorant, oatmeal",0.3450878495421925,0.04788418708240535,0.02214798317248206,0.06418070993187523,1.3403320353214874,1.0,0.005623732025138765,1.017414177098533,0.3877103415811123,0.0597263930597264,0.017116114057104042,0.2633565048367386,179
Routine Tech,"deodorant, oatmeal",shampoo,0.04788418708240535,0.3450878495421925,0.02214798317248206,0.46253229974160204,1.3403320353214871,1.0,0.005623732025138765,1.2185144337844782,0.266686268744487,0.0597263930597264,0.17932855592511387,0.2633565048367386,179
Routine Tech,"energy bar, shampoo",shower gel,0.09094283593170008,0.3431081415491215,0.04182133135362534,0.4598639455782313,1.3402886434054329,1.0,0.010618103929893059,1.216159989827193,0.2792916321358072,0.10662460567823344,0.17773976420479662,0.29087679788828624,338
Routine Tech,shower gel,"energy bar, shampoo",0.3431081415491215,0.09094283593170008,0.04182133135362534,0.12188965019834115,1.3402886434054329,1.0,0.010618103929893059,1.0352425116884583,0.38650510855185066,0.10662460567823344,0.03404275934435731,0.29087679788828624,338
Routine Tech,"deodorant, toothpaste",cotton buds,0.15256124721603564,0.19908438505320467,0.04070774560752289,0.2668288726682887,1.340280266566258,1.0,0.0103351835225685,1.0923992845457948,0.29959379955186133,0.1309192200557103,0.08458380177739984,0.23565185087733886,329
Routine Tech,cotton buds,"deodorant, toothpaste",0.19908438505320467,0.15256124721603564,0.04070774560752289,0.20447482908638903,1.3402802665662579,1.0,0.0103351835225685,1.0652569947104678,0.3169964364484317,0.1309192200557103,0.06125939095870873,0.23565185087733886,329
Routine Tech,toothpaste,"shampoo, shower gel",0.3453353130413264,0.15639693145261074,0.07238307349665925,0.20960229308491582,1.3401944087913684,1.0,0.018373690214769048,1.0673146710406907,0.3877398646629416,0.1685878962536023,0.06306918930951741,0.3362093743905592,585
Routine Tech,"shampoo, shower gel",toothpaste,0.15639693145261074,0.3453353130413264,0.07238307349665925,0.46281645569620256,1.3401944087913682,1.0,0.018373690214769048,1.2186983274164411,0.3008993288254069,0.1685878962536023,0.17945238989542786,0.3362093743905592,585
Routine Tech,"protein bar, shower gel",toothpaste,0.09279881217520415,0.3453353130413264,0.04293491709972779,0.4626666666666667,1.3397606592619133,1.0,0.010888210247340414,1.2183585985583258,0.2795389048991355,0.10864120225422669,0.17922358722358728,0.29349743222262037,347
Routine Tech,toothpaste,"protein bar, shower gel",0.3453353130413264,0.09279881217520415,0.04293491709972779,0.12432819777857398,1.3397606592619133,1.0,0.010888210247340414,1.036005939123979,0.387370865757033,0.10864120225422669,0.0347545682551057,0.29349743222262037,347
Routine Tech,"green tea, toothpaste",deodorant,0.06050482553823311,0.34347933679782233,0.02783964365256125,0.46012269938650313,1.3395935361821751,1.0,0.007057486303620998,1.2160553193403971,0.26983098467887096,0.07401315789473685,0.17766898915222734,0.2705872862926752,225
Routine Tech,deodorant,"green tea, toothpaste",0.34347933679782233,0.06050482553823311,0.02783964365256125,0.08105187319884727,1.3395935361821751,1.0,0.007057486303620998,1.022359311762393,0.3861339364241741,0.07401315789473685,0.02187030675531195,0.2705872862926752,225
Routine Tech,"tooth brush, toothpaste",almonds,0.15553080920564216,0.14909675822816135,0.031056669141301656,0.19968178202068418,1.3392764832291864,1.0,0.007867529684137734,1.0632061380787288,0.29998511448710646,0.11352329262777025,0.05944862037097129,0.20399026860370306,251
Routine Tech,almonds,"tooth brush, toothpaste",0.14909675822816135,0.15553080920564216,0.031056669141301656,0.20829875518672197,1.3392764832291861,1.0,0.007867529684137734,1.066651336380714,0.2977167960410792,0.11352329262777025,0.06248652592221056,0.20399026860370306,251
Routine Tech,"body spray, shampoo",toothpaste,0.09391239792130661,0.3453353130413264,0.043429844097995544,0.4624505928853755,1.3391349665709797,1.0,0.010998576763379515,1.2178688661804737,0.2794975670846215,0.10972178805876835,0.17889353462475988,0.2941059843681625,351
Routine Tech,toothpaste,"body spray, shampoo",0.3453353130413264,0.09391239792130661,0.043429844097995544,0.12576137585094946,1.3391349665709795,1.0,0.010998576763379515,1.0364305317219809,0.38683815606892524,0.10972178805876835,0.03514999858355503,0.2941059843681625,351
Routine Tech,gluten free bar,body spray,0.15392229646127195,0.21430339024993814,0.04417223459539718,0.2869774919614148,1.3391178348915442,1.0,0.011186164628690543,1.1019239938321046,0.29931024764395375,0.13631156930126,0.09249639213104795,0.24654879217008385,357
Routine Tech,body spray,gluten free bar,0.21430339024993814,0.15392229646127195,0.04417223459539718,0.2061200923787529,1.3391178348915442,1.0,0.011186164628690543,1.0657502418393288,0.32231235801407176,0.13631156930126,0.06169385589427918,0.24654879217008385,357
Routine Tech,"deodorant, low fat yogurt",toothpaste,0.05270972531551596,0.3453353130413264,0.024375154664686958,0.4624413145539906,1.3391080989700295,1.0,0.006172625172530925,1.2178478456087116,0.2673249208344604,0.06523178807947021,0.1788793619779535,0.26651266730924184,197
Routine Tech,toothpaste,"deodorant, low fat yogurt",0.3453353130413264,0.05270972531551596,0.024375154664686958,0.070584020064493,1.3391080989700292,1.0,0.006172625172530925,1.01923174889915,0.3868152700640009,0.06523178807947021,0.01886886757591856,0.26651266730924184,197
Routine Tech,"body spray, protein bar",deodorant,0.05864884929472903,0.34347933679782233,0.026973521405592674,0.459915611814346,1.3389906248860028,1.0,0.006828853545883716,1.2155890404602818,0.2689419153184961,0.07189973614775726,0.17735355723398874,0.2692229355901701,218
Routine Tech,deodorant,"body spray, protein bar",0.34347933679782233,0.05864884929472903,0.026973521405592674,0.07853025936599423,1.3389906248860028,1.0,0.006828853545883716,1.021575760108613,0.38562195471977356,0.07189973614775726,0.021120078364348753,0.2692229355901701,218
Routine Tech,"energy bar, toothpaste",shampoo,0.0894580549368968,0.3450878495421925,0.04132640435535759,0.46196403872752423,1.3386853212606136,1.0,0.01045551655295655,1.2172274673033285,0.2778548081171535,0.10509754562618,0.17846086548192913,0.2908601118700368,334
Routine Tech,shampoo,"energy bar, toothpaste",0.3450878495421925,0.0894580549368968,0.04132640435535759,0.11975618501254931,1.3386853212606136,1.0,0.01045551655295655,1.0344201567336027,0.3863089992318406,0.10509754562618,0.03327483180750422,0.2908601118700368,334
Routine Tech,"body spray, deodorant",razor,0.08883939618906211,0.2081168027715912,0.024746349913387776,0.2785515320334262,1.3384384553472952,1.0,0.006257378818361484,1.0976296054247057,0.27751493753394885,0.09090909090909091,0.088945856545961,0.19872879812135044,200
Routine Tech,razor,"body spray, deodorant",0.2081168027715912,0.08883939618906211,0.024746349913387776,0.11890606420927467,1.3384384553472952,1.0,0.006257378818361484,1.0341242480499309,0.3193156249999999,0.09090909090909091,0.03299820898144458,0.19872879812135044,200
Routine Tech,"shampoo, tooth brush",antioxydant juice,0.15256124721603564,0.21034397426379609,0.04293491709972779,0.28142741281427414,1.3379390296264493,1.0,0.01084457804166536,1.0989231148225052,0.2980531456031992,0.13418406805877803,0.09001823101926724,0.24277252993654885,347
Routine Tech,antioxydant juice,"shampoo, tooth brush",0.21034397426379609,0.15256124721603564,0.04293491709972779,0.20411764705882354,1.337939029626449,1.0,0.01084457804166536,1.0647789207189502,0.31986305143157495,0.13418406805877803,0.060837906779005954,0.24277252993654885,347
Routine Tech,"deodorant, toilet paper",tooth brush,0.09465478841870824,0.3419945558030191,0.043306112348428606,0.45751633986928103,1.3377883714991061,1.0,0.010934690028543727,1.212949794724555,0.2788965032507467,0.1100975149418056,0.17556356878968205,0.2920722075612686,350
Routine Tech,"shampoo, toilet paper",tooth brush,0.09465478841870824,0.3419945558030191,0.043306112348428606,0.45751633986928103,1.3377883714991061,1.0,0.010934690028543727,1.212949794724555,0.2788965032507467,0.1100975149418056,0.17556356878968205,0.2920722075612686,350
Routine Tech,tooth brush,"deodorant, toilet paper",0.3419945558030191,0.09465478841870824,0.043306112348428606,0.12662807525325614,1.3377883714991061,1.0,0.010934690028543727,1.0366090160773365,0.3837318003545908,0.1100975149418056,0.03531612740150556,0.2920722075612686,350
Routine Tech,tooth brush,"shampoo, toilet paper",0.3419945558030191,0.09465478841870824,0.043306112348428606,0.12662807525325614,1.3377883714991061,1.0,0.010934690028543727,1.0366090160773365,0.3837318003545908,0.1100975149418056,0.03531612740150556,0.2920722075612686,350
Routine Tech,razor,nonfat milk,0.2081168027715912,0.11247216035634744,0.031304132640435536,0.15041617122473247,1.3373635817802947,1.0,0.0078967862262588,1.044661879832487,0.3185573122529644,0.10821214713430283,0.04275247397717661,0.2143720020040054,253
Routine Tech,nonfat milk,razor,0.11247216035634744,0.2081168027715912,0.031304132640435536,0.27832783278327833,1.3373635817802945,1.0,0.0078967862262588,1.097289369330219,0.28422790999846265,0.10821214713430283,0.08866336633663366,0.2143720020040054,253
Routine Tech,deodorant,"protein bar, toothpaste",0.34347933679782233,0.09106656768126702,0.04182133135362534,0.12175792507204611,1.3370211283047237,1.0,0.010541847082009746,1.0349463527960634,0.38394627495500244,0.1064902331442974,0.03376634228590752,0.29049852775341434,338
Routine Tech,"protein bar, toothpaste",deodorant,0.09106656768126702,0.34347933679782233,0.04182133135362534,0.4592391304347826,1.3370211283047235,1.0,0.010541847082009746,1.2140683621025194,0.2773235685966843,0.1064902331442974,0.17632315344400923,0.29049852775341434,338
Routine Tech,nonfat milk,"tooth brush, toothpaste",0.11247216035634744,0.15553080920564216,0.02338530066815145,0.20792079207920794,1.3368463337980578,1.0,0.0058924145548219856,1.0661423533778767,0.28390193383919865,0.09559939301972686,0.06203895114786207,0.17913939365296913,189
Routine Tech,"tooth brush, toothpaste",nonfat milk,0.15553080920564216,0.11247216035634744,0.02338530066815145,0.15035799522673032,1.3368463337980576,1.0,0.0058924145548219856,1.044590350591827,0.2983778126635271,0.09559939301972686,0.04268692561305374,0.17913939365296913,189
Routine Tech,"energy bar, razor",deodorant,0.05147240781984657,0.34347933679782233,0.023632764167285325,0.4591346153846154,1.3367168449346043,1.0,0.00595305566593738,1.2138337595204707,0.2655678231068579,0.06364545151616127,0.17616395807358873,0.263969324983374,191
Routine Tech,deodorant,"energy bar, razor",0.34347933679782233,0.05147240781984657,0.023632764167285325,0.06880403458213256,1.3367168449346043,1.0,0.00595305566593738,1.018612222782246,0.3836869453330518,0.06364545151616127,0.018272137684945917,0.263969324983374,191
Routine Tech,antioxydant juice,"toilet paper, tooth brush",0.21034397426379609,0.08933432318732987,0.02511754516208859,0.11941176470588236,1.336684047580251,1.0,0.006326608584699234,1.034156079212785,0.31897439380770726,0.0914826498422713,0.03302797314578006,0.2002875998044647,203
Routine Tech,"toilet paper, tooth brush",antioxydant juice,0.08933432318732987,0.21034397426379609,0.02511754516208859,0.28116343490304707,1.3366840475802508,1.0,0.006326608584699234,1.0985195579605767,0.2765889376740201,0.0914826498422713,0.08968393620909221,0.2002875998044647,203
Routine Tech,"body spray, toothpaste",shampoo,0.09415986142044049,0.3450878495421925,0.043429844097995544,0.4612352168199737,1.3365733317816522,1.0,0.010936420007224883,1.215580845118028,0.277993953311533,0.10972178805876837,0.17734801102192094,0.29354338825939524,351
Routine Tech,shampoo,"body spray, toothpaste",0.3450878495421925,0.09415986142044049,0.043429844097995544,0.12585155969881678,1.3365733317816522,1.0,0.010936420007224883,1.0362543668984379,0.384506656375162,0.10972178805876837,0.03498597261109647,0.29354338825939524,351
Routine Tech,"antioxydant juice, shampoo",deodorant,0.09218015342736946,0.34347933679782233,0.042316258351893093,0.4590604026845638,1.3365007833201168,1.0,0.01065428038673872,1.213667230981693,0.2773429871985856,0.10758100031456433,0.17605091867633704,0.2911296249734058,342
Routine Tech,deodorant,"antioxydant juice, shampoo",0.34347933679782233,0.09218015342736946,0.042316258351893093,0.12319884726224783,1.3365007833201168,1.0,0.01065428038673872,1.0353771134287686,0.3835027322043013,0.10758100031456433,0.034168336319134116,0.2911296249734058,342
Routine Tech,cotton buds,shampoo,0.19908438505320467,0.3450878495421925,0.09180895817866865,0.4611559975139838,1.3363437690598843,1.0,0.02310735586322843,1.215402133894593,0.3142522766140755,0.20295404814004375,0.17722704929303174,0.3636005874984763,742
Routine Tech,shampoo,cotton buds,0.3450878495421925,0.19908438505320467,0.09180895817866865,0.2660451774829688,1.3363437690598843,1.0,0.02310735586322843,1.0912328529978566,0.38431040742922923,0.20295404814004375,0.08360530270621871,0.3636005874984763,742
Routine Tech,cotton buds,"razor, shower gel",0.19908438505320467,0.09255134867607027,0.024622618163820838,0.12367930391547545,1.336331730273894,1.0,0.0061970898268006586,1.0355211914753213,0.3142438594952206,0.0922150139017609,0.03430271805902272,0.19486104233206927,199
Routine Tech,"razor, shower gel",cotton buds,0.09255134867607027,0.19908438505320467,0.024622618163820838,0.2660427807486631,1.3363317302738937,1.0,0.0061970898268006586,1.0912292895814262,0.2773521274219475,0.0922150139017609,0.08360231021330065,0.19486104233206927,199
Routine Tech,"body spray, deodorant",toilet paper,0.08883939618906211,0.21158129175946547,0.02511754516208859,0.2827298050139276,1.336270341592142,1.0,0.006320790957275894,1.099193461197483,0.2761845002849704,0.09123595505617976,0.09024204082274997,0.20072162765316262,203
Routine Tech,toilet paper,"body spray, deodorant",0.21158129175946547,0.08883939618906211,0.02511754516208859,0.11871345029239766,1.336270341592142,1.0,0.006320790957275894,1.0338982299380914,0.3191812084272633,0.09123595505617976,0.03278681494611052,0.20072162765316262,203
Routine Tech,"green tea, tooth brush",toothpaste,0.06570155902004454,0.3453353130413264,0.030314278643900024,0.4613935969868173,1.3360741851836107,1.0,0.007625210192409759,1.215478841870824,0.2692272141276057,0.07962300942476437,0.17727897388914332,0.2745878769599081,245
Routine Tech,toothpaste,"green tea, tooth brush",0.3453353130413264,0.06570155902004454,0.030314278643900024,0.08778215693299891,1.3360741851836107,1.0,0.007625210192409759,1.0242054001473118,0.3842250413678985,0.07962300942476437,0.023633345561183582,0.2745878769599081,245
Routine Tech,"energy bar, toothpaste",razor,0.0894580549368968,0.2081168027715912,0.024870081662954714,0.27800829875518673,1.335828222675041,1.0,0.006252357287322392,1.0968037386899225,0.2761001352795744,0.0911978221415608,0.08825985477178423,0.19875444664275388,201
Routine Tech,razor,"energy bar, toothpaste",0.2081168027715912,0.0894580549368968,0.024870081662954714,0.11950059453032104,1.335828222675041,1.0,0.006252357287322392,1.0341198862904386,0.31747201492537314,0.0911978221415608,0.03299413031581121,0.19875444664275388,201
Routine Tech,"antioxydant juice, toothpaste",tooth brush,0.09292254392477109,0.3419945558030191,0.04243999010146003,0.4567243675099867,1.3354726259825298,1.0,0.010660985967821411,1.2111815896861096,0.27693492191194136,0.10813366960907944,0.17435997333879508,0.29040994062908887,343
Routine Tech,tooth brush,"antioxydant juice, toothpaste",0.3419945558030191,0.09292254392477109,0.04243999010146003,0.12409551374819101,1.3354726259825298,1.0,0.010660985967821411,1.0355894624501993,0.3817619241324638,0.10813366960907944,0.03436638140947754,0.29040994062908887,343
Routine Tech,shower gel,"energy bar, tooth brush",0.3431081415491215,0.09020044543429843,0.04132640435535759,0.12044716913090517,1.335327875056208,1.0,0.010377897155492508,1.0343887514598977,0.3822855325325992,0.10542929292929293,0.03324548088072564,0.2893045173500891,334
Routine Tech,"energy bar, tooth brush",shower gel,0.09020044543429843,0.3431081415491215,0.04132640435535759,0.458161865569273,1.3353278750562079,1.0,0.010377897155492508,1.2123396577485834,0.2760171212043478,0.10542929292929293,0.1751486527652787,0.2893045173500891,334
Routine Tech,"cotton buds, toilet paper",shower gel,0.05456570155902005,0.3431081415491215,0.024993813412521652,0.4580498866213152,1.335001508717443,1.0,0.0062718769582822825,1.2120891614093616,0.26542000489801626,0.06706507304116865,0.17497818490741557,0.26544759026341636,202
Routine Tech,shower gel,"cotton buds, toilet paper",0.3431081415491215,0.05456570155902005,0.024993813412521652,0.07284529390551749,1.335001508717443,1.0,0.0062718769582822825,1.0197157952457556,0.3820068294265855,0.06706507304116865,0.019334598265199884,0.26544759026341636,202
Routine Tech,"deodorant, protein bar",body spray,0.09428359317000742,0.21430339024993814,0.026973521405592674,0.28608923884514437,1.3349729955810952,1.0,0.006768227744314171,1.100552971745491,0.2770416604000601,0.09578207381370825,0.09136586273172548,0.20597764482672923,218
Routine Tech,body spray,"deodorant, protein bar",0.21430339024993814,0.09428359317000742,0.026973521405592674,0.1258660508083141,1.3349729955810952,1.0,0.006768227744314171,1.0361299977738092,0.3193614100989669,0.09578207381370825,0.03487013970393367,0.20597764482672923,218
Routine Tech,razor,toilet paper,0.2081168027715912,0.21158129175946547,0.05877258104429597,0.28240190249702735,1.3347205707491083,1.0,0.0147389590770328,1.098691190770985,0.31668750000000007,0.16283853273911553,0.08982614186769854,0.28008984013740257,475
Routine Tech,toilet paper,razor,0.21158129175946547,0.2081168027715912,0.05877258104429597,0.2777777777777778,1.3347205707491083,1.0,0.0147389590770328,1.0964536577008739,0.3180790960451978,0.16283853273911553,0.08796875,0.28008984013740257,475
Routine Tech,"energy bar, tooth brush",toothpaste,0.09020044543429843,0.3453353130413264,0.041573867854491464,0.46090534979423875,1.3346603500670144,1.0,0.010424468793970933,1.2143780071065475,0.2756054380136388,0.10552763819095477,0.1765331765331766,0.2906461539368901,336
Routine Tech,toothpaste,"energy bar, tooth brush",0.3453353130413264,0.09020044543429843,0.041573867854491464,0.12038695807954138,1.3346603500670144,1.0,0.010424468793970933,1.0343179457404779,0.38301394551394563,0.10552763819095477,0.03317930031264157,0.2906461539368901,336
Routine Tech,"deodorant, shower gel",cotton buds,0.15602573620390991,0.19908438505320467,0.041450136104924526,0.2656621728786678,1.3344199385987525,1.0,0.01038784836029559,1.0906637045873746,0.2969411847083306,0.13214990138067062,0.08312709426933307,0.23693301310185721,335
Routine Tech,cotton buds,"deodorant, shower gel",0.19908438505320467,0.15602573620390991,0.041450136104924526,0.20820385332504662,1.3344199385987525,1.0,0.01038784836029559,1.0658984226435706,0.312905271264564,0.13214990138067062,0.06182429886717884,0.23693301310185721,335
Routine Tech,deodorant,"cotton buds, shampoo",0.34347933679782233,0.09180895817866865,0.04206879485275922,0.12247838616714697,1.3340570310011886,1.0,0.010534314785451103,1.0349500542266075,0.38141504622957356,0.10698552548772813,0.03376979795679589,0.29034970521295356,340
Routine Tech,"cotton buds, shampoo",deodorant,0.09180895817866865,0.34347933679782233,0.04206879485275922,0.4582210242587601,1.3340570310011883,1.0,0.010534314785451103,1.2117868957612332,0.2757204680237217,0.10698552548772813,0.17477239315101756,0.29034970521295356,340
Routine Tech,"energy bar, toothpaste",cotton buds,0.0894580549368968,0.19908438505320467,0.023756495916852263,0.26556016597510373,1.3339075583659343,1.0,0.005946794061684364,1.0905122214812297,0.2749163439325995,0.08971962616822428,0.08299973140905119,0.1924444708060727,192
Routine Tech,cotton buds,"energy bar, toothpaste",0.19908438505320467,0.0894580549368968,0.023756495916852263,0.11932877563704163,1.3339075583659343,1.0,0.005946794061684364,1.0339181295741233,0.3125458635872084,0.08971962616822428,0.03280543072408893,0.1924444708060727,192
Routine Tech,"antioxydant juice, deodorant",shampoo,0.09193268992823558,0.3450878495421925,0.042316258351893093,0.46029609690444145,1.333851938035746,1.0,0.010591404081929094,1.2134656553370347,0.27563111120673095,0.10721003134796239,0.17591404783330736,0.2914603467670289,342
Routine Tech,shampoo,"antioxydant juice, deodorant",0.3450878495421925,0.09193268992823558,0.042316258351893093,0.12262459662961635,1.333851938035746,1.0,0.010591404081929094,1.0349814988925832,0.38217584076066474,0.10721003134796239,0.033799153830298315,0.2914603467670289,342
Routine Tech,"cotton buds, energy bar",shower gel,0.05518436030685474,0.3431081415491215,0.025241276911655532,0.4573991031390135,1.333104778784532,1.0,0.006307073604193494,1.2106354085499662,0.2644657915549667,0.06766169154228856,0.1739874838141848,0.2654828187891245,204
Routine Tech,shower gel,"cotton buds, energy bar",0.3431081415491215,0.05518436030685474,0.025241276911655532,0.07356653443923548,1.3331047787845318,1.0,0.006307073604193494,1.019841871883648,0.38038440088787445,0.06766169154228856,0.019455831762428127,0.2654828187891245,204
Routine Tech,"energy bar, shampoo",tooth brush,0.09094283593170008,0.3419945558030191,0.041450136104924526,0.4557823129251701,1.3327180365633953,1.0,0.010348181326995914,1.2090850037119525,0.27462930346227205,0.1058786346396966,0.17292829128642806,0.2884917353337862,335
Routine Tech,tooth brush,"energy bar, shampoo",0.3419945558030191,0.09094283593170008,0.041450136104924526,0.12120115774240231,1.332718036563395,1.0,0.010348181326995914,1.0344314538842245,0.379409833120969,0.1058786346396966,0.03328538952961691,0.2884917353337862,335
Routine Tech,low fat yogurt,"deodorant, shower gel",0.12199950507300174,0.15602573620390991,0.02536500866122247,0.2079107505070994,1.3325413842968894,1.0,0.00632994606569473,1.0655040001318115,0.2842302087056947,0.10039177277179238,0.06147701005693848,0.18524006994030623,205
Routine Tech,"deodorant, shower gel",low fat yogurt,0.15602573620390991,0.12199950507300174,0.02536500866122247,0.1625693893735131,1.3325413842968892,1.0,0.00632994606569473,1.0484456667641522,0.29568942398117715,0.10039177277179238,0.046207131470790974,0.18524006994030623,205
Routine Tech,gluten free bar,cotton buds,0.15392229646127195,0.19908438505320467,0.04083147735708983,0.2652733118971061,1.332466691580119,1.0,0.010187951620120442,1.0900864606059228,0.29490458844071016,0.13079667063020212,0.08264157372970982,0.2351848225116357,330
Routine Tech,cotton buds,gluten free bar,0.19908438505320467,0.15392229646127195,0.04083147735708983,0.2050963331261653,1.3324666915801189,1.0,0.010187951620120442,1.0643776583219806,0.31153369005987575,0.13079667063020212,0.06048384971127055,0.2351848225116357,330
Routine Tech,shampoo,"energy bar, tooth brush",0.3450878495421925,0.09020044543429843,0.041450136104924526,0.1201147364646827,1.331642386978828,1.0,0.0103230583622546,1.0339979452663985,0.3802763999763135,0.10524662268300347,0.03288008977391073,0.2898241720732193,335
Routine Tech,"energy bar, tooth brush",shampoo,0.09020044543429843,0.3450878495421925,0.041450136104924526,0.4595336076817559,1.3316423869788279,1.0,0.0103230583622546,1.211753699704928,0.27373901605802087,0.10524662268300347,0.17474978599734575,0.2898241720732193,335
Routine Tech,"shampoo, tooth brush",toothpaste,0.15256124721603564,0.3453353130413264,0.07015590200445435,0.45985401459854014,1.3316159605823723,1.0,0.017471115939129485,1.21201435288295,0.2938651685914059,0.16401504194388197,0.17492726251850335,0.3315035031788831,567
Routine Tech,toothpaste,"shampoo, tooth brush",0.3453353130413264,0.15256124721603564,0.07015590200445435,0.20315299175922608,1.3316159605823723,1.0,0.017471115939129485,1.063489909631315,0.3803973803973802,0.16401504194388197,0.05969958817317346,0.3315035031788831,567
Routine Tech,"antioxydant juice, deodorant",body spray,0.09193268992823558,0.21430339024993814,0.02623113090819104,0.2853297442799462,1.33142897994834,1.0,0.006529643781773814,1.0993833917971676,0.2741286535875794,0.09368095448519664,0.09039921153866536,0.20386579592750195,212
Routine Tech,body spray,"antioxydant juice, deodorant",0.21430339024993814,0.09193268992823558,0.02623113090819104,0.12240184757505773,1.33142897994834,1.0,0.006529643781773814,1.0347188033186157,0.3168236517605111,0.09368095448519664,0.03355385367238269,0.20386579592750195,212
Routine Tech,green tea,almonds,0.147735708982925,0.14909675822816135,0.029324424647364514,0.1984924623115578,1.3312996517859004,1.0,0.0072975093634713405,1.061628496003736,0.2919919434275718,0.10962072155411656,0.058050905976735505,0.1975864801184345,237
Routine Tech,almonds,green tea,0.14909675822816135,0.147735708982925,0.029324424647364514,0.1966804979253112,1.3312996517859004,1.0,0.0072975093634713405,1.0609281721855117,0.2924589946676043,0.10962072155411656,0.057429120823514104,0.1975864801184345,237
Routine Tech,"cotton buds, shampoo",toothpaste,0.09180895817866865,0.3453353130413264,0.042192526602326155,0.4595687331536388,1.3307898607480144,1.0,0.010487651289697572,1.2113745579135555,0.2736941356964209,0.10682957393483708,0.17449149524621213,0.2908735819118248,341
Routine Tech,toothpaste,"cotton buds, shampoo",0.3453353130413264,0.09180895817866865,0.042192526602326155,0.12217843067001073,1.3307898607480144,1.0,0.010487651289697572,1.0345964072340146,0.37968530637152326,0.10682957393483708,0.03343951998297367,0.2908735819118248,341
Routine Tech,"cotton buds, toothpaste",shower gel,0.08673595644642415,0.3431081415491215,0.03959415986142044,0.456490727532097,1.330457288104727,1.0,0.009834347039602304,1.2086120545251073,0.27196814456035767,0.1014584654407102,0.17260464492642835,0.2859446064634881,320
Routine Tech,shower gel,"cotton buds, toothpaste",0.3431081415491215,0.08673595644642415,0.03959415986142044,0.1153984853948792,1.330457288104727,1.0,0.009834347039602304,1.0324016277105852,0.37811205029195705,0.1014584654407102,0.031384711957920836,0.2859446064634881,320
Routine Tech,"antioxydant juice, body spray",deodorant,0.05741153179905964,0.34347933679782233,0.02623113090819104,0.4568965517241379,1.330200983802047,1.0,0.0065114560413029494,1.2088316973246445,0.2633534280774927,0.07001321003963012,0.17275498134837589,0.2666327139024148,212
Routine Tech,deodorant,"antioxydant juice, body spray",0.34347933679782233,0.05741153179905964,0.02623113090819104,0.07636887608069164,1.330200983802047,1.0,0.0065114560413029494,1.0205248002050742,0.3781052421964455,0.07001321003963012,0.020112005314275375,0.2666327139024148,212
Routine Tech,"gluten free bar, shampoo",shower gel,0.06941351150705272,0.3431081415491215,0.03167532788913635,0.45632798573975036,1.3299829717809817,1.0,0.007858986957552935,1.2082502707899765,0.2666175334064618,0.08317089018843404,0.1723568997454629,0.2743233870278269,256
Routine Tech,shower gel,"gluten free bar, shampoo",0.3431081415491215,0.06941351150705272,0.03167532788913635,0.09231878831590334,1.3299829717809817,1.0,0.007858986957552935,1.0252349354751462,0.3777039873328309,0.08317089018843404,0.02461380762785943,0.2743233870278269,256
Routine Tech,"low fat yogurt, shampoo",shower gel,0.05369957931205147,0.3431081415491215,0.024498886414253896,0.456221198156682,1.3296717358464853,1.0,0.006074123554526262,1.2080129939308526,0.2620041946663285,0.06580259222333,0.17219433480924917,0.26381200549738176,198
Routine Tech,shower gel,"low fat yogurt, shampoo",0.3431081415491215,0.05369957931205147,0.024498886414253896,0.07140281283808149,1.3296717358464853,1.0,0.006074123554526262,1.0190644918709442,0.37743606720815226,0.06580259222333,0.01870783647455212,0.26381200549738176,198
Routine Tech,"body spray, shampoo",razor,0.09391239792130661,0.2081168027715912,0.025983667409057165,0.2766798418972332,1.3294449953706533,1.0,0.006438919413061406,1.09478933824474,0.27349056787811393,0.0941281936351412,0.08658226284584981,0.2007656046584858,210
Routine Tech,razor,"body spray, shampoo",0.2081168027715912,0.09391239792130661,0.025983667409057165,0.1248513674197384,1.329444995370653,1.0,0.006438919413061406,1.0353528170491593,0.31293303571428566,0.0941281936351412,0.0341456713759833,0.2007656046584858,210
Routine Tech,"shower gel, toothpaste",toilet paper,0.15268497896560257,0.21158129175946547,0.04293491709972779,0.28119935170178284,1.3290369359379,1.0,0.010629632017918784,1.096853084519526,0.2921882154111342,0.13361571043511747,0.08830087263870198,0.24206166415498498,347
Routine Tech,toilet paper,"shower gel, toothpaste",0.21158129175946547,0.15268497896560257,0.04293491709972779,0.20292397660818715,1.3290369359379,1.0,0.010629632017918784,1.0630291166315624,0.31401520702062885,0.13361571043511747,0.059291994589276954,0.24206166415498498,347
Routine Tech,"energy bar, shower gel",shampoo,0.09119029943083395,0.3450878495421925,0.04182133135362534,0.4586160108548168,1.3289833631153207,1.0,0.010352667023930229,1.2096998869358497,0.2723839024252702,0.10602258469259725,0.17334868689375202,0.2899032008379498,338
Routine Tech,shampoo,"energy bar, shower gel",0.3450878495421925,0.09119029943083395,0.04182133135362534,0.12119039082108284,1.3289833631153207,1.0,0.010352667023930229,1.0341371908965338,0.37798219597838834,0.10602258469259725,0.033010311588290195,0.2899032008379498,338
Routine Tech,"body spray, razor",shampoo,0.056669141301658,0.3450878495421925,0.025983667409057165,0.4585152838427948,1.328691475086937,1.0,0.006427835301865359,1.2094748585067576,0.2622407934842353,0.0691471847217649,0.17319488456781928,0.2669055443954024,210
Routine Tech,shampoo,"body spray, razor",0.3450878495421925,0.056669141301658,0.025983667409057165,0.07529580494801004,1.328691475086937,1.0,0.006427835301865359,1.020143375304256,0.37772979586695815,0.0691471847217649,0.01974563163560036,0.2669055443954024,210
Routine Tech,"shampoo, toothpaste",body spray,0.15256124721603564,0.21430339024993814,0.043429844097995544,0.2846715328467153,1.3283575799463934,1.0,0.010735451598840172,1.098371791181209,0.29169146908962934,0.1342769701606733,0.08956146904994539,0.24366371099610593,351
Routine Tech,body spray,"shampoo, toothpaste",0.21430339024993814,0.15256124721603564,0.043429844097995544,0.20265588914549654,1.3283575799463934,1.0,0.010735451598840172,1.0628268789441175,0.31461336563698766,0.1342769701606733,0.059112994024514955,0.24366371099610593,351
Routine Tech,"almonds, tooth brush",shower gel,0.06434050977480822,0.3431081415491215,0.029324424647364514,0.45576923076923076,1.3283544619823018,1.0,0.007248671912206978,1.2070097752454303,0.26418680120567295,0.07755235602094242,0.17150629555037164,0.27061811700740657,237
Routine Tech,shower gel,"almonds, tooth brush",0.3431081415491215,0.06434050977480822,0.029324424647364514,0.0854670032455824,1.3283544619823018,1.0,0.007248671912206978,1.0231008542564892,0.376300732853136,0.07755235602094242,0.022579254196085283,0.27061811700740657,237
Routine Tech,protein bar,"antioxydant juice, tooth brush",0.22989359069537244,0.09119029943083395,0.02783964365256125,0.12109795479009688,1.3279697023250516,1.0,0.006875578279820653,1.0340284284491796,0.3206969437303627,0.09493670886075949,0.03290860049197591,0.21319483899613392,225
Routine Tech,"antioxydant juice, tooth brush",protein bar,0.09119029943083395,0.22989359069537244,0.02783964365256125,0.30529172320217096,1.3279697023250514,1.0,0.006875578279820653,1.1085320774560754,0.2717519098404054,0.09493670886075949,0.09790612257711209,0.21319483899613392,225
Routine Tech,green tea,"deodorant, shampoo",0.147735708982925,0.15528334570650829,0.030438010393466965,0.20603015075376888,1.3268013373641117,1.0,0.007497115222275318,1.0639152797747142,0.2890038525820799,0.11166591012256015,0.06007553513870808,0.2010230435043745,246
Routine Tech,"deodorant, shampoo",green tea,0.15528334570650829,0.147735708982925,0.030438010393466965,0.1960159362549801,1.3268013373641117,1.0,0.007497115222275318,1.060051224208552,0.2915861339659245,0.11166591012256015,0.05664936074517264,0.2010230435043745,246
Routine Tech,"cotton buds, protein bar",shower gel,0.05221479831724821,0.3431081415491215,0.023756495916852263,0.4549763033175355,1.3260434487603037,1.0,0.005841173504859035,1.205253757679438,0.2594225957354221,0.06393606393606394,0.17029920576611832,0.2621076972772315,192
Routine Tech,shower gel,"cotton buds, protein bar",0.3431081415491215,0.05221479831724821,0.023756495916852263,0.06923909123692751,1.3260434487603037,1.0,0.005841173504859035,1.0182907261783305,0.37430346267344755,0.06393606393606394,0.017962184775045444,0.2621076972772315,192
Routine Tech,"oatmeal, tooth brush",deodorant,0.049987626825043305,0.34347933679782233,0.022766641920316754,0.45544554455445546,1.3259765457813792,1.0,0.005596925010353845,1.2056106724258169,0.2587743637949194,0.06141522029372496,0.17054483435527876,0.2608639826518675,184
Routine Tech,deodorant,"oatmeal, tooth brush",0.34347933679782233,0.049987626825043305,0.022766641920316754,0.06628242074927954,1.3259765457813792,1.0,0.005596925010353845,1.0174515231225616,0.3744571363018076,0.06141522029372496,0.017152191260181977,0.2608639826518675,184
Routine Tech,"deodorant, energy bar",toothpaste,0.09106656768126702,0.3453353130413264,0.0416975996040584,0.4578804347826087,1.3259009938778372,1.0,0.010249097946248918,1.207602029076651,0.2704223053624936,0.10564263322884011,0.17191262028218549,0.289312843690122,337
Routine Tech,toothpaste,"deodorant, energy bar",0.3453353130413264,0.09106656768126702,0.0416975996040584,0.12074525259763526,1.3259009938778372,1.0,0.010249097946248918,1.0337543641408247,0.3754530816845356,0.10564263322884011,0.032652209569029145,0.289312843690122,337
Routine Tech,"deodorant, tooth brush",protein bar,0.151818856718634,0.22989359069537244,0.04627567433803514,0.30480847595762023,1.3258676548382597,1.0,0.011373492231722099,1.1077615055296341,0.28976936308639223,0.13795647362596827,0.09727861547067587,0.2530500937376906,374
Routine Tech,protein bar,"deodorant, tooth brush",0.22989359069537244,0.151818856718634,0.04627567433803514,0.201291711517761,1.3258676548382597,1.0,0.011373492231722099,1.0619410810086105,0.31914668765379484,0.13795647362596827,0.05832817104107143,0.2530500937376906,374
Routine Tech,toothpaste,"body spray, energy bar",0.3453353130413264,0.05431823805988616,0.024870081662954714,0.07201719813686851,1.3258382581826227,1.0,0.0061120759186906355,1.0190725087161614,0.37539856942842015,0.06635853416969296,0.018715556109141867,0.2649379840342657,201
Routine Tech,"body spray, energy bar",toothpaste,0.05431823805988616,0.3453353130413264,0.024870081662954714,0.4578587699316629,1.3258382581826225,1.0,0.0061120759186906355,1.2075537713229318,0.2598762044806714,0.06635853416969296,0.17187952723260244,0.2649379840342657,201
Routine Tech,"antioxydant juice, shampoo",toothpaste,0.09218015342736946,0.3453353130413264,0.042192526602326155,0.4577181208053691,1.3254309754027205,1.0,0.010359464462288026,1.2072405737232967,0.27045941172309074,0.10672926447574334,0.17166468575864544,0.28994827573768994,341
Routine Tech,toothpaste,"antioxydant juice, shampoo",0.3453353130413264,0.09218015342736946,0.042192526602326155,0.12217843067001073,1.3254309754027205,1.0,0.010359464462288026,1.0341735476670253,0.3750445480650759,0.10672926447574334,0.033044306484261515,0.28994827573768994,341
Routine Tech,"tooth brush, toothpaste",body spray,0.15553080920564216,0.21430339024993814,0.04417223459539718,0.2840095465393795,1.3252685653182823,1.0,0.010841454894311778,1.0973562649509196,0.29063933265613945,0.13563829787234047,0.08871892206791575,0.2450648194590662,357
Routine Tech,body spray,"tooth brush, toothpaste",0.21430339024993814,0.15553080920564216,0.04417223459539718,0.2061200923787529,1.3252685653182823,1.0,0.010841454894311778,1.0637241006951474,0.3123800701382916,0.13563829787234047,0.059906606095982556,0.2450648194590662,357
Routine Tech,"energy bar, shower gel",tooth brush,0.09119029943083395,0.3419945558030191,0.04132640435535759,0.45318860244233383,1.3251339670546098,1.0,0.010139818407965226,1.2033499066331885,0.26997876269245036,0.105462582886012,0.1689865146556867,0.2870139828420063,334
Routine Tech,tooth brush,"energy bar, shower gel",0.3419945558030191,0.09119029943083395,0.04132640435535759,0.12083936324167872,1.3251339670546098,1.0,0.010139818407965226,1.0337242849272326,0.372883417069584,0.105462582886012,0.032624061772531986,0.2870139828420063,334
Routine Tech,"green tea, shower gel",toothpaste,0.062484533531304134,0.3453353130413264,0.02858203414996288,0.45742574257425744,1.324584325146954,1.0,0.007003918202688711,1.2065900252340518,0.2613782768197444,0.07536704730831975,0.1712180781487712,0.27009588812697105,231
Routine Tech,toothpaste,"green tea, shower gel",0.3453353130413264,0.062484533531304134,0.02858203414996288,0.0827660336796847,1.324584325146954,1.0,0.007003918202688711,1.022111588638332,0.3743079197624652,0.07536704730831975,0.021633243262400913,0.27009588812697105,231
Routine Tech,shower gel,deodorant,0.3431081415491215,0.34347933679782233,0.15602573620390991,0.4547421565091958,1.3239287135833286,1.0,0.03817517929468431,1.204055422658491,0.372469714244914,0.2940764925373134,0.16947344683515275,0.4544964384851454,1261
Routine Tech,deodorant,shower gel,0.34347933679782233,0.3431081415491215,0.15602573620390991,0.45425072046109505,1.3239287135833286,1.0,0.03817517929468431,1.2036513525146129,0.37268030775089495,0.2940764925373134,0.16919463604569038,0.4544964384851454,1261
Routine Tech,"almonds, toothpaste",shower gel,0.06755753526354863,0.3431081415491215,0.030685473892600842,0.4542124542124542,1.3238171853390028,1.0,0.007505933520685432,1.2035669621281195,0.26233113314156564,0.08075545424943016,0.1691363825475711,0.2718231401967428,248
Routine Tech,shower gel,"almonds, toothpaste",0.3431081415491215,0.06755753526354863,0.030685473892600842,0.08943382618103138,1.3238171853390028,1.0,0.007505933520685432,1.024024932560071,0.3723728422216686,0.08075545424943016,0.023461276963255784,0.2718231401967428,248
Routine Tech,"antioxydant juice, cotton buds",tooth brush,0.05493689680772086,0.3419945558030191,0.024870081662954714,0.4527027027027027,1.323713184964994,1.0,0.0060819620420019226,1.2022815523599155,0.2587650904941123,0.06684403059527769,0.16824807131313332,0.262711698674072,201
Routine Tech,tooth brush,"antioxydant juice, cotton buds",0.3419945558030191,0.05493689680772086,0.024870081662954714,0.07272069464544138,1.323713184964994,1.0,0.0060819620420019226,1.0191784694590167,0.37165245603498115,0.06684403059527769,0.018817577130722345,0.262711698674072,201
Routine Tech,"cotton buds, tooth brush",antioxydant juice,0.08933432318732987,0.21034397426379609,0.024870081662954714,0.278393351800554,1.3235147466188693,1.0,0.006079145085565358,1.0943025922870235,0.2684147198788665,0.09049977487618191,0.08617597449891533,0.19831432295910054,201
Routine Tech,antioxydant juice,"cotton buds, tooth brush",0.21034397426379609,0.08933432318732987,0.024870081662954714,0.11823529411764706,1.3235147466188693,1.0,0.006079145085565358,1.032776284577411,0.30954753028963605,0.09049977487618191,0.03173609335038364,0.19831432295910054,201
Routine Tech,"protein bar, shower gel",toilet paper,0.09279881217520415,0.21158129175946547,0.025983667409057165,0.28,1.3233684210526317,1.0,0.006349174855283458,1.095025983667409,0.2693476736029928,0.09333333333333334,0.0867796610169492,0.20140350877192983,210
Routine Tech,toilet paper,"protein bar, shower gel",0.21158129175946547,0.09279881217520415,0.025983667409057165,0.12280701754385966,1.3233684210526317,1.0,0.006349174855283458,1.0342093541202673,0.30992736077481847,0.09333333333333334,0.033077784477560525,0.20140350877192983,210
Routine Tech,"oatmeal, shower gel",toothpaste,0.051719871318980454,0.3453353130413264,0.023632764167285325,0.45693779904306214,1.3231713693536467,1.0,0.005772066214888089,1.2055058993335925,0.2575610182644907,0.06328694499668655,0.17047274463542395,0.262686025999496,191
Routine Tech,toothpaste,"oatmeal, shower gel",0.3453353130413264,0.051719871318980454,0.023632764167285325,0.06843425295592977,1.3231713693536467,1.0,0.005772066214888089,1.017942245826433,0.37307647778851943,0.06328694499668655,0.017625995875499,0.262686025999496,191
Routine Tech,"razor, toothpaste",shower gel,0.09651076466221233,0.3431081415491215,0.04380103934669636,0.4538461538461538,1.3227495908346971,1.0,0.010687410243960062,1.2027597408255521,0.2700629964393317,0.11065958111909972,0.16857875595867677,0.29075286415711943,354
Routine Tech,shower gel,"razor, toothpaste",0.3431081415491215,0.09651076466221233,0.04380103934669636,0.1276595744680851,1.3227495908346971,1.0,0.010687410243960062,1.0357071722164883,0.3714447165191185,0.11065958111909972,0.03447612720502105,0.29075286415711943,354
Routine Tech,"energy bar, tooth brush",toilet paper,0.09020044543429843,0.21158129175946547,0.025241276911655532,0.2798353909465021,1.3225904266839943,1.0,0.006156550149387489,1.0947756920139995,0.2680898552811578,0.09127516778523491,0.08657087721745609,0.19956681828026862,204
Routine Tech,toilet paper,"energy bar, tooth brush",0.21158129175946547,0.09020044543429843,0.025241276911655532,0.1192982456140351,1.322590426683994,1.0,0.006156550149387489,1.033039334865438,0.3093635759388502,0.09127516778523491,0.031982649401962694,0.19956681828026862,204
Routine Tech,"oatmeal, shampoo",toothpaste,0.04986389507547637,0.3453353130413264,0.022766641920316754,0.45657568238213403,1.322122774995488,1.0,0.005546878104967269,1.204702597462765,0.2564270426969092,0.061129568106312294,0.16991961160695654,0.26125093685570333,184
Routine Tech,toothpaste,"oatmeal, shampoo",0.3453353130413264,0.04986389507547637,0.022766641920316754,0.06592619132927266,1.322122774995488,1.0,0.005546878104967269,1.0171959604312795,0.3721608884652363,0.061129568106312294,0.016905258278836,0.26125093685570333,184
Routine Tech,"cotton buds, shower gel",toothpaste,0.08673595644642415,0.3453353130413264,0.03959415986142044,0.456490727532097,1.3218767681527797,1.0,0.0096411711900557,1.204514292803229,0.26662588063947973,0.1008827238335435,0.1697898431136662,0.2855724866610682,320
Routine Tech,toothpaste,"cotton buds, shower gel",0.3453353130413264,0.08673595644642415,0.03959415986142044,0.1146542457900394,1.3218767681527794,1.0,0.0096411711900557,1.0315337699546863,0.371945875070875,0.1008827238335435,0.03056978925282461,0.2855724866610682,320
Routine Tech,"body spray, tooth brush",protein bar,0.09242761692650334,0.22989359069537244,0.028087107151695125,0.3038821954484605,1.3218384841843154,1.0,0.00683859041704489,1.1062874764433785,0.26827383043701525,0.09545836837678721,0.09607581998946944,0.21302828825167913,227
Routine Tech,protein bar,"body spray, tooth brush",0.22989359069537244,0.09242761692650334,0.028087107151695125,0.12217438105489774,1.3218384841843154,1.0,0.00683859041704489,1.033886871704817,0.3161613988199722,0.09545836837678721,0.03277618918686893,0.21302828825167913,227
Routine Tech,"green tea, toothpaste",shampoo,0.06050482553823311,0.3450878495421925,0.02759218015342737,0.4560327198364008,1.3214974692426646,1.0,0.006712700021512974,1.2039550435107813,0.25895044940495704,0.07299509001636661,0.16940420210047072,0.2679948468310724,223
Routine Tech,shampoo,"green tea, toothpaste",0.3450878495421925,0.06050482553823311,0.02759218015342737,0.079956973825744,1.3214974692426646,1.0,0.006712700021512974,1.0211426506523258,0.37147378846246715,0.07299509001636661,0.020704894305236803,0.2679948468310724,223
Routine Tech,tooth brush,shower gel,0.3419945558030191,0.3431081415491215,0.1550358822073744,0.453328509406657,1.3212408990351971,1.0,0.03769476574588321,1.201620844975664,0.3695041640566588,0.2924836601307189,0.16779073517133203,0.45259285189049037,1253
Routine Tech,shower gel,tooth brush,0.3431081415491215,0.3419945558030191,0.1550358822073744,0.4518571943743238,1.3212408990351971,1.0,0.03769476574588321,1.2004270373409396,0.3701305602662105,0.2924836601307189,0.1669631148802717,0.45259285189049037,1253
Routine Tech,"energy bar, toilet paper",shampoo,0.05753526354862658,0.3450878495421925,0.02623113090819104,0.4559139784946237,1.3211533790582821,1.0,0.0063764105373522,1.2036922923434012,0.25792542005097835,0.06969099276791585,0.16922289329180967,0.2659634431734502,212
Routine Tech,shampoo,"energy bar, toilet paper",0.3450878495421925,0.05753526354862658,0.02623113090819104,0.07601290785227681,1.3211533790582821,1.0,0.0063764105373522,1.0199977299041056,0.37117285556929946,0.06969099276791585,0.019605661187094812,0.2659634431734502,212
Routine Tech,gluten free bar,razor,0.15392229646127195,0.2081168027715912,0.042316258351893093,0.27491961414791,1.320987111500243,1.0,0.010282442137112172,1.0921315935167857,0.2871962493735558,0.1323529411764706,0.08435942524115758,0.23912449197288482,342
Routine Tech,razor,gluten free bar,0.2081168027715912,0.15392229646127195,0.042316258351893093,0.20332936979785968,1.3209871115002427,1.0,0.010282442137112172,1.0620169383224929,0.30685124269005853,0.1323529411764706,0.058395432393434046,0.23912449197288482,342
Routine Tech,oatmeal,"shower gel, toothpaste",0.11717396683989112,0.15268497896560257,0.023632764167285325,0.2016895459345301,1.3209521152697505,1.0,0.005742059505020335,1.0613853504227173,0.27521876158014646,0.09597989949748743,0.057835121238737186,0.17823537264311595,191
Routine Tech,"shower gel, toothpaste",oatmeal,0.15268497896560257,0.11717396683989112,0.023632764167285325,0.1547811993517018,1.3209521152697505,1.0,0.005742059505020335,1.04449407950103,0.28675319273866023,0.09597989949748743,0.04259869000146515,0.17823537264311595,191
Routine Tech,shower gel,shampoo,0.3431081415491215,0.3450878495421925,0.15639693145261074,0.45582401730977284,1.3208926883820669,1.0,0.037994480725006205,1.2034933023323395,0.36982682261552513,0.29409027454630066,0.16908552954800382,0.4545165264031833,1264
Routine Tech,shampoo,shower gel,0.3450878495421925,0.3431081415491215,0.15639693145261074,0.4532090354965938,1.3208926883820669,1.0,0.037994480725006205,1.201358290635738,0.37094475746567596,0.29409027454630066,0.16760885757835206,0.4545165264031833,1264
Routine Tech,"body spray, deodorant",protein bar,0.08883939618906211,0.22989359069537244,0.026973521405592674,0.3036211699164345,1.320703065266213,1.0,0.006549913620480397,1.1058728037614451,0.26650354563983464,0.09245122985581002,0.09573687263249095,0.21047581638986418,218
Routine Tech,protein bar,"body spray, deodorant",0.22989359069537244,0.08883939618906211,0.026973521405592674,0.11733046286329386,1.320703065266213,1.0,0.006549913620480397,1.0322782938297088,0.31531685573453444,0.09245122985581002,0.03126898436463077,0.21047581638986418,218
Routine Tech,nonfat milk,cotton buds,0.11247216035634744,0.19908438505320467,0.02957188814649839,0.2629262926292629,1.3206776240085163,1.0,0.0071804372663495375,1.0866153641591596,0.2735834693909692,0.10487055726195699,0.0797111535655342,0.20573287906789434,239
Routine Tech,cotton buds,nonfat milk,0.19908438505320467,0.11247216035634744,0.02957188814649839,0.14853946550652578,1.3206776240085163,1.0,0.0071804372663495375,1.0423593386763772,0.30316919912581836,0.10487055726195699,0.04063794231475552,0.20573287906789434,239
Routine Tech,"body spray, energy bar",deodorant,0.05431823805988616,0.34347933679782233,0.024622618163820838,0.45330296127562647,1.3197386646360278,1.0,0.005965425778984908,1.2008857131073167,0.25619001720627216,0.0659814323607427,0.1672812915623093,0.26249442011908125,199
Routine Tech,deodorant,"body spray, energy bar",0.34347933679782233,0.05431823805988616,0.024622618163820838,0.07168587896253602,1.3197386646360276,1.0,0.005965425778984908,1.0187087974954427,0.36902757284348636,0.0659814323607427,0.01836520656485884,0.26249442011908125,199
Routine Tech,"oatmeal, toothpaste",tooth brush,0.04825538233110616,0.3419945558030191,0.02177678792378124,0.45128205128205123,1.3195591673160412,1.0,0.005273709878349735,1.199168800172068,0.25444972344348316,0.05910006715916722,0.16608904446437345,0.2574789417047014,176
Routine Tech,tooth brush,"oatmeal, toothpaste",0.3419945558030191,0.04825538233110616,0.02177678792378124,0.06367583212735166,1.3195591673160412,1.0,0.005273709878349735,1.016469135717474,0.36803822352900945,0.05910006715916722,0.016202297874838286,0.2574789417047014,176
Routine Tech,green tea,"tooth brush, toothpaste",0.147735708982925,0.15553080920564216,0.030314278643900024,0.2051926298157454,1.3193053573356042,1.0,0.0073368242772164395,1.0624828385758305,0.2839792362938207,0.11106074342701722,0.05880832735104094,0.20005057107334606,245
Routine Tech,"tooth brush, toothpaste",green tea,0.15553080920564216,0.147735708982925,0.030314278643900024,0.1949085123309467,1.319305357335604,1.0,0.0073368242772164395,1.058593096648679,0.28660058309037906,0.11106074342701722,0.05534997047890697,0.20005057107334606,245
Routine Tech,protein bar,"cotton buds, shampoo",0.22989359069537244,0.09180895817866865,0.02783964365256125,0.12109795479009688,1.3190211194252872,1.0,0.006733352598865833,1.033324528906328,0.3140631248214796,0.09473684210526316,0.03224981888468161,0.2121662280689029,225
Routine Tech,"cotton buds, shampoo",protein bar,0.09180895817866865,0.22989359069537244,0.02783964365256125,0.3032345013477089,1.319021119425287,1.0,0.006733352598865833,1.1052591019420381,0.2663118377232819,0.09473684210526316,0.09523477504694462,0.2121662280689029,225
Routine Tech,gluten free bar,"deodorant, shower gel",0.15392229646127195,0.15602573620390991,0.03167532788913635,0.2057877813504823,1.3189348523985711,1.0,0.007659488265569916,1.0626558544153197,0.28580405454811353,0.11382836816362828,0.05896156705389211,0.20440063135723957,256
Routine Tech,"deodorant, shower gel",gluten free bar,0.15602573620390991,0.15392229646127195,0.03167532788913635,0.20301348136399683,1.3189348523985711,1.0,0.007659488265569916,1.061596004141628,0.286516364902507,0.11382836816362828,0.058022076101758184,0.20440063135723957,256
Routine Tech,"razor, toothpaste",shampoo,0.09651076466221233,0.3450878495421925,0.043924771096263304,0.4551282051282052,1.318876354910776,1.0,0.010620078861307829,1.2019564173107997,0.267605633802817,0.11045426260112011,0.16802307837637528,0.2912069853177778,355
Routine Tech,shampoo,"razor, toothpaste",0.3450878495421925,0.09651076466221233,0.043924771096263304,0.12728576550735032,1.318876354910776,1.0,0.010620078861307829,1.0352635486265775,0.36917746798189494,0.11045426260112011,0.034062387952671226,0.2912069853177778,355
Routine Tech,"razor, shampoo",body spray,0.09193268992823558,0.21430339024993814,0.025983667409057165,0.28263795423956933,1.3188683291941106,1.0,0.0062821802826399376,1.0952581257866716,0.2662514031365374,0.09271523178807947,0.08697321986837785,0.20194253370177082,210
Routine Tech,body spray,"razor, shampoo",0.21430339024993814,0.09193268992823558,0.025983667409057165,0.12124711316397228,1.3188683291941103,1.0,0.0062821802826399376,1.0333591202656347,0.3077195350581178,0.09271523178807947,0.03228221400616215,0.20194253370177082,210
Routine Tech,"shower gel, toilet paper",energy bar,0.09205642167780252,0.23447166542934916,0.02845830240039594,0.30913978494623656,1.3184526342667462,1.0,0.006873679896135142,1.1080799239699692,0.2660243876426464,0.095475300954753,0.0975380219711466,0.21525590830425284,230
Routine Tech,energy bar,"shower gel, toilet paper",0.23447166542934916,0.09205642167780252,0.02845830240039594,0.12137203166226912,1.318452634266746,1.0,0.006873679896135142,1.0333652137661047,0.31551429715883944,0.095475300954753,0.03228792039989902,0.21525590830425284,230
Routine Tech,"low fat yogurt, shower gel",toothpaste,0.051101212571145756,0.3453353130413264,0.02326156891858451,0.45520581113801456,1.318155989114093,1.0,0.005614515678536526,1.2016734031730323,0.2543626870267976,0.062334217506631304,0.16782713392882886,0.26128259026983136,188
Routine Tech,toothpaste,"low fat yogurt, shower gel",0.3453353130413264,0.051101212571145756,0.02326156891858451,0.06735936940164816,1.318155989114093,1.0,0.005614515678536526,1.017432391745652,0.36868407613088466,0.062334217506631304,0.01713371019743388,0.26128259026983136,188
Routine Tech,"body spray, shower gel",cotton buds,0.09527344716654293,0.19908438505320467,0.024993813412521652,0.26233766233766237,1.3177209366146594,1.0,0.00602635777147147,1.0857482808257612,0.2665048096713391,0.09278824069820854,0.07897620686126791,0.19394073918623328,202
Routine Tech,cotton buds,"body spray, shower gel",0.19908438505320467,0.09527344716654293,0.024993813412521652,0.12554381603480422,1.3177209366146594,1.0,0.00602635777147147,1.0346162213994545,0.30104791724344687,0.09278824069820854,0.03345803079776911,0.19394073918623328,202
Routine Tech,"shampoo, tooth brush",body spray,0.15256124721603564,0.21430339024993814,0.04305864884929473,0.2822384428223844,1.317004096357108,1.0,0.010364256350139357,1.094648496973815,0.28403341036446295,0.13297669086740543,0.08646473935283636,0.2415811151756264,348
Routine Tech,body spray,"shampoo, tooth brush",0.21430339024993814,0.15256124721603564,0.04305864884929473,0.20092378752886836,1.317004096357108,1.0,0.010364256350139357,1.0605230634550769,0.3063535161553082,0.13297669086740543,0.05706906859516922,0.2415811151756264,348
Routine Tech,"energy bar, shower gel",body spray,0.09119029943083395,0.21430339024993814,0.025736203909923285,0.28222523744911804,1.3169424763647644,1.0,0.006193813583988565,1.0946283580071752,0.2648138451065612,0.09199469261388765,0.08644793213602708,0.20115880810100245,208
Routine Tech,body spray,"energy bar, shower gel",0.21430339024993814,0.09119029943083395,0.025736203909923285,0.12009237875288684,1.3169424763647644,1.0,0.006193813583988565,1.0328467200694196,0.30630829800121134,0.09199469261388765,0.03180212458554546,0.20115880810100245,208
Routine Tech,tooth brush,toothpaste,0.3419945558030191,0.3453353130413264,0.15553080920564216,0.4547756874095513,1.3169104642221403,1.0,0.037428012218977194,1.2007254112500159,0.36572179622620266,0.29246161005118665,0.16717012013683494,0.45257594832677495,1257
Routine Tech,toothpaste,tooth brush,0.3453353130413264,0.3419945558030191,0.15553080920564216,0.4503762092439985,1.3169104642221403,1.0,0.037428012218977194,1.197192434650439,0.3675880764186252,0.29246161005118665,0.16471239622226325,0.45257594832677495,1257
Routine Tech,shampoo,nonfat milk,0.3450878495421925,0.11247216035634744,0.051101212571145756,0.14808174973108643,1.3166080322625309,1.0,0.012288436620409182,1.0417993033527555,0.3671828432545338,0.12572298325722983,0.04012222240717141,0.3012135921372704,413
Routine Tech,nonfat milk,shampoo,0.11247216035634744,0.3450878495421925,0.051101212571145756,0.45434543454345433,1.3166080322625306,1.0,0.012288436620409182,1.2002321467059416,0.27094643654624945,0.12572298325722983,0.1668278484753822,0.3012135921372704,413
Routine Tech,"razor, toothpaste",antioxydant juice,0.09651076466221233,0.21034397426379609,0.026726057906458798,0.27692307692307694,1.316524886877828,1.0,0.006425600108171128,1.0920774824011332,0.2661066983170517,0.09540636042402828,0.08431405636043683,0.20199095022624436,216
Routine Tech,antioxydant juice,"razor, toothpaste",0.21034397426379609,0.09651076466221233,0.026726057906458798,0.12705882352941178,1.316524886877828,1.0,0.006425600108171128,1.0349944070581125,0.30446742574602187,0.09540636042402828,0.03381120402146069,0.20199095022624436,216
Routine Tech,protein bar,"body spray, shower gel",0.22989359069537244,0.09527344716654293,0.028829497649096758,0.12540365984930033,1.316249842729929,1.0,0.006926742782054348,1.0344504216397312,0.311990412304026,0.09728601252609603,0.03330311527653792,0.21400053122335144,233
Routine Tech,"body spray, shower gel",protein bar,0.09527344716654293,0.22989359069537244,0.028829497649096758,0.3025974025974026,1.3162498427299287,1.0,0.006926742782054348,1.1042494137142704,0.2655673312609762,0.09728601252609603,0.09440748839849095,0.21400053122335144,233
Routine Tech,"shampoo, shower gel",toilet paper,0.15639693145261074,0.21158129175946547,0.04355357584756248,0.27848101265822783,1.3161892071952033,1.0,0.010462911063602524,1.0927206658070565,0.2847675938025013,0.13424866514111367,0.0848530358292212,0.24216448293730106,352
Routine Tech,toilet paper,"shampoo, shower gel",0.21158129175946547,0.15639693145261074,0.04355357584756248,0.20584795321637428,1.3161892071952033,1.0,0.010462911063602524,1.0622689596583472,0.3046995377503851,0.13424866514111367,0.05861882632659679,0.24216448293730106,352
Routine Tech,body spray,"razor, toothpaste",0.21430339024993814,0.09651076466221233,0.027220984904726554,0.12702078521939955,1.3161307514656246,1.0,0.006538400842000528,1.034949309262598,0.30571224051539014,0.09598603839441537,0.03376910245729761,0.20453603363534079,220
Routine Tech,"razor, toothpaste",body spray,0.09651076466221233,0.21430339024993814,0.027220984904726554,0.28205128205128205,1.3161307514656244,1.0,0.006538400842000528,1.0943631350090146,0.2658549338910884,0.09598603839441537,0.08622652937613567,0.20453603363534079,220
Routine Tech,"energy bar, shampoo",toothpaste,0.09094283593170008,0.3453353130413264,0.04132640435535759,0.454421768707483,1.3158856089909987,1.0,0.009920631640017955,1.1999464960464465,0.2640708782516633,0.10463659147869675,0.16662950948665234,0.28704606887541834,334
Routine Tech,toothpaste,"energy bar, shampoo",0.3453353130413264,0.09094283593170008,0.04132640435535759,0.11967036904335364,1.3158856089909987,1.0,0.009920631640017955,1.0326327004129527,0.36668469902002837,0.10463659147869675,0.03160145945397905,0.28704606887541834,334
Routine Tech,gluten free bar,"shampoo, shower gel",0.15392229646127195,0.15639693145261074,0.03167532788913635,0.2057877813504823,1.3158044690463593,1.0,0.007602353040454372,1.0621884790212066,0.2836721263527347,0.11367673179396093,0.05854749910158376,0.2041597134600513,256
Routine Tech,"shampoo, shower gel",gluten free bar,0.15639693145261074,0.15392229646127195,0.03167532788913635,0.20253164556962025,1.3158044690463593,1.0,0.007602353040454372,1.0609545806279288,0.28450425344675856,0.11367673179396093,0.057452582552452613,0.2041597134600513,256
Routine Tech,"antioxydant juice, toothpaste",shampoo,0.09292254392477109,0.3450878495421925,0.042192526602326155,0.45406125166444744,1.3157845234679326,1.0,0.010126085745336973,1.1996073780336913,0.26458285247518776,0.10659581119099719,0.1663939232858614,0.2881636484209652,341
Routine Tech,shampoo,"antioxydant juice, toothpaste",0.3450878495421925,0.09292254392477109,0.042192526602326155,0.12226604517748296,1.3157845234679326,1.0,0.010126085745336973,1.0334309742621788,0.3664569982043456,0.10659581119099719,0.03234949899391861,0.2881636484209652,341
Routine Tech,"cotton buds, deodorant",protein bar,0.08673595644642415,0.22989359069537244,0.02623113090819104,0.3024251069900143,1.3155003846573172,1.0,0.006291090438325157,1.1039766726432392,0.2626107829127821,0.09032807839795484,0.09418375878748321,0.2082631455294528,212
Routine Tech,protein bar,"cotton buds, deodorant",0.22989359069537244,0.08673595644642415,0.02623113090819104,0.11410118406889128,1.3155003846573172,1.0,0.006291090438325157,1.030889789138848,0.3114283722171023,0.09032807839795484,0.029964201279607007,0.2082631455294528,212
Routine Tech,"toilet paper, toothpaste",shower gel,0.09514971541697599,0.3431081415491215,0.04293491709972779,0.4512353706111834,1.3151403769490027,1.0,0.010288275074081366,1.1970375335277856,0.2648227013517833,0.10860719874804382,0.1646043068901082,0.2881853016056278,347
Routine Tech,shower gel,"toilet paper, toothpaste",0.3431081415491215,0.09514971541697599,0.04293491709972779,0.12513523260007212,1.3151403769490024,1.0,0.010288275074081366,1.0342744596655917,0.36478591354032613,0.10860719874804382,0.03313865033143483,0.2881853016056278,347
Routine Tech,"shampoo, toothpaste",antioxydant juice,0.15256124721603564,0.21034397426379609,0.042192526602326155,0.2765612327656123,1.3148046371833404,1.0,0.010102187544263723,1.0915312553057617,0.2825345567069105,0.13155864197530862,0.08385582626318999,0.23857473402986495,341
Routine Tech,antioxydant juice,"shampoo, toothpaste",0.21034397426379609,0.15256124721603564,0.042192526602326155,0.20058823529411765,1.3148046371833404,1.0,0.010102187544263723,1.0600779100314492,0.3032088967229129,0.13155864197530862,0.05667310813944499,0.23857473402986495,341
Routine Tech,"antioxydant juice, toothpaste",protein bar,0.09292254392477109,0.22989359069537244,0.028087107151695125,0.3022636484687084,1.3147980661593657,1.0,0.006724809872281034,1.1037212087552966,0.2639542297298841,0.09529806884970612,0.09397410136955354,0.21221901476180308,227
Routine Tech,protein bar,"antioxydant juice, toothpaste",0.22989359069537244,0.09292254392477109,0.028087107151695125,0.12217438105489774,1.3147980661593657,1.0,0.006724809872281034,1.0333230615498317,0.31090110188781817,0.09529806884970612,0.032248444644070874,0.21221901476180308,227
Routine Tech,"energy bar, protein bar",shampoo,0.062484533531304134,0.3450878495421925,0.028334570650829,0.4534653465346534,1.3140577019336928,1.0,0.006771917344864237,1.1982994057289593,0.254927432075812,0.07471451876019576,0.165484022424536,0.26778681453659886,229
Routine Tech,shampoo,"energy bar, protein bar",0.3450878495421925,0.062484533531304134,0.028334570650829,0.08210828253854428,1.3140577019336928,1.0,0.006771917344864237,1.0213791546801534,0.3649320145169899,0.07471451876019576,0.020931653619706333,0.26778681453659886,229
Routine Tech,"antioxydant juice, energy bar",toothpaste,0.05617421430339025,0.3453353130413264,0.02548874041078941,0.45374449339207046,1.3139243982782922,1.0,0.006089800529477579,1.1984587414485395,0.25314121198853473,0.0677854557420204,0.16559497176237256,0.26377658205970417,206
Routine Tech,toothpaste,"antioxydant juice, energy bar",0.3453353130413264,0.05617421430339025,0.02548874041078941,0.07380867072733786,1.313924398278292,1.0,0.006089800529477579,1.0190397554658561,0.3649520251461998,0.0677854557420204,0.01868401636318099,0.26377658205970417,206
Routine Tech,toothpaste,"low fat yogurt, tooth brush",0.3453353130413264,0.05073001732244494,0.02301410541945063,0.06664278036546041,1.3136754900332952,1.0,0.005495239006812196,1.0170489526499256,0.36473175182852596,0.061691542288557215,0.016763158356836682,0.26015065847541313,186
Routine Tech,"low fat yogurt, tooth brush",toothpaste,0.05073001732244494,0.3453353130413264,0.02301410541945063,0.4536585365853658,1.313675490033295,1.0,0.005495239006812196,1.1982701859511435,0.25153749985984497,0.061691542288557215,0.16546367278074586,0.26015065847541313,186
Routine Tech,"deodorant, shower gel",body spray,0.15602573620390991,0.21430339024993814,0.043924771096263304,0.28152260111023003,1.3136637772360733,1.0,0.010487926861522896,1.093557864122327,0.28291172043255,0.13457164518574677,0.08555364758628017,0.24324397953894875,355
Routine Tech,body spray,"deodorant, shower gel",0.21430339024993814,0.15602573620390991,0.043924771096263304,0.20496535796766746,1.3136637772360733,1.0,0.010487926861522896,1.0615565903375657,0.3038961960740824,0.13457164518574677,0.05798710205170627,0.24324397953894875,355
Routine Tech,oatmeal,"deodorant, shower gel",0.11717396683989112,0.15602573620390991,0.024003959415986143,0.20485744456177402,1.3129721387377142,1.0,0.005721804975859602,1.061412520338509,0.2700070077084793,0.09632571996027807,0.05785923866709539,0.17935179920396394,194
Routine Tech,"deodorant, shower gel",oatmeal,0.15602573620390991,0.11717396683989112,0.024003959415986143,0.15384615384615385,1.3129721387377142,1.0,0.005721804975859602,1.0433398573710377,0.28243659287494505,0.09632571996027807,0.041539539647458365,0.17935179920396394,194
Routine Tech,"energy bar, tooth brush",protein bar,0.09020044543429843,0.22989359069537244,0.027220984904726554,0.30178326474622774,1.3127084745312232,1.0,0.006484480621513675,1.1029618317938576,0.2618337598753756,0.09294465568229829,0.09335031260909585,0.21009507693716123,220
Routine Tech,protein bar,"energy bar, tooth brush",0.22989359069537244,0.09020044543429843,0.027220984904726554,0.11840688912809473,1.3127084745312232,1.0,0.006484480621513675,1.0319948549347213,0.3093289904183222,0.09294465568229829,0.031002920975555782,0.21009507693716123,220
Routine Tech,almonds,toothpaste,0.14909675822816135,0.3453353130413264,0.06755753526354863,0.45311203319502075,1.312092960330404,1.0,0.016069159587379568,1.1970727583993954,0.2795369285844784,0.1582608695652174,0.1646288891102169,0.32437042003713773,546
Routine Tech,toothpaste,almonds,0.3453353130413264,0.14909675822816135,0.06755753526354863,0.19562880687925474,1.312092960330404,1.0,0.016069159587379568,1.0578489745145665,0.36332932486778635,0.1582608695652174,0.05468547581767294,0.32437042003713773,546
Routine Tech,cotton buds,tooth brush,0.19908438505320467,0.3419945558030191,0.08933432318732987,0.44872591671845863,1.312084970665189,1.0,0.02124854735374193,1.1936085227879845,0.2969779005312071,0.19775403998904406,0.16220437362139573,0.3549707731204449,722
Routine Tech,tooth brush,cotton buds,0.3419945558030191,0.19908438505320467,0.08933432318732987,0.2612156295224312,1.312084970665189,1.0,0.02124854735374193,1.084099294668434,0.3614776137906175,0.19775403998904406,0.07757526924150919,0.3549707731204449,722
Routine Tech,"shampoo, toothpaste",gluten free bar,0.15256124721603564,0.15392229646127195,0.03080920564216778,0.2019464720194647,1.3120027225573263,1.0,0.00732662811967974,1.0601766346171255,0.2806178722775464,0.11175942549371634,0.05676095157375165,0.2010536218618224,249
Routine Tech,gluten free bar,"shampoo, toothpaste",0.15392229646127195,0.15256124721603564,0.03080920564216778,0.2001607717041801,1.3120027225573263,1.0,0.00732662811967974,1.0595113652897004,0.2810692903230353,0.11175942549371634,0.05616868986905875,0.2010536218618224,249
Routine Tech,cotton buds,antioxydant juice,0.19908438505320467,0.21034397426379609,0.05493689680772086,0.2759477936606588,1.311888275509085,1.0,0.013060696041765907,1.0906064767463968,0.29683522546182817,0.1549738219895288,0.08307898282128556,0.268562132124447,444
Routine Tech,antioxydant juice,cotton buds,0.21034397426379609,0.19908438505320467,0.05493689680772086,0.2611764705882353,1.3118882755090848,1.0,0.013060696041765907,1.0840418355171593,0.301067755314073,0.1549738219895288,0.07752637653238337,0.268562132124447,444
Routine Tech,deodorant,"antioxydant juice, cotton buds",0.34347933679782233,0.05493689680772086,0.024746349913387776,0.07204610951008646,1.3114339122984657,1.0,0.005876661032141413,1.0184375677258413,0.36171880889559,0.06622516556291391,0.018103778091191246,0.26124827998026845,200
Routine Tech,"antioxydant juice, cotton buds",deodorant,0.05493689680772086,0.34347933679782233,0.024746349913387776,0.45045045045045046,1.3114339122984655,1.0,0.005876661032141413,1.1946523543515037,0.2512804399057345,0.06622516556291391,0.1629364004034189,0.26124827998026845,200
Routine Tech,toothpaste,"nonfat milk, shampoo",0.3453353130413264,0.051101212571145756,0.02313783716901757,0.06700107488355428,1.3111445210868904,1.0,0.005490783928969584,1.0170416727012028,0.36248720205939444,0.061982101425256876,0.016756120381912334,0.2598927892577577,187
Routine Tech,"nonfat milk, shampoo",toothpaste,0.051101212571145756,0.3453353130413264,0.02313783716901757,0.4527845036319612,1.3111445210868902,1.0,0.005490783928969584,1.1963562642209389,0.25008733682308726,0.061982101425256876,0.1641285878574013,0.2598927892577577,187
Routine Tech,shampoo,almonds,0.3450878495421925,0.14909675822816135,0.06743380351398169,0.19541054141269273,1.3106290420725168,1.0,0.015982323843313294,1.0575620059276551,0.3618921996682481,0.15801681646854163,0.05442896549329398,0.32384634954452063,545
Routine Tech,almonds,shampoo,0.14909675822816135,0.3450878495421925,0.06743380351398169,0.45228215767634855,1.3106290420725166,1.0,0.015982323843313294,1.1957108201540272,0.2785364857996273,0.15801681646854163,0.16367738491219516,0.32384634954452063,545
Routine Tech,deodorant,shampoo,0.34347933679782233,0.3450878495421925,0.15528334570650829,0.45208933717579247,1.310070284350934,1.0,0.03675280000876931,1.1952900260820996,0.3605098640492685,0.291183294663573,0.16338296298030508,0.45103570480159294,1255
Routine Tech,shampoo,deodorant,0.3450878495421925,0.34347933679782233,0.15528334570650829,0.44998207242739335,1.310070284350934,1.0,0.03675280000876931,1.1936350258610646,0.3613953029747626,0.291183294663573,0.16222297575540767,0.45103570480159294,1255
Routine Tech,low fat yogurt,"deodorant, toothpaste",0.12199950507300174,0.15256124721603564,0.024375154664686958,0.19979716024340768,1.3096193423254021,1.0,0.005762758011010744,1.0590299242648782,0.2692701686515315,0.09742828882294759,0.05573961878919854,0.17978503592056838,197
Routine Tech,"deodorant, toothpaste",low fat yogurt,0.15256124721603564,0.12199950507300174,0.024375154664686958,0.1597729115977291,1.3096193423254021,1.0,0.005762758011010744,1.044956187495163,0.2789810361733491,0.09742828882294759,0.04302207885186677,0.17978503592056838,197
Routine Tech,low fat yogurt,"deodorant, tooth brush",0.12199950507300174,0.151818856718634,0.02425142291512002,0.19878296146044624,1.3093430273213746,1.0,0.005729597534697709,1.0586159585764896,0.2690866369095553,0.09717402082300447,0.055370371192316074,0.17926108138221986,196
Routine Tech,"deodorant, tooth brush",low fat yogurt,0.151818856718634,0.12199950507300174,0.02425142291512002,0.1597392013039935,1.3093430273213746,1.0,0.005729597534697709,1.04491426505861,0.2785468673246105,0.09717402082300447,0.04298368446151006,0.17926108138221986,196
Routine Tech,shampoo,"almonds, deodorant",0.3450878495421925,0.06409304627567433,0.028953229398663696,0.0839010397992112,1.309050586210859,1.0,0.006835497888783012,1.0216221111299977,0.36048740394102213,0.07614708753660918,0.021164490171499857,0.2678192457683315,234
Routine Tech,"almonds, deodorant",shampoo,0.06409304627567433,0.3450878495421925,0.028953229398663696,0.4517374517374518,1.3090505862108588,1.0,0.006835497888783012,1.19452286597586,0.2522553978133038,0.07614708753660918,0.16284566123976674,0.2678192457683315,234
Routine Tech,razor,"cotton buds, shampoo",0.2081168027715912,0.09180895817866865,0.024993813412521652,0.12009512485136742,1.308098111925541,1.0,0.005886826570586406,1.0321468461780265,0.2974319306930693,0.0909090909090909,0.031145612949421184,0.19616616080843302,202
Routine Tech,"cotton buds, shampoo",razor,0.09180895817866865,0.2081168027715912,0.024993813412521652,0.2722371967654986,1.3080981119255408,1.0,0.005886826570586406,1.0881061710064432,0.2593411929748833,0.0909090909090909,0.08097203504043123,0.19616616080843302,202
Routine Tech,"gluten free bar, tooth brush",toothpaste,0.06792873051224944,0.3453353130413264,0.030685473892600842,0.4517304189435337,1.3080921697963594,1.0,0.00722728447665328,1.1940561898349231,0.25269298955563263,0.08020698576972833,0.16251847399388383,0.2702937297154071,248
Routine Tech,toothpaste,"gluten free bar, tooth brush",0.3453353130413264,0.06792873051224944,0.030685473892600842,0.08885704048728055,1.3080921697963594,1.0,0.00722728447665328,1.0229692934094816,0.3597687186396864,0.08020698576972833,0.02245355120379681,0.2702937297154071,248
Routine Tech,"deodorant, toilet paper",protein bar,0.09465478841870824,0.22989359069537244,0.02845830240039594,0.3006535947712418,1.307794592540999,1.0,0.0066977732143083495,1.1011801927440004,0.2599604256912134,0.09611366485582949,0.09188341146227126,0.2122213076116704,230
Routine Tech,protein bar,"deodorant, toilet paper",0.22989359069537244,0.09465478841870824,0.02845830240039594,0.12378902045209902,1.307794592540999,1.0,0.0066977732143083495,1.0332502476155039,0.3056122163853805,0.09611366485582949,0.03218024645262599,0.2122213076116704,230
Routine Tech,"antioxydant juice, toilet paper",tooth brush,0.05617421430339025,0.3419945558030191,0.02511754516208859,0.44713656387665196,1.3074376661545228,1.0,0.005906269693817041,1.1901771779499177,0.24914044962686072,0.06733001658374792,0.15978896375537815,0.26029042376177025,203
Routine Tech,tooth brush,"antioxydant juice, toilet paper",0.3419945558030191,0.05617421430339025,0.02511754516208859,0.07344428364688856,1.3074376661545226,1.0,0.005906269693817041,1.018638997136052,0.3573605396302546,0.06733001658374792,0.01829794185030851,0.26029042376177025,203
Routine Tech,"shampoo, shower gel",cotton buds,0.15639693145261074,0.19908438505320467,0.04070774560752289,0.2602848101265823,1.3074094688893958,1.0,0.009571558685071677,1.082735120099197,0.2787195703131617,0.1293238993710692,0.07641307514955012,0.23237981960648565,329
Routine Tech,cotton buds,"shampoo, shower gel",0.19908438505320467,0.15639693145261074,0.04070774560752289,0.20447482908638903,1.3074094688893956,1.0,0.009571558685071677,1.0604354197599604,0.29357485407000405,0.1293238993710692,0.05699113650281551,0.23237981960648565,329
Routine Tech,"tooth brush, toothpaste",shampoo,0.15553080920564216,0.3450878495421925,0.07015590200445435,0.45107398568019097,1.307127985753784,1.0,0.01648410951812225,1.1930790914861797,0.27823865728627645,0.1629778672032193,0.16183260008828707,0.32718632951990906,567
Routine Tech,shampoo,"tooth brush, toothpaste",0.3450878495421925,0.15553080920564216,0.07015590200445435,0.20329867335962712,1.3071279857537839,1.0,0.01648410951812225,1.05995705361182,0.35877174305286913,0.1629778672032193,0.05656554990366395,0.32718632951990906,567
Routine Tech,gluten free bar,toilet paper,0.15392229646127195,0.21158129175946547,0.04256372185102698,0.2765273311897107,1.3069554916229484,1.0,0.00999664353516766,1.0897698589458056,0.27759034669460025,0.1318007662835249,0.08237506131124323,0.23884846091649278,344
Routine Tech,toilet paper,gluten free bar,0.21158129175946547,0.15392229646127195,0.04256372185102698,0.2011695906432749,1.3069554916229484,1.0,0.00999664353516766,1.0591455878852305,0.29789121009065855,0.1318007662835249,0.05584273641107747,0.23884846091649278,344
Routine Tech,gluten free bar,shampoo,0.15392229646127195,0.3450878495421925,0.06941351150705272,0.4509646302250805,1.3068110941122626,1.0,0.016296797224636547,1.1928414570563874,0.2774904213061226,0.1615783410138249,0.1616656227997545,0.32605599743595365,561
Routine Tech,shampoo,gluten free bar,0.3450878495421925,0.15392229646127195,0.06941351150705272,0.20114736464682684,1.3068110941122626,1.0,0.016296797224636547,1.059116119914503,0.3584884755131809,0.1615783410138249,0.05581646696046426,0.32605599743595365,561
Routine Tech,"protein bar, razor",tooth brush,0.05790645879732739,0.3419945558030191,0.025859935659490227,0.4465811965811966,1.305813759323166,1.0,0.006056242004972418,1.1889828103636566,0.248588912642664,0.0691366192523983,0.15894494749327395,0.2610981236162134,209
Routine Tech,tooth brush,"protein bar, razor",0.3419945558030191,0.05790645879732739,0.025859935659490227,0.0756150506512301,1.305813759323166,1.0,0.006056242004972418,1.0191571615985078,0.35591500204235504,0.0691366192523983,0.018797063220809256,0.2610981236162134,209
Routine Tech,razor,"body spray, tooth brush",0.2081168027715912,0.09242761692650334,0.02511754516208859,0.12068965517241378,1.3057748234316577,1.0,0.00588180503954731,1.032141141534565,0.2957142857142856,0.09119496855345911,0.031140258091812985,0.19622166828232468,203
Routine Tech,"body spray, tooth brush",razor,0.09242761692650334,0.2081168027715912,0.02511754516208859,0.2717536813922356,1.3057748234316575,1.0,0.00588180503954731,1.0873837285470982,0.2580192813321647,0.09119496855345911,0.0803614457831325,0.19622166828232468,203
Routine Tech,"protein bar, tooth brush",toilet paper,0.09539717891610987,0.21158129175946547,0.02635486265775798,0.27626459143968873,1.3057137005938972,1.0,0.006170604312478609,1.0893742366549322,0.2588266571113179,0.09391534391534392,0.08204181230627189,0.20041299747423033,213
Routine Tech,toilet paper,"protein bar, tooth brush",0.21158129175946547,0.09539717891610987,0.02635486265775798,0.12456140350877193,1.3057137005938972,1.0,0.006170604312478609,1.0333138437230809,0.2969682501790404,0.09391534391534392,0.032239811675269424,0.20041299747423033,213
Routine Tech,"razor, toilet paper",shampoo,0.05877258104429597,0.3450878495421925,0.026478594407324918,0.45052631578947366,1.305540940914495,1.0,0.006196890802704594,1.191889928994094,0.2486476425427145,0.07016393442622951,0.16099635069157872,0.26362816327300864,214
Routine Tech,shampoo,"razor, toilet paper",0.3450878495421925,0.05877258104429597,0.026478594407324918,0.07673001075654357,1.305540940914495,1.0,0.006196890802704594,1.01944981416212,0.35735171298364427,0.07016393442622951,0.01907873628689169,0.26362816327300864,214
Routine Tech,"razor, toilet paper",tooth brush,0.05877258104429597,0.3419945558030191,0.02623113090819104,0.4463157894736842,1.3050377027953386,1.0,0.0061312281605501034,1.1884128745002507,0.24833383353465396,0.0700363396101751,0.15854159656380515,0.26150811181354255,212
Routine Tech,tooth brush,"razor, toilet paper",0.3419945558030191,0.05877258104429597,0.02623113090819104,0.07670043415340086,1.3050377027953384,1.0,0.0061312281605501034,1.0194171575209898,0.3552229168292803,0.0700363396101751,0.019047312847086332,0.26150811181354255,212
Routine Tech,shower gel,antioxydant juice,0.3431081415491215,0.21034397426379609,0.09415986142044049,0.2744320230796971,1.3046821238412425,1.0,0.021989131324733166,1.0883281110171439,0.35550718550231686,0.20501077586206898,0.08115945009873268,0.3610395409516133,761
Routine Tech,antioxydant juice,shower gel,0.21034397426379609,0.3431081415491215,0.09415986142044049,0.4476470588235294,1.3046821238412423,1.0,0.021989131324733166,1.18926108558732,0.29573607769222815,0.20501077586206898,0.15914174598074302,0.3610395409516133,761
Routine Tech,green tea,"deodorant, shower gel",0.147735708982925,0.15602573620390991,0.030066815144766147,0.2035175879396985,1.3043847309505499,1.0,0.007016242387098685,1.059626993661968,0.2738059391175923,0.10985533453887887,0.056271682411470965,0.19811089547658994,243
Routine Tech,"deodorant, shower gel",green tea,0.15602573620390991,0.147735708982925,0.030066815144766147,0.19270420301348137,1.3043847309505499,1.0,0.007016242387098685,1.0557026237451195,0.276495427157598,0.10985533453887887,0.05276355527801343,0.19811089547658994,243
Routine Tech,"energy bar, shower gel",razor,0.09119029943083395,0.2081168027715912,0.024746349913387776,0.27137042062415195,1.3039332577196172,1.0,0.00576811635205856,1.0868117623041662,0.2564778761061946,0.09013068949977465,0.07987745929443688,0.19513824241671332,200
Routine Tech,razor,"energy bar, shower gel",0.2081168027715912,0.09119029943083395,0.024746349913387776,0.11890606420927467,1.3039332577196172,1.0,0.00576811635205856,1.0314560839118334,0.2943484374999999,0.09013068949977465,0.03049677480454158,0.19513824241671332,200
Routine Tech,"shower gel, toothpaste",cotton buds,0.15268497896560257,0.19908438505320467,0.03959415986142044,0.2593192868719611,1.3025596497819698,1.0,0.00919696471719196,1.0813237077071614,0.2741375219042055,0.12683313515655967,0.0752075508263849,0.2291002898001819,320
Routine Tech,cotton buds,"shower gel, toothpaste",0.19908438505320467,0.15268497896560257,0.03959415986142044,0.19888129272840271,1.3025596497819698,1.0,0.00919696471719196,1.0576647547279638,0.2900191178742468,0.12683313515655967,0.054520824741669215,0.2291002898001819,320
Routine Tech,"protein bar, tooth brush",razor,0.09539717891610987,0.2081168027715912,0.025859935659490227,0.27107652399481197,1.302521086162943,1.0,0.006006179790039992,1.0863735677279418,0.25675147693159495,0.0931372549019608,0.07950632295719848,0.19766668054675202,209
Routine Tech,razor,"protein bar, tooth brush",0.2081168027715912,0.09539717891610987,0.025859935659490227,0.12425683709869204,1.302521086162943,1.0,0.006006179790039992,1.032954477300138,0.29329844497607666,0.0931372549019608,0.03190312644393778,0.19766668054675202,209
Routine Tech,toilet paper,deodorant,0.21158129175946547,0.34347933679782233,0.09465478841870824,0.4473684210526316,1.3024609434248444,1.0,0.02198098664634049,1.1879897715087024,0.29454229902883944,0.2055898951894652,0.15824191084571587,0.3614723949643561,765
Routine Tech,deodorant,toilet paper,0.34347933679782233,0.21158129175946547,0.09465478841870824,0.27557636887608067,1.3024609434248444,1.0,0.02198098664634049,1.0883393008830053,0.35371721247865906,0.2055898951894652,0.0811688972467803,0.3614723949643561,765
Routine Tech,toilet paper,toothpaste,0.21158129175946547,0.3453353130413264,0.09514971541697599,0.4497076023391813,1.3022346263365328,1.0,0.022083223793532766,1.1896669656741041,0.2943730576800158,0.2060557341907824,0.15942862258651727,0.36261804337668485,769
Routine Tech,toothpaste,toilet paper,0.3453353130413264,0.21158129175946547,0.09514971541697599,0.2755284844141884,1.3022346263365328,1.0,0.022083223793532766,1.0882673663201443,0.35451618286468733,0.2060557341907824,0.08110816243494522,0.36261804337668485,769
Routine Tech,toilet paper,"antioxydant juice, tooth brush",0.21158129175946547,0.09119029943083395,0.02511754516208859,0.11871345029239766,1.3018210383489253,1.0,0.005823383812580293,1.0312306489537317,0.2940636219420555,0.09046345811051694,0.030284833936440828,0.19707721361295594,203
Routine Tech,"antioxydant juice, tooth brush",toilet paper,0.09119029943083395,0.21158129175946547,0.02511754516208859,0.2754409769335142,1.301821038348925,1.0,0.005823383812580293,1.0881359325342208,0.2551086996616444,0.09046345811051694,0.08099717130832737,0.19707721361295594,203
Routine Tech,toothpaste,"body spray, protein bar",0.3453353130413264,0.05864884929472903,0.02635486265775798,0.07631673235399498,1.3012485883649525,1.0,0.006101343927049155,1.0191276422104,0.3536273395428324,0.06979030144167758,0.01876864233504041,0.2628419104807949,213
Routine Tech,"body spray, protein bar",toothpaste,0.05864884929472903,0.3453353130413264,0.02635486265775798,0.4493670886075949,1.3012485883649523,1.0,0.006101343927049155,1.1889312705686257,0.24593089557322897,0.06979030144167758,0.15890848802241198,0.2628419104807949,213
Routine Tech,"deodorant, shower gel",protein bar,0.15602573620390991,0.22989359069537244,0.04664686958673596,0.2989690721649485,1.3004671911932797,1.0,0.010777552849930143,1.0985341426845423,0.27375903017557357,0.13749088256746902,0.0896960220496648,0.2509377115399554,377
Routine Tech,protein bar,"deodorant, shower gel",0.22989359069537244,0.15602573620390991,0.04664686958673596,0.20290635091496234,1.3004671911932797,1.0,0.010777552849930143,1.058814437632097,0.3000177289247409,0.13749088256746902,0.05554744584294469,0.2509377115399554,377
Routine Tech,"shower gel, toothpaste",gluten free bar,0.15268497896560257,0.15392229646127195,0.030561742143033904,0.200162074554295,1.3004098766461514,1.0,0.007060119545507351,1.0578114348194432,0.2726396666540543,0.1107126848946661,0.05465192842173329,0.1993575646083372,247
Routine Tech,gluten free bar,"shower gel, toothpaste",0.15392229646127195,0.15268497896560257,0.030561742143033904,0.19855305466237944,1.3004098766461512,1.0,0.007060119545507351,1.057231580909519,0.2730383792405621,0.1107126848946661,0.05413343863629536,0.1993575646083372,247
Routine Tech,shampoo,"body spray, energy bar",0.3450878495421925,0.05431823805988616,0.024375154664686958,0.07063463607027609,1.300385259043215,1.0,0.005630590701679965,1.0175564946184328,0.35271467631322284,0.06499505113823821,0.017253582195469238,0.25969089434493303,197
Routine Tech,"body spray, energy bar",shampoo,0.05431823805988616,0.3450878495421925,0.024375154664686958,0.44874715261959,1.3003852590432148,1.0,0.005630590701679965,1.1880431159131302,0.24426518143737905,0.06499505113823821,0.15827970668269908,0.25969089434493303,197
Routine Tech,green tea,tooth brush,0.147735708982925,0.3419945558030191,0.06570155902004454,0.44472361809045224,1.3003821568042817,1.0,0.015176750850185008,1.185005279594563,0.2710371595241376,0.1549460169244237,0.15612190323562145,0.318418248987339,531
Routine Tech,tooth brush,green tea,0.3419945558030191,0.147735708982925,0.06570155902004454,0.19211287988422573,1.3003821568042817,1.0,0.015176750850185008,1.0549299150789053,0.35105377111738617,0.1549460169244237,0.05206972927182236,0.318418248987339,531
Routine Tech,razor,deodorant,0.2081168027715912,0.34347933679782233,0.09292254392477109,0.44649227110582634,1.299910135114297,1.0,0.02143872253230175,1.1861092969989933,0.29135111517976015,0.2025896951712975,0.15690737562708038,0.3585127061581005,751
Routine Tech,deodorant,razor,0.34347933679782233,0.2081168027715912,0.09292254392477109,0.2705331412103746,1.2999101351142968,1.0,0.02143872253230175,1.0855643237066976,0.3514223779024624,0.2025896951712975,0.07882013238472614,0.3585127061581005,751
Routine Tech,oatmeal,razor,0.11717396683989112,0.2081168027715912,0.03167532788913635,0.2703273495248152,1.2989213072886778,1.0,0.007289456542353762,1.085258158864404,0.2606747109320251,0.1078803202697008,0.07856025607180567,0.21126355585634338,256
Routine Tech,razor,oatmeal,0.2081168027715912,0.11717396683989112,0.03167532788913635,0.15219976218787157,1.2989213072886778,1.0,0.007289456542353762,1.0413137361678142,0.2906115722656248,0.1078803202697008,0.03967462901224639,0.21126355585634338,256
Routine Tech,"shower gel, toilet paper",body spray,0.09205642167780252,0.21430339024993814,0.025612472160356347,0.2782258064516129,1.2982800044699396,1.0,0.00588446890052537,1.0885629006593036,0.25304450527529915,0.09122961657117673,0.0813576327152654,0.1988704089994785,207
Routine Tech,body spray,"shower gel, toilet paper",0.21430339024993814,0.09205642167780252,0.025612472160356347,0.1195150115473441,1.2982800044699396,1.0,0.00588446890052537,1.0311857558387187,0.2924158393244324,0.09122961657117673,0.030242616969969348,0.1988704089994785,207
Routine Tech,"deodorant, protein bar",antioxydant juice,0.09428359317000742,0.21034397426379609,0.025736203909923285,0.27296587926509186,1.2977119036591014,1.0,0.005904218214673022,1.086133378359183,0.2532944514501891,0.09228039041703638,0.07930276343160018,0.1976594102207812,208
Routine Tech,antioxydant juice,"deodorant, protein bar",0.21034397426379609,0.09428359317000742,0.025736203909923285,0.12235294117647058,1.2977119036591014,1.0,0.005904218214673022,1.03198250107975,0.29052262372538135,0.09228039041703638,0.030991321118611373,0.1976594102207812,208
Routine Tech,"shower gel, tooth brush",toilet paper,0.1550358822073744,0.21158129175946547,0.04256372185102698,0.27454110135674387,1.2975679422018738,1.0,0.009761029624522369,1.0867861841863473,0.27140495220451777,0.1313478426880489,0.07985580369824294,0.23785534600000938,344
Routine Tech,toilet paper,"shower gel, tooth brush",0.21158129175946547,0.1550358822073744,0.04256372185102698,0.2011695906432749,1.2975679422018735,1.0,0.009761029624522369,1.0577515676613396,0.29087012219156494,0.1313478426880489,0.05459842313354044,0.23785534600000938,344
Routine Tech,"tooth brush, toothpaste",antioxydant juice,0.15553080920564216,0.21034397426379609,0.04243999010146003,0.2728719172633254,1.2972651972483504,1.0,0.009725021572681056,1.0859930244534008,0.27135103963092294,0.13121652639632747,0.07918377237890876,0.23731831157283917,343
Routine Tech,antioxydant juice,"tooth brush, toothpaste",0.21034397426379609,0.15553080920564216,0.04243999010146003,0.20176470588235293,1.2972651972483504,1.0,0.009725021572681056,1.0579201358514432,0.29018659440317285,0.13121652639632747,0.05474906270200387,0.23731831157283917,343
Routine Tech,"energy bar, toothpaste",body spray,0.0894580549368968,0.21430339024993814,0.024870081662954714,0.27800829875518673,1.2972650522744915,1.0,0.005698917204812512,1.0882349594814076,0.25166057198719,0.08917480035492457,0.08108079851014476,0.19702955353463725,201
Routine Tech,body spray,"energy bar, toothpaste",0.21430339024993814,0.0894580549368968,0.024870081662954714,0.11605080831408776,1.2972650522744915,1.0,0.005698917204812512,1.030084029294118,0.2916488424021624,0.08917480035492457,0.029205412799899078,0.19702955353463725,201
Routine Tech,low fat yogurt,antioxydant juice,0.12199950507300174,0.21034397426379609,0.033283840633506555,0.2728194726166328,1.2970158692280156,1.0,0.007621979878235218,1.0859147020584339,0.2608192269166774,0.11129499379395943,0.0791173578325958,0.21552738336713995,269
Routine Tech,antioxydant juice,low fat yogurt,0.21034397426379609,0.12199950507300174,0.033283840633506555,0.15823529411764706,1.2970158692280156,1.0,0.007621979878235218,1.0430474083689008,0.2899989398622286,0.11129499379395943,0.041270807082697786,0.21552738336713995,269
Routine Tech,"antioxydant juice, protein bar",deodorant,0.057782727047760454,0.34347933679782233,0.025736203909923285,0.44539614561027835,1.2967188936679646,1.0,0.005889031145188933,1.1837650568162816,0.24285569978281724,0.06853377265238879,0.15523777776522232,0.26016204975038415,208
Routine Tech,deodorant,"antioxydant juice, protein bar",0.34347933679782233,0.057782727047760454,0.025736203909923285,0.07492795389048991,1.2967188936679646,1.0,0.005889031145188933,1.018533936805069,0.3485386645017251,0.06853377265238879,0.018196680675369593,0.26016204975038415,208
Routine Tech,"shampoo, toilet paper",protein bar,0.09465478841870824,0.22989359069537244,0.028210838901262063,0.2980392156862745,1.2964224656493384,1.0,0.006450309715174473,1.0970789629758662,0.2525517360436762,0.09519832985386222,0.08848858309390593,0.21037590493678635,228
Routine Tech,protein bar,"shampoo, toilet paper",0.22989359069537244,0.09465478841870824,0.028210838901262063,0.12271259418729817,1.2964224656493384,1.0,0.006450309715174473,1.031982455900638,0.2969024827492897,0.09519832985386222,0.03099127869642529,0.21037590493678635,228
Routine Tech,toilet paper,shampoo,0.21158129175946547,0.3450878495421925,0.09465478841870824,0.4473684210526316,1.2963899530108887,1.0,0.02164065544207508,1.1850791293998422,0.28998190613345154,0.20487412961971074,0.1561744906380821,0.36083014096733407,765
Routine Tech,shampoo,toilet paper,0.3450878495421925,0.21158129175946547,0.09465478841870824,0.27429186088203655,1.2963899530108887,1.0,0.02164065544207508,1.0864129334401438,0.34909592024983055,0.20487412961971074,0.07953967665546446,0.36083014096733407,765
Routine Tech,nonfat milk,tooth brush,0.11247216035634744,0.3419945558030191,0.04986389507547637,0.44334433443344334,1.2963490994540843,1.0,0.011399028554201392,1.1820690687254065,0.2575725969905756,0.12324159021406728,0.15402574480840334,0.29457375911252487,403
Routine Tech,tooth brush,nonfat milk,0.3419945558030191,0.11247216035634744,0.04986389507547637,0.14580318379160637,1.2963490994540843,1.0,0.011399028554201392,1.0390203086721965,0.3474178710442645,0.12324159021406728,0.037554904698698266,0.29457375911252487,403
Routine Tech,"deodorant, shampoo",protein bar,0.15528334570650829,0.22989359069537244,0.04627567433803514,0.29800796812749003,1.2962865438139797,1.0,0.0105770284183751,1.0970301290321314,0.27058259552938974,0.13654618473895583,0.08844800745603702,0.2496498398226255,374
Routine Tech,protein bar,"deodorant, shampoo",0.22989359069537244,0.15528334570650829,0.04627567433803514,0.201291711517761,1.2962865438139797,1.0,0.0105770284183751,1.05760346608983,0.2967974581746696,0.13654618473895583,0.05446603376102893,0.2496498398226255,374
Routine Tech,razor,shower gel,0.2081168027715912,0.3431081415491215,0.09255134867607027,0.4447086801426872,1.296118122218968,1.0,0.021144779251964563,1.182967993484344,0.28850894050802134,0.20178041543026706,0.15466859162049315,0.3572263198766087,748
Routine Tech,shower gel,razor,0.3431081415491215,0.2081168027715912,0.09255134867607027,0.2697439596105301,1.296118122218968,1.0,0.021144779251964563,1.0843911634145076,0.3477975549541037,0.20178041543026706,0.07782354399567254,0.3572263198766087,748
Routine Tech,"body spray, razor",tooth brush,0.056669141301658,0.3419945558030191,0.02511754516208859,0.4432314410480349,1.2960189965811209,1.0,0.00573700735488954,1.1818293860479108,0.2421275308980197,0.0672408082146406,0.1538541757333994,0.25833786234746176,203
Routine Tech,tooth brush,"body spray, razor",0.3419945558030191,0.056669141301658,0.02511754516208859,0.07344428364688856,1.2960189965811209,1.0,0.00573700735488954,1.0181048392980154,0.3471192733295416,0.0672408082146406,0.017782883057994928,0.25833786234746176,203
Routine Tech,body spray,shower gel,0.21430339024993814,0.3431081415491215,0.09527344716654293,0.44457274826789833,1.295721944284585,1.0,0.02174420921021053,1.1826784811194608,0.29048041722057466,0.20615796519410975,0.1544616597289799,0.36112517687466317,770
Routine Tech,shower gel,body spray,0.3431081415491215,0.21430339024993814,0.09527344716654293,0.27767760548142806,1.295721944284585,1.0,0.02174420921021053,1.0877367443020076,0.3474384346111601,0.20615796519410975,0.08065990669305537,0.36112517687466317,770
Routine Tech,"deodorant, shampoo",antioxydant juice,0.15528334570650829,0.21034397426379609,0.042316258351893093,0.2725099601593625,1.2955444105929224,1.0,0.009653342279007167,1.085452696932022,0.2700594560469824,0.1308840413318025,0.07872539924913317,0.2368432153737989,342
Routine Tech,antioxydant juice,"deodorant, shampoo",0.21034397426379609,0.15528334570650829,0.042316258351893093,0.2011764705882353,1.2955444105929224,1.0,0.009653342279007167,1.057450892709084,0.2888899884726965,0.1308840413318025,0.05432960821651057,0.2368432153737989,342
Routine Tech,toilet paper,cotton buds,0.21158129175946547,0.19908438505320467,0.05456570155902005,0.2578947368421053,1.2954041411795494,1.0,0.012443170200324184,1.0792479917722775,0.2892373521913474,0.1532314107018763,0.07342889898932409,0.26598900919171764,441
Routine Tech,cotton buds,toilet paper,0.19908438505320467,0.21158129175946547,0.05456570155902005,0.27408328154133,1.2954041411795492,1.0,0.012443170200324184,1.0861007718827225,0.28472430220350153,0.1532314107018763,0.07927512263292986,0.26598900919171764,441
Routine Tech,toothpaste,"low fat yogurt, shampoo",0.3453353130413264,0.05369957931205147,0.024003959415986143,0.0695091365102114,1.2944074683767939,1.0,0.0054595983840713125,1.0169905560801171,0.3474232649490382,0.06400527878587925,0.016706699957574338,0.2582568724025711,194
Routine Tech,"low fat yogurt, shampoo",toothpaste,0.05369957931205147,0.3453353130413264,0.024003959415986143,0.4470046082949309,1.2944074683767937,1.0,0.0054595983840713125,1.1838519755836014,0.24035257516283487,0.06400527878587925,0.15529980046109076,0.2582568724025711,194
Routine Tech,cotton buds,"razor, toothpaste",0.19908438505320467,0.09651076466221233,0.024870081662954714,0.12492231199502796,1.2943873404407897,1.0,0.0056562954291636165,1.0324674571438213,0.28396715633942127,0.09186471663619744,0.031446470219640636,0.1913073098436678,201
Routine Tech,"razor, toothpaste",cotton buds,0.09651076466221233,0.19908438505320467,0.024870081662954714,0.25769230769230766,1.2943873404407895,1.0,0.0056562954291636165,1.0789536781666673,0.2517282118577203,0.09186471663619744,0.07317615182592777,0.1913073098436678,201
Routine Tech,"oatmeal, shampoo",deodorant,0.04986389507547637,0.34347933679782233,0.02214798317248206,0.44416873449131516,1.2931454294520206,1.0,0.005020765561801237,1.1811510146003465,0.2385887361672005,0.05966666666666667,0.1533682080962701,0.25432500125142127,179
Routine Tech,deodorant,"oatmeal, shampoo",0.34347933679782233,0.04986389507547637,0.02214798317248206,0.06448126801152737,1.2931454294520204,1.0,0.005020765561801237,1.015624885356364,0.3452926696245633,0.05966666666666667,0.015384504241328848,0.25432500125142127,179
Routine Tech,tooth brush,shampoo,0.3419945558030191,0.3450878495421925,0.15256124721603564,0.44609261939218525,1.2926929185828762,1.0,0.03454308139883444,1.182349564902273,0.3441021281683625,0.28541666666666665,0.15422644056822998,0.4440932799363221,1233
Routine Tech,shampoo,tooth brush,0.3450878495421925,0.3419945558030191,0.15256124721603564,0.44209394048045897,1.292692918582876,1.0,0.03454308139883444,1.1794197839751797,0.3457273979972325,0.28541666666666665,0.15212546576966327,0.4440932799363221,1233
Routine Tech,"toilet paper, tooth brush",body spray,0.08933432318732987,0.21430339024993814,0.024746349913387776,0.2770083102493075,1.292598824154101,1.0,0.005601701588659327,1.0867297935623461,0.24857065217391305,0.08873114463176575,0.07980805723384303,0.19624087567892626,200
Routine Tech,body spray,"toilet paper, tooth brush",0.21430339024993814,0.08933432318732987,0.024746349913387776,0.11547344110854503,1.292598824154101,1.0,0.005601701588659327,1.0295515354044027,0.2881070866141733,0.08873114463176575,0.028703308565116974,0.19624087567892626,200
Routine Tech,"cotton buds, razor",tooth brush,0.051224944320712694,0.3419945558030191,0.022642910170749816,0.4420289855072464,1.29250298873718,1.0,0.005124258091753292,1.1792824844049787,0.23852587290592367,0.061101836393989986,0.15202675082165573,0.2541186895698316,183
Routine Tech,tooth brush,"cotton buds, razor",0.3419945558030191,0.051224944320712694,0.022642910170749816,0.06620839363241679,1.29250298873718,1.0,0.005124258091753292,1.0160458170854514,0.3439293707112867,0.061101836393989986,0.01579241488487122,0.2541186895698316,183
Routine Tech,tooth brush,deodorant,0.3419945558030191,0.34347933679782233,0.151818856718634,0.44392185238784365,1.2924266610225332,1.0,0.03435079350294716,1.1806266187968892,0.3438599298165599,0.28448875492696496,0.1529921618919247,0.44296236711611203,1227
Routine Tech,deodorant,tooth brush,0.34347933679782233,0.3419945558030191,0.151818856718634,0.44200288184438036,1.2924266610225332,1.0,0.03435079350294716,1.1792273163917488,0.34463760021946205,0.28448875492696496,0.15198707992972582,0.44296236711611203,1227
Routine Tech,"protein bar, shampoo",toothpaste,0.0967582281613462,0.3453353130413264,0.04318238059886167,0.4462915601023018,1.2923426688451463,1.0,0.009768347587439094,1.1823274485027317,0.2504439298190525,0.10825062034739452,0.15421061968376545,0.2856681734585318,349
Routine Tech,toothpaste,"protein bar, shampoo",0.3453353130413264,0.0967582281613462,0.04318238059886167,0.12504478681476172,1.292342668845146,1.0,0.009768347587439094,1.0323291503692396,0.3455378355091822,0.10825062034739452,0.03131670781327455,0.2856681734585318,349
Routine Tech,"cotton buds, shampoo",shower gel,0.09180895817866865,0.3431081415491215,0.04070774560752289,0.44339622641509435,1.2922929325231851,1.0,0.009207344589278875,1.180178593149036,0.24904632152588563,0.10326428123038292,0.15267061629059947,0.28102014710585227,329
Routine Tech,shower gel,"cotton buds, shampoo",0.3431081415491215,0.09180895817866865,0.04070774560752289,0.11864406779661017,1.2922929325231851,1.0,0.009207344589278875,1.0304475282203567,0.3443209644000755,0.10326428123038292,0.029547868655613544,0.28102014710585227,329
Routine Tech,gluten free bar,tooth brush,0.15392229646127195,0.3419945558030191,0.06792873051224944,0.44131832797427656,1.290425009655609,1.0,0.015288143105796126,1.1777824065914306,0.26600572926073146,0.15871639202081525,0.1509467331117155,0.3199717544357634,549
Routine Tech,tooth brush,gluten free bar,0.3419945558030191,0.15392229646127195,0.06792873051224944,0.19862518089725034,1.290425009655609,1.0,0.015288143105796126,1.0557827415715775,0.3420359489817378,0.15871639202081525,0.052835436094117776,0.3199717544357634,549
Routine Tech,"antioxydant juice, shampoo",protein bar,0.09218015342736946,0.22989359069537244,0.027344716654293492,0.2966442953020134,1.2903547872071435,1.0,0.006153090192025184,1.0949031964350144,0.24786783901344267,0.0927791771620487,0.08667724849467744,0.20779469878125428,221
Routine Tech,protein bar,"antioxydant juice, shampoo",0.22989359069537244,0.09218015342736946,0.027344716654293492,0.11894510226049516,1.2903547872071435,1.0,0.006153090192025184,1.030378298675594,0.29219253451825655,0.0927791771620487,0.0294826654585419,0.20779469878125428,221
Routine Tech,"deodorant, green tea",toothpaste,0.062484533531304134,0.3453353130413264,0.02783964365256125,0.44554455445544555,1.2901795374807994,1.0,0.006261527705287078,1.180734524693322,0.23990438901353509,0.07326603712145881,0.15306956891115306,0.2630804105132835,225
Routine Tech,toothpaste,"deodorant, green tea",0.3453353130413264,0.062484533531304134,0.02783964365256125,0.08061626657112146,1.2901795374807992,1.0,0.006261527705287078,1.0197216161005962,0.34355614355614356,0.07326603712145881,0.01934019617629717,0.2630804105132835,225
Routine Tech,"body spray, tooth brush",deodorant,0.09242761692650334,0.34347933679782233,0.040955209106656766,0.4431057563587684,1.2900506926842819,1.0,0.009208232542938226,1.1788964793558332,0.24773413897280971,0.10369674185463659,0.15174909967801853,0.28117103379898073,331
Routine Tech,deodorant,"body spray, tooth brush",0.34347933679782233,0.09242761692650334,0.040955209106656766,0.11923631123919308,1.2900506926842819,1.0,0.009208232542938226,1.030438010393467,0.3424670013881567,0.10369674185463659,0.029538904899135448,0.28117103379898073,331
Routine Tech,low fat yogurt,"shampoo, toothpaste",0.12199950507300174,0.15256124721603564,0.024003959415986143,0.19675456389452334,1.2896759005641019,1.0,0.0053915627623099295,1.0550184472790265,0.2558214879298922,0.09580246913580248,0.05214927513440466,0.17704719273396077,194
Routine Tech,"shampoo, toothpaste",low fat yogurt,0.15256124721603564,0.12199950507300174,0.024003959415986143,0.1573398215733982,1.2896759005641016,1.0,0.0053915627623099295,1.04193898964869,0.2650473468171287,0.09580246913580248,0.040250907265530475,0.17704719273396077,194
Routine Tech,"body spray, toothpaste",deodorant,0.09415986142044049,0.34347933679782233,0.0416975996040584,0.442838370565046,1.289272230153711,1.0,0.00935563285039065,1.1783307186246632,0.24769118713412136,0.1053125,0.15134182263601614,0.28211803254477086,337
Routine Tech,deodorant,"body spray, toothpaste",0.34347933679782233,0.09415986142044049,0.0416975996040584,0.12139769452449567,1.289272230153711,1.0,0.00935563285039065,1.0310013221389327,0.3417540861305885,0.1053125,0.030069139072117744,0.28211803254477086,337
Routine Tech,"body spray, toilet paper",shower gel,0.05790645879732739,0.3431081415491215,0.025612472160356347,0.4423076923076923,1.2891203639490694,1.0,0.005744294698714569,1.1778750565326097,0.23806260778200347,0.06822676334871457,0.15101351840850802,0.2584780437737524,207
Routine Tech,shower gel,"body spray, toilet paper",0.3431081415491215,0.05790645879732739,0.025612472160356347,0.07464839523981248,1.2891203639490694,1.0,0.005744294698714569,1.0180925135444314,0.3414218677061922,0.06822676334871457,0.017770991637531455,0.2584780437737524,207
Routine Tech,"body spray, shampoo",deodorant,0.09391239792130661,0.34347933679782233,0.041573867854491464,0.4426877470355731,1.2888337073276304,1.0,0.009316899699387884,1.1780122538308577,0.24733227990089937,0.1050328227571116,0.15111239569195287,0.2818626055062592,336
Routine Tech,deodorant,"body spray, shampoo",0.34347933679782233,0.09391239792130661,0.041573867854491464,0.12103746397694524,1.2888337073276304,1.0,0.009316899699387884,1.0308603210534644,0.34135210812557226,0.1050328227571116,0.029936471918840836,0.2818626055062592,336
Routine Tech,shower gel,toothpaste,0.3431081415491215,0.3453353130413264,0.15268497896560257,0.4450054093040029,1.288618315297367,1.0,0.03419762149670896,1.1795875093803783,0.3409617868559337,0.2849884526558892,0.15224602494707073,0.44357042231592114,1234
Routine Tech,toothpaste,shower gel,0.3453353130413264,0.3431081415491215,0.15268497896560257,0.44213543532783944,1.288618315297367,1.0,0.03419762149670896,1.1775113532025703,0.34212174001477075,0.2849884526558892,0.15075128806170623,0.44357042231592114,1234
Routine Tech,oatmeal,shower gel,0.11717396683989112,0.3431081415491215,0.051719871318980454,0.44139387539598735,1.286457014406913,1.0,0.01151652931860702,1.1759481851663176,0.25222553421203514,0.1265899454875833,0.14962239611044825,0.29606657347152415,418
Routine Tech,shower gel,oatmeal,0.3431081415491215,0.11717396683989112,0.051719871318980454,0.15073927154706096,1.286457014406913,1.0,0.01151652931860702,1.039522968132901,0.33897705530285754,0.1265899454875833,0.038020293292690494,0.29606657347152415,418
Routine Tech,"green tea, shampoo",toothpaste,0.06211333828260331,0.3453353130413264,0.02759218015342737,0.4442231075697211,1.2863529757715821,1.0,0.006142251033562751,1.177927142843205,0.2373510654661193,0.07263843648208469,0.15105105941759325,0.2620613925523274,223
Routine Tech,toothpaste,"green tea, shampoo",0.3453353130413264,0.06211333828260331,0.02759218015342737,0.07989967753493371,1.2863529757715821,1.0,0.006142251033562751,1.0193308694911425,0.3400342234422952,0.07263843648208469,0.01896427359331587,0.2620613925523274,223
Routine Tech,toothpaste,deodorant,0.3453353130413264,0.34347933679782233,0.15256124721603564,0.4417771408097456,1.2861825835822638,1.0,0.03394570291973248,1.1760906103961988,0.3398769092199749,0.2844946931241347,0.1497253773132989,0.4429707029697143,1233
Routine Tech,deodorant,toothpaste,0.34347933679782233,0.3453353130413264,0.15256124721603564,0.444164265129683,1.2861825835822636,1.0,0.03394570291973248,1.1778024439386119,0.33891608116903266,0.2844946931241347,0.1509611776182381,0.4429707029697143,1233
Routine Tech,"protein bar, shower gel",cotton buds,0.09279881217520415,0.19908438505320467,0.023756495916852263,0.256,1.2858868862647606,1.0,0.005281701461283903,1.07649948245537,0.24506870567375885,0.08860175357637284,0.07106318553993511,0.18766438781852082,192
Routine Tech,cotton buds,"protein bar, shower gel",0.19908438505320467,0.09279881217520415,0.023756495916852263,0.11932877563704163,1.2858868862647606,1.0,0.005281701461283903,1.0301247079817195,0.2775905685153715,0.08860175357637284,0.029243748595004154,0.18766438781852082,192
Routine Tech,protein bar,"deodorant, razor",0.22989359069537244,0.09292254392477109,0.02746844840386043,0.11948331539289558,1.2858377563320669,1.0,0.006106151124446339,1.030164983733359,0.2886573913244865,0.09300377042312526,0.029281701678540738,0.20754458712387788,222
Routine Tech,"deodorant, razor",protein bar,0.09292254392477109,0.22989359069537244,0.02746844840386043,0.2956058588548602,1.2858377563320667,1.0,0.006106151124446339,1.093289061224528,0.2450693771113905,0.09300377042312526,0.08532881607727827,0.20754458712387788,222
Routine Tech,"deodorant, energy bar",antioxydant juice,0.09106656768126702,0.21034397426379609,0.024622618163820838,0.2703804347826087,1.2854203964194375,1.0,0.005467314395180164,1.0822846088302533,0.2442911535625309,0.0889584264640143,0.07602862330194979,0.19371962915601024,199
Routine Tech,antioxydant juice,"deodorant, energy bar",0.21034397426379609,0.09106656768126702,0.024622618163820838,0.11705882352941177,1.2854203964194373,1.0,0.005467314395180164,1.0294382644515965,0.28119129020218614,0.0889584264640143,0.028596435034672733,0.19371962915601024,199
Routine Tech,razor,"energy bar, tooth brush",0.2081168027715912,0.09020044543429843,0.02412769116555308,0.1159334126040428,1.2852864755361784,1.0,0.005355462853193521,1.0291074988429791,0.280298076923077,0.08799638989169675,0.028284216056830406,0.19171156226909958,195
Routine Tech,"energy bar, tooth brush",razor,0.09020044543429843,0.2081168027715912,0.02412769116555308,0.2674897119341564,1.2852864755361781,1.0,0.005355462853193521,1.081054027676985,0.24396949439789103,0.08799638989169675,0.07497685185185185,0.19171156226909958,195
Routine Tech,toothpaste,"gluten free bar, shampoo",0.3453353130413264,0.06941351150705272,0.03080920564216778,0.08921533500537442,1.2852733289009555,1.0,0.006838268916582017,1.0217414985774256,0.33903673662709793,0.08024492426683853,0.021278864182081633,0.26653280119252676,249
Routine Tech,"gluten free bar, shampoo",toothpaste,0.06941351150705272,0.3453353130413264,0.03080920564216778,0.4438502673796791,1.2852733289009552,1.0,0.006838268916582017,1.177137465973769,0.23851128486823228,0.08024492426683853,0.1504815462034712,0.26653280119252676,249
Routine Tech,razor,tooth brush,0.2081168027715912,0.3419945558030191,0.09143776292996783,0.4393579072532699,1.2846926940741414,1.0,0.02026294941095297,1.17366400544997,0.2798439614343707,0.19935257620717564,0.14796739496444664,0.3533620216440011,739
Routine Tech,tooth brush,razor,0.3419945558030191,0.2081168027715912,0.09143776292996783,0.26736613603473225,1.2846926940741414,1.0,0.02026294941095297,1.0808716825379368,0.336780999093639,0.19935257620717564,0.07482079866136031,0.3533620216440011,739
Routine Tech,"shower gel, tooth brush",protein bar,0.1550358822073744,0.22989359069537244,0.045780747339767384,0.29529130087789307,1.28446947992203,1.0,0.010138991692489281,1.0928010542001114,0.26210398420092385,0.13498723093761403,0.08492035567081166,0.2472150799330262,370
Routine Tech,protein bar,"shower gel, tooth brush",0.22989359069537244,0.1550358822073744,0.045780747339767384,0.1991388589881593,1.28446947992203,1.0,0.010138991692489281,1.0550694427813834,0.2875816369068298,0.13498723093761403,0.052195088350022484,0.2472150799330262,370
Routine Tech,"deodorant, protein bar",toothpaste,0.09428359317000742,0.3453353130413264,0.04182133135362534,0.4435695538057743,1.2844604564164341,1.0,0.009261877191599759,1.1765436119398804,0.24451692695702776,0.10513219284603421,0.15005275635196894,0.2823365504607517,338
Routine Tech,toothpaste,"deodorant, protein bar",0.3453353130413264,0.09428359317000742,0.04182133135362534,0.12110354711572913,1.2844604564164341,1.0,0.009261877191599759,1.0305154877547937,0.3382846163911251,0.10513219284603421,0.02961186718433372,0.2823365504607517,338
Routine Tech,low fat yogurt,"shampoo, shower gel",0.12199950507300174,0.15639693145261074,0.024498886414253896,0.20081135902636915,1.2839852876986673,1.0,0.005418538182099208,1.0555743979539667,0.25190746244861234,0.09649122807017543,0.052648489828559034,0.17872846432331113,198
Routine Tech,"shampoo, shower gel",low fat yogurt,0.15639693145261074,0.12199950507300174,0.024498886414253896,0.15664556962025314,1.283985287698667,1.0,0.005418538182099208,1.0410812622774164,0.2621788432876728,0.09649122807017543,0.039460187946855386,0.17872846432331113,198
Routine Tech,"shampoo, shower gel",protein bar,0.15639693145261074,0.22989359069537244,0.0461519425884682,0.2950949367088607,1.2836153274924718,1.0,0.010197290443089486,1.0924966345241853,0.2619127573518135,0.13568570389232448,0.08466537250658938,0.24792421754711064,373
Routine Tech,protein bar,"shampoo, shower gel",0.22989359069537244,0.15639693145261074,0.0461519425884682,0.20075349838536058,1.2836153274924718,1.0,0.010197290443089486,1.0554979807145113,0.2869089298882816,0.13568570389232448,0.05257990231013262,0.24792421754711064,373
Routine Tech,energy bar,"almonds, shampoo",0.23447166542934916,0.06743380351398169,0.020292006928977976,0.08654353562005278,1.283385054828012,1.0,0.0044806907128191915,1.0209202439867158,0.2884421308250581,0.07205623901581722,0.02049155564299675,0.19373048340635665,164
Routine Tech,"almonds, shampoo",energy bar,0.06743380351398169,0.23447166542934916,0.020292006928977976,0.3009174311926605,1.2833850548280117,1.0,0.0044806907128191915,1.0950470927585425,0.2367774264846271,0.07205623901581722,0.08679726505561376,0.19373048340635665,164
Routine Tech,"toilet paper, tooth brush",protein bar,0.08933432318732987,0.22989359069537244,0.02635486265775798,0.2950138504155125,1.2832626152089193,1.0,0.00581747432788185,1.0923709774419275,0.2423900285772607,0.08998732572877059,0.08456008018286823,0.2048266238084021,213
Routine Tech,protein bar,"toilet paper, tooth brush",0.22989359069537244,0.08933432318732987,0.02635486265775798,0.11463939720129171,1.283262615208919,1.0,0.00581747432788185,1.0285816580656177,0.2866308821222106,0.08998732572877059,0.027787446763701033,0.2048266238084021,213
Routine Tech,"energy bar, toilet paper",tooth brush,0.05753526354862658,0.3419945558030191,0.025241276911655532,0.43870967741935485,1.2827972550301106,1.0,0.0055645300113333525,1.1723085500061154,0.23391176084455056,0.06743801652892562,0.14698225139210713,0.2562578777834835,204
Routine Tech,tooth brush,"energy bar, toilet paper",0.3419945558030191,0.05753526354862658,0.025241276911655532,0.07380607814761216,1.2827972550301106,1.0,0.0055645300113333525,1.0175673951373423,0.33503307302612667,0.06743801652892562,0.01726410970053846,0.2562578777834835,204
Routine Tech,"cotton buds, tooth brush",energy bar,0.08933432318732987,0.23447166542934916,0.026849789656025736,0.30055401662049863,1.2818351252384539,1.0,0.00590342211828878,1.0944781337821978,0.24143708675616118,0.09041666666666667,0.08632254118746889,0.20753294498571107,217
Routine Tech,energy bar,"cotton buds, tooth brush",0.23447166542934916,0.08933432318732987,0.026849789656025736,0.11451187335092348,1.2818351252384537,1.0,0.00590342211828878,1.0284335265554292,0.28721140431959696,0.09041666666666667,0.027647413100837445,0.20753294498571107,217
Routine Tech,"razor, tooth brush",body spray,0.09143776292996783,0.21430339024993814,0.02511754516208859,0.2746955345060893,1.2818067608996615,1.0,0.005522122569326368,1.0832645421740592,0.24197704458990124,0.08950617283950617,0.07686445824853759,0.19595053861563125,203
Routine Tech,body spray,"razor, tooth brush",0.21430339024993814,0.09143776292996783,0.02511754516208859,0.11720554272517321,1.2818067608996615,1.0,0.005522122569326368,1.0291888780937186,0.27981691943679454,0.08950617283950617,0.02836105083819282,0.19595053861563125,203
Routine Tech,gluten free bar,"tooth brush, toothpaste",0.15392229646127195,0.15553080920564216,0.030685473892600842,0.19935691318327975,1.2817840671020422,1.0,0.006745814569188463,1.0547386278596196,0.25983120889903677,0.11007545494895697,0.05189781279813436,0.19832603017954759,248
Routine Tech,"tooth brush, toothpaste",gluten free bar,0.15553080920564216,0.15392229646127195,0.030685473892600842,0.19729514717581545,1.2817840671020422,1.0,0.006745814569188463,1.0540333729912599,0.2603261254874159,0.11007545494895697,0.05126343660060552,0.19832603017954759,248
Routine Tech,"energy bar, toothpaste",protein bar,0.0894580549368968,0.22989359069537244,0.02635486265775798,0.2946058091286307,1.2814877014949373,1.0,0.005789029191690883,1.0917390861318546,0.24123761457178997,0.08994932432432431,0.084030229655783,0.20462260316496123,213
Routine Tech,protein bar,"energy bar, toothpaste",0.22989359069537244,0.0894580549368968,0.02635486265775798,0.11463939720129171,1.2814877014949373,1.0,0.005789029191690883,1.0284419051229456,0.2852293710851225,0.08994932432432431,0.027655334716787557,0.20462260316496123,213
Routine Tech,"body spray, toothpaste",antioxydant juice,0.09415986142044049,0.21034397426379609,0.02536500866122247,0.26938239159001315,1.280675581664992,1.0,0.005559049193918732,1.080806179110164,0.241943490326858,0.09086879432624115,0.07476472717494301,0.1949853134420654,205
Routine Tech,antioxydant juice,"body spray, toothpaste",0.21034397426379609,0.09415986142044049,0.02536500866122247,0.12058823529411765,1.280675581664992,1.0,0.005559049193918732,1.0300523314951513,0.2775412555128372,0.09086879432624115,0.02917553853941522,0.1949853134420654,205
Routine Tech,toothpaste,shampoo,0.3453353130413264,0.3450878495421925,0.15256124721603564,0.4417771408097456,1.2801874693525868,1.0,0.03339022666762444,1.17320912190484,0.3343152759211154,0.2836438923395445,0.14763703986857438,0.4419355406451023,1233
Routine Tech,shampoo,toothpaste,0.3450878495421925,0.3453353130413264,0.15256124721603564,0.44209394048045897,1.2801874693525865,1.0,0.03339022666762444,1.1734317557376226,0.33418895237079566,0.2836438923395445,0.14779875769477777,0.4419355406451023,1233
Routine Tech,razor,shampoo,0.2081168027715912,0.3450878495421925,0.09193268992823558,0.44173602853745536,1.280068333682221,1.0,0.020114110006190566,1.173122723184273,0.27629290040376847,0.19930257510729613,0.14757426462114384,0.35406987873627876,743
Routine Tech,shampoo,razor,0.3450878495421925,0.2081168027715912,0.09193268992823558,0.26640372893510217,1.280068333682221,1.0,0.020114110006190566,1.0794536838074449,0.3340779449431548,0.19930257510729613,0.0736054589458587,0.35406987873627876,743
Routine Tech,oatmeal,"deodorant, tooth brush",0.11717396683989112,0.151818856718634,0.022766641920316754,0.19429778247096094,1.2798000635128821,1.0,0.004977424237497353,1.0527228606650767,0.24764556229243473,0.09246231155778895,0.050082374606901015,0.172128516337355,184
Routine Tech,"deodorant, tooth brush",oatmeal,0.151818856718634,0.11717396683989112,0.022766641920316754,0.149959250203749,1.2798000635128821,1.0,0.004977424237497353,1.0385690725670695,0.2577609171344306,0.09246231155778895,0.037136742837659345,0.172128516337355,184
Routine Tech,"antioxydant juice, body spray",toothpaste,0.05741153179905964,0.3453353130413264,0.02536500866122247,0.4418103448275862,1.2793662511273922,1.0,0.005538779355212145,1.1728355781807898,0.23166313416875312,0.06721311475409837,0.1473655654690137,0.2576303605184151,205
Routine Tech,toothpaste,"antioxydant juice, body spray",0.3453353130413264,0.05741153179905964,0.02536500866122247,0.073450376209244,1.2793662511273922,1.0,0.005538779355212145,1.017310291859561,0.3335493774518165,0.06721311475409837,0.017015744358507476,0.2576303605184151,205
Routine Tech,"razor, shower gel",protein bar,0.09255134867607027,0.22989359069537244,0.027220984904726554,0.29411764705882354,1.279364275311847,1.0,0.005944023033885356,1.0909840798482224,0.24063266975729491,0.09220452640402349,0.08339634054135794,0.20626226809345913,220
Routine Tech,protein bar,"razor, shower gel",0.22989359069537244,0.09255134867607027,0.027220984904726554,0.11840688912809473,1.279364275311847,1.0,0.005944023033885356,1.029328201562797,0.28354755784061714,0.09220452640402349,0.028492565848549447,0.20626226809345913,220
Routine Tech,antioxydant juice,toothpaste,0.21034397426379609,0.3453353130413264,0.09292254392477109,0.4417647058823529,1.279234092777204,1.0,0.02028334172602636,1.1727396921282875,0.2764270015410351,0.20080213903743313,0.14729585200173426,0.3554219444854258,751
Routine Tech,toothpaste,antioxydant juice,0.3453353130413264,0.21034397426379609,0.09292254392477109,0.2690791830884987,1.279234092777204,1.0,0.02028334172602636,1.080357827367522,0.3334260298308233,0.20080213903743313,0.07438075175826489,0.3554219444854258,751
Routine Tech,nonfat milk,body spray,0.11247216035634744,0.21430339024993814,0.03080920564216778,0.2739273927392739,1.2782223949877667,1.0,0.006706040369067835,1.0821185125194033,0.24524698543231901,0.10409698996655517,0.07588680127855303,0.20884591345970624,249
Routine Tech,body spray,nonfat milk,0.21430339024993814,0.11247216035634744,0.03080920564216778,0.14376443418013857,1.2782223949877667,1.0,0.006706040369067835,1.0365463373316293,0.27703253960724794,0.10409698996655517,0.03525779409506202,0.20884591345970624,249
Routine Tech,nonfat milk,deodorant,0.11247216035634744,0.34347933679782233,0.049368968077208614,0.438943894389439,1.2779339173110396,1.0,0.010737105029792068,1.1701515350015286,0.24504800269179844,0.12142422398052344,0.14540982933574179,0.29133794143103076,399
Routine Tech,deodorant,nonfat milk,0.34347933679782233,0.11247216035634744,0.049368968077208614,0.14373198847262247,1.2779339173110393,1.0,0.010737105029792068,1.0365070605177868,0.33127201720849425,0.12142422398052344,0.03522123669813674,0.29133794143103076,399
Routine Tech,"deodorant, energy bar",toilet paper,0.09106656768126702,0.21158129175946547,0.024622618163820838,0.2703804347826087,1.2779033180778032,1.0,0.005354636137717573,1.0805887695810676,0.23925645105461976,0.08856252781486428,0.07457857406042744,0.19337735189422833,199
Routine Tech,toilet paper,"deodorant, energy bar",0.21158129175946547,0.09106656768126702,0.024622618163820838,0.11637426900584796,1.2779033180778032,1.0,0.005354636137717573,1.028640747362696,0.27582829401243514,0.08856252781486428,0.02784329459641481,0.19337735189422833,199
Routine Tech,"body spray, cotton buds",toothpaste,0.053575847562484534,0.3453353130413264,0.023632764167285325,0.44110854503464203,1.2773340239949755,1.0,0.005131132077840342,1.1713628489797756,0.22941027092478283,0.06297395318166832,0.14629356661689222,0.2547713989952859,191
Routine Tech,toothpaste,"body spray, cotton buds",0.3453353130413264,0.053575847562484534,0.023632764167285325,0.06843425295592977,1.2773340239949755,1.0,0.005131132077840342,1.015949926712733,0.33164981332520577,0.06297395318166832,0.01569952051115497,0.2547713989952859,191
Routine Tech,toilet paper,body spray,0.21158129175946547,0.21430339024993814,0.05790645879732739,0.2736842105263158,1.277087638264252,1.0,0.012563870659812647,1.0817562018297953,0.2751943599401227,0.15736381977135172,0.07557728968089518,0.2719460313601556,468
Routine Tech,body spray,toilet paper,0.21430339024993814,0.21158129175946547,0.05790645879732739,0.27020785219399535,1.2770876382642518,1.0,0.012563870659812647,1.0803332299625046,0.27614778921865546,0.15736381977135172,0.07435967693532179,0.2719460313601556,468
Routine Tech,"antioxydant juice, energy bar",deodorant,0.05617421430339025,0.34347933679782233,0.024622618163820838,0.43832599118942733,1.2761349642625905,1.0,0.005327936289753608,1.1688642395834847,0.2292624633392447,0.06565489937314417,0.14446865073368859,0.2550059350759817,199
Routine Tech,deodorant,"antioxydant juice, energy bar",0.34347933679782233,0.05617421430339025,0.024622618163820838,0.07168587896253602,1.2761349642625905,1.0,0.005327936289753608,1.0167094998423705,0.32959179614620404,0.06565489937314417,0.016434881197589943,0.2550059350759817,199
Routine Tech,low fat yogurt,"shower gel, tooth brush",0.12199950507300174,0.1550358822073744,0.02412769116555308,0.19776876267748478,1.275632194700265,1.0,0.0052133902676972065,1.0532675349475713,0.24609892174717424,0.09540117416829746,0.05057360374277815,0.17669762954305204,195
Routine Tech,"shower gel, tooth brush",low fat yogurt,0.1550358822073744,0.12199950507300174,0.02412769116555308,0.1556264964086193,1.275632194700265,1.0,0.0052133902676972065,1.0398247827443563,0.25572088866861153,0.09540117416829746,0.03829951296145169,0.17669762954305204,195
Routine Tech,low fat yogurt,shampoo,0.12199950507300174,0.3450878495421925,0.05369957931205147,0.4401622718052738,1.2755078812227403,1.0,0.011599032461197499,1.1698249644047067,0.2460119025971665,0.12990122717749178,0.1451712602928817,0.2978868010155806,434
Routine Tech,shampoo,low fat yogurt,0.3450878495421925,0.12199950507300174,0.05369957931205147,0.1556113302258874,1.2755078812227403,1.0,0.011599032461197499,1.0398061063063262,0.32981304757783736,0.12990122717749178,0.03828223941454651,0.2978868010155806,434
Routine Tech,"deodorant, toothpaste",body spray,0.15256124721603564,0.21430339024993814,0.0416975996040584,0.2733171127331711,1.275374656529728,1.0,0.00900320710490303,1.0812097319440024,0.254787352265682,0.128234398782344,0.0751100637967699,0.23394493050053475,337
Routine Tech,body spray,"deodorant, toothpaste",0.21430339024993814,0.15256124721603564,0.0416975996040584,0.1945727482678984,1.275374656529728,1.0,0.00900320710490303,1.0521605160013092,0.2748092245145915,0.128234398782344,0.049574675354234876,0.23394493050053475,337
Routine Tech,oatmeal,antioxydant juice,0.11717396683989112,0.21034397426379609,0.031427864390002475,0.2682154171066526,1.2751276476799802,1.0,0.0067810265246455205,1.0790826210276843,0.24440238593161134,0.10614291684078564,0.07328690082356099,0.20881359090626747,254
Routine Tech,antioxydant juice,oatmeal,0.21034397426379609,0.11717396683989112,0.031427864390002475,0.14941176470588236,1.2751276476799802,1.0,0.0067810265246455205,1.0379005922352593,0.2732389570075285,0.10614291684078564,0.03651659178037017,0.20881359090626747,254
Routine Tech,green tea,"shampoo, shower gel",0.147735708982925,0.15639693145261074,0.029448156396931453,0.19932998324958126,1.2745133897334777,1.0,0.00634274484602608,1.0536214056962163,0.25272304043568644,0.1072072072072072,0.05089247941084127,0.1938105612450438,238
Routine Tech,"shampoo, shower gel",green tea,0.15639693145261074,0.147735708982925,0.029448156396931453,0.18829113924050633,1.2745133897334775,1.0,0.00634274484602608,1.0499630251906265,0.2553177328426237,0.1072072072072072,0.04758550919595996,0.1938105612450438,238
Routine Tech,"energy bar, protein bar",tooth brush,0.062484533531304134,0.3419945558030191,0.027220984904726554,0.43564356435643564,1.2738318694387527,1.0,0.005851614615129345,1.1659394712964046,0.22929439571910198,0.07215480485405051,0.14232254364962632,0.2576191772578126,220
Routine Tech,tooth brush,"energy bar, protein bar",0.3419945558030191,0.062484533531304134,0.027220984904726554,0.07959479015918958,1.2738318694387527,1.0,0.005851614615129345,1.0185899171853283,0.32669492974118763,0.07215480485405051,0.0182506393119401,0.2576191772578126,220
Routine Tech,"antioxydant juice, toothpaste",body spray,0.09292254392477109,0.21430339024993814,0.02536500866122247,0.27296937416777634,1.2737520104064481,1.0,0.005451392467495233,1.0806925896012756,0.23693436825242628,0.08999122036874452,0.0746674774840895,0.19566482565201748,205
Routine Tech,body spray,"antioxydant juice, toothpaste",0.21430339024993814,0.09292254392477109,0.02536500866122247,0.11836027713625866,1.2737520104064481,1.0,0.005451392467495233,1.0288527530597882,0.27353792971000584,0.08999122036874452,0.028043617489461534,0.19566482565201748,205
Routine Tech,antioxydant juice,body spray,0.21034397426379609,0.21430339024993814,0.05741153179905964,0.27294117647058824,1.273620432006521,1.0,0.012334104995682403,1.0806506768407,0.2720636704524579,0.15633423180592995,0.07463158869847153,0.27041977992120636,464
Routine Tech,body spray,antioxydant juice,0.21430339024993814,0.21034397426379609,0.05741153179905964,0.2678983833718245,1.273620432006521,1.0,0.012334104995682403,1.0786153285292628,0.27343469997284825,0.15633423180592995,0.07288541748841827,0.27041977992120636,464
Routine Tech,oatmeal,"shampoo, toothpaste",0.11717396683989112,0.15256124721603564,0.022766641920316754,0.19429778247096094,1.2735723259775396,1.0,0.004890435397972563,1.0518014402181053,0.24331754059900673,0.09218436873747494,0.049250208487415126,0.17176365198162807,184
Routine Tech,"shampoo, toothpaste",oatmeal,0.15256124721603564,0.11717396683989112,0.022766641920316754,0.1492295214922952,1.2735723259775393,1.0,0.004890435397972563,1.0376782639527304,0.2534779752042507,0.09218436873747494,0.03631016015427188,0.17176365198162807,184
Routine Tech,gluten free bar,deodorant,0.15392229646127195,0.34347933679782233,0.06731007176441475,0.437299035369775,1.2731451022545106,1.0,0.014440943457499265,1.1667310071764414,0.2535743165356228,0.1565017261219793,0.14290441082897126,0.3166322266186051,544
Routine Tech,deodorant,gluten free bar,0.34347933679782233,0.15392229646127195,0.06731007176441475,0.19596541786743515,1.2731451022545104,1.0,0.014440943457499265,1.052290190422719,0.32678876299860327,0.1565017261219793,0.04969179690035259,0.3166322266186051,544
Routine Tech,antioxydant juice,deodorant,0.21034397426379609,0.34347933679782233,0.09193268992823558,0.4370588235294118,1.2724457535175453,1.0,0.0196838811486887,1.166233153023722,0.2711457569299253,0.19903562818108758,0.1425385246446864,0.3523550601796915,743
Routine Tech,deodorant,antioxydant juice,0.34347933679782233,0.21034397426379609,0.09193268992823558,0.2676512968299712,1.2724457535175453,1.0,0.0196838811486887,1.0782514153682745,0.32613121385729055,0.19903562818108758,0.07257251347223866,0.3523550601796915,743
Routine Tech,toothpaste,body spray,0.3453353130413264,0.21430339024993814,0.09415986142044049,0.2726621282694375,1.2723183144766708,1.0,0.020153333062660553,1.0802360777401097,0.3269355568961349,0.20228601807549176,0.07427642845253443,0.35601928584372566,761
Routine Tech,body spray,toothpaste,0.21430339024993814,0.3453353130413264,0.09415986142044049,0.43937644341801385,1.2723183144766705,1.0,0.020153333062660553,1.1677438082517226,0.2724119734704646,0.20228601807549176,0.1436477822159115,0.35601928584372566,761
Routine Tech,razor,antioxydant juice,0.2081168027715912,0.21034397426379609,0.0556792873051225,0.267538644470868,1.2719101909491501,1.0,0.01190317189907139,1.0780855805911487,0.2699652777777778,0.1534788540245566,0.07242985343365015,0.2661222634119046,450
Routine Tech,antioxydant juice,razor,0.21034397426379609,0.2081168027715912,0.0556792873051225,0.2647058823529412,1.2719101909491501,1.0,0.01190317189907139,1.0769611482306358,0.270726696611999,0.1534788540245566,0.07146139705882353,0.2661222634119046,450
Routine Tech,body spray,"cotton buds, toothpaste",0.21430339024993814,0.08673595644642415,0.023632764167285325,0.11027713625866051,1.2714120046255268,1.0,0.005044954644245654,1.0264590028778673,0.2716988910417612,0.08519179304192685,0.02577696995562854,0.19137251962719043,191
Routine Tech,"cotton buds, toothpaste",body spray,0.08673595644642415,0.21430339024993814,0.023632764167285325,0.2724679029957204,1.2714120046255266,1.0,0.005044954644245654,1.0799476930093987,0.23374718305313422,0.08519179304192685,0.07402922708841135,0.19137251962719043,191
Routine Tech,"body spray, razor",deodorant,0.056669141301658,0.34347933679782233,0.024746349913387776,0.4366812227074236,1.2713464127958924,1.0,0.005281670842192204,1.1654514098705324,0.22625393494228757,0.06591957811470006,0.14196337013218951,0.25436366610875505,200
Routine Tech,deodorant,"body spray, razor",0.34347933679782233,0.056669141301658,0.024746349913387776,0.07204610951008646,1.2713464127958924,1.0,0.005281670842192204,1.0165708321997662,0.325096117602714,0.06591957811470006,0.016300715773940027,0.25436366610875505,200
Routine Tech,almonds,"deodorant, shower gel",0.14909675822816135,0.15602573620390991,0.02957188814649839,0.1983402489626556,1.2712021349057752,1.0,0.0063089566783331545,1.052783631339843,0.25072538806512285,0.10731926358329591,0.0501372074646214,0.19393618316491223,239
Routine Tech,"deodorant, shower gel",almonds,0.15602573620390991,0.14909675822816135,0.02957188814649839,0.1895321173671689,1.2712021349057752,1.0,0.0063089566783331545,1.049891377567797,0.2527838284304134,0.10731926358329591,0.047520513677687816,0.19393618316491223,239
Routine Tech,razor,body spray,0.2081168027715912,0.21430339024993814,0.056669141301658,0.272294887039239,1.2706046634244397,1.0,0.012069004899728286,1.0796909294114412,0.2689451419213973,0.15493910690121784,0.07380902000805188,0.26836453358890355,458
Routine Tech,body spray,razor,0.21430339024993814,0.2081168027715912,0.056669141301658,0.2644341801385681,1.2706046634244397,1.0,0.012069004899728286,1.0765633419149168,0.27106282020424294,0.15493910690121784,0.07111828810623555,0.26836453358890355,458
Routine Tech,"body spray, shower gel",toilet paper,0.09527344716654293,0.21158129175946547,0.025612472160356347,0.26883116883116887,1.2705809979494191,1.0,0.005454393138482009,1.078299121394692,0.2353843592426982,0.09106907171139464,0.07261354464744302,0.1949419002050581,207
Routine Tech,toilet paper,"body spray, shower gel",0.21158129175946547,0.09527344716654293,0.025612472160356347,0.12105263157894737,1.2705809979494191,1.0,0.005454393138482009,1.029329611008125,0.2701083544856575,0.09106907171139464,0.02849389611885294,0.1949419002050581,207
Routine Tech,"body spray, shampoo",toilet paper,0.09391239792130661,0.21158129175946547,0.025241276911655532,0.26877470355731226,1.2703141252340338,1.0,0.005371170447236541,1.0782158550532714,0.23484830228691242,0.09006622516556292,0.07254192626337065,0.1940364745856737,204
Routine Tech,toilet paper,"body spray, shampoo",0.21158129175946547,0.09391239792130661,0.025241276911655532,0.1192982456140351,1.2703141252340338,1.0,0.005371170447236541,1.0288245680973214,0.26989863742107023,0.09006622516556292,0.02801699044826323,0.1940364745856737,204
Routine Tech,antioxydant juice,shampoo,0.21034397426379609,0.3450878495421925,0.09218015342736946,0.43823529411764706,1.2699238605445764,1.0,0.019593003684517787,1.165812205003427,0.26916937107090205,0.19898504273504275,0.14222891499316523,0.352678062978508,745
Routine Tech,shampoo,antioxydant juice,0.3450878495421925,0.21034397426379609,0.09218015342736946,0.26712083183936897,1.2699238605445764,1.0,0.019593003684517787,1.0774709666234212,0.32454920199782683,0.19898504273504275,0.07190074630613914,0.352678062978508,745
Routine Tech,body spray,shampoo,0.21430339024993814,0.3450878495421925,0.09391239792130661,0.4382217090069284,1.2698844934363556,1.0,0.01995890183035419,1.1657840129423667,0.2704947454690693,0.20175438596491227,0.142208171583978,0.35518113058808237,759
Routine Tech,shampoo,body spray,0.3450878495421925,0.21430339024993814,0.09391239792130661,0.2721405521692363,1.2698844934363556,1.0,0.01995890183035419,1.0794619924103068,0.3245119277779313,0.20175438596491227,0.07361258939082961,0.35518113058808237,759
Routine Tech,cotton buds,shower gel,0.19908438505320467,0.3431081415491215,0.08673595644642415,0.4356743318831572,1.2697872161123969,1.0,0.018428483079369395,1.1640297359553562,0.2652794786992958,0.19043738114642758,0.1409154172687279,0.3442345694756572,701
Routine Tech,shower gel,cotton buds,0.3431081415491215,0.19908438505320467,0.08673595644642415,0.2527948070681572,1.2697872161123969,1.0,0.018428483079369395,1.0718817568761887,0.3234420918479076,0.19043738114642758,0.06706127463692979,0.3442345694756572,701
Routine Tech,almonds,"shower gel, tooth brush",0.14909675822816135,0.1550358822073744,0.029324424647364514,0.1966804979253112,1.268612756769645,1.0,0.00620907720120191,1.0518406631612747,0.24883838932318272,0.10670868977937865,0.049285661770737316,0.1929132737032781,237
Routine Tech,"shower gel, tooth brush",almonds,0.1550358822073744,0.14909675822816135,0.029324424647364514,0.18914604948124503,1.268612756769645,1.0,0.00620907720120191,1.049391497972553,0.2505874364292762,0.10670868977937865,0.047066798299756046,0.1929132737032781,237
Routine Tech,cotton buds,deodorant,0.19908438505320467,0.34347933679782233,0.08673595644642415,0.4356743318831572,1.2684149676799987,1.0,0.018354583901547122,1.16337196816333,0.264215694160733,0.19028230184581976,0.14042969285331255,0.3440979728580051,701
Routine Tech,deodorant,cotton buds,0.34347933679782233,0.19908438505320467,0.08673595644642415,0.252521613832853,1.2684149676799985,1.0,0.018354583901547122,1.0714899985987005,0.32232721226958627,0.19028230184581976,0.06672017348943578,0.3440979728580051,701
Routine Tech,toilet paper,shower gel,0.21158129175946547,0.3431081415491215,0.09205642167780252,0.43508771929824563,1.2680775143773606,1.0,0.019461157875649865,1.1628209916677041,0.2681375675839864,0.19898368547740036,0.1400224048537241,0.3516945989206699,744
Routine Tech,shower gel,toilet paper,0.3431081415491215,0.21158129175946547,0.09205642167780252,0.2683014785430941,1.2680775143773606,1.0,0.019461157875649865,1.0775185204292765,0.32182568857509153,0.19898368547740036,0.07194170583573237,0.3516945989206699,744
Routine Tech,antioxydant juice,tooth brush,0.21034397426379609,0.3419945558030191,0.09119029943083395,0.4335294117647059,1.267650038307653,1.0,0.01925380538664534,1.161588011562687,0.26738065463117733,0.19774617654950363,0.139109572373515,0.3500859793989955,737
Routine Tech,tooth brush,antioxydant juice,0.3419945558030191,0.21034397426379609,0.09119029943083395,0.2666425470332851,1.267650038307653,1.0,0.01925380538664534,1.0767682561099496,0.32087689692669685,0.19774617654950363,0.07129505877828426,0.3500859793989955,737
Routine Tech,green tea,"shower gel, toothpaste",0.147735708982925,0.15268497896560257,0.02858203414996288,0.1934673366834171,1.2671013088131093,1.0,0.006025010531436593,1.0505650416563557,0.24733773775585632,0.10514337733272643,0.04813128140703519,0.190331723447057,231
Routine Tech,"shower gel, toothpaste",green tea,0.15268497896560257,0.147735708982925,0.02858203414996288,0.18719611021069693,1.2671013088131093,1.0,0.006025010531436593,1.0485484896461321,0.24878246753246763,0.10514337733272643,0.04630066241620973,0.190331723447057,231
Routine Tech,green tea,body spray,0.147735708982925,0.21430339024993814,0.0400890868596882,0.271356783919598,1.2662272099527663,1.0,0.008428823563669127,1.0783008644156022,0.2466984987310191,0.12451960030745582,0.07261504372254977,0.22921187925772046,324
Routine Tech,body spray,green tea,0.21430339024993814,0.147735708982925,0.0400890868596882,0.18706697459584296,1.2662272099527663,1.0,0.008428823563669127,1.0483819261658907,0.26759988334791496,0.12451960030745582,0.04614914179494814,0.22921187925772046,324
Routine Tech,"body spray, energy bar",tooth brush,0.05431823805988616,0.3419945558030191,0.023509032417718387,0.4328018223234624,1.2655225499342342,1.0,0.004932490720424974,1.1600979518171672,0.22186383136960552,0.06306007301692665,0.13800382249308446,0.25077138873047217,190
Routine Tech,tooth brush,"body spray, energy bar",0.3419945558030191,0.05431823805988616,0.023509032417718387,0.06874095513748191,1.2655225499342342,1.0,0.004932490720424974,1.0154873310032924,0.31886146354981104,0.06306007301692665,0.015251131678807902,0.25077138873047217,190
Routine Tech,toilet paper,"body spray, tooth brush",0.21158129175946547,0.09242761692650334,0.024746349913387776,0.11695906432748539,1.2654125273021914,1.0,0.005190395329829164,1.0277806457322378,0.2660310734463278,0.08861320336730173,0.027029742044272248,0.19234834073134643,200
Routine Tech,"body spray, tooth brush",toilet paper,0.09242761692650334,0.21158129175946547,0.024746349913387776,0.2677376171352075,1.2654125273021912,1.0,0.005190395329829164,1.0766888026612051,0.23110429447852773,0.08861320336730173,0.07122652568844116,0.19234834073134643,200
Routine Tech,"cotton buds, tooth brush",protein bar,0.08933432318732987,0.22989359069537244,0.025983667409057165,0.29085872576177285,1.2651884938679485,1.0,0.005446279079181035,1.0859703662459788,0.2301656314699794,0.08860759493670886,0.07916456002677509,0.20194174178293164,210
Routine Tech,protein bar,"cotton buds, tooth brush",0.22989359069537244,0.08933432318732987,0.025983667409057165,0.11302475780409042,1.2651884938679485,1.0,0.005446279079181035,1.0267092399987507,0.2721752968539602,0.08860759493670886,0.026014414751719946,0.20194174178293164,210
Routine Tech,"body spray, toilet paper",shampoo,0.05790645879732739,0.3450878495421925,0.025241276911655532,0.43589743589743596,1.2631491849849685,1.0,0.005258461570682247,1.1609806303570225,0.22113289760348592,0.06681952178185392,0.13865918702495325,0.25452096606632285,204
Routine Tech,shampoo,"body spray, toilet paper",0.3450878495421925,0.05790645879732739,0.025241276911655532,0.07314449623520976,1.2631491849849685,1.0,0.005258461570682247,1.0164405750151853,0.318100487880775,0.06681952178185392,0.0161746543962392,0.25452096606632285,204
Routine Tech,"body spray, toilet paper",deodorant,0.05790645879732739,0.34347933679782233,0.02511754516208859,0.4337606837606838,1.2628436045222788,1.0,0.005227873098072152,1.159440265579695,0.22092955548568158,0.06675435711936861,0.13751485981037434,0.25344374245671075,203
Routine Tech,deodorant,"body spray, toilet paper",0.34347933679782233,0.05790645879732739,0.02511754516208859,0.07312680115273774,1.2628436045222788,1.0,0.005227873098072152,1.0164211699878039,0.3170293319766264,0.06675435711936861,0.01615587167276418,0.25344374245671075,203
Routine Tech,antioxydant juice,toilet paper,0.21034397426379609,0.21158129175946547,0.05617421430339025,0.2670588235294118,1.2622043343653253,1.0,0.011669364514836515,1.0756916565079524,0.2630705577498389,0.1535859269282815,0.07036556995679633,0.26627794977640185,454
Routine Tech,toilet paper,antioxydant juice,0.21158129175946547,0.21034397426379609,0.05617421430339025,0.26549707602339184,1.2622043343653253,1.0,0.011669364514836515,1.07508901593066,0.2634834117324972,0.1535859269282815,0.06984446387042509,0.26627794977640185,454
Routine Tech,tooth brush,almonds,0.3419945558030191,0.14909675822816135,0.06434050977480822,0.1881331403762663,1.2618191207643024,1.0,0.013350230172898055,1.0480822461039938,0.31533688199728077,0.15076833864888373,0.045876405485092954,0.30983420504290493,520
Routine Tech,almonds,tooth brush,0.14909675822816135,0.3419945558030191,0.06434050977480822,0.4315352697095436,1.2618191207643021,1.0,0.013350230172898055,1.1575132266530832,0.24385073992460943,0.15076833864888373,0.13607898642206304,0.30983420504290493,520
Routine Tech,"energy bar, shampoo",razor,0.09094283593170008,0.2081168027715912,0.0238802276664192,0.2625850340136054,1.2617195272877282,1.0,0.0049534954173324,1.0738637453189674,0.22818238172712973,0.08678057553956835,0.06878316326530605,0.18866469298777772,193
Routine Tech,razor,"energy bar, shampoo",0.2081168027715912,0.09094283593170008,0.0238802276664192,0.11474435196195004,1.2617195272877282,1.0,0.0049534954173324,1.026886601721209,0.26194624352331597,0.08678057553956835,0.026182639520413803,0.18866469298777772,193
Routine Tech,"deodorant, energy bar",body spray,0.09106656768126702,0.21430339024993814,0.024622618163820838,0.2703804347826087,1.2616712897881313,1.0,0.005106743971299867,1.0768579232328594,0.22818010553721502,0.08770383428823271,0.07137238959260528,0.19263825434280551,199
Routine Tech,body spray,"deodorant, energy bar",0.21430339024993814,0.09106656768126702,0.024622618163820838,0.11489607390300231,1.2616712897881313,1.0,0.005106743971299867,1.026922834165718,0.26397024492541443,0.08770383428823271,0.026216998268998728,0.19263825434280551,199
Routine Tech,cotton buds,toothpaste,0.19908438505320467,0.3453353130413264,0.08673595644642415,0.4356743318831572,1.2615979757361793,1.0,0.017985088012435757,1.1600831292032001,0.25889677146791906,0.18951067856177345,0.1379928085956674,0.34341939453348114,701
Routine Tech,toothpaste,cotton buds,0.3453353130413264,0.19908438505320467,0.08673595644642415,0.2511644571838051,1.2615979757361793,1.0,0.017985088012435757,1.069548077184931,0.316733850257388,0.18951067856177345,0.06502566707237953,0.34341939453348114,701
Routine Tech,"oatmeal, tooth brush",toothpaste,0.049987626825043305,0.3453353130413264,0.02177678792378124,0.43564356435643564,1.261508881092337,1.0,0.0045142951659619054,1.1600198839092286,0.21820609060124552,0.058297449486584954,0.13794581121313793,0.24935169977047866,176
Routine Tech,toothpaste,"oatmeal, tooth brush",0.3453353130413264,0.049987626825043305,0.02177678792378124,0.06305983518452167,1.261508881092337,1.0,0.0045142951659619054,1.0139520204708619,0.316648339375612,0.058297449486584954,0.013760040109573346,0.24935169977047866,176
Routine Tech,body spray,tooth brush,0.21430339024993814,0.3419945558030191,0.09242761692650334,0.4312933025404157,1.2611116031590592,1.0,0.01913702417089469,1.1570207404560113,0.26352254161000943,0.19925313416911175,0.1357112582045204,0.35077689729046835,747
Routine Tech,tooth brush,body spray,0.3419945558030191,0.21430339024993814,0.09242761692650334,0.27026049204052094,1.261111603159059,1.0,0.01913702417089469,1.0766809267968125,0.3146611769882587,0.19925313416911175,0.0712197317592898,0.35077689729046835,747
Routine Tech,"body spray, toothpaste",cotton buds,0.09415986142044049,0.19908438505320467,0.023632764167285325,0.25098554533508544,1.2606993022984216,1.0,0.004887006059701961,1.0692926017096689,0.22828469489262398,0.08765488756310233,0.06480228292880587,0.1848464084661754,191
Routine Tech,cotton buds,"body spray, toothpaste",0.19908438505320467,0.09415986142044049,0.023632764167285325,0.11870727159726538,1.2606993022984216,1.0,0.004887006059701961,1.027853866695706,0.25819129481058245,0.08765488756310233,0.02709905327811758,0.1848464084661754,191
Routine Tech,"deodorant, tooth brush",body spray,0.151818856718634,0.21430339024993814,0.040955209106656766,0.2697636511817441,1.2587932037245126,1.0,0.008419913407983905,1.0759483707179975,0.2423873019230897,0.12595129375951294,0.07058737462218204,0.23043609810819307,331
Routine Tech,body spray,"deodorant, tooth brush",0.21430339024993814,0.151818856718634,0.040955209106656766,0.19110854503464203,1.2587932037245126,1.0,0.008419913407983905,1.0485722627860998,0.2616637723909889,0.12595129375951294,0.046322284605394164,0.23043609810819307,331
Routine Tech,green tea,antioxydant juice,0.147735708982925,0.21034397426379609,0.039099232863152686,0.2646566164154104,1.2582086905113805,1.0,0.00802391669500464,1.0738602445660905,0.2407930137167557,0.12257564003103182,0.0687801275257516,0.22526948467829344,316
Routine Tech,antioxydant juice,green tea,0.21034397426379609,0.147735708982925,0.039099232863152686,0.18588235294117647,1.2582086905113805,1.0,0.00802391669500464,1.0468564268273322,0.25988440590426404,0.12257564003103182,0.04475917196146752,0.22526948467829344,316
Routine Tech,deodorant,low fat yogurt,0.34347933679782233,0.12199950507300174,0.05270972531551596,0.15345821325648415,1.2578593098771855,1.0,0.010805416223378758,1.0371614357095094,0.3122499287722817,0.1276978417266187,0.03582994356523462,0.29275344739903314,426
Routine Tech,low fat yogurt,deodorant,0.12199950507300174,0.34347933679782233,0.05270972531551596,0.4320486815415821,1.2578593098771853,1.0,0.010805416223378758,1.155945310566691,0.23348338811523767,0.1276978417266187,0.13490717003751726,0.29275344739903314,426
Routine Tech,"gluten free bar, shampoo",protein bar,0.06941351150705272,0.22989359069537244,0.0200445434298441,0.2887700534759358,1.2561031066698134,1.0,0.004086822026713198,1.0827811920298147,0.21909517548395357,0.07177669472751438,0.07645237342424699,0.18798029046240278,162
Routine Tech,protein bar,"gluten free bar, shampoo",0.22989359069537244,0.06941351150705272,0.0200445434298441,0.08719052744886975,1.2561031066698134,1.0,0.004086822026713198,1.0194750563796557,0.2647517375987813,0.07177669472751438,0.01910302391194858,0.18798029046240278,162
Routine Tech,body spray,cotton buds,0.21430339024993814,0.19908438505320467,0.053575847562484534,0.25,1.2557489123679304,1.0,0.010911388899758664,1.067887486595727,0.25921259842519684,0.14889958734525446,0.06357175961687006,0.25955562461155995,433
Routine Tech,cotton buds,body spray,0.19908438505320467,0.21430339024993814,0.053575847562484534,0.2691112492231199,1.2557489123679302,1.0,0.010911388899758664,1.074987963510076,0.25428703846748024,0.14889958734525446,0.0697570261765756,0.25955562461155995,433
Routine Tech,almonds,antioxydant juice,0.14909675822816135,0.21034397426379609,0.03934669636228656,0.26390041493775934,1.2546136197217477,1.0,0.007985091686726765,1.0727570586382478,0.23850168687348133,0.12292230382682645,0.06782249350156236,0.22547961923358556,318
Routine Tech,antioxydant juice,almonds,0.21034397426379609,0.14909675822816135,0.03934669636228656,0.18705882352941178,1.2546136197217477,1.0,0.007985091686726765,1.0466971859711474,0.257000329149002,0.12292230382682645,0.044613844956333575,0.22547961923358556,318
Routine Tech,energy bar,"toilet paper, toothpaste",0.23447166542934916,0.09514971541697599,0.027963375402128187,0.11926121372031663,1.2534058898408311,1.0,0.005653463163181206,1.0273764465457342,0.26409714345380203,0.09269893355209188,0.02664694780358253,0.2065746900851258,226
Routine Tech,"toilet paper, toothpaste",energy bar,0.09514971541697599,0.23447166542934916,0.027963375402128187,0.293888166449935,1.253405889840831,1.0,0.005653463163181206,1.0841460207823765,0.2234334782645526,0.09269893355209188,0.07761502525430332,0.2065746900851258,226
Routine Tech,"cotton buds, deodorant",energy bar,0.08673595644642415,0.23447166542934916,0.02548874041078941,0.29386590584878747,1.2533109504326652,1.0,0.005151616250188843,1.0841118435030834,0.2213088446720325,0.08619246861924686,0.07758594651202527,0.20128651492967078,206
Routine Tech,energy bar,"cotton buds, deodorant",0.23447166542934916,0.08673595644642415,0.02548874041078941,0.10870712401055409,1.253310950432665,1.0,0.005151616250188843,1.0246508955204416,0.2640181966258723,0.08619246861924686,0.02405784802239509,0.20128651492967078,206
Routine Tech,oatmeal,toilet paper,0.11717396683989112,0.21158129175946547,0.031056669141301656,0.26504751847940866,1.2526982715500474,1.0,0.006264849876736721,1.072747868827279,0.2284970838440212,0.10432252701579384,0.06781450790184886,0.2059155721052014,251
Routine Tech,toilet paper,oatmeal,0.21158129175946547,0.11717396683989112,0.031056669141301656,0.14678362573099416,1.2526982715500472,1.0,0.006264849876736721,1.0347035755337808,0.2558579242352623,0.10432252701579384,0.0335396304355844,0.2059155721052014,251
Routine Tech,"body spray, deodorant",cotton buds,0.08883939618906211,0.19908438505320467,0.02214798317248206,0.24930362116991645,1.2522510045340365,1.0,0.004461446613684614,1.0668968674059351,0.2210785369865175,0.08333333333333333,0.06270228121354313,0.18027642214493336,179
Routine Tech,cotton buds,"body spray, deodorant",0.19908438505320467,0.08883939618906211,0.02214798317248206,0.11124922311995028,1.2522510045340365,1.0,0.004461446613684614,1.0252149730991602,0.2515097090018098,0.08333333333333333,0.02459481548824527,0.18027642214493336,179
Routine Tech,"antioxydant juice, shower gel",protein bar,0.09415986142044049,0.22989359069537244,0.027097253155159613,0.28777923784494086,1.2517932186559806,1.0,0.0054505045138358785,1.0812748662007778,0.2220546510663326,0.09124999999999998,0.07516577767718702,0.20282395692031757,219
Routine Tech,protein bar,"antioxydant juice, shower gel",0.22989359069537244,0.09415986142044049,0.027097253155159613,0.11786867599569428,1.2517932186559806,1.0,0.0054505045138358785,1.0268767403787806,0.2611924968599969,0.09124999999999998,0.026173287719874497,0.20282395692031757,219
Routine Tech,almonds,deodorant,0.14909675822816135,0.34347933679782233,0.06409304627567433,0.42987551867219914,1.2515323998230234,1.0,0.012881390640760215,1.1515391545249258,0.23619552163975596,0.14958128790066416,0.1315970489839264,0.3082374711516615,518
Routine Tech,deodorant,almonds,0.34347933679782233,0.14909675822816135,0.06409304627567433,0.1865994236311239,1.2515323998230234,1.0,0.012881390640760215,1.0461060226566095,0.3061282703197516,0.14958128790066416,0.0440739482022311,0.3082374711516615,518
Routine Tech,green tea,toilet paper,0.147735708982925,0.21158129175946547,0.039099232863152686,0.2646566164154104,1.2508507449528343,1.0,0.007841120717544947,1.0721776055116152,0.23530741410488262,0.12210200927357034,0.06731870274157985,0.22472596902641864,316
Routine Tech,toilet paper,green tea,0.21158129175946547,0.147735708982925,0.039099232863152686,0.1847953216374269,1.2508507449528343,1.0,0.007841120717544947,1.0454605004585353,0.25436244010584297,0.12210200927357034,0.043483709273182965,0.22472596902641864,316
Routine Tech,"energy bar, shampoo",body spray,0.09094283593170008,0.21430339024993814,0.024375154664686958,0.2680272108843537,1.2506904840458122,1.0,0.00488579660557974,1.073395925959657,0.22049401703378355,0.086784140969163,0.06837730997910972,0.19088427518813528,197
Routine Tech,body spray,"energy bar, shampoo",0.21430339024993814,0.09094283593170008,0.024375154664686958,0.11374133949191685,1.2506904840458122,1.0,0.00488579660557974,1.025724435287489,0.25511331388145003,0.086784140969163,0.025079284847376065,0.19088427518813528,197
Routine Tech,almonds,"deodorant, shampoo",0.14909675822816135,0.15528334570650829,0.028953229398663696,0.1941908713692946,1.250558264865848,1.0,0.0058009859470004345,1.0482837985825515,0.2354640576975898,0.10512129380053907,0.046059853875295015,0.19032252731811344,234
Routine Tech,"deodorant, shampoo",almonds,0.15528334570650829,0.14909675822816135,0.028953229398663696,0.18645418326693228,1.2505582648658478,1.0,0.0058009859470004345,1.0459192638821326,0.23718856375953198,0.10512129380053907,0.04390325856672193,0.19032252731811344,234
Routine Tech,"almonds, shampoo",deodorant,0.06743380351398169,0.34347933679782233,0.028953229398663696,0.4293577981651376,1.2500251169923062,1.0,0.005791111289926605,1.1504944097915972,0.2144792244301332,0.07580174927113702,0.1308084667867776,0.2568258731459694,234
Routine Tech,deodorant,"almonds, shampoo",0.34347933679782233,0.06743380351398169,0.028953229398663696,0.08429394812680115,1.250025116992306,1.0,0.005791111289926605,1.0184121799548336,0.3046607452939906,0.07580174927113702,0.018079300618390186,0.2568258731459694,234
Routine Tech,"antioxydant juice, tooth brush",energy bar,0.09119029943083395,0.23447166542934916,0.026726057906458798,0.2930800542740841,1.2499593660386006,1.0,0.005344516527910129,1.082906684411842,0.220039457428838,0.08940397350993379,0.07655939851998513,0.20353211156975975,216
Routine Tech,energy bar,"antioxydant juice, tooth brush",0.23447166542934916,0.09119029943083395,0.026726057906458798,0.11398416886543536,1.2499593660386006,1.0,0.005344516527910129,1.025726255258231,0.2612235032834678,0.08940397350993379,0.025081014672627442,0.20353211156975975,216
Routine Tech,"body spray, toilet paper",tooth brush,0.05790645879732739,0.3419945558030191,0.024746349913387776,0.4273504273504274,1.2495825448068574,1.0,0.004942656258869967,1.149054283149952,0.21200945626477535,0.06596306068601583,0.12971909624786648,0.2498546637475726,200
Routine Tech,tooth brush,"body spray, toilet paper",0.3419945558030191,0.05790645879732739,0.024746349913387776,0.0723589001447178,1.2495825448068574,1.0,0.004942656258869967,1.0155797768659076,0.30354268522000744,0.06596306068601583,0.015340771075598798,0.2498546637475726,200
Routine Tech,body spray,"deodorant, shampoo",0.21430339024993814,0.15528334570650829,0.041573867854491464,0.19399538106235567,1.249299338442995,1.0,0.00829612042023356,1.0480295452982291,0.2539801274840645,0.12674462466993588,0.04582842679741593,0.23086223236384718,336
Routine Tech,"deodorant, shampoo",body spray,0.15528334570650829,0.21430339024993814,0.041573867854491464,0.26772908366533865,1.2492993384429947,1.0,0.00829612042023356,1.0729589175585719,0.2362346286104891,0.12674462466993588,0.06799786680051449,0.23086223236384718,336
Routine Tech,"tooth brush, toothpaste",protein bar,0.15553080920564216,0.22989359069537244,0.044667161593664934,0.2871917263325378,1.2492376384389507,1.0,0.00891162540162297,1.0803836568034788,0.23625703935953243,0.13108206245461146,0.0744028811406765,0.24074333356454664,361
Routine Tech,protein bar,"tooth brush, toothpaste",0.22989359069537244,0.15553080920564216,0.044667161593664934,0.19429494079655543,1.2492376384389507,1.0,0.00891162540162297,1.0481120617875195,0.25907041992750784,0.13108206245461146,0.04590354747512983,0.24074333356454664,361
Routine Tech,"protein bar, shampoo",energy bar,0.0967582281613462,0.23447166542934916,0.028334570650829,0.2928388746803069,1.2489307573436625,1.0,0.005647507749845206,1.0825373555773037,0.2206663875097207,0.09354575163398693,0.07624434866110237,0.20684160092854395,229
Routine Tech,energy bar,"protein bar, shampoo",0.23447166542934916,0.0967582281613462,0.028334570650829,0.12084432717678101,1.2489307573436625,1.0,0.005647507749845206,1.027396853321878,0.26036279761127545,0.09354575163398693,0.026666281129143026,0.20684160092854395,229
Routine Tech,"cotton buds, protein bar",toothpaste,0.05221479831724821,0.3453353130413264,0.022519178421182874,0.4312796208530805,1.2488720514993181,1.0,0.004487564698906241,1.1511187412356676,0.21025593205749854,0.06004618937644341,0.13127988957372833,0.24824461157308272,182
Routine Tech,toothpaste,"cotton buds, protein bar",0.3453353130413264,0.05221479831724821,0.022519178421182874,0.06520960229308491,1.2488720514993181,1.0,0.004487564698906241,1.0139013023750711,0.3043962274731504,0.06004618937644341,0.013710705709231361,0.24824461157308272,182
Routine Tech,low fat yogurt,"shower gel, toothpaste",0.12199950507300174,0.15268497896560257,0.02326156891858451,0.19066937119675456,1.248776222052002,1.0,0.0046340770526993175,1.046933096165308,0.22689738300271067,0.09251968503937008,0.0448291264620576,0.17150972611701587,188
Routine Tech,"shower gel, toothpaste",low fat yogurt,0.15268497896560257,0.12199950507300174,0.02326156891858451,0.15235008103727715,1.248776222052002,1.0,0.0046340770526993175,1.0358055552006844,0.23511446112547238,0.09251968503937008,0.03456783468760906,0.17150972611701587,188
Routine Tech,shower gel,gluten free bar,0.3431081415491215,0.15392229646127195,0.06594902251917842,0.19221060223584566,1.2487508740113382,1.0,0.013137029437378475,1.0473988713896842,0.30324589523189227,0.15298507462686567,0.04525388816468334,0.3103335969378585,533
Routine Tech,gluten free bar,shower gel,0.15392229646127195,0.3431081415491215,0.06594902251917842,0.4284565916398714,1.248750874011338,1.0,0.013137029437378475,1.1493297776552642,0.2354390842038778,0.15298507462686567,0.1299277026998381,0.3103335969378585,533
Routine Tech,low fat yogurt,razor,0.12199950507300174,0.2081168027715912,0.03167532788913635,0.25963488843813387,1.2475440953370975,1.0,0.00628518095362671,1.0695847020098783,0.2259966001972942,0.10613598673300165,0.06505768255578091,0.20591732531300272,256
Routine Tech,razor,low fat yogurt,0.2081168027715912,0.12199950507300174,0.03167532788913635,0.15219976218787157,1.2475440953370973,1.0,0.00628518095362671,1.0356219021509194,0.2505737304687499,0.10613598673300165,0.034396628805295655,0.20591732531300272,256
Routine Tech,green tea,razor,0.147735708982925,0.2081168027715912,0.03835684236575105,0.25963149078726966,1.247527769644895,1.0,0.007610558957030451,1.0695797935415385,0.23280881195908731,0.12081060015588463,0.06505339195979895,0.2219679451558227,310
Routine Tech,razor,green tea,0.2081168027715912,0.147735708982925,0.03835684236575105,0.18430439952437572,1.247527769644895,1.0,0.007610558957030451,1.0448312955471721,0.2505604838709677,0.12081060015588463,0.04290768829210287,0.2219679451558227,310
Routine Tech,oatmeal,tooth brush,0.11717396683989112,0.3419945558030191,0.049987626825043305,0.426610348468849,1.247418537020708,1.0,0.009914768083957054,1.14757118905072,0.22466990917732266,0.12216510432416086,0.12859436561211685,0.28638766338058946,404
Routine Tech,tooth brush,oatmeal,0.3419945558030191,0.11717396683989112,0.049987626825043305,0.14616497829232994,1.247418537020708,1.0,0.009914768083957054,1.0339538795146361,0.30143283226404616,0.12216510432416086,0.032838872397843104,0.28638766338058946,404
Routine Tech,"deodorant, energy bar",razor,0.09106656768126702,0.2081168027715912,0.023632764167285325,0.2595108695652174,1.2469481853900637,1.0,0.004680281262077316,1.0694055654313925,0.21788400711004163,0.08576560395150426,0.06490106997282609,0.18653308044253736,191
Routine Tech,razor,"deodorant, energy bar",0.2081168027715912,0.09106656768126702,0.023632764167285325,0.11355529131985731,1.2469481853900635,1.0,0.004680281262077316,1.0253695728773367,0.25008998691099465,0.08576560395150426,0.02474188190131864,0.18653308044253736,191
Routine Tech,oatmeal,body spray,0.11717396683989112,0.21430339024993814,0.031304132640435536,0.26715945089757126,1.2466412714515998,1.0,0.00619335429761304,1.0721249127281103,0.22410374732363703,0.10428689200329759,0.0672728633313655,0.20661667694994035,253
Routine Tech,body spray,oatmeal,0.21430339024993814,0.11717396683989112,0.031304132640435536,0.14607390300230946,1.2466412714515998,1.0,0.00619335429761304,1.0338436034031837,0.2518079113628583,0.10428689200329759,0.032735709049007015,0.20661667694994035,253
Routine Tech,"cotton buds, energy bar",toothpaste,0.05518436030685474,0.3453353130413264,0.023756495916852263,0.43049327354260086,1.2465949970517018,1.0,0.004699387575299235,1.1495293322187732,0.20936872489959835,0.06305418719211822,0.13007874442852013,0.24964291050831225,192
Routine Tech,toothpaste,"cotton buds, energy bar",0.3453353130413264,0.05518436030685474,0.023756495916852263,0.06879254747402364,1.2465949970517018,1.0,0.004699387575299235,1.0146134861037202,0.30216208341208334,0.06305418719211822,0.014403007947231407,0.24964291050831225,192
Routine Tech,"energy bar, toilet paper",deodorant,0.05753526354862658,0.34347933679782233,0.024622618163820838,0.42795698924731185,1.2459468253230455,1.0,0.004860443997650659,1.1476770992068144,0.20944818618496186,0.06541748849441156,0.1286747808324113,0.24982143410492394,199
Routine Tech,deodorant,"energy bar, toilet paper",0.34347933679782233,0.05753526354862658,0.024622618163820838,0.07168587896253602,1.2459468253230455,1.0,0.004860443997650659,1.0152433482301173,0.30067222656819725,0.06541748849441156,0.015014477323777878,0.24982143410492394,199
Routine Tech,nonfat milk,toothpaste,0.11247216035634744,0.3453353130413264,0.0483791140806731,0.43014301430143015,1.2455807386543025,1.0,0.009538505375579598,1.1488227807826918,0.22214698983079134,0.11816258688425506,0.12954372360312952,0.28511808543806727,391
Routine Tech,toothpaste,nonfat milk,0.3453353130413264,0.11247216035634744,0.0483791140806731,0.1400931565747044,1.2455807386543023,1.0,0.009538505375579598,1.0321209168522643,0.3011643088369431,0.11816258688425506,0.031121273028964294,0.28511808543806727,391
Routine Tech,"shampoo, toilet paper",body spray,0.09465478841870824,0.21430339024993814,0.025241276911655532,0.26666666666666666,1.2443418013856813,1.0,0.004956434850135777,1.0714044678409933,0.2168921689216893,0.0889664195377235,0.06664566929133858,0.1922247882986913,204
Routine Tech,body spray,"shampoo, toilet paper",0.21430339024993814,0.09465478841870824,0.025241276911655532,0.11778290993071594,1.2443418013856813,1.0,0.004956434850135777,1.0262159073683228,0.2499212598425198,0.0889664195377235,0.025546190796780954,0.1922247882986913,204
Routine Tech,razor,almonds,0.2081168027715912,0.14909675822816135,0.038604305864884926,0.18549346016646848,1.2441146432077994,1.0,0.007574765238831053,1.0446855858833815,0.24778345352564085,0.12116504854368931,0.04277419587980198,0.2222073109960973,312
Routine Tech,almonds,razor,0.14909675822816135,0.2081168027715912,0.038604305864884926,0.2589211618257261,1.2441146432077992,1.0,0.007574765238831053,1.0685545942443815,0.23059678676226575,0.12116504854368931,0.06415637966804974,0.2222073109960973,312
Routine Tech,"razor, tooth brush",cotton buds,0.09143776292996783,0.19908438505320467,0.022642910170749816,0.2476319350473613,1.2438541324131598,1.0,0.004439079367196456,1.0645263299382763,0.21577741412400492,0.08452655889145497,0.060615062421253516,0.18068358716320831,183
Routine Tech,cotton buds,"razor, tooth brush",0.19908438505320467,0.09143776292996783,0.022642910170749816,0.11373523927905531,1.2438541324131596,1.0,0.004439079367196456,1.025158933692624,0.2447788586300893,0.08452655889145497,0.024541495826409507,0.18068358716320831,183
Routine Tech,"deodorant, razor",body spray,0.09292254392477109,0.21430339024993814,0.024746349913387776,0.2663115845539281,1.2426848882014128,1.0,0.004832733719660538,1.070885941782752,0.21529668530896198,0.08760402978537013,0.06619373643540898,0.19089251283123657,200
Routine Tech,body spray,"deodorant, razor",0.21430339024993814,0.09292254392477109,0.024746349913387776,0.11547344110854503,1.2426848882014128,1.0,0.004832733719660538,1.025494878539358,0.2485574803149607,0.08760402978537013,0.024861049111889372,0.19089251283123657,200
Routine Tech,"protein bar, toothpaste",cotton buds,0.09106656768126702,0.19908438505320467,0.022519178421182874,0.24728260869565216,1.2420994676682788,1.0,0.004389246795451787,1.064032297113432,0.21443979380271222,0.08414239482200647,0.06017890367345291,0.1801981719674656,182
Routine Tech,cotton buds,"protein bar, toothpaste",0.19908438505320467,0.09106656768126702,0.022519178421182874,0.11311373523927903,1.2420994676682786,1.0,0.004389246795451787,1.024859069797366,0.2433608412289084,0.08414239482200647,0.024256086060965576,0.1801981719674656,182
Routine Tech,antioxydant juice,"energy bar, shampoo",0.21034397426379609,0.09094283593170008,0.023756495916852263,0.11294117647058824,1.2418919567827131,1.0,0.0046272183761581105,1.0247991902626723,0.24666052961454074,0.08559964333481943,0.024199072850863496,0.1870828331332533,192
Routine Tech,"energy bar, shampoo",antioxydant juice,0.09094283593170008,0.21034397426379609,0.023756495916852263,0.26122448979591834,1.241891956782713,1.0,0.0046272183761581105,1.0688714160517678,0.21426262420035375,0.08559964333481943,0.06443377100134942,0.1870828331332533,192
Routine Tech,low fat yogurt,toilet paper,0.12199950507300174,0.21158129175946547,0.032046523137837166,0.2626774847870182,1.2414967438881177,1.0,0.006233710260475998,1.0692996510662542,0.2215495814706637,0.10627821091505948,0.06480844821856263,0.20706973654555588,259
Routine Tech,toilet paper,low fat yogurt,0.21158129175946547,0.12199950507300174,0.032046523137837166,0.15146198830409355,1.2414967438881177,1.0,0.006233710260475998,1.0347214654205148,0.24672250943437377,0.10627821091505948,0.03355634011748647,0.20706973654555588,259
Routine Tech,energy bar,"cotton buds, shower gel",0.23447166542934916,0.08673595644642415,0.025241276911655532,0.10765171503957785,1.2411428829527364,1.0,0.004904152751054967,1.0234390080035636,0.25379987133046206,0.08528428093645485,0.022902203082220324,0.19933227692064487,204
Routine Tech,"cotton buds, shower gel",energy bar,0.08673595644642415,0.23447166542934916,0.025241276911655532,0.29101283880171186,1.2411428829527362,1.0,0.004904152751054967,1.079749220390395,0.21274350412160534,0.08528428093645485,0.07385902104338699,0.19933227692064487,204
Routine Tech,almonds,shower gel,0.14909675822816135,0.3431081415491215,0.06347438752783964,0.42572614107883816,1.2407928857552002,1.0,0.012318075901176513,1.1438651581406194,0.22806790780126765,0.14805194805194802,0.1257710815971313,0.3053621689887519,513
Routine Tech,shower gel,almonds,0.3431081415491215,0.14909675822816135,0.06347438752783964,0.1849981968986657,1.2407928857552002,1.0,0.012318075901176513,1.0440507475368621,0.2954271994630472,0.14805194805194802,0.04219215171368565,0.3053621689887519,513
Routine Tech,"toilet paper, toothpaste",protein bar,0.09514971541697599,0.22989359069537244,0.027097253155159613,0.2847854356306892,1.2387706624150863,1.0,0.005222943424308166,1.0767487795550155,0.21301653963324213,0.09094684385382058,0.07127826008470921,0.20132705581319174,219
Routine Tech,protein bar,"toilet paper, toothpaste",0.22989359069537244,0.09514971541697599,0.027097253155159613,0.11786867599569428,1.238770662415086,1.0,0.005222943424308166,1.02575462401175,0.2502875890645725,0.09094684385382058,0.02510797749175458,0.20132705581319174,219
Routine Tech,gluten free bar,toothpaste,0.15392229646127195,0.3453353130413264,0.06582529076961148,0.42765273311897106,1.2383695410489157,1.0,0.01267048633711828,1.143824256427795,0.22750463464892118,0.15186982586354553,0.1257398202735823,0.30913270837245577,532
Routine Tech,toothpaste,gluten free bar,0.3453353130413264,0.15392229646127195,0.06582529076961148,0.1906126836259405,1.2383695410489157,1.0,0.01267048633711828,1.0453310626722399,0.2940231887600308,0.15186982586354553,0.04336526894776999,0.30913270837245577,532
Routine Tech,"deodorant, toilet paper",body spray,0.09465478841870824,0.21430339024993814,0.02511754516208859,0.265359477124183,1.2382420866730064,1.0,0.004832703100568835,1.0694980541971482,0.21251946509612882,0.08849171752397558,0.06498193608151923,0.1912825099246781,203
Routine Tech,body spray,"deodorant, toilet paper",0.21430339024993814,0.09465478841870824,0.02511754516208859,0.11720554272517321,1.2382420866730064,1.0,0.004832703100568835,1.0255447393451913,0.24488266552887789,0.08849171752397558,0.02490845924625528,0.1912825099246781,203
Routine Tech,nonfat milk,toilet paper,0.11247216035634744,0.21158129175946547,0.029448156396931453,0.26182618261826185,1.2374732210063113,1.0,0.005651151421757719,1.0680664765881458,0.21622049070569258,0.09995800083998319,0.06372868925310615,0.20050373458398474,238
Routine Tech,toilet paper,nonfat milk,0.21158129175946547,0.11247216035634744,0.029448156396931453,0.1391812865497076,1.237473221006311,1.0,0.005651151421757719,1.031027585455602,0.24340075013056073,0.09995800083998319,0.030093846074827384,0.20050373458398474,238
Routine Tech,cotton buds,razor,0.19908438505320467,0.2081168027715912,0.051224944320712694,0.25730267246737104,1.2363378114633132,1.0,0.009792138621691378,1.066225995264025,0.23867630014232274,0.14389989572471323,0.06211253107520198,0.2517191126902848,414
Routine Tech,razor,cotton buds,0.2081168027715912,0.19908438505320467,0.051224944320712694,0.24613555291319855,1.236337811463313,1.0,0.009792138621691378,1.0624132999530833,0.24139870169082106,0.14389989572471323,0.05874672310280714,0.2517191126902848,414
Routine Tech,"deodorant, toothpaste",green tea,0.15256124721603564,0.147735708982925,0.02783964365256125,0.18248175182481752,1.2351905512966292,1.0,0.0053008996317809275,1.0425018559762436,0.22468681559351728,0.10217983651226158,0.04076909382232509,0.18546198144004694,225
Routine Tech,green tea,"deodorant, toothpaste",0.147735708982925,0.15256124721603564,0.02783964365256125,0.1884422110552764,1.235190551296629,1.0,0.0053008996317809275,1.0442124569907674,0.22341463414634144,0.10217983651226158,0.04234048032541155,0.18546198144004694,225
Routine Tech,"deodorant, oatmeal",toothpaste,0.04788418708240535,0.3453353130413264,0.020415738678544914,0.4263565891472868,1.23461624990626,1.0,0.003879637942713024,1.1412397921306607,0.19958887116781843,0.05476269498838367,0.12375996096926323,0.24273759231638795,165
Routine Tech,toothpaste,"deodorant, oatmeal",0.3453353130413264,0.04788418708240535,0.020415738678544914,0.05911859548548907,1.23461624990626,1.0,0.003879637942713024,1.011940302305029,0.29027336300063555,0.05476269498838367,0.011799413737975651,0.24273759231638795,165
Routine Tech,toilet paper,tooth brush,0.21158129175946547,0.3419945558030191,0.08933432318732987,0.4222222222222222,1.234587554269175,1.0,0.0169746732958225,1.1388555764947748,0.24100505501040745,0.19243070362473347,0.12192553591575778,0.3417189258723267,722
Routine Tech,tooth brush,toilet paper,0.3419945558030191,0.21158129175946547,0.08933432318732987,0.2612156295224312,1.2345875542691749,1.0,0.0169746732958225,1.0671837950914973,0.2887710061162686,0.19243070362473347,0.0629542871626317,0.3417189258723267,722
Routine Tech,energy bar,"protein bar, toothpaste",0.23447166542934916,0.09106656768126702,0.02635486265775798,0.11240105540897098,1.2342735459447058,1.0,0.005002332868596759,1.0240361796932218,0.2479422627028807,0.0880893300248139,0.02347200242517063,0.20090161466100723,213
Routine Tech,"protein bar, toothpaste",energy bar,0.09106656768126702,0.23447166542934916,0.02635486265775798,0.28940217391304346,1.2342735459447056,1.0,0.005002332868596759,1.0773018245583155,0.2088236835478795,0.0880893300248139,0.07175502983113258,0.20090161466100723,213
Routine Tech,"energy bar, shower gel",protein bar,0.09119029943083395,0.22989359069537244,0.025859935659490227,0.2835820895522388,1.2335363012708256,1.0,0.004895870286749631,1.0749401963210425,0.20831930063415857,0.0875943000838223,0.06971568890764683,0.1980343171119644,209
Routine Tech,protein bar,"energy bar, shower gel",0.22989359069537244,0.09119029943083395,0.025859935659490227,0.11248654467168999,1.2335363012708256,1.0,0.004895870286749631,1.0239954054927292,0.24583953456907048,0.0875943000838223,0.023433118316759493,0.1980343171119644,209
Routine Tech,oatmeal,shampoo,0.11717396683989112,0.3450878495421925,0.04986389507547637,0.42555438225976766,1.2331769513888284,1.0,0.009428582836370165,1.1400768501535727,0.21418304551880518,0.12091209120912091,0.12286614725551527,0.2850253087347601,403
Routine Tech,shampoo,oatmeal,0.3450878495421925,0.11717396683989112,0.04986389507547637,0.1444962352097526,1.2331769513888284,1.0,0.009428582836370165,1.0319370521724827,0.2887202021115955,0.12091209120912091,0.03094864372322642,0.2850253087347601,403
Routine Tech,green tea,shower gel,0.147735708982925,0.3431081415491215,0.062484533531304134,0.42294807370184256,1.2326961167177395,1.0,0.011795208981730879,1.1383583149351943,0.22149239314175326,0.14586943963027152,0.12154197243516512,0.30253065423281816,505
Routine Tech,shower gel,green tea,0.3431081415491215,0.147735708982925,0.062484533531304134,0.18211323476379374,1.2326961167177395,1.0,0.011795208981730879,1.0420321335936282,0.2873685447278954,0.14586943963027152,0.040336696190618616,0.30253065423281816,505
Routine Tech,"razor, toothpaste",protein bar,0.09651076466221233,0.22989359069537244,0.027344716654293492,0.2833333333333333,1.232454251883746,1.0,0.00515751042534144,1.074567082750643,0.20875827734544936,0.09143566404633843,0.06939267352185088,0.20113921779691424,221
Routine Tech,protein bar,"razor, toothpaste",0.22989359069537244,0.09651076466221233,0.027344716654293492,0.11894510226049516,1.232454251883746,1.0,0.00515751042534144,1.0254630416967683,0.244915318312415,0.09143566404633843,0.02483077464657928,0.20113921779691424,221
Routine Tech,"oatmeal, toothpaste",deodorant,0.04825538233110616,0.34347933679782233,0.020415738678544914,0.4230769230769231,1.231739082243405,1.0,0.0038410119585312145,1.1379691495504414,0.19767881624355874,0.05498167277574142,0.12124155527849458,0.2412574817113722,165
Routine Tech,deodorant,"oatmeal, toothpaste",0.34347933679782233,0.04825538233110616,0.020415738678544914,0.05943804034582132,1.231739082243405,1.0,0.0038410119585312145,1.0118893369011297,0.286570948840078,0.05498167277574142,0.011749641455398844,0.2412574817113722,165
Routine Tech,green tea,deodorant,0.147735708982925,0.34347933679782233,0.062484533531304134,0.42294807370184256,1.2313639523264739,1.0,0.011740370188492971,1.1377150535027576,0.22046262117500956,0.14574314574314573,0.12104529431931617,0.30243225010740543,505
Routine Tech,deodorant,green tea,0.34347933679782233,0.147735708982925,0.062484533531304134,0.1819164265129683,1.2313639523264739,1.0,0.011740370188492971,1.0417814495215325,0.2861942206282447,0.14574314574314573,0.040105772223839986,0.30243225010740543,505
Routine Tech,"shampoo, toothpaste",protein bar,0.15256124721603564,0.22989359069537244,0.04318238059886167,0.2830494728304947,1.231219504529633,1.0,0.008109527675402843,1.0741416319825856,0.22160556348342733,0.1272793581327498,0.06902407445630754,0.23544292801912248,349
Routine Tech,protein bar,"shampoo, toothpaste",0.22989359069537244,0.15256124721603564,0.04318238059886167,0.18783638320775026,1.231219504529633,1.0,0.008109527675402843,1.043433533911601,0.24385869284993475,0.1272793581327498,0.04162558754344247,0.23544292801912248,349
Routine Tech,gluten free bar,antioxydant juice,0.15392229646127195,0.21034397426379609,0.039841623360554315,0.25884244372990356,1.230567429544165,1.0,0.007464995795080136,1.0654361128154421,0.22145336891575942,0.12280701754385966,0.06141720937403331,0.22412710421789295,322
Routine Tech,antioxydant juice,gluten free bar,0.21034397426379609,0.15392229646127195,0.039841623360554315,0.18941176470588234,1.2305674295441649,1.0,0.007464995795080136,1.0437823628561957,0.23727642379284905,0.12280701754385966,0.04194587340639677,0.22412710421789295,322
Routine Tech,"razor, tooth brush",protein bar,0.09143776292996783,0.22989359069537244,0.025859935659490227,0.28281461434370775,1.2301979080332863,1.0,0.004838980014367705,1.0737898801436223,0.20595469955762977,0.0875209380234506,0.06871910557934544,0.19765057950769888,209
Routine Tech,protein bar,"razor, tooth brush",0.22989359069537244,0.09143776292996783,0.025859935659490227,0.11248654467168999,1.230197908033286,1.0,0.004838980014367705,1.02371657760832,0.24298286613940798,0.0875209380234506,0.0231671325121338,0.19765057950769888,209
Routine Tech,oatmeal,gluten free bar,0.11717396683989112,0.15392229646127195,0.02214798317248206,0.1890179514255544,1.2280089095026774,1.0,0.004112297111009088,1.0432755016291346,0.21031738264045757,0.0889662027833002,0.04148041582645959,0.16645431333335597,179
Routine Tech,gluten free bar,oatmeal,0.15392229646127195,0.11717396683989112,0.02214798317248206,0.14389067524115756,1.2280089095026774,1.0,0.004112297111009088,1.031207122301573,0.21945225579696764,0.0889662027833002,0.03026271020308835,0.16645431333335597,179
Routine Tech,"shower gel, toilet paper",protein bar,0.09205642167780252,0.22989359069537244,0.025983667409057165,0.28225806451612906,1.227777006146047,1.0,0.004820486082979823,1.0729572444244249,0.2043297122610288,0.08779264214046824,0.06799641346712003,0.19764141116010975,210
Routine Tech,protein bar,"shower gel, toilet paper",0.22989359069537244,0.09205642167780252,0.025983667409057165,0.11302475780409042,1.227777006146047,1.0,0.004820486082979823,1.0236402721617979,0.2409015791406538,0.08779264214046824,0.02309431624048226,0.19764141116010975,210
Routine Tech,shampoo,"antioxydant juice, energy bar",0.3450878495421925,0.05617421430339025,0.023756495916852263,0.06884187880960918,1.225506750086479,1.0,0.004371457103173049,1.0136042034300519,0.28097054285534345,0.06293018682399212,0.013421613075414444,0.24587468389819664,192
Routine Tech,"antioxydant juice, energy bar",shampoo,0.05617421430339025,0.3450878495421925,0.023756495916852263,0.4229074889867841,1.2255067500864787,1.0,0.004371457103173049,1.1348477721673458,0.1949629107673483,0.06293018682399212,0.1188245467582069,0.24587468389819664,192
Routine Tech,"shampoo, toothpaste",green tea,0.15256124721603564,0.147735708982925,0.02759218015342737,0.1808596918085969,1.224211079729548,1.0,0.0050534361326470476,1.0404374958653995,0.21611874863732514,0.10117967332123409,0.03886585789736936,0.1838134304939132,223
Routine Tech,green tea,"shampoo, toothpaste",0.147735708982925,0.15256124721603564,0.02759218015342737,0.18676716917922948,1.2242110797295478,1.0,0.0050534361326470476,1.0420616589331138,0.2148950797643786,0.10117967332123409,0.04036388688955067,0.1838134304939132,223
Routine Tech,green tea,cotton buds,0.147735708982925,0.19908438505320467,0.036005939123979216,0.24371859296482415,1.224197432157681,1.0,0.006594066350714387,1.0590179891987526,0.2148843947938744,0.11584394904458599,0.055728977034096815,0.2122881342698577,291
Routine Tech,cotton buds,green tea,0.19908438505320467,0.147735708982925,0.036005939123979216,0.18085767557489124,1.224197432157681,1.0,0.006594066350714387,1.0404349349366264,0.22866116350072718,0.11584394904458599,0.038863492159737376,0.2122881342698577,291
Routine Tech,"shower gel, toothpaste",protein bar,0.15268497896560257,0.22989359069537244,0.04293491709972779,0.28119935170178284,1.223171776347583,1.0,0.007833619040078003,1.071376898626731,0.21533117643890223,0.12641165755919853,0.06662165174386389,0.23397965432236612,347
Routine Tech,protein bar,"shower gel, toothpaste",0.22989359069537244,0.15268497896560257,0.04293491709972779,0.18675995694294942,1.223171776347583,1.0,0.007833619040078003,1.041900270735877,0.23691964914100294,0.12641165755919853,0.040215241240204036,0.23397965432236612,347
Routine Tech,"energy bar, protein bar",toothpaste,0.062484533531304134,0.3453353130413264,0.02635486265775798,0.42178217821782177,1.22136996214849,1.0,0.004776746710483809,1.1322111880620895,0.193327223912743,0.06908855011352578,0.11677255043591672,0.24904945528590838,213
Routine Tech,toothpaste,"energy bar, protein bar",0.3453353130413264,0.062484533531304134,0.02635486265775798,0.07631673235399498,1.22136996214849,1.0,0.004776746710483809,1.0149750453507098,0.27685510784102313,0.06908855011352578,0.014754102004089673,0.24904945528590838,213
Routine Tech,low fat yogurt,shower gel,0.12199950507300174,0.3431081415491215,0.051101212571145756,0.41886409736308317,1.220793232920461,1.0,0.009242189115635506,1.130358416112681,0.20599130294733442,0.12343096234309624,0.1153248511750684,0.28390013378792456,413
Routine Tech,shower gel,low fat yogurt,0.3431081415491215,0.12199950507300174,0.051101212571145756,0.14893617021276595,1.2207932329204607,1.0,0.009242189115635506,1.031650581539223,0.27532761079568374,0.12343096234309624,0.030679555758113635,0.28390013378792456,413
Routine Tech,protein bar,shampoo,0.22989359069537244,0.3450878495421925,0.0967582281613462,0.4208826695371367,1.2196392022944207,1.0,0.017424743324747125,1.1308799029280727,0.23384481489030165,0.20232858990944375,0.11573280468527092,0.35063495255272037,782
Routine Tech,shampoo,protein bar,0.3450878495421925,0.22989359069537244,0.0967582281613462,0.2803872355683041,1.2196392022944207,1.0,0.017424743324747125,1.0701678004736455,0.27497640806295814,0.20232858990944375,0.06556710119907351,0.35063495255272037,782
Routine Tech,energy bar,"cotton buds, shampoo",0.23447166542934916,0.09180895817866865,0.02623113090819104,0.11187335092348286,1.2185450433471543,1.0,0.004704531582705139,1.0225918147661455,0.23428155810570564,0.08742268041237115,0.02209270056724638,0.19879381831888426,212
Routine Tech,"cotton buds, shampoo",energy bar,0.09180895817866865,0.23447166542934916,0.02623113090819104,0.2857142857142857,1.218545043347154,1.0,0.004704531582705139,1.071739668398911,0.19747956403269762,0.08742268041237115,0.06693758803020157,0.19879381831888426,212
Routine Tech,green tea,shampoo,0.147735708982925,0.3450878495421925,0.06211333828260331,0.4204355108877722,1.2183434202205001,1.0,0.011131540169094546,1.1300073809922286,0.21027909268847952,0.1442114334961218,0.11505002814943793,0.3002141699293648,502
Routine Tech,shampoo,green tea,0.3450878495421925,0.147735708982925,0.06211333828260331,0.17999282897095734,1.2183434202205001,1.0,0.011131540169094546,1.039337607191352,0.27364488767017703,0.1442114334961218,0.03784872876644559,0.3002141699293648,502
Routine Tech,"cotton buds, tooth brush",razor,0.08933432318732987,0.2081168027715912,0.022642910170749816,0.25346260387811637,1.2178863047223165,1.0,0.004050936451238701,1.0607414998124511,0.1964555119980994,0.08239531742458352,0.057263244459833815,0.18113082631480135,183
Routine Tech,razor,"cotton buds, tooth brush",0.2081168027715912,0.08933432318732987,0.022642910170749816,0.10879904875148633,1.2178863047223165,1.0,0.004050936451238701,1.0218410062701209,0.22592383879781433,0.08239531742458352,0.021374172827379415,0.18113082631480135,183
Routine Tech,"antioxydant juice, deodorant",protein bar,0.09193268992823558,0.22989359069537244,0.025736203909923285,0.27994616419919244,1.217720613055906,1.0,0.0046014677200369065,1.069512265632408,0.19689461989162219,0.08692018386961971,0.06499436038847578,0.195947247869241,208
Routine Tech,protein bar,"antioxydant juice, deodorant",0.22989359069537244,0.09193268992823558,0.025736203909923285,0.11194833153928956,1.217720613055906,1.0,0.0046014677200369065,1.0225388255232353,0.23216735465691118,0.08692018386961971,0.022042024185929716,0.195947247869241,208
Routine Tech,"body spray, toothpaste",protein bar,0.09415986142044049,0.22989359069537244,0.02635486265775798,0.27989487516425754,1.2174975140352688,1.0,0.004708114016434246,1.06943609029347,0.19721259762737972,0.0885286783042394,0.06492776045590125,0.19726713618277464,213
Routine Tech,protein bar,"body spray, toothpaste",0.22989359069537244,0.09415986142044049,0.02635486265775798,0.11463939720129171,1.2174975140352688,1.0,0.004708114016434246,1.0231312933014112,0.23197195167577872,0.0885286783042394,0.0226083333125037,0.19726713618277464,213
Routine Tech,oatmeal,"deodorant, shampoo",0.11717396683989112,0.15528334570650829,0.02214798317248206,0.1890179514255544,1.217245484797873,1.0,0.003952817571880308,1.0415972286665842,0.20216103635787075,0.08848245180425113,0.03993600167296479,0.16582371674863378,179
Routine Tech,"deodorant, shampoo",oatmeal,0.15528334570650829,0.11717396683989112,0.02214798317248206,0.14262948207171317,1.217245484797873,1.0,0.003952817571880308,1.0296902152564467,0.2112815284038974,0.08848245180425113,0.028834123910803894,0.16582371674863378,179
Routine Tech,"protein bar, tooth brush",energy bar,0.09539717891610987,0.23447166542934916,0.027220984904726554,0.28534370946822313,1.216964569879778,1.0,0.004853049487004678,1.0711839309509472,0.19708471667847957,0.08994276369582994,0.06645350895784377,0.2007193481378055,220
Routine Tech,energy bar,"protein bar, tooth brush",0.23447166542934916,0.09539717891610987,0.027220984904726554,0.11609498680738788,1.216964569879778,1.0,0.004853049487004678,1.0234163259426696,0.23288934275680687,0.08994276369582994,0.022880547582725876,0.2007193481378055,220
Routine Tech,"energy bar, tooth brush",body spray,0.09020044543429843,0.21430339024993814,0.023509032417718387,0.2606310013717421,1.2161776865395033,1.0,0.0041787711590936805,1.0626583089198425,0.19537460542420937,0.08366358432408631,0.05896374064353067,0.18516538521242995,190
Routine Tech,body spray,"energy bar, tooth brush",0.21430339024993814,0.09020044543429843,0.023509032417718387,0.10969976905311778,1.2161776865395033,1.0,0.0041787711590936805,1.0219019640128373,0.22623456278491522,0.08366358432408631,0.021432549093879764,0.18516538521242995,190
Routine Tech,low fat yogurt,tooth brush,0.12199950507300174,0.3419945558030191,0.05073001732244494,0.4158215010141988,1.2158716972491876,1.0,0.00900685077681554,1.126377374962193,0.20221492011988884,0.12275449101796407,0.11219807656952886,0.28207862315543514,410
Routine Tech,tooth brush,low fat yogurt,0.3419945558030191,0.12199950507300174,0.05073001732244494,0.14833574529667148,1.2158716972491874,1.0,0.00900685077681554,1.0309232659210803,0.26982269145745225,0.12275449101796407,0.029995700886090597,0.28207862315543514,410
Routine Tech,nonfat milk,green tea,0.11247216035634744,0.147735708982925,0.020168275179411038,0.1793179317931793,1.213775146358857,1.0,0.0035521208283248173,1.0384828961588757,0.1984435498148734,0.08402061855670104,0.03705684157265901,0.15791692234550087,163
Routine Tech,green tea,nonfat milk,0.147735708982925,0.11247216035634744,0.020168275179411038,0.13651591289782244,1.213775146358857,1.0,0.0035521208283248173,1.027845044165394,0.2066544109788163,0.08402061855670104,0.027090702361661927,0.15791692234550087,163
Routine Tech,green tea,gluten free bar,0.147735708982925,0.15392229646127195,0.02759218015342737,0.18676716917922948,1.213386062143515,1.0,0.004852360557441388,1.0403880309219786,0.20634443211824827,0.10067720090293453,0.038820161056819645,0.18301380967000058,223
Routine Tech,gluten free bar,green tea,0.15392229646127195,0.147735708982925,0.02759218015342737,0.17926045016077172,1.213386062143515,1.0,0.004852360557441388,1.0384101645692863,0.20785323902171604,0.10067720090293453,0.036989395789685985,0.18301380967000058,223
Routine Tech,nonfat milk,antioxydant juice,0.11247216035634744,0.21034397426379609,0.02870576589952982,0.2552255225522552,1.2133721607454864,1.0,0.005047924696140727,1.0602619311583596,0.19813524856141565,0.09760201935212454,0.05683683379306279,0.19584805539377467,232
Routine Tech,antioxydant juice,nonfat milk,0.21034397426379609,0.11247216035634744,0.02870576589952982,0.13647058823529412,1.2133721607454864,1.0,0.005047924696140727,1.0277910949551834,0.22269259447368137,0.09760201935212454,0.02703963392132261,0.19584805539377467,232
Routine Tech,protein bar,tooth brush,0.22989359069537244,0.3419945558030191,0.09539717891610987,0.41496232508073194,1.2133594469256423,1.0,0.0167748224842849,1.1247231971646647,0.22833456699975652,0.20020773824980523,0.11089234887222178,0.34695294256930953,771
Routine Tech,tooth brush,protein bar,0.3419945558030191,0.22989359069537244,0.09539717891610987,0.27894356005788706,1.2133594469256421,1.0,0.0167748224842849,1.0680251456688363,0.2672347395649652,0.20020773824980523,0.06369245700318818,0.34695294256930953,771
Routine Tech,low fat yogurt,"tooth brush, toothpaste",0.12199950507300174,0.15553080920564216,0.02301410541945063,0.18864097363083163,1.212884923535705,1.0,0.004039423672758825,1.040808277654046,0.19990817180056006,0.09042294603791931,0.03920825624679579,0.1683061670063466,186
Routine Tech,"tooth brush, toothpaste",low fat yogurt,0.15553080920564216,0.12199950507300174,0.02301410541945063,0.14797136038186157,1.212884923535705,1.0,0.004039423672758825,1.0304823735977935,0.2078459175233369,0.09042294603791931,0.029580684132779755,0.1683061670063466,186
Routine Tech,low fat yogurt,body spray,0.12199950507300174,0.21430339024993814,0.03167532788913635,0.25963488843813387,1.211529542931292,1.0,0.0055304203431775535,1.061228571525426,0.19885763105975193,0.10398050365556456,0.05769593202472408,0.20372044652853577,256
Routine Tech,body spray,low fat yogurt,0.21430339024993814,0.12199950507300174,0.03167532788913635,0.14780600461893764,1.211529542931292,1.0,0.0055304203431775535,1.0302824235864234,0.22221948818897633,0.10398050365556456,0.029392351934928687,0.20372044652853577,256
Routine Tech,protein bar,razor,0.22989359069537244,0.2081168027715912,0.05790645879732739,0.2518837459634015,1.2102999018289007,1.0,0.010061739724125655,1.0585028636333695,0.22562921582844456,0.15234375,0.05526944294940797,0.26506196810655214,468
Routine Tech,razor,protein bar,0.2081168027715912,0.22989359069537244,0.05790645879732739,0.2782401902497027,1.2102999018289005,1.0,0.010061739724125655,1.0669843331551758,0.21942441239316232,0.15234375,0.06277911593799762,0.26506196810655214,468
Routine Tech,green tea,oatmeal,0.147735708982925,0.11717396683989112,0.02091066567681267,0.14154103852596317,1.207956360471842,1.0,0.00359988661137961,1.028384666920166,0.20199781456817104,0.08569979716024341,0.027601215608526183,0.15999966393035223,169
Routine Tech,oatmeal,green tea,0.11717396683989112,0.147735708982925,0.02091066567681267,0.17845828933474128,1.2079563604718417,1.0,0.00359988661137961,1.037396251405103,0.19500503808627362,0.08569979716024341,0.036048184437192085,0.15999966393035223,169
Routine Tech,body spray,deodorant,0.21430339024993814,0.34347933679782233,0.08883939618906211,0.41454965357967666,1.206912932359851,1.0,0.01523060983248846,1.12139426890155,0.218201039633277,0.18944591029023747,0.10825297780455083,0.3365975933604435,718
Routine Tech,deodorant,body spray,0.34347933679782233,0.21430339024993814,0.08883939618906211,0.25864553314121036,1.206912932359851,1.0,0.01523060983248846,1.0598123365724836,0.26113392417476616,0.18944591029023747,0.0564367242279153,0.3365975933604435,718
Routine Tech,"energy bar, protein bar",shower gel,0.062484533531304134,0.3431081415491215,0.025859935659490227,0.4138613861386139,1.2062126659835115,1.0,0.0044209834840007005,1.1207107720192353,0.18235304146962014,0.06810035842293907,0.10770912088383452,0.2446155109560722,209
Routine Tech,shower gel,"energy bar, protein bar",0.3431081415491215,0.062484533531304134,0.025859935659490227,0.07536963577353048,1.2062126659835115,1.0,0.0044209834840007005,1.0139354089382582,0.2602540959154853,0.06810035842293907,0.013743882317760766,0.2446155109560722,209
Routine Tech,"toilet paper, tooth brush",energy bar,0.08933432318732987,0.23447166542934916,0.025241276911655532,0.28254847645429365,1.2050431592103437,1.0,0.004294909373918576,1.067010535830135,0.18684596121057134,0.08454206382096975,0.06280213135665126,0.19510009574693576,204
Routine Tech,energy bar,"toilet paper, tooth brush",0.23447166542934916,0.08933432318732987,0.025241276911655532,0.10765171503957785,1.2050431592103437,1.0,0.004294909373918576,1.0205271777409877,0.22227028842893246,0.08454206382096975,0.020114288172536438,0.19510009574693576,204
Routine Tech,"body spray, cotton buds",deodorant,0.053575847562484534,0.34347933679782233,0.02214798317248206,0.4133949191685912,1.2035510578964532,1.0,0.0037457865833386457,1.1191867998682792,0.1786993735625426,0.05907590759075908,0.10649410793828765,0.2389380935900593,179
Routine Tech,deodorant,"body spray, cotton buds",0.34347933679782233,0.053575847562484534,0.02214798317248206,0.06448126801152737,1.2035510578964532,1.0,0.0037457865833386457,1.0116570840071402,0.2576086521635673,0.05907590759075908,0.011522762200178352,0.2389380935900593,179
Routine Tech,cotton buds,low fat yogurt,0.19908438505320467,0.12199950507300174,0.029200692897797576,0.14667495338719702,1.2022585935855237,1.0,0.004912496453543701,1.0289168218044722,0.2100498288850426,0.10004239084357779,0.028104139413095586,0.19301293308305084,236
Routine Tech,low fat yogurt,cotton buds,0.12199950507300174,0.19908438505320467,0.029200692897797576,0.23935091277890466,1.2022585935855234,1.0,0.004912496453543701,1.0529370617833869,0.1916083064223338,0.10004239084357779,0.050275618272687686,0.19301293308305084,236
Routine Tech,low fat yogurt,green tea,0.12199950507300174,0.147735708982925,0.021653056174214303,0.17748478701825557,1.2013668749426647,1.0,0.003629372796688436,1.0361684228641628,0.19090513770333392,0.08728179551122195,0.03490593041253507,0.16202547558617972,175
Routine Tech,green tea,low fat yogurt,0.147735708982925,0.12199950507300174,0.021653056174214303,0.14656616415410387,1.2013668749426647,1.0,0.003629372796688436,1.0287856633393875,0.19666998506719768,0.08728179551122195,0.027980233750488644,0.16202547558617972,175
Routine Young Parents,cooking oil,napkins,0.11976617727025557,0.1236179082834874,0.03507340946166395,0.2928490351872872,2.3689855236484805,1.0,0.020268165144405603,1.2393140012877168,0.6565055420869376,0.16837067652817056,0.19310199113304316,0.28828668768162014,774
Routine Young Parents,napkins,cooking oil,0.1236179082834874,0.11976617727025557,0.03507340946166395,0.2837243401759531,2.3689855236484805,1.0,0.020268165144405603,1.2289037197578008,0.6593909077062441,0.16837067652817056,0.18626660175047277,0.28828668768162014,774
Routine Young Parents,cooking oil,babies food,0.11976617727025557,0.13635127786840676,0.03647815841943085,0.3045781309118426,2.2337754047731946,1.0,0.02014788710321737,1.2419061874830255,0.6274780690184416,0.16608211264699813,0.19478620037580893,0.28605443601092295,805
Routine Young Parents,babies food,cooking oil,0.13635127786840676,0.11976617727025557,0.03647815841943085,0.2675307411100033,2.2337754047731946,1.0,0.02014788710321737,1.2017348333002726,0.6395278603643018,0.16608211264699813,0.16786967283477752,0.28605443601092295,805
Routine Young Parents,napkins,babies food,0.1236179082834874,0.13635127786840676,0.03620627152437919,0.2928885630498534,2.148044137382574,1.0,0.01935081176250618,1.2213756941290754,0.6098484015049835,0.16180639935196436,0.18125110495745655,0.27921264310684757,799
Routine Young Parents,babies food,napkins,0.13635127786840676,0.1236179082834874,0.03620627152437919,0.2655367231638418,2.148044137382574,1.0,0.01935081176250618,1.1932279248755595,0.618839817677023,0.16180639935196436,0.16193714616234028,0.27921264310684757,799
Routine Young Parents,napkins,dog food,0.1236179082834874,0.14758926953054197,0.03770164944716331,0.30498533724340177,2.066446552744056,1.0,0.019456972662709873,1.226464384346351,0.5888727030466947,0.16145934407141468,0.1846481538614316,0.2802175688366226,832
Routine Young Parents,dog food,napkins,0.14758926953054197,0.1236179082834874,0.03770164944716331,0.2554498004298434,2.066446552744056,1.0,0.019456972662709873,1.1770624629776005,0.6054328891033478,0.16145934407141468,0.1504274144718606,0.2802175688366226,832
Routine Young Parents,cooking oil,dog food,0.11976617727025557,0.14758926953054197,0.03566249773427588,0.29776768823306854,2.0175429364222772,1.0,0.01798629511649346,1.2138585994777897,0.5729700293868021,0.1539213768824565,0.17618081675229155,0.26970054660348547,787
Routine Young Parents,dog food,cooking oil,0.14758926953054197,0.11976617727025557,0.03566249773427588,0.24163340497390237,2.017542936422277,1.0,0.01798629511649346,1.1606969881096265,0.5916720440613805,0.1539213768824565,0.13844869914872987,0.26970054660348547,787
Routine Young Parents,pet food,cooking oil,0.08727569331158239,0.11976617727025557,0.020618089541417438,0.23624091381100726,1.972517777518467,1.0,0.010165413384878003,1.1525019324116164,0.5401781417867209,0.11059795819154108,0.1323224960608138,0.20419688520667656,455
Routine Young Parents,cooking oil,pet food,0.11976617727025557,0.08727569331158239,0.020618089541417438,0.17215285660234583,1.972517777518467,1.0,0.010165413384878003,1.1025275788745375,0.5601167635453349,0.11059795819154108,0.09299321018273099,0.20419688520667656,455
Routine Young Parents,fresh bread,napkins,0.08954141743701287,0.1236179082834874,0.02143375022657241,0.23937246963562753,1.9363899046624005,1.0,0.010364827498270295,1.1521829762021483,0.5311335299482843,0.11179390215079175,0.13208229885827447,0.20637978320491052,473
Routine Young Parents,napkins,fresh bread,0.1236179082834874,0.08954141743701287,0.02143375022657241,0.17338709677419353,1.9363899046624002,1.0,0.010364827498270295,1.1014328218322966,0.5517856713402756,0.11179390215079175,0.09209170075716219,0.20637978320491052,473
Routine Young Parents,pet food,napkins,0.08727569331158239,0.1236179082834874,0.020844661953960487,0.23883696780893043,1.9320579932578728,1.0,0.010055823302791521,1.1513723797039586,0.5285464506352722,0.10968049594659038,0.13147126192386127,0.20372933434434792,460
Routine Young Parents,napkins,pet food,0.1236179082834874,0.08727569331158239,0.020844661953960487,0.1686217008797654,1.9320579932578728,1.0,0.010055823302791521,1.0978447568985907,0.5504644575333842,0.10968049594659038,0.08912440150008256,0.20372933434434792,460
Routine Young Parents,dog food,babies food,0.14758926953054197,0.13635127786840676,0.038789197027369944,0.26281854467301197,1.927510682566975,1.0,0.018665211527215838,1.1715551386849643,0.5645120522541741,0.15822550831792975,0.14643368717372515,0.273649219162694,856
Routine Young Parents,babies food,dog food,0.13635127786840676,0.14758926953054197,0.038789197027369944,0.28447989365237614,1.9275106825669746,1.0,0.018665211527215838,1.191316250804737,0.5571664943046996,0.15822550831792975,0.16059232859075204,0.273649219162694,856
Routine Young Parents,milk,napkins,0.09139931121986587,0.1236179082834874,0.02143375022657241,0.23450669310857708,1.8970284836950437,1.0,0.01013515855502111,1.1448592480519468,0.520426401049417,0.11072097378277151,0.1265301811540889,0.2039468949413853,473
Routine Young Parents,napkins,milk,0.1236179082834874,0.09139931121986587,0.02143375022657241,0.17338709677419353,1.8970284836950435,1.0,0.01013515855502111,1.0991852234998696,0.5395589331665904,0.11072097378277151,0.09023522276260051,0.2039468949413853,473
Routine Young Parents,cooking oil,milk,0.11976617727025557,0.09139931121986587,0.02002900126880551,0.16723420355656451,1.8297096698494129,1.0,0.009082455158867795,1.0910638893438867,0.5151644857527211,0.10478899952584163,0.08346338856347642,0.19318576811442503,442
Routine Young Parents,milk,cooking oil,0.09139931121986587,0.11976617727025557,0.02002900126880551,0.21913733267228555,1.8297096698494126,1.0,0.009082455158867795,1.127258171711679,0.49908085061825375,0.10478899952584163,0.11289177129534093,0.19318576811442503,442
Routine Young Parents,fresh bread,babies food,0.08954141743701287,0.13635127786840676,0.022204096429218778,0.2479757085020243,1.818653351685833,1.0,0.009995009739533635,1.1484319481373004,0.49441304692293,0.10901001112347053,0.12924749122318444,0.20541025371927402,490
Routine Young Parents,babies food,fresh bread,0.13635127786840676,0.08954141743701287,0.022204096429218778,0.16284479893652373,1.818653351685833,1.0,0.009995009739533635,1.0875624751615833,0.5212102911367601,0.10901001112347053,0.0805125932177586,0.20541025371927402,490
Routine Young Parents,milk,babies food,0.09139931121986587,0.13635127786840676,0.022611926771796267,0.24739712444224096,1.814410017345089,1.0,0.010149513890675348,1.147549059643889,0.49400871465138646,0.11022752374641043,0.12857756137212725,0.2066164751490035,499
Routine Young Parents,babies food,milk,0.13635127786840676,0.09139931121986587,0.022611926771796267,0.16583582585576603,1.814410017345089,1.0,0.010149513890675348,1.0892348496173003,0.5197213252256124,0.11022752374641043,0.08192434317415814,0.2066164751490035,499
Routine Young Parents,pet food,dog food,0.08727569331158239,0.14758926953054197,0.023201015044408194,0.26583592938733125,1.80118737786909,1.0,0.010320059220780142,1.161062989309884,0.4873439594504021,0.10961250267608649,0.13872028545636203,0.21151790328746362,512
Routine Young Parents,dog food,pet food,0.14758926953054197,0.08727569331158239,0.023201015044408194,0.15719987718759595,1.80118737786909,1.0,0.010320059220780142,1.0829665088831244,0.5218266988065493,0.10961250267608649,0.07661041057371996,0.21151790328746362,512
Routine Young Parents,toilet paper,cooking oil,0.09955591807141563,0.11976617727025557,0.021252492296537973,0.21347291761492942,1.7824140544556424,1.0,0.009329060564493768,1.1191398776257224,0.48749626991751377,0.10729810112102493,0.10645664586492987,0.19546139259482756,469
Routine Young Parents,cooking oil,toilet paper,0.11976617727025557,0.09955591807141563,0.021252492296537973,0.1774498675747257,1.7824140544556424,1.0,0.009329060564493768,1.0946981180024142,0.49868923446748603,0.10729810112102493,0.08650614854003555,0.19546139259482756,469
Routine Young Parents,toilet paper,napkins,0.09955591807141563,0.1236179082834874,0.02188689505165851,0.21984524351388257,1.778425525610103,1.0,0.009580000702427868,1.1233439063600805,0.48609889897499325,0.10873480414227826,0.10980066359174565,0.19844901471881812,483
Routine Young Parents,napkins,toilet paper,0.1236179082834874,0.09955591807141563,0.02188689505165851,0.17705278592375367,1.7784255256101027,1.0,0.009580000702427868,1.0941699133635536,0.499445254474255,0.10873480414227826,0.08606516429799184,0.19844901471881812,483
Routine Young Parents,fresh bread,dog food,0.08954141743701287,0.14758926953054197,0.022747870219322095,0.2540485829959514,1.721321501244905,1.0,0.009532517827064033,1.142716148851865,0.460263663641274,0.10610864510674275,0.12489203814548165,0.20408907504111357,502
Routine Young Parents,dog food,fresh bread,0.14758926953054197,0.08954141743701287,0.022747870219322095,0.1541295670862757,1.721321501244905,1.0,0.009532517827064033,1.0763570248303627,0.4916069071224537,0.10610864510674275,0.07094023922257277,0.20408907504111357,502
Routine Young Parents,chicken,napkins,0.1012778684067428,0.1236179082834874,0.021479064709081022,0.21208053691275167,1.715613375583066,1.0,0.008959306461229185,1.1122736939161872,0.4641235327644056,0.10559144575629316,0.10094070778648417,0.19291710130095063,474
Routine Young Parents,napkins,chicken,0.1236179082834874,0.1012778684067428,0.021479064709081022,0.17375366568914957,1.715613375583066,1.0,0.008959306461229185,1.0877169365512005,0.4759546031704475,0.10559144575629316,0.08064316515041359,0.19291710130095063,474
Routine Young Parents,toilet paper,dog food,0.09955591807141563,0.14758926953054197,0.024968279862243974,0.2507965407373691,1.699287092720989,1.0,0.010274894636641259,1.1377559992961113,0.4570166320498613,0.11238017540281461,0.12107692631929519,0.209985313660057,551
Routine Young Parents,dog food,toilet paper,0.14758926953054197,0.09955591807141563,0.024968279862243974,0.16917408658274485,1.699287092720989,1.0,0.010274894636641259,1.0837939300966,0.482769522910148,0.11238017540281461,0.07731537128015768,0.209985313660057,551
Routine Young Parents,milk,dog food,0.09139931121986587,0.14758926953054197,0.022838499184339316,0.24987605354486864,1.693050276213743,1.0,0.009348941605804644,1.1363598435934548,0.45052803842265715,0.10566037735849056,0.1199970628689682,0.2023098413257042,504
Routine Young Parents,dog food,milk,0.14758926953054197,0.09139931121986587,0.022838499184339316,0.15474362910653977,1.693050276213743,1.0,0.009348941605804644,1.0749409529084262,0.48022634088632704,0.10566037735849056,0.06971634367977256,0.2023098413257042,504
Routine Young Parents,cereals,napkins,0.09747145187601958,0.1236179082834874,0.02030088816385717,0.2082752208275221,1.684830488717653,1.0,0.008251671165589027,1.106927703630193,0.4503663417468209,0.10110584518167458,0.09659863356886027,0.18624904736390768,448
Routine Young Parents,napkins,cereals,0.1236179082834874,0.09747145187601958,0.02030088816385717,0.16422287390029328,1.684830488717653,1.0,0.008251671165589027,1.079867490913254,0.46380281430048764,0.10110584518167458,0.07396045494962454,0.18624904736390768,448
Routine Young Parents,chicken,cooking oil,0.1012778684067428,0.11976617727025557,0.02030088816385717,0.2004474272930649,1.6736563849804602,1.0,0.008171225022701597,1.1009079987694341,0.4478645574475442,0.10112866817155756,0.09165888419579697,0.1849758892046104,448
Routine Young Parents,cooking oil,chicken,0.11976617727025557,0.1012778684067428,0.02030088816385717,0.16950435111615592,1.6736563849804602,1.0,0.008171225022701597,1.0821515233717445,0.4572714423607282,0.10112866817155756,0.07591499119807033,0.1849758892046104,448
Routine Young Parents,cereals,babies food,0.09747145187601958,0.13635127786840676,0.022158781946710168,0.22733612273361226,1.6672826708160036,1.0,0.008868424927725984,1.1177547540944988,0.4434448975518338,0.10468850353243415,0.10534936546961304,0.19492429267288786,489
Routine Young Parents,babies food,cereals,0.13635127786840676,0.09747145187601958,0.022158781946710168,0.16251246261216348,1.6672826708160036,1.0,0.008868424927725984,1.0776620640099432,0.46340794504118127,0.10468850353243415,0.07206532233394707,0.19492429267288786,489
Routine Young Parents,cat food,napkins,0.10766721044045677,0.1236179082834874,0.02206815298169295,0.20496632996633,1.6580634053141388,1.0,0.008758557636325628,1.1023207252082763,0.4447743713141309,0.10547974875460256,0.09282300774027769,0.19174269577495384,487
Routine Young Parents,napkins,cat food,0.1236179082834874,0.10766721044045677,0.02206815298169295,0.17851906158357772,1.6580634053141385,1.0,0.008758557636325628,1.0862489290131343,0.4528695408437366,0.10547974875460256,0.07940070338342439,0.19174269577495384,487
Routine Young Parents,cat food,cooking oil,0.10766721044045677,0.11976617727025557,0.020935290918977705,0.19444444444444445,1.6235338630344307,1.0,0.008040400707172048,1.0927040558024412,0.43039958213632806,0.10138248847926266,0.08483912483912485,0.1846229032664901,462
Routine Young Parents,cooking oil,cat food,0.11976617727025557,0.10766721044045677,0.020935290918977705,0.17480136208853575,1.6235338630344305,1.0,0.008040400707172048,1.0813551411306157,0.43631549917264206,0.10138248847926266,0.07523443319976676,0.1846229032664901,462
Routine Young Parents,chicken,dog food,0.1012778684067428,0.14758926953054197,0.02406199021207178,0.23758389261744967,1.6097639982443595,1.0,0.009114463594310255,1.1180387221826518,0.42147724459690394,0.10703487200161257,0.10557659573025778,0.200308679498777,531
Routine Young Parents,dog food,chicken,0.14758926953054197,0.1012778684067428,0.02406199021207178,0.16303346638010438,1.6097639982443595,1.0,0.009114463594310255,1.0737850266321491,0.44437606677424885,0.10703487200161257,0.06871489618696835,0.200308679498777,531
Routine Young Parents,toilet paper,babies food,0.09955591807141563,0.13635127786840676,0.02179626608664129,0.21893491124260353,1.6056682024931122,1.0,0.008221689438241359,1.1057320760624187,0.41891143823608207,0.10179894179894178,0.09562178610114772,0.1893943416299425,481
Routine Young Parents,babies food,toilet paper,0.13635127786840676,0.09955591807141563,0.02179626608664129,0.15985377201728146,1.605668202493112,1.0,0.008221689438241359,1.0717706655550279,0.43675896894848554,0.10179894179894178,0.06696457354322213,0.1893943416299425,481
Routine Young Parents,cereals,dog food,0.09747145187601958,0.14758926953054197,0.022521297806779045,0.23105532310553228,1.5655292816373614,1.0,0.008135557424315942,1.1085462401691684,0.4002514863241809,0.10120138464671145,0.09791764766853896,0.19182486757057393,497
Routine Young Parents,dog food,cereals,0.14758926953054197,0.09747145187601958,0.022521297806779045,0.15259441203561558,1.5655292816373614,1.0,0.008135557424315942,1.0650490874057261,0.4237844268310409,0.10120138464671145,0.06107614022201961,0.19182486757057393,497
Routine Young Parents,chicken,babies food,0.1012778684067428,0.13635127786840676,0.021569693674098243,0.21297539149888145,1.5619610965760438,1.0,0.007760326897050522,1.0973592347720926,0.4003230546491777,0.09983221476510068,0.08872138829935021,0.18558374094718083,476
Routine Young Parents,babies food,chicken,0.13635127786840676,0.1012778684067428,0.021569693674098243,0.1581920903954802,1.5619610965760435,1.0,0.007760326897050522,1.0676095120268894,0.4165804681702682,0.09983221476510068,0.06332794084845748,0.18558374094718083,476
Routine Young Parents,cat food,dog food,0.10766721044045677,0.14758926953054197,0.02392604676454595,0.22222222222222224,1.5056800736874425,1.0,0.008035521823247793,1.0959566534607317,0.37637111517367455,0.10342801175318315,0.08755515389931424,0.19216729778596528,528
Routine Young Parents,dog food,cat food,0.14758926953054197,0.10766721044045677,0.02392604676454595,0.16211237334970832,1.5056800736874425,1.0,0.008035521823247793,1.0649790749708437,0.39399819254691404,0.10342801175318315,0.06101441474108081,0.19216729778596528,528
Routine Young Parents,cat food,babies food,0.10766721044045677,0.13635127786840676,0.02206815298169295,0.20496632996633,1.5032226552665238,1.0,0.007387591253610003,1.0863045864397383,0.3751543794976519,0.09942833809718253,0.07944787080628417,0.1834070599648865,487
Routine Young Parents,babies food,cat food,0.13635127786840676,0.10766721044045677,0.02206815298169295,0.16184778996344298,1.5032226552665235,1.0,0.007387591253610003,1.0646428880985985,0.3876142526401049,0.09942833809718253,0.06071790721680174,0.1834070599648865,487
